"source_table","record_id","slug","locale_field","english","italian","french","german","spanish"
"products","91ee9e5f-891b-4489-99ab-a3774a20c3ca","jk10","name_locales","JK10","JK10","""""","""""",""""""
"products","91ee9e5f-891b-4489-99ab-a3774a20c3ca","jk10","description_locales","High-quality split cowhide leather welding jacket made from 1.3 mm thick leather, providing enhanced durability and protection, including against molten metal splashes.","Giacca da saldatore in pelle crosta di bovino di 
alta qualità con spessore 1.3mm per una 
maggiore resistenza e protezione anche dagli 
schizzi di metallo fuso ","""""","""""",""""""
"products","91ee9e5f-891b-4489-99ab-a3774a20c3ca","jk10","short_description_locales","Split leather welding jacket","Giacca da saldatore in pelle","""""","""""",""""""
"products","91ee9e5f-891b-4489-99ab-a3774a20c3ca","jk10","category_locales","Protective Clothing","Abbigliamento protettivo","""""","""""",""""""
"products","91ee9e5f-891b-4489-99ab-a3774a20c3ca","jk10","sub_category_locales","Welding clothing","Giacche da saldatore","""""","""""",""""""
"products","91ee9e5f-891b-4489-99ab-a3774a20c3ca","jk10","features_locales","[""High-quality, thick leather for enhanced protection"",""Double stitching and overlapping seams for improved durability and fit"",""Hook-and-loop (Velcro) and snap button closures"",""Grain leather inner collar for enhanced comfort""]","[""Pellame di alta qualità e spessore per  maggiore protezione"",""Doppie cuciture e giunture sormontate  per una maggiore vestibilità"",""Chiusure con velcro e bottoni"",""Collo interno in pelle fiore per maggiore  comfort""]","""""","""""",""""""
"products","91ee9e5f-891b-4489-99ab-a3774a20c3ca","jk10","applications_locales","[""Metal fabrication welding operations"",""Thermal metal cutting"",""Grinding operations"",""Structural steel fabrication"",""Welding maintenance and repair work""]","[""Attività di saldatura in metallurgia"",""Taglio termico dei metalli"",""Operazioni di molatura"",""Lavorazioni di carpenteria metallica"",""Manutenzione mediante saldatura""]","""""","""""",""""""
"products","91ee9e5f-891b-4489-99ab-a3774a20c3ca","jk10","industries_locales","[""Metal"",""Steel manufacturing""]","[""Metallurgia"",""Industria dell'Acciaio""]","""""","""""",""""""
"products","91ee9e5f-891b-4489-99ab-a3774a20c3ca","jk10","tags_locales","[""Welding"",""Leather jacket""]","[""Giacca in pelle"",""Saldatura""]","""""","""""",""""""
"products","91ee9e5f-891b-4489-99ab-a3774a20c3ca","jk10","size_locales","","","""""","""""",""""""
"products","91ee9e5f-891b-4489-99ab-a3774a20c3ca","jk10","materials_locales","[""Leather""]","[""Pelle""]","""""","""""",""""""
"products","91ee9e5f-891b-4489-99ab-a3774a20c3ca","jk10","eye_face_comfort_features_locales","""""","""""","""""","""""",""""""
"products","91ee9e5f-891b-4489-99ab-a3774a20c3ca","jk10","eye_face_equipment_locales","""""","""""","""""","""""",""""""
"products","91ee9e5f-891b-4489-99ab-a3774a20c3ca","jk10","head_comfort_features_locales","""""","""""","""""","""""",""""""
"products","91ee9e5f-891b-4489-99ab-a3774a20c3ca","jk10","head_other_details_locales","""""","""""","""""","""""",""""""
"products","91ee9e5f-891b-4489-99ab-a3774a20c3ca","jk10","head_equipment_locales","""""","""""","""""","""""",""""""
"products","91ee9e5f-891b-4489-99ab-a3774a20c3ca","jk10","footwear_comfort_features_locales","""""","""""","""""","""""",""""""
"products","91ee9e5f-891b-4489-99ab-a3774a20c3ca","jk10","hearing_comfort_features_locales","""""","""""","""""","""""",""""""
"products","91ee9e5f-891b-4489-99ab-a3774a20c3ca","jk10","hearing_other_details_locales","""""","""""","""""","""""",""""""
"products","91ee9e5f-891b-4489-99ab-a3774a20c3ca","jk10","hearing_equipment_locales","""""","""""","""""","""""",""""""
"products","91ee9e5f-891b-4489-99ab-a3774a20c3ca","jk10","respiratory_comfort_features_locales","""""","""""","""""","""""",""""""
"products","91ee9e5f-891b-4489-99ab-a3774a20c3ca","jk10","respiratory_other_details_locales","""""","""""","""""","""""",""""""
"products","91ee9e5f-891b-4489-99ab-a3774a20c3ca","jk10","respiratory_equipment_locales","""""","""""","""""","""""",""""""
"products","91ee9e5f-891b-4489-99ab-a3774a20c3ca","jk10","clothing_comfort_features_locales","[]","[""Collo interno in pelle fiore per maggiore  comfort""]","""""","""""",""""""
"products","91ee9e5f-891b-4489-99ab-a3774a20c3ca","jk10","clothing_other_details_locales","[]","[]","""""","""""",""""""
"products","91ee9e5f-891b-4489-99ab-a3774a20c3ca","jk10","footwear_materials_locales","{""sole"":"""",""upper"":"""",""insole"":"""",""lining"":"""",""toe_cap"":""""}","{""sole"":"""",""upper"":"""",""insole"":"""",""lining"":"""",""toe_cap"":""""}","""""","""""",""""""
"products","91ee9e5f-891b-4489-99ab-a3774a20c3ca","jk10","footwear_special_features_locales","""""","""""","""""","""""",""""""
"products","91ee9e5f-891b-4489-99ab-a3774a20c3ca","jk10","connections_locales","""""","""""","""""","""""",""""""
"products","91ee9e5f-891b-4489-99ab-a3774a20c3ca","jk10","compatible_with_locales","""""","""""","""""","""""",""""""
"products","91ee9e5f-891b-4489-99ab-a3774a20c3ca","jk10","coatings_locales","""""","""""","""""","""""",""""""
"products","91ee9e5f-891b-4489-99ab-a3774a20c3ca","jk10","eye_face_materials_locales","""""","""""","""""","""""",""""""
"products","91ee9e5f-891b-4489-99ab-a3774a20c3ca","jk10","head_tech_specs_locales","{""colours"":[],""brim_length"":"""",""form_factor"":"""",""additional_features"":[]}","{""colours"":[],""brim_length"":"""",""form_factor"":"""",""additional_features"":[]}","""""","""""",""""""
"products","91ee9e5f-891b-4489-99ab-a3774a20c3ca","jk10","clothing_attributes_locales","{""fit"":""Straight"",""size_range"":""""}","{""fit"":""Standard"",""size_range"":""""}","""""","""""",""""""
"products","a041d20e-730d-4e95-9022-8c3841e37b6b","suxxeed-construction-trousers","name_locales","suXXeed construction Trousers","suXXeed construction PANTALONI","""""","""""",""""""
"products","a041d20e-730d-4e95-9022-8c3841e37b6b","suxxeed-construction-trousers","description_locales","High-visibility work trousers that ensure excellent freedom of movement.

","Pantaloni da lavoro ad alta visibilità che garantisce ottima libertà nei movimenti.

","""""","""""",""""""
"products","a041d20e-730d-4e95-9022-8c3841e37b6b","suxxeed-construction-trousers","short_description_locales","High-visibility work trousers ","Pantaloni da lavoro ad alta visibilità","""""","""""",""""""
"products","a041d20e-730d-4e95-9022-8c3841e37b6b","suxxeed-construction-trousers","category_locales","Protective Clothing","Abbigliamento protettivo","""""","""""",""""""
"products","a041d20e-730d-4e95-9022-8c3841e37b6b","suxxeed-construction-trousers","sub_category_locales","Hi-Vis Trousers","Giacca alta visibilità","""""","""""",""""""
"products","a041d20e-730d-4e95-9022-8c3841e37b6b","suxxeed-construction-trousers","features_locales","[""Ensures excellent visibility thanks to reflective components"",""Provides UV protection"",""Certified in accordance with OEKO-TEX® Standard 100"",""Elastic with snap button"",""Gusset for greater freedom of movement"",""Left and right side pockets with flap and snap-button closure, plus a pen holder on the chest""]","[""Garantisce ottima visibilità, con componenti reflex"",""Garantisce protezione uv"",""Certificazione secondo OEKO-TEX® Standard 100"",""Elastico con bottone automatico"",""Gherone per una maggiore libertà di movimento"",""A sinistra e a destra una tasca laterale con patta e chiusura con bottoni a pressione e sul petto portapenne""]","""""","""""",""""""
"products","a041d20e-730d-4e95-9022-8c3841e37b6b","suxxeed-construction-trousers","applications_locales","[""Road works"",""Work in low-visibility conditions""]","[""Lavori stradali"",""Lavori con scarsa visibilità""]","""""","""""",""""""
"products","a041d20e-730d-4e95-9022-8c3841e37b6b","suxxeed-construction-trousers","industries_locales","[""Public services"",""roadside assistance"",""construction sites""]","[""Servizi pubblici"",""Assistenza stradale"",""Cantieri""]","""""","""""",""""""
"products","a041d20e-730d-4e95-9022-8c3841e37b6b","suxxeed-construction-trousers","tags_locales","[""Work jacket""]","[""Giacca da lavoro""]","""""","""""",""""""
"products","a041d20e-730d-4e95-9022-8c3841e37b6b","suxxeed-construction-trousers","size_locales","","","""""","""""",""""""
"products","a041d20e-730d-4e95-9022-8c3841e37b6b","suxxeed-construction-trousers","materials_locales","[""50% polyester, 50% cotton""]","[""50% poliestere, 50% cotone""]","""""","""""",""""""
"products","a041d20e-730d-4e95-9022-8c3841e37b6b","suxxeed-construction-trousers","eye_face_comfort_features_locales","""""","""""","""""","""""",""""""
"products","a041d20e-730d-4e95-9022-8c3841e37b6b","suxxeed-construction-trousers","eye_face_equipment_locales","""""","""""","""""","""""",""""""
"products","a041d20e-730d-4e95-9022-8c3841e37b6b","suxxeed-construction-trousers","head_comfort_features_locales","""""","""""","""""","""""",""""""
"products","a041d20e-730d-4e95-9022-8c3841e37b6b","suxxeed-construction-trousers","head_other_details_locales","""""","""""","""""","""""",""""""
"products","a041d20e-730d-4e95-9022-8c3841e37b6b","suxxeed-construction-trousers","head_equipment_locales","""""","""""","""""","""""",""""""
"products","a041d20e-730d-4e95-9022-8c3841e37b6b","suxxeed-construction-trousers","footwear_comfort_features_locales","""""","""""","""""","""""",""""""
"products","a041d20e-730d-4e95-9022-8c3841e37b6b","suxxeed-construction-trousers","hearing_comfort_features_locales","""""","""""","""""","""""",""""""
"products","a041d20e-730d-4e95-9022-8c3841e37b6b","suxxeed-construction-trousers","hearing_other_details_locales","""""","""""","""""","""""",""""""
"products","a041d20e-730d-4e95-9022-8c3841e37b6b","suxxeed-construction-trousers","hearing_equipment_locales","""""","""""","""""","""""",""""""
"products","a041d20e-730d-4e95-9022-8c3841e37b6b","suxxeed-construction-trousers","respiratory_comfort_features_locales","""""","""""","""""","""""",""""""
"products","a041d20e-730d-4e95-9022-8c3841e37b6b","suxxeed-construction-trousers","respiratory_other_details_locales","""""","""""","""""","""""",""""""
"products","a041d20e-730d-4e95-9022-8c3841e37b6b","suxxeed-construction-trousers","respiratory_equipment_locales","""""","""""","""""","""""",""""""
"products","a041d20e-730d-4e95-9022-8c3841e37b6b","suxxeed-construction-trousers","clothing_comfort_features_locales","[]","[]","""""","""""",""""""
"products","a041d20e-730d-4e95-9022-8c3841e37b6b","suxxeed-construction-trousers","clothing_other_details_locales","[""EN ISO 13688: Yes""]","[""EN ISO 13688: Yes""]","""""","""""",""""""
"products","a041d20e-730d-4e95-9022-8c3841e37b6b","suxxeed-construction-trousers","footwear_materials_locales","""""","""""","""""","""""",""""""
"products","a041d20e-730d-4e95-9022-8c3841e37b6b","suxxeed-construction-trousers","footwear_special_features_locales","""""","""""","""""","""""",""""""
"products","a041d20e-730d-4e95-9022-8c3841e37b6b","suxxeed-construction-trousers","connections_locales","""""","""""","""""","""""",""""""
"products","a041d20e-730d-4e95-9022-8c3841e37b6b","suxxeed-construction-trousers","compatible_with_locales","""""","""""","""""","""""",""""""
"products","a041d20e-730d-4e95-9022-8c3841e37b6b","suxxeed-construction-trousers","coatings_locales","""""","""""","""""","""""",""""""
"products","a041d20e-730d-4e95-9022-8c3841e37b6b","suxxeed-construction-trousers","eye_face_materials_locales","""""","""""","""""","""""",""""""
"products","a041d20e-730d-4e95-9022-8c3841e37b6b","suxxeed-construction-trousers","head_tech_specs_locales","""""","""""","""""","""""",""""""
"products","a041d20e-730d-4e95-9022-8c3841e37b6b","suxxeed-construction-trousers","clothing_attributes_locales","{""fit"":""Regular Fit"",""size_range"":""""}","{""fit"":"""",""size_range"":""""}","""""","""""",""""""
"products","574319b2-d5b3-4808-83be-0df47c19e103","06-p212-36-350","name_locales","06 P212 36-350°","06 P212 36-350°","""""","""""",""""""
"products","574319b2-d5b3-4808-83be-0df47c19e103","06-p212-36-350","description_locales","ProGloves® 350 °C in 212 g continuous‑yarn cotton. Double‑layer construction for superior comfort and thermal protection.","""ProGloves® 350°C in Cotone 212g.
Guanto anticalore in doppio strato di cotone 100% in filo continuo da 212 g.
Guanto ad elevato comfort con elevata protezione termica.""","""""","""""",""""""
"products","574319b2-d5b3-4808-83be-0df47c19e103","06-p212-36-350","short_description_locales","Double glove with long cuff, designed for high dexterity in operations up to 350 °C","Doppio guanto anticalore con polso lungo ad elevata destrezza per operazioni fino a 350C","""""","""""",""""""
"products","574319b2-d5b3-4808-83be-0df47c19e103","06-p212-36-350","category_locales","Hand protection","Protezione delle mani","""""","""""",""""""
"products","574319b2-d5b3-4808-83be-0df47c19e103","06-p212-36-350","sub_category_locales","Heat resistant gloves","Guanti anticalore","""""","""""",""""""
"products","574319b2-d5b3-4808-83be-0df47c19e103","06-p212-36-350","features_locales","[""Seamless continuous-yarn"",""Ergonomic design for prolonged use"",""Certified for contact up to 350 °C"",""Weight: 212 g""]","[""Filo continuo, senza cuciture"",""Design ergonomico per uso prolungato"",""Certificato per contatto da 350C"",""Peso 212 g""]","""""","""""",""""""
"products","574319b2-d5b3-4808-83be-0df47c19e103","06-p212-36-350","applications_locales","[""Handling in plastic & glass molding processes up to 350 °C"",""Industrial-oven work & thermal-resistance testing"",""Extended forearm exposure operations (furnaces & brazing)""]","[""Manipolazione in processi di stampaggio plastico e del vetro fino a 350 °C"",""Operazioni con avambraccio esposto – forni e brasatura"",""Prove di resistenza termica""]","""""","""""",""""""
"products","574319b2-d5b3-4808-83be-0df47c19e103","06-p212-36-350","industries_locales","[""Hot-glass & plastic molding"",""R&D""]","[""Vetrerie"",""Stamperie a caldo"",""Industria plastica"",""Ricerca e sviluppo termico""]","""""","""""",""""""
"products","574319b2-d5b3-4808-83be-0df47c19e103","06-p212-36-350","tags_locales","[""Heat-resistant glove"",""350 °C"",""cotton"",""high-temperature"",""cut protection"",""seamless continuous-yarn""]","[""Guanto anticalore"",""350C"",""cotone"",""elevate temperature"",""protezione taglio"",""filo continuo"",""senza cuciture""]","""""","""""",""""""
"products","574319b2-d5b3-4808-83be-0df47c19e103","06-p212-36-350","size_locales","One size","Unica","""""","""""",""""""
"products","574319b2-d5b3-4808-83be-0df47c19e103","06-p212-36-350","materials_locales","[""cotton""]","[""cotone""]","""""","""""",""""""
"products","574319b2-d5b3-4808-83be-0df47c19e103","06-p212-36-350","eye_face_comfort_features_locales","""""","""""","""""","""""",""""""
"products","574319b2-d5b3-4808-83be-0df47c19e103","06-p212-36-350","eye_face_equipment_locales","""""","""""","""""","""""",""""""
"products","574319b2-d5b3-4808-83be-0df47c19e103","06-p212-36-350","head_comfort_features_locales","""""","""""","""""","""""",""""""
"products","574319b2-d5b3-4808-83be-0df47c19e103","06-p212-36-350","head_other_details_locales","""""","""""","""""","""""",""""""
"products","574319b2-d5b3-4808-83be-0df47c19e103","06-p212-36-350","head_equipment_locales","""""","""""","""""","""""",""""""
"products","574319b2-d5b3-4808-83be-0df47c19e103","06-p212-36-350","footwear_comfort_features_locales","""""","""""","""""","""""",""""""
"products","574319b2-d5b3-4808-83be-0df47c19e103","06-p212-36-350","hearing_comfort_features_locales","""""","""""","""""","""""",""""""
"products","574319b2-d5b3-4808-83be-0df47c19e103","06-p212-36-350","hearing_other_details_locales","""""","""""","""""","""""",""""""
"products","574319b2-d5b3-4808-83be-0df47c19e103","06-p212-36-350","hearing_equipment_locales","""""","""""","""""","""""",""""""
"products","574319b2-d5b3-4808-83be-0df47c19e103","06-p212-36-350","respiratory_comfort_features_locales","""""","""""","""""","""""",""""""
"products","574319b2-d5b3-4808-83be-0df47c19e103","06-p212-36-350","respiratory_other_details_locales","""""","""""","""""","""""",""""""
"products","574319b2-d5b3-4808-83be-0df47c19e103","06-p212-36-350","respiratory_equipment_locales","""""","""""","""""","""""",""""""
"products","574319b2-d5b3-4808-83be-0df47c19e103","06-p212-36-350","clothing_comfort_features_locales","""""","""""","""""","""""",""""""
"products","574319b2-d5b3-4808-83be-0df47c19e103","06-p212-36-350","clothing_other_details_locales","""""","""""","""""","""""",""""""
"products","574319b2-d5b3-4808-83be-0df47c19e103","06-p212-36-350","footwear_materials_locales","""""","""""","""""","""""",""""""
"products","574319b2-d5b3-4808-83be-0df47c19e103","06-p212-36-350","footwear_special_features_locales","""""","""""","""""","""""",""""""
"products","574319b2-d5b3-4808-83be-0df47c19e103","06-p212-36-350","connections_locales","""""","""""","""""","""""",""""""
"products","574319b2-d5b3-4808-83be-0df47c19e103","06-p212-36-350","compatible_with_locales","""""","""""","""""","""""",""""""
"products","574319b2-d5b3-4808-83be-0df47c19e103","06-p212-36-350","coatings_locales","""""","""""","""""","""""",""""""
"products","574319b2-d5b3-4808-83be-0df47c19e103","06-p212-36-350","eye_face_materials_locales","""""","""""","""""","""""",""""""
"products","574319b2-d5b3-4808-83be-0df47c19e103","06-p212-36-350","head_tech_specs_locales","""""","""""","""""","""""",""""""
"products","574319b2-d5b3-4808-83be-0df47c19e103","06-p212-36-350","clothing_attributes_locales","""""","""""","""""","""""",""""""
"products","5b3b8817-98f7-4da7-8d6c-9000bcfa76a1","hl-1000","name_locales","HL 1000","HL 1000","""""","""""",""""""
"products","5b3b8817-98f7-4da7-8d6c-9000bcfa76a1","hl-1000","description_locales","Three‑finger heat‑resistant glove of multilayer silica‑ceramic fabric with double felts, Nomex and silica pads. Aluminum‑reflective. CE Category III PPE with high protection against cut & puncture plus thermal protection up to 1,000 °C.","Guanto anticalore a tre dita in tessuto di fibra di silice e ceramica multistrato con doppio feltro, Nomex e materassino silice. Riflettente alluminizzato. Dispositivo di Categoria CE III con elevata resistenza al taglio e alla perforazione e protezione fino a 1,000°C.","""""","""""",""""""
"products","5b3b8817-98f7-4da7-8d6c-9000bcfa76a1","hl-1000","short_description_locales","Three‑finger heat‑resistant glove in multilayer silica‑ceramic fabric. Protection up to 1000 °C.","Guanto anticalore a tre dita in tessuto silice e ceramica, multistrato. Protezione fino a 1,000C.","""""","""""",""""""
"products","5b3b8817-98f7-4da7-8d6c-9000bcfa76a1","hl-1000","category_locales","Hand protection","Protezione delle mani","""""","""""",""""""
"products","5b3b8817-98f7-4da7-8d6c-9000bcfa76a1","hl-1000","sub_category_locales","Heat resistant gloves","Guanti anticalore","""""","""""",""""""
"products","5b3b8817-98f7-4da7-8d6c-9000bcfa76a1","hl-1000","features_locales","[""CE Category III personal protection equipment"",""Certified for extremely high temperatures (> 500°C), protects up to 1000°C"",""Excellent mechanical strength"",""Protection against molten‑metal splashes for hand and forearm""]","[""Dispositivo di protezione individuale di Categoria III"",""Certificato per temperature elevatissime (> 500°C), offre protezione fino a 1,000°C"",""Eccellente resistenza meccanica"",""Protezione spruzzi metallo fuso per mano e avanbraccio""]","""""","""""",""""""
"products","5b3b8817-98f7-4da7-8d6c-9000bcfa76a1","hl-1000","applications_locales","[""Handling of incandescent parts"",""Extreme temperature applications"",""Metallurgical processes""]","[""Manipolazione di pezzi incandescenti"",""Applicazioni in ambienti a temperature estreme (es: fonderie)"",""Processi metallurgici""]","""""","""""",""""""
"products","5b3b8817-98f7-4da7-8d6c-9000bcfa76a1","hl-1000","industries_locales","[""Metallurgy"",""Glass industry"",""Aerospace""]","[""Metallurgia"",""Industria del vetro"",""Aerospace""]","""""","""""",""""""
"products","5b3b8817-98f7-4da7-8d6c-9000bcfa76a1","hl-1000","tags_locales","[""Heat‑resistant glove"",""extremely high temperatures"",""800°C"",""1000°C""]","[""Guanto anticalore"",""elevatissime temperature"",""800C"",""1000C""]","""""","""""",""""""
"products","5b3b8817-98f7-4da7-8d6c-9000bcfa76a1","hl-1000","size_locales","One size","Unica","""""","""""",""""""
"products","5b3b8817-98f7-4da7-8d6c-9000bcfa76a1","hl-1000","materials_locales","[""silica-ceramic"",""Nomex"",""silica""]","[""silice-ceramica"",""Nomex"",""silice""]","""""","""""",""""""
"products","5b3b8817-98f7-4da7-8d6c-9000bcfa76a1","hl-1000","eye_face_comfort_features_locales","""""","""""","""""","""""",""""""
"products","5b3b8817-98f7-4da7-8d6c-9000bcfa76a1","hl-1000","eye_face_equipment_locales","""""","""""","""""","""""",""""""
"products","5b3b8817-98f7-4da7-8d6c-9000bcfa76a1","hl-1000","head_comfort_features_locales","""""","""""","""""","""""",""""""
"products","5b3b8817-98f7-4da7-8d6c-9000bcfa76a1","hl-1000","head_other_details_locales","""""","""""","""""","""""",""""""
"products","5b3b8817-98f7-4da7-8d6c-9000bcfa76a1","hl-1000","head_equipment_locales","""""","""""","""""","""""",""""""
"products","5b3b8817-98f7-4da7-8d6c-9000bcfa76a1","hl-1000","footwear_comfort_features_locales","""""","""""","""""","""""",""""""
"products","5b3b8817-98f7-4da7-8d6c-9000bcfa76a1","hl-1000","hearing_comfort_features_locales","""""","""""","""""","""""",""""""
"products","5b3b8817-98f7-4da7-8d6c-9000bcfa76a1","hl-1000","hearing_other_details_locales","""""","""""","""""","""""",""""""
"products","5b3b8817-98f7-4da7-8d6c-9000bcfa76a1","hl-1000","hearing_equipment_locales","""""","""""","""""","""""",""""""
"products","5b3b8817-98f7-4da7-8d6c-9000bcfa76a1","hl-1000","respiratory_comfort_features_locales","""""","""""","""""","""""",""""""
"products","5b3b8817-98f7-4da7-8d6c-9000bcfa76a1","hl-1000","respiratory_other_details_locales","""""","""""","""""","""""",""""""
"products","5b3b8817-98f7-4da7-8d6c-9000bcfa76a1","hl-1000","respiratory_equipment_locales","""""","""""","""""","""""",""""""
"products","5b3b8817-98f7-4da7-8d6c-9000bcfa76a1","hl-1000","clothing_comfort_features_locales","""""","""""","""""","""""",""""""
"products","5b3b8817-98f7-4da7-8d6c-9000bcfa76a1","hl-1000","clothing_other_details_locales","""""","""""","""""","""""",""""""
"products","5b3b8817-98f7-4da7-8d6c-9000bcfa76a1","hl-1000","footwear_materials_locales","{""sole"":"""",""upper"":"""",""insole"":"""",""lining"":"""",""toe_cap"":""""}","{""sole"":"""",""upper"":"""",""insole"":"""",""lining"":"""",""toe_cap"":""""}","""""","""""",""""""
"products","5b3b8817-98f7-4da7-8d6c-9000bcfa76a1","hl-1000","footwear_special_features_locales","""""","""""","""""","""""",""""""
"products","5b3b8817-98f7-4da7-8d6c-9000bcfa76a1","hl-1000","connections_locales","""""","""""","""""","""""",""""""
"products","5b3b8817-98f7-4da7-8d6c-9000bcfa76a1","hl-1000","compatible_with_locales","""""","""""","""""","""""",""""""
"products","5b3b8817-98f7-4da7-8d6c-9000bcfa76a1","hl-1000","coatings_locales","""""","""""","""""","""""",""""""
"products","5b3b8817-98f7-4da7-8d6c-9000bcfa76a1","hl-1000","eye_face_materials_locales","""""","""""","""""","""""",""""""
"products","5b3b8817-98f7-4da7-8d6c-9000bcfa76a1","hl-1000","head_tech_specs_locales","{""colours"":[],""brim_length"":"""",""form_factor"":"""",""additional_features"":[]}","{""colours"":[],""brim_length"":"""",""form_factor"":"""",""additional_features"":[]}","""""","""""",""""""
"products","5b3b8817-98f7-4da7-8d6c-9000bcfa76a1","hl-1000","clothing_attributes_locales","""""","""""","""""","""""",""""""
"products","7c15d277-9493-4b37-b70f-44a15577b629","152-12","name_locales","152/12","152/12","""""","""""",""""""
"products","7c15d277-9493-4b37-b70f-44a15577b629","152-12","description_locales","Five-finger 100 % cotton 12 oz glove with double-knit palm brushed inside/outside and full knuckle guard. Adjustable cuff (7/13/15 cm). Excellent comfort & dexterity handling hot materials.","""Guanto a cinque dita in 100% cotone 12 oz con palmo doppio garzato interno/esterno e paranocche intero.
Lunghezza manichetta adattabile (7/13/15cm).
Comfort e destrezza eccellente durante la movimentazione di materiali caldi.""","""""","""""",""""""
"products","7c15d277-9493-4b37-b70f-44a15577b629","152-12","short_description_locales","Heat-resistant 12 oz cotton glove, certified reference at 250 °C with knuckle protection","Guanto anticalore in cotone di riferimento certificato a 250C con protezione delle nocche","""""","""""",""""""
"products","7c15d277-9493-4b37-b70f-44a15577b629","152-12","category_locales","Hand protection","Protezione delle mani","""""","""""",""""""
"products","7c15d277-9493-4b37-b70f-44a15577b629","152-12","sub_category_locales","Heat resistant gloves","Guanti anticalore","""""","""""",""""""
"products","7c15d277-9493-4b37-b70f-44a15577b629","152-12","features_locales","[""Great protection in high temperature environment, against contact, radiant and convective heat"",""Excellent tear resistance"",""Excellent convective-heat resistance"",""Reinforced leather seams between palm & thumb""]","[""Buona resistenza al calore da contatto"",""Eccellente resistenza allo strappo"",""Ottima resistenza al calore convettivo"",""Salva cuciture in pelle tra palmo e pollice""]","""""","""""",""""""
"products","7c15d277-9493-4b37-b70f-44a15577b629","152-12","applications_locales","[""Handling parts up to 250 °C"",""Plastic molding line operations"",""Light sheet-metal handling""]","[""Manipolazione pezzi fino a 250°C"",""Lavorazioni in linee di stampaggio plastico"",""Movimentazione lamiera leggera""]","""""","""""",""""""
"products","7c15d277-9493-4b37-b70f-44a15577b629","152-12","industries_locales","[""Glassworks"",""Plastics"",""Light construction""]","[""Vetreria"",""Plastica"",""Edile leggero""]","""""","""""",""""""
"products","7c15d277-9493-4b37-b70f-44a15577b629","152-12","tags_locales","[""Heat-resistant"",""250 °C""]","[""anticalore"",""250C""]","""""","""""",""""""
"products","7c15d277-9493-4b37-b70f-44a15577b629","152-12","size_locales","One size","Unica","""""","""""",""""""
"products","7c15d277-9493-4b37-b70f-44a15577b629","152-12","materials_locales","[""cotton""]","[""cotone""]","""""","""""",""""""
"products","7c15d277-9493-4b37-b70f-44a15577b629","152-12","eye_face_comfort_features_locales","""""","""""","""""","""""",""""""
"products","7c15d277-9493-4b37-b70f-44a15577b629","152-12","eye_face_equipment_locales","""""","""""","""""","""""",""""""
"products","7c15d277-9493-4b37-b70f-44a15577b629","152-12","head_comfort_features_locales","""""","""""","""""","""""",""""""
"products","7c15d277-9493-4b37-b70f-44a15577b629","152-12","head_other_details_locales","""""","""""","""""","""""",""""""
"products","7c15d277-9493-4b37-b70f-44a15577b629","152-12","head_equipment_locales","""""","""""","""""","""""",""""""
"products","7c15d277-9493-4b37-b70f-44a15577b629","152-12","footwear_comfort_features_locales","""""","""""","""""","""""",""""""
"products","7c15d277-9493-4b37-b70f-44a15577b629","152-12","hearing_comfort_features_locales","""""","""""","""""","""""",""""""
"products","7c15d277-9493-4b37-b70f-44a15577b629","152-12","hearing_other_details_locales","""""","""""","""""","""""",""""""
"products","7c15d277-9493-4b37-b70f-44a15577b629","152-12","hearing_equipment_locales","""""","""""","""""","""""",""""""
"products","7c15d277-9493-4b37-b70f-44a15577b629","152-12","respiratory_comfort_features_locales","""""","""""","""""","""""",""""""
"products","7c15d277-9493-4b37-b70f-44a15577b629","152-12","respiratory_other_details_locales","""""","""""","""""","""""",""""""
"products","7c15d277-9493-4b37-b70f-44a15577b629","152-12","respiratory_equipment_locales","""""","""""","""""","""""",""""""
"products","7c15d277-9493-4b37-b70f-44a15577b629","152-12","clothing_comfort_features_locales","""""","""""","""""","""""",""""""
"products","7c15d277-9493-4b37-b70f-44a15577b629","152-12","clothing_other_details_locales","""""","""""","""""","""""",""""""
"products","7c15d277-9493-4b37-b70f-44a15577b629","152-12","footwear_materials_locales","""""","""""","""""","""""",""""""
"products","7c15d277-9493-4b37-b70f-44a15577b629","152-12","footwear_special_features_locales","""""","""""","""""","""""",""""""
"products","7c15d277-9493-4b37-b70f-44a15577b629","152-12","connections_locales","""""","""""","""""","""""",""""""
"products","7c15d277-9493-4b37-b70f-44a15577b629","152-12","compatible_with_locales","""""","""""","""""","""""",""""""
"products","7c15d277-9493-4b37-b70f-44a15577b629","152-12","coatings_locales","""""","""""","""""","""""",""""""
"products","7c15d277-9493-4b37-b70f-44a15577b629","152-12","eye_face_materials_locales","""""","""""","""""","""""",""""""
"products","7c15d277-9493-4b37-b70f-44a15577b629","152-12","head_tech_specs_locales","""""","""""","""""","""""",""""""
"products","7c15d277-9493-4b37-b70f-44a15577b629","152-12","clothing_attributes_locales","""""","""""","""""","""""",""""""
"products","9393add3-c5b7-4d42-99fa-3d33f0793a92","suxxeed-construction-short-sleeve-polo","name_locales","suXXeed construction short sleeve polo","suXXeed construction POLO CORTA","""""","""""",""""""
"products","9393add3-c5b7-4d42-99fa-3d33f0793a92","suxxeed-construction-short-sleeve-polo","description_locales","High-visibility short-sleeve work shirt, ensuring excellent breathability and comfort.

","Maglia da lavoro ad alta visibilità a maniche corte, che garantisce ottima traspirabilità e comodità.

","""""","""""",""""""
"products","9393add3-c5b7-4d42-99fa-3d33f0793a92","suxxeed-construction-short-sleeve-polo","short_description_locales","High-visibility work shirt","Maglia da lavoro ad alta visibilità","""""","""""",""""""
"products","9393add3-c5b7-4d42-99fa-3d33f0793a92","suxxeed-construction-short-sleeve-polo","category_locales","Protective Clothing","Abbigliamento protettivo","""""","""""",""""""
"products","9393add3-c5b7-4d42-99fa-3d33f0793a92","suxxeed-construction-short-sleeve-polo","sub_category_locales","Hi-Vis Polo and T-shirts","Giacca alta visibilità","""""","""""",""""""
"products","9393add3-c5b7-4d42-99fa-3d33f0793a92","suxxeed-construction-short-sleeve-polo","features_locales","[""Ensures excellent visibility thanks to reflective components"",""Provides UV protection"",""Certified in accordance with OEKO-TEX® Standard 100"",""Short sleeves"",""Polo collar with buttons"",""Breathable materials""]","[""Garantisce ottima visibilità, con componenti reflex"",""Garantisce protezione uv"",""Certificazione secondo OEKO-TEX® Standard 100"",""Manica corta"",""Coletto polo con bottini"",""Materiali traspiranti""]","""""","""""",""""""
"products","9393add3-c5b7-4d42-99fa-3d33f0793a92","suxxeed-construction-short-sleeve-polo","applications_locales","[""Road works"",""Work in low-visibility conditions""]","[""Lavori stradali"",""Lavori con scarsa visibilità""]","""""","""""",""""""
"products","9393add3-c5b7-4d42-99fa-3d33f0793a92","suxxeed-construction-short-sleeve-polo","industries_locales","[""Public services"",""roadside assistance"",""construction sites""]","[""Servizi pubblici"",""Assistenza stradale"",""Cantieri""]","""""","""""",""""""
"products","9393add3-c5b7-4d42-99fa-3d33f0793a92","suxxeed-construction-short-sleeve-polo","tags_locales","[""Work jacket""]","[""Giacca da lavoro""]","""""","""""",""""""
"products","9393add3-c5b7-4d42-99fa-3d33f0793a92","suxxeed-construction-short-sleeve-polo","size_locales","","","""""","""""",""""""
"products","9393add3-c5b7-4d42-99fa-3d33f0793a92","suxxeed-construction-short-sleeve-polo","materials_locales","[""50% polyester, 50% cotton""]","[""50% poliestere, 50% cotone""]","""""","""""",""""""
"products","9393add3-c5b7-4d42-99fa-3d33f0793a92","suxxeed-construction-short-sleeve-polo","eye_face_comfort_features_locales","""""","""""","""""","""""",""""""
"products","9393add3-c5b7-4d42-99fa-3d33f0793a92","suxxeed-construction-short-sleeve-polo","eye_face_equipment_locales","""""","""""","""""","""""",""""""
"products","9393add3-c5b7-4d42-99fa-3d33f0793a92","suxxeed-construction-short-sleeve-polo","head_comfort_features_locales","""""","""""","""""","""""",""""""
"products","9393add3-c5b7-4d42-99fa-3d33f0793a92","suxxeed-construction-short-sleeve-polo","head_other_details_locales","""""","""""","""""","""""",""""""
"products","9393add3-c5b7-4d42-99fa-3d33f0793a92","suxxeed-construction-short-sleeve-polo","head_equipment_locales","""""","""""","""""","""""",""""""
"products","9393add3-c5b7-4d42-99fa-3d33f0793a92","suxxeed-construction-short-sleeve-polo","footwear_comfort_features_locales","""""","""""","""""","""""",""""""
"products","9393add3-c5b7-4d42-99fa-3d33f0793a92","suxxeed-construction-short-sleeve-polo","hearing_comfort_features_locales","""""","""""","""""","""""",""""""
"products","9393add3-c5b7-4d42-99fa-3d33f0793a92","suxxeed-construction-short-sleeve-polo","hearing_other_details_locales","""""","""""","""""","""""",""""""
"products","9393add3-c5b7-4d42-99fa-3d33f0793a92","suxxeed-construction-short-sleeve-polo","hearing_equipment_locales","""""","""""","""""","""""",""""""
"products","9393add3-c5b7-4d42-99fa-3d33f0793a92","suxxeed-construction-short-sleeve-polo","respiratory_comfort_features_locales","""""","""""","""""","""""",""""""
"products","9393add3-c5b7-4d42-99fa-3d33f0793a92","suxxeed-construction-short-sleeve-polo","respiratory_other_details_locales","""""","""""","""""","""""",""""""
"products","9393add3-c5b7-4d42-99fa-3d33f0793a92","suxxeed-construction-short-sleeve-polo","respiratory_equipment_locales","""""","""""","""""","""""",""""""
"products","9393add3-c5b7-4d42-99fa-3d33f0793a92","suxxeed-construction-short-sleeve-polo","clothing_comfort_features_locales","[]","[]","""""","""""",""""""
"products","9393add3-c5b7-4d42-99fa-3d33f0793a92","suxxeed-construction-short-sleeve-polo","clothing_other_details_locales","[""EN ISO 13688: Yes""]","[]","""""","""""",""""""
"products","9393add3-c5b7-4d42-99fa-3d33f0793a92","suxxeed-construction-short-sleeve-polo","footwear_materials_locales","""""","""""","""""","""""",""""""
"products","9393add3-c5b7-4d42-99fa-3d33f0793a92","suxxeed-construction-short-sleeve-polo","footwear_special_features_locales","""""","""""","""""","""""",""""""
"products","9393add3-c5b7-4d42-99fa-3d33f0793a92","suxxeed-construction-short-sleeve-polo","connections_locales","""""","""""","""""","""""",""""""
"products","9393add3-c5b7-4d42-99fa-3d33f0793a92","suxxeed-construction-short-sleeve-polo","compatible_with_locales","""""","""""","""""","""""",""""""
"products","9393add3-c5b7-4d42-99fa-3d33f0793a92","suxxeed-construction-short-sleeve-polo","coatings_locales","""""","""""","""""","""""",""""""
"products","9393add3-c5b7-4d42-99fa-3d33f0793a92","suxxeed-construction-short-sleeve-polo","eye_face_materials_locales","""""","""""","""""","""""",""""""
"products","9393add3-c5b7-4d42-99fa-3d33f0793a92","suxxeed-construction-short-sleeve-polo","head_tech_specs_locales","""""","""""","""""","""""",""""""
"products","9393add3-c5b7-4d42-99fa-3d33f0793a92","suxxeed-construction-short-sleeve-polo","clothing_attributes_locales","{""fit"":""Regular Fit"",""size_range"":""""}","{""fit"":"""",""size_range"":""""}","""""","""""",""""""
"products","2c78d51d-b6f8-4d83-a61e-2f8c0e994d4d","suxxeed-construction-long-sleeve-polo-2","name_locales","suXXeed construction Long sleeve polo (2)","suXXeed construction POLO LUNGA","""""","""""",""""""
"products","2c78d51d-b6f8-4d83-a61e-2f8c0e994d4d","suxxeed-construction-long-sleeve-polo-2","description_locales","High-visibility Long-sleeve work shirt, ensuring excellent breathability and comfort.

","Maglia da lavoro ad alta visibilità a maniche lunghe, che garantisce ottima traspirabilità e comodità.

","""""","""""",""""""
"products","2c78d51d-b6f8-4d83-a61e-2f8c0e994d4d","suxxeed-construction-long-sleeve-polo-2","short_description_locales","High-visibility work shirt","Maglia da lavoro ad alta visibilità","""""","""""",""""""
"products","2c78d51d-b6f8-4d83-a61e-2f8c0e994d4d","suxxeed-construction-long-sleeve-polo-2","category_locales","Protective Clothing","Abbigliamento protettivo","""""","""""",""""""
"products","2c78d51d-b6f8-4d83-a61e-2f8c0e994d4d","suxxeed-construction-long-sleeve-polo-2","sub_category_locales","Hi-Vis Polo and T-shirts","Giacca alta visibilità","""""","""""",""""""
"products","2c78d51d-b6f8-4d83-a61e-2f8c0e994d4d","suxxeed-construction-long-sleeve-polo-2","features_locales","[""Ensures excellent visibility thanks to reflective components"",""Provides UV protection"",""Certified in accordance with OEKO-TEX® Standard 100"",""Polo collar with buttons"",""Breathable materials"",""Long sleeves""]","[""Garantisce ottima visibilità, con componenti reflex"",""Garantisce protezione uv"",""Certificazione secondo OEKO-TEX® Standard 100"",""Manica lunga"",""Coletto polo con bottini"",""Materiali traspiranti""]","""""","""""",""""""
"products","2c78d51d-b6f8-4d83-a61e-2f8c0e994d4d","suxxeed-construction-long-sleeve-polo-2","applications_locales","[""Road works"",""Work in low-visibility conditions""]","[""Lavori stradali"",""Lavori con scarsa visibilità""]","""""","""""",""""""
"products","2c78d51d-b6f8-4d83-a61e-2f8c0e994d4d","suxxeed-construction-long-sleeve-polo-2","industries_locales","[""Public services"",""roadside assistance"",""construction sites""]","[""Servizi pubblici"",""Assistenza stradale"",""Cantieri""]","""""","""""",""""""
"products","2c78d51d-b6f8-4d83-a61e-2f8c0e994d4d","suxxeed-construction-long-sleeve-polo-2","tags_locales","[""Work jacket""]","[""Giacca da lavoro""]","""""","""""",""""""
"products","2c78d51d-b6f8-4d83-a61e-2f8c0e994d4d","suxxeed-construction-long-sleeve-polo-2","size_locales","","","""""","""""",""""""
"products","2c78d51d-b6f8-4d83-a61e-2f8c0e994d4d","suxxeed-construction-long-sleeve-polo-2","materials_locales","[""50% polyester, 50% cotton""]","[""50% poliestere, 50% cotone""]","""""","""""",""""""
"products","2c78d51d-b6f8-4d83-a61e-2f8c0e994d4d","suxxeed-construction-long-sleeve-polo-2","eye_face_comfort_features_locales","""""","""""","""""","""""",""""""
"products","2c78d51d-b6f8-4d83-a61e-2f8c0e994d4d","suxxeed-construction-long-sleeve-polo-2","eye_face_equipment_locales","""""","""""","""""","""""",""""""
"products","2c78d51d-b6f8-4d83-a61e-2f8c0e994d4d","suxxeed-construction-long-sleeve-polo-2","head_comfort_features_locales","""""","""""","""""","""""",""""""
"products","2c78d51d-b6f8-4d83-a61e-2f8c0e994d4d","suxxeed-construction-long-sleeve-polo-2","head_other_details_locales","""""","""""","""""","""""",""""""
"products","2c78d51d-b6f8-4d83-a61e-2f8c0e994d4d","suxxeed-construction-long-sleeve-polo-2","head_equipment_locales","""""","""""","""""","""""",""""""
"products","2c78d51d-b6f8-4d83-a61e-2f8c0e994d4d","suxxeed-construction-long-sleeve-polo-2","footwear_comfort_features_locales","""""","""""","""""","""""",""""""
"products","2c78d51d-b6f8-4d83-a61e-2f8c0e994d4d","suxxeed-construction-long-sleeve-polo-2","hearing_comfort_features_locales","""""","""""","""""","""""",""""""
"products","2c78d51d-b6f8-4d83-a61e-2f8c0e994d4d","suxxeed-construction-long-sleeve-polo-2","hearing_other_details_locales","""""","""""","""""","""""",""""""
"products","2c78d51d-b6f8-4d83-a61e-2f8c0e994d4d","suxxeed-construction-long-sleeve-polo-2","hearing_equipment_locales","""""","""""","""""","""""",""""""
"products","2c78d51d-b6f8-4d83-a61e-2f8c0e994d4d","suxxeed-construction-long-sleeve-polo-2","respiratory_comfort_features_locales","""""","""""","""""","""""",""""""
"products","2c78d51d-b6f8-4d83-a61e-2f8c0e994d4d","suxxeed-construction-long-sleeve-polo-2","respiratory_other_details_locales","""""","""""","""""","""""",""""""
"products","2c78d51d-b6f8-4d83-a61e-2f8c0e994d4d","suxxeed-construction-long-sleeve-polo-2","respiratory_equipment_locales","""""","""""","""""","""""",""""""
"products","2c78d51d-b6f8-4d83-a61e-2f8c0e994d4d","suxxeed-construction-long-sleeve-polo-2","clothing_comfort_features_locales","[]","[]","""""","""""",""""""
"products","2c78d51d-b6f8-4d83-a61e-2f8c0e994d4d","suxxeed-construction-long-sleeve-polo-2","clothing_other_details_locales","[""EN ISO 13688: Yes""]","[]","""""","""""",""""""
"products","2c78d51d-b6f8-4d83-a61e-2f8c0e994d4d","suxxeed-construction-long-sleeve-polo-2","footwear_materials_locales","""""","""""","""""","""""",""""""
"products","2c78d51d-b6f8-4d83-a61e-2f8c0e994d4d","suxxeed-construction-long-sleeve-polo-2","footwear_special_features_locales","""""","""""","""""","""""",""""""
"products","2c78d51d-b6f8-4d83-a61e-2f8c0e994d4d","suxxeed-construction-long-sleeve-polo-2","connections_locales","""""","""""","""""","""""",""""""
"products","2c78d51d-b6f8-4d83-a61e-2f8c0e994d4d","suxxeed-construction-long-sleeve-polo-2","compatible_with_locales","""""","""""","""""","""""",""""""
"products","2c78d51d-b6f8-4d83-a61e-2f8c0e994d4d","suxxeed-construction-long-sleeve-polo-2","coatings_locales","""""","""""","""""","""""",""""""
"products","2c78d51d-b6f8-4d83-a61e-2f8c0e994d4d","suxxeed-construction-long-sleeve-polo-2","eye_face_materials_locales","""""","""""","""""","""""",""""""
"products","2c78d51d-b6f8-4d83-a61e-2f8c0e994d4d","suxxeed-construction-long-sleeve-polo-2","head_tech_specs_locales","""""","""""","""""","""""",""""""
"products","2c78d51d-b6f8-4d83-a61e-2f8c0e994d4d","suxxeed-construction-long-sleeve-polo-2","clothing_attributes_locales","{""fit"":""Regular Fit"",""size_range"":""""}","{""fit"":""Regolare"",""size_range"":""""}","""""","""""",""""""
"products","5a229593-c274-4576-ab54-b8bb114bde83","100-a","name_locales","100/A","100/A","""""","""""",""""""
"products","5a229593-c274-4576-ab54-b8bb114bde83","100-a","description_locales","100% cotton heat-resistant mitten glove with jute reinforcement.","Manopola Anticalore in cotone 100% con rinforzo in Juta.","""""","""""",""""""
"products","5a229593-c274-4576-ab54-b8bb114bde83","100-a","short_description_locales","Heat-resistant mitten with reinforced jute-palm","Guanto manopola anticalore con palmo rinforzato in juta.","""""","""""",""""""
"products","5a229593-c274-4576-ab54-b8bb114bde83","100-a","category_locales","Hand protection","Protezione delle mani","""""","""""",""""""
"products","5a229593-c274-4576-ab54-b8bb114bde83","100-a","sub_category_locales","Heat resistant gloves","Guanti anticalore","""""","""""",""""""
"products","5a229593-c274-4576-ab54-b8bb114bde83","100-a","features_locales","[""Jute inlay to increase contact heat protection up to 250°C"",""High protection against mechanical hazards"",""Hand and forearm protection""]","[""Strato in Juta per garantire protezione al contatto fino a 250°C"",""Ottima protezione dai rischi meccanici"",""Copertura della mano e avambraccio""]","""""","""""",""""""
"products","5a229593-c274-4576-ab54-b8bb114bde83","100-a","applications_locales","[""Handling hot parts up to 250 °C"",""Glassworks & mold shops"",""Hand & wrist protection in light operations""]","[""Movimentazione  di pezzi caldi fino a 250 °C"",""Lavorazioni in vetrerie e stamperie"",""Protezione mani e polso in operazioni leggere""]","""""","""""",""""""
"products","5a229593-c274-4576-ab54-b8bb114bde83","100-a","industries_locales","[""Glassworks"",""Plastics"",""Industrial molding""]","[""Vetreria"",""Plastica"",""Stampa industriale""]","""""","""""",""""""
"products","5a229593-c274-4576-ab54-b8bb114bde83","100-a","tags_locales","[""Heat-resistant mitten glove"",""cut-resistant"",""250 °C""]","[""Manopola anticalore"",""resistenza al taglio"",""250C""]","""""","""""",""""""
"products","5a229593-c274-4576-ab54-b8bb114bde83","100-a","size_locales","One size","Unica","""""","""""",""""""
"products","5a229593-c274-4576-ab54-b8bb114bde83","100-a","materials_locales","[""cotton"",""jute""]","[""cotone"",""juta""]","""""","""""",""""""
"products","5a229593-c274-4576-ab54-b8bb114bde83","100-a","eye_face_comfort_features_locales","""""","""""","""""","""""",""""""
"products","5a229593-c274-4576-ab54-b8bb114bde83","100-a","eye_face_equipment_locales","""""","""""","""""","""""",""""""
"products","5a229593-c274-4576-ab54-b8bb114bde83","100-a","head_comfort_features_locales","""""","""""","""""","""""",""""""
"products","5a229593-c274-4576-ab54-b8bb114bde83","100-a","head_other_details_locales","""""","""""","""""","""""",""""""
"products","5a229593-c274-4576-ab54-b8bb114bde83","100-a","head_equipment_locales","""""","""""","""""","""""",""""""
"products","5a229593-c274-4576-ab54-b8bb114bde83","100-a","footwear_comfort_features_locales","""""","""""","""""","""""",""""""
"products","5a229593-c274-4576-ab54-b8bb114bde83","100-a","hearing_comfort_features_locales","""""","""""","""""","""""",""""""
"products","5a229593-c274-4576-ab54-b8bb114bde83","100-a","hearing_other_details_locales","""""","""""","""""","""""",""""""
"products","5a229593-c274-4576-ab54-b8bb114bde83","100-a","hearing_equipment_locales","""""","""""","""""","""""",""""""
"products","5a229593-c274-4576-ab54-b8bb114bde83","100-a","respiratory_comfort_features_locales","""""","""""","""""","""""",""""""
"products","5a229593-c274-4576-ab54-b8bb114bde83","100-a","respiratory_other_details_locales","""""","""""","""""","""""",""""""
"products","5a229593-c274-4576-ab54-b8bb114bde83","100-a","respiratory_equipment_locales","""""","""""","""""","""""",""""""
"products","5a229593-c274-4576-ab54-b8bb114bde83","100-a","clothing_comfort_features_locales","""""","""""","""""","""""",""""""
"products","5a229593-c274-4576-ab54-b8bb114bde83","100-a","clothing_other_details_locales","""""","""""","""""","""""",""""""
"products","5a229593-c274-4576-ab54-b8bb114bde83","100-a","footwear_materials_locales","""""","""""","""""","""""",""""""
"products","5a229593-c274-4576-ab54-b8bb114bde83","100-a","footwear_special_features_locales","""""","""""","""""","""""",""""""
"products","5a229593-c274-4576-ab54-b8bb114bde83","100-a","connections_locales","""""","""""","""""","""""",""""""
"products","5a229593-c274-4576-ab54-b8bb114bde83","100-a","compatible_with_locales","""""","""""","""""","""""",""""""
"products","5a229593-c274-4576-ab54-b8bb114bde83","100-a","coatings_locales","""""","""""","""""","""""",""""""
"products","5a229593-c274-4576-ab54-b8bb114bde83","100-a","eye_face_materials_locales","""""","""""","""""","""""",""""""
"products","5a229593-c274-4576-ab54-b8bb114bde83","100-a","head_tech_specs_locales","""""","""""","""""","""""",""""""
"products","5a229593-c274-4576-ab54-b8bb114bde83","100-a","clothing_attributes_locales","""""","""""","""""","""""",""""""
"products","30de76e2-50f6-4e50-ab5d-389612e8c01d","bls-zer030","name_locales","BLS Zer030 "," BLS Zer030 ","""""","""""",""""""
"products","30de76e2-50f6-4e50-ab5d-389612e8c01d","bls-zer030","description_locales","Category III FFP3 filtering facepiece respirator, designed to provide maximum respiratory protection against dust, aerosols, and nanoparticles.

","Facciali filtranti FFP3 di categoria III progettato per offrire la massima protezione respiratoria contro polveri, aerosol e nanoparticelle.
","""""","""""",""""""
"products","30de76e2-50f6-4e50-ab5d-389612e8c01d","bls-zer030","short_description_locales","Filtering facepiece respirator FFP3 with advanced protection against particles and aerosols","Facciale filtrante FFP3 con protezione avanzata contro particelle e aerosol","""""","""""",""""""
"products","30de76e2-50f6-4e50-ab5d-389612e8c01d","bls-zer030","category_locales","Respiratory Protection","Protezione respiratoria","""""","""""",""""""
"products","30de76e2-50f6-4e50-ab5d-389612e8c01d","bls-zer030","sub_category_locales","Dispopsable masks, Full face Masks, Half Masks, Filters, Cartidges & Accessories","Mascherine monouso","""""","""""",""""""
"products","30de76e2-50f6-4e50-ab5d-389612e8c01d","bls-zer030","features_locales","[""Very low breathing resistance (comparable to an FFP1)"",""Ultra-high efficiency filtration"",""Protective outer layer (Armor®) for complete protection"",""High face seal to reduce leakage and infiltration"",""High breathability"",""Soft internal nose clip""]","[""Filtrazione ad altissima efficienza"",""Strato protettivo esterno (Armor®) per protezione completa"",""Tenuta facciale elevata che ne riduce perdite e infiltrazioni"",""Bassissima resistenza respiratoria (paragonabile ad un FFP1)"",""Alta traspirabilità"",""Barretta stringinaso interna morbida""]","""""","""""",""""""
"products","30de76e2-50f6-4e50-ab5d-389612e8c01d","bls-zer030","applications_locales","[""Protection against welding fumes"",""Protection against fine dust""]","[""Protezione da fumi di saldatura"",""Protezione da polveri fini""]","""""","""""",""""""
"products","30de76e2-50f6-4e50-ab5d-389612e8c01d","bls-zer030","industries_locales","[""Pharmaceutical"",""research"",""Construction"",""Automotive"",""Manufacturing"",""Agriculture""]","[""Farmaceutico"",""ricerca"",""edilizio"",""automobilistico"",""manufatturiero"",""agricolo""]","""""","""""",""""""
"products","30de76e2-50f6-4e50-ab5d-389612e8c01d","bls-zer030","tags_locales","[]","[]","""""","""""",""""""
"products","30de76e2-50f6-4e50-ab5d-389612e8c01d","bls-zer030","size_locales","Unica","","""""","""""",""""""
"products","30de76e2-50f6-4e50-ab5d-389612e8c01d","bls-zer030","materials_locales","[""Polypropylene (PP)"",""Polyethylene (PE)"",""Other""]","[""Polipropilene (PP)"",""Polietilene (PE)"",""Altro""]","""""","""""",""""""
"products","30de76e2-50f6-4e50-ab5d-389612e8c01d","bls-zer030","eye_face_comfort_features_locales","""""","""""","""""","""""",""""""
"products","30de76e2-50f6-4e50-ab5d-389612e8c01d","bls-zer030","eye_face_equipment_locales","""""","""""","""""","""""",""""""
"products","30de76e2-50f6-4e50-ab5d-389612e8c01d","bls-zer030","head_comfort_features_locales","""""","""""","""""","""""",""""""
"products","30de76e2-50f6-4e50-ab5d-389612e8c01d","bls-zer030","head_other_details_locales","""""","""""","""""","""""",""""""
"products","30de76e2-50f6-4e50-ab5d-389612e8c01d","bls-zer030","head_equipment_locales","""""","""""","""""","""""",""""""
"products","30de76e2-50f6-4e50-ab5d-389612e8c01d","bls-zer030","footwear_comfort_features_locales","""""","""""","""""","""""",""""""
"products","30de76e2-50f6-4e50-ab5d-389612e8c01d","bls-zer030","hearing_comfort_features_locales","""""","""""","""""","""""",""""""
"products","30de76e2-50f6-4e50-ab5d-389612e8c01d","bls-zer030","hearing_other_details_locales","""""","""""","""""","""""",""""""
"products","30de76e2-50f6-4e50-ab5d-389612e8c01d","bls-zer030","hearing_equipment_locales","""""","""""","""""","""""",""""""
"products","30de76e2-50f6-4e50-ab5d-389612e8c01d","bls-zer030","respiratory_comfort_features_locales","[]","[]","""""","""""",""""""
"products","30de76e2-50f6-4e50-ab5d-389612e8c01d","bls-zer030","respiratory_other_details_locales","[]","[]","""""","""""",""""""
"products","30de76e2-50f6-4e50-ab5d-389612e8c01d","bls-zer030","respiratory_equipment_locales","[]","[]","""""","""""",""""""
"products","30de76e2-50f6-4e50-ab5d-389612e8c01d","bls-zer030","clothing_comfort_features_locales","""""","""""","""""","""""",""""""
"products","30de76e2-50f6-4e50-ab5d-389612e8c01d","bls-zer030","clothing_other_details_locales","""""","""""","""""","""""",""""""
"products","30de76e2-50f6-4e50-ab5d-389612e8c01d","bls-zer030","footwear_materials_locales","""""","""""","""""","""""",""""""
"products","30de76e2-50f6-4e50-ab5d-389612e8c01d","bls-zer030","footwear_special_features_locales","""""","""""","""""","""""",""""""
"products","30de76e2-50f6-4e50-ab5d-389612e8c01d","bls-zer030","connections_locales","[]","[]","""""","""""",""""""
"products","30de76e2-50f6-4e50-ab5d-389612e8c01d","bls-zer030","compatible_with_locales","[]","[]","""""","""""",""""""
"products","30de76e2-50f6-4e50-ab5d-389612e8c01d","bls-zer030","coatings_locales","""""","""""","""""","""""",""""""
"products","30de76e2-50f6-4e50-ab5d-389612e8c01d","bls-zer030","eye_face_materials_locales","""""","""""","""""","""""",""""""
"products","30de76e2-50f6-4e50-ab5d-389612e8c01d","bls-zer030","head_tech_specs_locales","""""","""""","""""","""""",""""""
"products","30de76e2-50f6-4e50-ab5d-389612e8c01d","bls-zer030","clothing_attributes_locales","""""","""""","""""","""""",""""""
"products","26454fd8-92e1-4a8a-add9-6109b079be65","152-14-4lj15","name_locales","152/14 4LJ15","152/14 4LJ15","""""","""""",""""""
"products","26454fd8-92e1-4a8a-add9-6109b079be65","152-14-4lj15","description_locales","Heat-resistant glove certified for 350°C and tested for 20 seconds at 350°C and 10 seconds at 500°C. 

Palm protected by four-layer and back by double-layer 14 oz cotton knit (brushed inside/outside) plus full knuckle guard. 17.5 cm double-layered cotton cuff. Guards against molten-material hazards and provides Level 3 cut resistance.","Guanto anticalore certificato per 350°C con resistenza al contatto di 20 secondi a 350°C e 10 secondi a 500°C. Protezione del palmo con quadruplo strato e del dorso con doppio strato in cotone 14 oz garzato interno/esterno e paranocche intero. Manichetta in doppio strato di cotone da 17.5 cm.
Copertura da rischi da materiale fuso e protezione al taglio di livello 3.","""""","""""",""""""
"products","26454fd8-92e1-4a8a-add9-6109b079be65","152-14-4lj15","short_description_locales","Heat-resistant glove in cotton with four layers and back-of-hand reinforcement for high-temperature operations and mechanical hazards","Guanto anticalore in cotone con quattro strati e protezione del dorso per operazioni ad elevate temperature e con rischi meccanici","""""","""""",""""""
"products","26454fd8-92e1-4a8a-add9-6109b079be65","152-14-4lj15","category_locales","Hand protection","Protezione delle mani","""""","""""",""""""
"products","26454fd8-92e1-4a8a-add9-6109b079be65","152-14-4lj15","sub_category_locales","Heat resistant gloves","Guanti anticalore","""""","""""",""""""
"products","26454fd8-92e1-4a8a-add9-6109b079be65","152-14-4lj15","features_locales","[""Protection against mechanical hazards"",""Reinforced leather seams between palm & thumb"",""4-layer palm with two thermal layers."",""20 seconds contact heat resistance at 350°C and 10 seconds at 500°C""]","[""Resistenza alle sollecitazioni meccaniche"",""Salva cuciture in pelle tra palmo e pollice"",""Quattro strati di protezione con doppio strato termico per prolungata resistenza alle alte temperature"",""Resistenza al contatto 20 secondi a 350°C e 10 secondi a 500°C""]","""""","""""",""""""
"products","26454fd8-92e1-4a8a-add9-6109b079be65","152-14-4lj15","applications_locales","[""Designed for glass industry: handling hot objects up to 350 °C & hot-zone operations"",""Hot-plastic printing & thermoforming"",""Handling heated components in ceramic production lines"",""Swabbing and lubricating activities""]","[""Studiato per l’industria del vetro per manipolazione di oggetti caldi fino a 350C e operazioni in zona calda"",""Operazioni di stampa e termoformatura di plastiche calde"",""Movimentazione di componenti riscaldati in linee di produzione ceramica""]","""""","""""",""""""
"products","26454fd8-92e1-4a8a-add9-6109b079be65","152-14-4lj15","industries_locales","[""Glass"",""Ceramic"",""Plastic-moulding"",""Cement""]","[""Industria del vetro"",""Stampaggio plastico"",""Industria ceramica"",""Industria del cemento""]","""""","""""",""""""
"products","26454fd8-92e1-4a8a-add9-6109b079be65","152-14-4lj15","tags_locales","[""back‐of‐hand protection"",""heat resistant glove"",""350C"",""cut protection""]","[""350°C"",""guanti anticalore"",""protezione meccanica"",""zona calda del vetro""]","""""","""""",""""""
"products","26454fd8-92e1-4a8a-add9-6109b079be65","152-14-4lj15","size_locales","One size","Unica","""""","""""",""""""
"products","26454fd8-92e1-4a8a-add9-6109b079be65","152-14-4lj15","materials_locales","[""Cotton"",""Two insulating layers""]","[""Cotone"",""Doppio strato isolante""]","""""","""""",""""""
"products","26454fd8-92e1-4a8a-add9-6109b079be65","152-14-4lj15","eye_face_comfort_features_locales","""""","""""","""""","""""",""""""
"products","26454fd8-92e1-4a8a-add9-6109b079be65","152-14-4lj15","eye_face_equipment_locales","""""","""""","""""","""""",""""""
"products","26454fd8-92e1-4a8a-add9-6109b079be65","152-14-4lj15","head_comfort_features_locales","""""","""""","""""","""""",""""""
"products","26454fd8-92e1-4a8a-add9-6109b079be65","152-14-4lj15","head_other_details_locales","""""","""""","""""","""""",""""""
"products","26454fd8-92e1-4a8a-add9-6109b079be65","152-14-4lj15","head_equipment_locales","""""","""""","""""","""""",""""""
"products","26454fd8-92e1-4a8a-add9-6109b079be65","152-14-4lj15","footwear_comfort_features_locales","""""","""""","""""","""""",""""""
"products","26454fd8-92e1-4a8a-add9-6109b079be65","152-14-4lj15","hearing_comfort_features_locales","""""","""""","""""","""""",""""""
"products","26454fd8-92e1-4a8a-add9-6109b079be65","152-14-4lj15","hearing_other_details_locales","""""","""""","""""","""""",""""""
"products","26454fd8-92e1-4a8a-add9-6109b079be65","152-14-4lj15","hearing_equipment_locales","""""","""""","""""","""""",""""""
"products","26454fd8-92e1-4a8a-add9-6109b079be65","152-14-4lj15","respiratory_comfort_features_locales","""""","""""","""""","""""",""""""
"products","26454fd8-92e1-4a8a-add9-6109b079be65","152-14-4lj15","respiratory_other_details_locales","""""","""""","""""","""""",""""""
"products","26454fd8-92e1-4a8a-add9-6109b079be65","152-14-4lj15","respiratory_equipment_locales","""""","""""","""""","""""",""""""
"products","26454fd8-92e1-4a8a-add9-6109b079be65","152-14-4lj15","clothing_comfort_features_locales","""""","""""","""""","""""",""""""
"products","26454fd8-92e1-4a8a-add9-6109b079be65","152-14-4lj15","clothing_other_details_locales","""""","""""","""""","""""",""""""
"products","26454fd8-92e1-4a8a-add9-6109b079be65","152-14-4lj15","footwear_materials_locales","""""","""""","""""","""""",""""""
"products","26454fd8-92e1-4a8a-add9-6109b079be65","152-14-4lj15","footwear_special_features_locales","""""","""""","""""","""""",""""""
"products","26454fd8-92e1-4a8a-add9-6109b079be65","152-14-4lj15","connections_locales","""""","""""","""""","""""",""""""
"products","26454fd8-92e1-4a8a-add9-6109b079be65","152-14-4lj15","compatible_with_locales","""""","""""","""""","""""",""""""
"products","26454fd8-92e1-4a8a-add9-6109b079be65","152-14-4lj15","coatings_locales","""""","""""","""""","""""",""""""
"products","26454fd8-92e1-4a8a-add9-6109b079be65","152-14-4lj15","eye_face_materials_locales","""""","""""","""""","""""",""""""
"products","26454fd8-92e1-4a8a-add9-6109b079be65","152-14-4lj15","head_tech_specs_locales","""""","""""","""""","""""",""""""
"products","26454fd8-92e1-4a8a-add9-6109b079be65","152-14-4lj15","clothing_attributes_locales","""""","""""","""""","""""",""""""
"products","c8bf3c3e-2526-4332-a48d-21edc27996e0","sv25-2","name_locales","SV25","SV25","""""","""""",""""""
"products","c8bf3c3e-2526-4332-a48d-21edc27996e0","sv25-2","description_locales","Split cowhide leather sleeves with para-aramid stitching, certified EN ISO 11611 Class 2. Designed to protect the forearm and elbow from sparks, heat, and molten metal splashes, they ensure high durability, comfort, and a secure fit.
","Manicotti in pelle crosta bovina con cuciture in para-aramide, certificate EN ISO 11611 Classe 2. Progettate per proteggere avambraccio e gomito da scintille, calore e schizzi di metallo fuso, garantiscono elevata resistenza, comfort e vestibilità
","""""","""""",""""""
"products","c8bf3c3e-2526-4332-a48d-21edc27996e0","sv25-2","short_description_locales","Fire-resistant leather welding sleeves, Class 2 EN ISO 11611, designed to protect the forearm and elbow from sparks, heat, and molten metal during welding.","Manichette in pelle ignifuga Classe 2 EN ISO 11611 che proteggono avambraccio e gomito da scintille, calore e metallo fuso durante la saldatura.","""""","""""",""""""
"products","c8bf3c3e-2526-4332-a48d-21edc27996e0","sv25-2","category_locales","Protective Clothing","Abbigliamento protettivo","""""","""""",""""""
"products","c8bf3c3e-2526-4332-a48d-21edc27996e0","sv25-2","sub_category_locales","Accessories","Manicotti da saldatura","""""","""""",""""""
"products","c8bf3c3e-2526-4332-a48d-21edc27996e0","sv25-2","features_locales","[""Protection against sparks and molten metal"",""Heat and flame resistance"",""Coverage and protection of critical areas"",""Elasticated cuffs"",""Excellent fit"",""Soft material""]","[""Protezione da scintille e metallo fuso"",""Resistenza al calore e alla fiamma"",""Copertura e protezione di aree critiche"",""Polsini Elasticizzati"",""Ottima vestibilità"",""Materiale morbido""]","""""","""""",""""""
"products","c8bf3c3e-2526-4332-a48d-21edc27996e0","sv25-2","applications_locales","[""Manual and industrial welding"",""Thermal cutting"",""Metal fabrication""]","[""Saldatura manuale e industriale"",""Taglio termico"",""Carpenteria metallica""]","""""","""""",""""""
"products","c8bf3c3e-2526-4332-a48d-21edc27996e0","sv25-2","industries_locales","[""Metalworking Fabrication"",""structural steelwork""]","[""Metalmeccanico"",""Carpenteria""]","""""","""""",""""""
"products","c8bf3c3e-2526-4332-a48d-21edc27996e0","sv25-2","tags_locales","[]","[]","""""","""""",""""""
"products","c8bf3c3e-2526-4332-a48d-21edc27996e0","sv25-2","size_locales","","","""""","""""",""""""
"products","c8bf3c3e-2526-4332-a48d-21edc27996e0","sv25-2","materials_locales","[""Leather""]","[""Pelle""]","""""","""""",""""""
"products","c8bf3c3e-2526-4332-a48d-21edc27996e0","sv25-2","eye_face_comfort_features_locales","""""","""""","""""","""""",""""""
"products","c8bf3c3e-2526-4332-a48d-21edc27996e0","sv25-2","eye_face_equipment_locales","""""","""""","""""","""""",""""""
"products","c8bf3c3e-2526-4332-a48d-21edc27996e0","sv25-2","head_comfort_features_locales","""""","""""","""""","""""",""""""
"products","c8bf3c3e-2526-4332-a48d-21edc27996e0","sv25-2","head_other_details_locales","""""","""""","""""","""""",""""""
"products","c8bf3c3e-2526-4332-a48d-21edc27996e0","sv25-2","head_equipment_locales","""""","""""","""""","""""",""""""
"products","c8bf3c3e-2526-4332-a48d-21edc27996e0","sv25-2","footwear_comfort_features_locales","""""","""""","""""","""""",""""""
"products","c8bf3c3e-2526-4332-a48d-21edc27996e0","sv25-2","hearing_comfort_features_locales","""""","""""","""""","""""",""""""
"products","c8bf3c3e-2526-4332-a48d-21edc27996e0","sv25-2","hearing_other_details_locales","""""","""""","""""","""""",""""""
"products","c8bf3c3e-2526-4332-a48d-21edc27996e0","sv25-2","hearing_equipment_locales","""""","""""","""""","""""",""""""
"products","c8bf3c3e-2526-4332-a48d-21edc27996e0","sv25-2","respiratory_comfort_features_locales","""""","""""","""""","""""",""""""
"products","c8bf3c3e-2526-4332-a48d-21edc27996e0","sv25-2","respiratory_other_details_locales","""""","""""","""""","""""",""""""
"products","c8bf3c3e-2526-4332-a48d-21edc27996e0","sv25-2","respiratory_equipment_locales","""""","""""","""""","""""",""""""
"products","c8bf3c3e-2526-4332-a48d-21edc27996e0","sv25-2","clothing_comfort_features_locales","[]","[]","""""","""""",""""""
"products","c8bf3c3e-2526-4332-a48d-21edc27996e0","sv25-2","clothing_other_details_locales","[]","[]","""""","""""",""""""
"products","c8bf3c3e-2526-4332-a48d-21edc27996e0","sv25-2","footwear_materials_locales","""""","""""","""""","""""",""""""
"products","c8bf3c3e-2526-4332-a48d-21edc27996e0","sv25-2","footwear_special_features_locales","""""","""""","""""","""""",""""""
"products","c8bf3c3e-2526-4332-a48d-21edc27996e0","sv25-2","connections_locales","""""","""""","""""","""""",""""""
"products","c8bf3c3e-2526-4332-a48d-21edc27996e0","sv25-2","compatible_with_locales","""""","""""","""""","""""",""""""
"products","c8bf3c3e-2526-4332-a48d-21edc27996e0","sv25-2","coatings_locales","""""","""""","""""","""""",""""""
"products","c8bf3c3e-2526-4332-a48d-21edc27996e0","sv25-2","eye_face_materials_locales","""""","""""","""""","""""",""""""
"products","c8bf3c3e-2526-4332-a48d-21edc27996e0","sv25-2","head_tech_specs_locales","""""","""""","""""","""""",""""""
"products","c8bf3c3e-2526-4332-a48d-21edc27996e0","sv25-2","clothing_attributes_locales","{""fit"":""Unisex"",""size_range"":""""}","{""fit"":"""",""size_range"":""""}","""""","""""",""""""
"products","52ed1101-5afd-4173-aa50-f2411c0cfc25","bls-zer032","name_locales"," BLS Zer032 ","BLS Zer030 (2)","""""","""""",""""""
"products","52ed1101-5afd-4173-aa50-f2411c0cfc25","bls-zer032","description_locales","Category III FFP3 filtering facepiece respirator designed to provide the highest level of protection and comfort in the BLS range. It incorporates advanced filtration, including against nanoparticles, a full-face seal for a perfect fit, and an Armor® protective layer that extends the filter’s lifespan.


","Facciale filtrante FFP3 di categoria III progettato per offrire il massimo livello di protezione e comfort nella gamma BLS. Integra filtrazione avanzata anche contro nanoparticelle, guarnizione completa per una perfetta tenuta e strato protettivo Armor® che prolunga la durata del filtro

","""""","""""",""""""
"products","52ed1101-5afd-4173-aa50-f2411c0cfc25","bls-zer032","short_description_locales","FFP3 filtering facepiece with full seal, offering maximum levels of protection, comfort, and adaptability.","Facciale filtrante FFP3 con guarnizione completa e massimo livello di protezione, comfort e adattabilità.","""""","""""",""""""
"products","52ed1101-5afd-4173-aa50-f2411c0cfc25","bls-zer032","category_locales","Respiratory Protection","Protezione respiratoria","""""","""""",""""""
"products","52ed1101-5afd-4173-aa50-f2411c0cfc25","bls-zer032","sub_category_locales","Disposable masks","Mascherine monouso","""""","""""",""""""
"products","52ed1101-5afd-4173-aa50-f2411c0cfc25","bls-zer032","features_locales","[""Very low breathing resistance (comparable to an FFP1)"",""Protective outer layer (Armor®) for complete protection"",""High breathability"",""Soft internal nose clip"",""Advanced filtration capable of filtering nanoparticles (~0.001 μm)"",""Seal ensuring a perfect fit""]","[""Strato protettivo esterno (Armor®) per protezione completa"",""Bassissima resistenza respiratoria (paragonabile ad un FFP1)"",""Alta traspirabilità"",""Barretta stringinaso interna morbida"",""Filtrazione avanzata che permette di filtrare nanoparticelle (~0,001 μm)"",""Guarnizione per mantenere una tenuta perfetta""]","""""","""""",""""""
"products","52ed1101-5afd-4173-aa50-f2411c0cfc25","bls-zer032","applications_locales","[""High dust concentration environments"",""Construction and critical demolition work""]","[""Protezione da fumi di saldatura"",""Protezione da polveri fini""]","""""","""""",""""""
"products","52ed1101-5afd-4173-aa50-f2411c0cfc25","bls-zer032","industries_locales","[""Pharmaceutical"",""research"",""Construction"",""Automotive"",""Manufacturing"",""Agriculture""]","[""Farmaceutico"",""ricerca"",""edilizio"",""automobilistico"",""manufatturiero"",""agricolo""]","""""","""""",""""""
"products","52ed1101-5afd-4173-aa50-f2411c0cfc25","bls-zer032","tags_locales","[""disposable mask"",""FFP3""]","[""mascherina monouso"",""FFP3""]","""""","""""",""""""
"products","52ed1101-5afd-4173-aa50-f2411c0cfc25","bls-zer032","size_locales","Unica","","""""","""""",""""""
"products","52ed1101-5afd-4173-aa50-f2411c0cfc25","bls-zer032","materials_locales","[""Polypropylene (PP)"",""Polyethylene (PE)"",""Other""]","[""Polipropilene (PP)"",""Polietilene (PE)"",""Altro""]","""""","""""",""""""
"products","52ed1101-5afd-4173-aa50-f2411c0cfc25","bls-zer032","eye_face_comfort_features_locales","""""","""""","""""","""""",""""""
"products","52ed1101-5afd-4173-aa50-f2411c0cfc25","bls-zer032","eye_face_equipment_locales","""""","""""","""""","""""",""""""
"products","52ed1101-5afd-4173-aa50-f2411c0cfc25","bls-zer032","head_comfort_features_locales","""""","""""","""""","""""",""""""
"products","52ed1101-5afd-4173-aa50-f2411c0cfc25","bls-zer032","head_other_details_locales","""""","""""","""""","""""",""""""
"products","52ed1101-5afd-4173-aa50-f2411c0cfc25","bls-zer032","head_equipment_locales","""""","""""","""""","""""",""""""
"products","52ed1101-5afd-4173-aa50-f2411c0cfc25","bls-zer032","footwear_comfort_features_locales","""""","""""","""""","""""",""""""
"products","52ed1101-5afd-4173-aa50-f2411c0cfc25","bls-zer032","hearing_comfort_features_locales","""""","""""","""""","""""",""""""
"products","52ed1101-5afd-4173-aa50-f2411c0cfc25","bls-zer032","hearing_other_details_locales","""""","""""","""""","""""",""""""
"products","52ed1101-5afd-4173-aa50-f2411c0cfc25","bls-zer032","hearing_equipment_locales","""""","""""","""""","""""",""""""
"products","52ed1101-5afd-4173-aa50-f2411c0cfc25","bls-zer032","respiratory_comfort_features_locales","[]","[]","""""","""""",""""""
"products","52ed1101-5afd-4173-aa50-f2411c0cfc25","bls-zer032","respiratory_other_details_locales","[]","[]","""""","""""",""""""
"products","52ed1101-5afd-4173-aa50-f2411c0cfc25","bls-zer032","respiratory_equipment_locales","[]","[]","""""","""""",""""""
"products","52ed1101-5afd-4173-aa50-f2411c0cfc25","bls-zer032","clothing_comfort_features_locales","""""","""""","""""","""""",""""""
"products","52ed1101-5afd-4173-aa50-f2411c0cfc25","bls-zer032","clothing_other_details_locales","""""","""""","""""","""""",""""""
"products","52ed1101-5afd-4173-aa50-f2411c0cfc25","bls-zer032","footwear_materials_locales","""""","""""","""""","""""",""""""
"products","52ed1101-5afd-4173-aa50-f2411c0cfc25","bls-zer032","footwear_special_features_locales","""""","""""","""""","""""",""""""
"products","52ed1101-5afd-4173-aa50-f2411c0cfc25","bls-zer032","connections_locales","[]","[]","""""","""""",""""""
"products","52ed1101-5afd-4173-aa50-f2411c0cfc25","bls-zer032","compatible_with_locales","[]","[]","""""","""""",""""""
"products","52ed1101-5afd-4173-aa50-f2411c0cfc25","bls-zer032","coatings_locales","""""","""""","""""","""""",""""""
"products","52ed1101-5afd-4173-aa50-f2411c0cfc25","bls-zer032","eye_face_materials_locales","""""","""""","""""","""""",""""""
"products","52ed1101-5afd-4173-aa50-f2411c0cfc25","bls-zer032","head_tech_specs_locales","""""","""""","""""","""""",""""""
"products","52ed1101-5afd-4173-aa50-f2411c0cfc25","bls-zer032","clothing_attributes_locales","""""","""""","""""","""""",""""""
"products","0ebff2ff-9980-489d-be6c-ba48631dc612","lg20","name_locales","LG20","LG20","""""","""""",""""""
"products","0ebff2ff-9980-489d-be6c-ba48631dc612","lg20","description_locales","Fire-resistant split cowhide leather gaiters, certified EN ISO 11611 Class 2 for welding activities. They provide high protection against sparks, molten metal, and heat, covering the foot and ankle while ensuring durability, comfort, and ease of use in demanding industrial environments.
","Ghette realizzati in pelle crosta bovina ignifuga, certificati EN ISO 11611 Classe 2 per attività di saldatura. Offrono protezione elevata contro scintille, metallo fuso e calore, coprendo piede e caviglia e garantendo resistenza, comfort e facilità d’uso in ambienti industriali impegnativi.
","""""","""""",""""""
"products","0ebff2ff-9980-489d-be6c-ba48631dc612","lg20","short_description_locales","Fire-resistant leather boot covers, Class 2 EN ISO 11611, designed to protect feet and footwear from heat.","Copri stivali in pelle ignifuga classe 2 EN ISO 11611, progettati per proteggere piedi e calzature da calore.","""""","""""",""""""
"products","0ebff2ff-9980-489d-be6c-ba48631dc612","lg20","category_locales","Protective Clothing","Abbigliamento protettivo","""""","""""",""""""
"products","0ebff2ff-9980-489d-be6c-ba48631dc612","lg20","sub_category_locales","Accessories","Accessories","""""","""""",""""""
"products","0ebff2ff-9980-489d-be6c-ba48631dc612","lg20","features_locales","[""Protection against sparks and molten metal"",""Heat and flame resistance"",""Extended coverage of foot and ankle"",""Comfortable fit"",""Secure fastening system (straps/buckles/Velcro)"",""Soft material""]","[""Protezione da scintille e metallo fuso"",""Resistenza al calore e alla fiamma"",""Copertura estesa piede + caviglia"",""Vestibilità comoda"",""Sistema di fissaggio (cinghie/fibbie/velcro)"",""Materiale morbido""]","""""","""""",""""""
"products","0ebff2ff-9980-489d-be6c-ba48631dc612","lg20","applications_locales","[""Manual and industrial welding"",""Thermal cutting"",""Metal fabrication""]","[""Saldatura manuale e industriale"",""Taglio termico"",""Carpenteria metallica""]","""""","""""",""""""
"products","0ebff2ff-9980-489d-be6c-ba48631dc612","lg20","industries_locales","[""Metalworking Fabrication"",""structural steelwork""]","[""Metalmeccanico"",""Carpenteria""]","""""","""""",""""""
"products","0ebff2ff-9980-489d-be6c-ba48631dc612","lg20","tags_locales","[]","[""Copri stivali""]","""""","""""",""""""
"products","0ebff2ff-9980-489d-be6c-ba48631dc612","lg20","size_locales","","","""""","""""",""""""
"products","0ebff2ff-9980-489d-be6c-ba48631dc612","lg20","materials_locales","[]","[""Pelle""]","""""","""""",""""""
"products","0ebff2ff-9980-489d-be6c-ba48631dc612","lg20","eye_face_comfort_features_locales","""""","""""","""""","""""",""""""
"products","0ebff2ff-9980-489d-be6c-ba48631dc612","lg20","eye_face_equipment_locales","""""","""""","""""","""""",""""""
"products","0ebff2ff-9980-489d-be6c-ba48631dc612","lg20","head_comfort_features_locales","""""","""""","""""","""""",""""""
"products","0ebff2ff-9980-489d-be6c-ba48631dc612","lg20","head_other_details_locales","""""","""""","""""","""""",""""""
"products","0ebff2ff-9980-489d-be6c-ba48631dc612","lg20","head_equipment_locales","""""","""""","""""","""""",""""""
"products","0ebff2ff-9980-489d-be6c-ba48631dc612","lg20","footwear_comfort_features_locales","""""","""""","""""","""""",""""""
"products","0ebff2ff-9980-489d-be6c-ba48631dc612","lg20","hearing_comfort_features_locales","""""","""""","""""","""""",""""""
"products","0ebff2ff-9980-489d-be6c-ba48631dc612","lg20","hearing_other_details_locales","""""","""""","""""","""""",""""""
"products","0ebff2ff-9980-489d-be6c-ba48631dc612","lg20","hearing_equipment_locales","""""","""""","""""","""""",""""""
"products","0ebff2ff-9980-489d-be6c-ba48631dc612","lg20","respiratory_comfort_features_locales","""""","""""","""""","""""",""""""
"products","0ebff2ff-9980-489d-be6c-ba48631dc612","lg20","respiratory_other_details_locales","""""","""""","""""","""""",""""""
"products","0ebff2ff-9980-489d-be6c-ba48631dc612","lg20","respiratory_equipment_locales","""""","""""","""""","""""",""""""
"products","0ebff2ff-9980-489d-be6c-ba48631dc612","lg20","clothing_comfort_features_locales","[]","[]","""""","""""",""""""
"products","0ebff2ff-9980-489d-be6c-ba48631dc612","lg20","clothing_other_details_locales","[]","[]","""""","""""",""""""
"products","0ebff2ff-9980-489d-be6c-ba48631dc612","lg20","footwear_materials_locales","""""","""""","""""","""""",""""""
"products","0ebff2ff-9980-489d-be6c-ba48631dc612","lg20","footwear_special_features_locales","""""","""""","""""","""""",""""""
"products","0ebff2ff-9980-489d-be6c-ba48631dc612","lg20","connections_locales","""""","""""","""""","""""",""""""
"products","0ebff2ff-9980-489d-be6c-ba48631dc612","lg20","compatible_with_locales","""""","""""","""""","""""",""""""
"products","0ebff2ff-9980-489d-be6c-ba48631dc612","lg20","coatings_locales","""""","""""","""""","""""",""""""
"products","0ebff2ff-9980-489d-be6c-ba48631dc612","lg20","eye_face_materials_locales","""""","""""","""""","""""",""""""
"products","0ebff2ff-9980-489d-be6c-ba48631dc612","lg20","head_tech_specs_locales","""""","""""","""""","""""",""""""
"products","0ebff2ff-9980-489d-be6c-ba48631dc612","lg20","clothing_attributes_locales","{""fit"":"""",""size_range"":""""}","{""fit"":"""",""size_range"":""""}","""""","""""",""""""
"products","b59c2bee-5a3d-4215-9a45-64a11ba6af4d","bls-zer030-c","name_locales"," BLS Zer030 C "," BLS Zer030 C ","""""","""""",""""""
"products","b59c2bee-5a3d-4215-9a45-64a11ba6af4d","bls-zer030-c","description_locales","Category III FFP3 filtering facepiece respirator, designed to protect against dust, aerosols, and nanoparticles. It incorporates an activated carbon layer that helps reduce odors and low concentrations of organic or acidic vapors.



","Facciale filtrante FFP3 di categoria III, progettato per proteggere da polveri, aerosol e nanoparticelle. Integra uno strato di carboni attivi che consente la riduzione di odori e vapori organici o acidi a bassa concentrazione


","""""","""""",""""""
"products","b59c2bee-5a3d-4215-9a45-64a11ba6af4d","bls-zer030-c","short_description_locales","FFP3 filtering facepiece respirator with activated carbon","Facciale filtrante FFP3 con  carboni attivi","""""","""""",""""""
"products","b59c2bee-5a3d-4215-9a45-64a11ba6af4d","bls-zer030-c","category_locales","Respiratory Protection","Protezione respiratoria","""""","""""",""""""
"products","b59c2bee-5a3d-4215-9a45-64a11ba6af4d","bls-zer030-c","sub_category_locales","Disposable masks","Mascherine monouso","""""","""""",""""""
"products","b59c2bee-5a3d-4215-9a45-64a11ba6af4d","bls-zer030-c","features_locales","[""Very low breathing resistance (comparable to an FFP1)"",""Protective outer layer (Armor®) for complete protection"",""High breathability"",""Seal ensuring a perfect fit"",""Advanced filtration"",""Activated carbon filter""]","[""Strato protettivo esterno (Armor®) per protezione completa"",""Bassissima resistenza respiratoria (paragonabile ad un FFP1)"",""Alta traspirabilità"",""Barretta stringinaso interna morbida"",""Filtro con carboni attivi"",""Filtrazione avanzata""]","""""","""""",""""""
"products","b59c2bee-5a3d-4215-9a45-64a11ba6af4d","bls-zer030-c","applications_locales","[""Painting"",""Protection against welding fumes"",""Maintenance and cleaning""]","[""Verniciatura"",""Protezione da fumi di saldatura"",""Manutenzione e pulizia""]","""""","""""",""""""
"products","b59c2bee-5a3d-4215-9a45-64a11ba6af4d","bls-zer030-c","industries_locales","[""Pharmaceutical"",""research"",""Construction"",""Automotive"",""Manufacturing"",""Agriculture""]","[""Farmaceutico"",""ricerca"",""edilizio"",""automobilistico"",""manufatturiero"",""agricolo""]","""""","""""",""""""
"products","b59c2bee-5a3d-4215-9a45-64a11ba6af4d","bls-zer030-c","tags_locales","[""disposable mask"",""FFP3""]","[""mascherina monouso"",""FFP3""]","""""","""""",""""""
"products","b59c2bee-5a3d-4215-9a45-64a11ba6af4d","bls-zer030-c","size_locales","Unica","","""""","""""",""""""
"products","b59c2bee-5a3d-4215-9a45-64a11ba6af4d","bls-zer030-c","materials_locales","[""Polypropylene (PP)"",""Polyethylene (PE)"",""Other""]","[""Polipropilene (PP)"",""Polietilene (PE)"",""Altro""]","""""","""""",""""""
"products","b59c2bee-5a3d-4215-9a45-64a11ba6af4d","bls-zer030-c","eye_face_comfort_features_locales","""""","""""","""""","""""",""""""
"products","b59c2bee-5a3d-4215-9a45-64a11ba6af4d","bls-zer030-c","eye_face_equipment_locales","""""","""""","""""","""""",""""""
"products","b59c2bee-5a3d-4215-9a45-64a11ba6af4d","bls-zer030-c","head_comfort_features_locales","""""","""""","""""","""""",""""""
"products","b59c2bee-5a3d-4215-9a45-64a11ba6af4d","bls-zer030-c","head_other_details_locales","""""","""""","""""","""""",""""""
"products","b59c2bee-5a3d-4215-9a45-64a11ba6af4d","bls-zer030-c","head_equipment_locales","""""","""""","""""","""""",""""""
"products","b59c2bee-5a3d-4215-9a45-64a11ba6af4d","bls-zer030-c","footwear_comfort_features_locales","""""","""""","""""","""""",""""""
"products","b59c2bee-5a3d-4215-9a45-64a11ba6af4d","bls-zer030-c","hearing_comfort_features_locales","""""","""""","""""","""""",""""""
"products","b59c2bee-5a3d-4215-9a45-64a11ba6af4d","bls-zer030-c","hearing_other_details_locales","""""","""""","""""","""""",""""""
"products","b59c2bee-5a3d-4215-9a45-64a11ba6af4d","bls-zer030-c","hearing_equipment_locales","""""","""""","""""","""""",""""""
"products","b59c2bee-5a3d-4215-9a45-64a11ba6af4d","bls-zer030-c","respiratory_comfort_features_locales","[]","[]","""""","""""",""""""
"products","b59c2bee-5a3d-4215-9a45-64a11ba6af4d","bls-zer030-c","respiratory_other_details_locales","[]","[]","""""","""""",""""""
"products","b59c2bee-5a3d-4215-9a45-64a11ba6af4d","bls-zer030-c","respiratory_equipment_locales","[]","[]","""""","""""",""""""
"products","b59c2bee-5a3d-4215-9a45-64a11ba6af4d","bls-zer030-c","clothing_comfort_features_locales","""""","""""","""""","""""",""""""
"products","b59c2bee-5a3d-4215-9a45-64a11ba6af4d","bls-zer030-c","clothing_other_details_locales","""""","""""","""""","""""",""""""
"products","b59c2bee-5a3d-4215-9a45-64a11ba6af4d","bls-zer030-c","footwear_materials_locales","""""","""""","""""","""""",""""""
"products","b59c2bee-5a3d-4215-9a45-64a11ba6af4d","bls-zer030-c","footwear_special_features_locales","""""","""""","""""","""""",""""""
"products","b59c2bee-5a3d-4215-9a45-64a11ba6af4d","bls-zer030-c","connections_locales","["" BLS Zer032 "",""BLS Zer030 "",""BLS Zer032 Active"",""BLS Zer032 C Active""]","[]","""""","""""",""""""
"products","b59c2bee-5a3d-4215-9a45-64a11ba6af4d","bls-zer030-c","compatible_with_locales","[]","[]","""""","""""",""""""
"products","b59c2bee-5a3d-4215-9a45-64a11ba6af4d","bls-zer030-c","coatings_locales","""""","""""","""""","""""",""""""
"products","b59c2bee-5a3d-4215-9a45-64a11ba6af4d","bls-zer030-c","eye_face_materials_locales","""""","""""","""""","""""",""""""
"products","b59c2bee-5a3d-4215-9a45-64a11ba6af4d","bls-zer030-c","head_tech_specs_locales","""""","""""","""""","""""",""""""
"products","b59c2bee-5a3d-4215-9a45-64a11ba6af4d","bls-zer030-c","clothing_attributes_locales","""""","""""","""""","""""",""""""
"products","88d53177-f9ed-4b3f-a608-e1f3844cffd9","ap15","name_locales","AP15","AP15","""""","""""",""""""
"products","88d53177-f9ed-4b3f-a608-e1f3844cffd9","ap15","description_locales","Split leather apron with para-aramid stitching, certified EN ISO 11611 Class 2. Designed to protect the chest and upper legs from heat, sparks, and molten metal, it features a quick-release buckle and adjustable straps.
","Grembiule in pelle crosta bovina con cuciture in para-aramide, certificato EN ISO 11611 Classe 2. Progettato per proteggere torace e parte superiore delle gambe da calore, scintille e metallo fuso, è dotato di fibbia a sgancio rapido, strap regolabili.
","""""","""""",""""""
"products","88d53177-f9ed-4b3f-a608-e1f3844cffd9","ap15","short_description_locales","Leather welding apron, Class 2 EN ISO 11611, designed to protect the chest and legs from heat and molten metal splashes.","Grembiule da saldatura in pelle Classe 2 EN ISO 11611 che protegge torace e gambe da calore e schizzi di metallo fuso.","""""","""""",""""""
"products","88d53177-f9ed-4b3f-a608-e1f3844cffd9","ap15","category_locales","Protective Clothing","Abbigliamento protettivo","""""","""""",""""""
"products","88d53177-f9ed-4b3f-a608-e1f3844cffd9","ap15","sub_category_locales","Welding Aprons","Grembiule da saldatura","""""","""""",""""""
"products","88d53177-f9ed-4b3f-a608-e1f3844cffd9","ap15","features_locales","[""Full torso protection"",""High thermal resistance material"",""Protection against heat and molten metal"",""Protected closures and adjustable fittings"",""Quick-release buckle"",""Freedom of movement""]","[""Protezione completa del busto"",""Materiale ad alta resistenza termica"",""Protezione da calore e metallo fuso"",""Chiusure protette e regolazioni"",""Fibia a sgancio rapido"",""Libertà di movimento""]","""""","""""",""""""
"products","88d53177-f9ed-4b3f-a608-e1f3844cffd9","ap15","applications_locales","[""Manual and industrial welding"",""Thermal cutting"",""Metal fabrication""]","[""Saldatura manuale e industriale"",""Taglio termico"",""Carpenteria metallica""]","""""","""""",""""""
"products","88d53177-f9ed-4b3f-a608-e1f3844cffd9","ap15","industries_locales","[""Metalworking Fabrication"",""structural steelwork""]","[""Metalmeccanico"",""Carpenteria""]","""""","""""",""""""
"products","88d53177-f9ed-4b3f-a608-e1f3844cffd9","ap15","tags_locales","[]","[]","""""","""""",""""""
"products","88d53177-f9ed-4b3f-a608-e1f3844cffd9","ap15","size_locales","","","""""","""""",""""""
"products","88d53177-f9ed-4b3f-a608-e1f3844cffd9","ap15","materials_locales","[]","[""Pelle""]","""""","""""",""""""
"products","88d53177-f9ed-4b3f-a608-e1f3844cffd9","ap15","eye_face_comfort_features_locales","""""","""""","""""","""""",""""""
"products","88d53177-f9ed-4b3f-a608-e1f3844cffd9","ap15","eye_face_equipment_locales","""""","""""","""""","""""",""""""
"products","88d53177-f9ed-4b3f-a608-e1f3844cffd9","ap15","head_comfort_features_locales","""""","""""","""""","""""",""""""
"products","88d53177-f9ed-4b3f-a608-e1f3844cffd9","ap15","head_other_details_locales","""""","""""","""""","""""",""""""
"products","88d53177-f9ed-4b3f-a608-e1f3844cffd9","ap15","head_equipment_locales","""""","""""","""""","""""",""""""
"products","88d53177-f9ed-4b3f-a608-e1f3844cffd9","ap15","footwear_comfort_features_locales","""""","""""","""""","""""",""""""
"products","88d53177-f9ed-4b3f-a608-e1f3844cffd9","ap15","hearing_comfort_features_locales","""""","""""","""""","""""",""""""
"products","88d53177-f9ed-4b3f-a608-e1f3844cffd9","ap15","hearing_other_details_locales","""""","""""","""""","""""",""""""
"products","88d53177-f9ed-4b3f-a608-e1f3844cffd9","ap15","hearing_equipment_locales","""""","""""","""""","""""",""""""
"products","88d53177-f9ed-4b3f-a608-e1f3844cffd9","ap15","respiratory_comfort_features_locales","""""","""""","""""","""""",""""""
"products","88d53177-f9ed-4b3f-a608-e1f3844cffd9","ap15","respiratory_other_details_locales","""""","""""","""""","""""",""""""
"products","88d53177-f9ed-4b3f-a608-e1f3844cffd9","ap15","respiratory_equipment_locales","""""","""""","""""","""""",""""""
"products","88d53177-f9ed-4b3f-a608-e1f3844cffd9","ap15","clothing_comfort_features_locales","[]","[]","""""","""""",""""""
"products","88d53177-f9ed-4b3f-a608-e1f3844cffd9","ap15","clothing_other_details_locales","[]","[]","""""","""""",""""""
"products","88d53177-f9ed-4b3f-a608-e1f3844cffd9","ap15","footwear_materials_locales","""""","""""","""""","""""",""""""
"products","88d53177-f9ed-4b3f-a608-e1f3844cffd9","ap15","footwear_special_features_locales","""""","""""","""""","""""",""""""
"products","88d53177-f9ed-4b3f-a608-e1f3844cffd9","ap15","connections_locales","""""","""""","""""","""""",""""""
"products","88d53177-f9ed-4b3f-a608-e1f3844cffd9","ap15","compatible_with_locales","""""","""""","""""","""""",""""""
"products","88d53177-f9ed-4b3f-a608-e1f3844cffd9","ap15","coatings_locales","""""","""""","""""","""""",""""""
"products","88d53177-f9ed-4b3f-a608-e1f3844cffd9","ap15","eye_face_materials_locales","""""","""""","""""","""""",""""""
"products","88d53177-f9ed-4b3f-a608-e1f3844cffd9","ap15","head_tech_specs_locales","""""","""""","""""","""""",""""""
"products","88d53177-f9ed-4b3f-a608-e1f3844cffd9","ap15","clothing_attributes_locales","{""fit"":"""",""size_range"":""""}","{""fit"":"""",""size_range"":""""}","""""","""""",""""""
"products","7147fbaa-1d20-4e40-b44d-ccd37a86ce8c","bls-2700-next","name_locales","BLS 2700 next ","BLS 2700 next ","""""","""""",""""""
"products","7147fbaa-1d20-4e40-b44d-ccd37a86ce8c","bls-2700-next","description_locales","PAPR powered air system, designed to ensure maximum respiratory protection in highly contaminated environments. The motor draws air through P3 or combined filters (gas + particles) and delivers it to the user with a constant airflow.
","Sistema elettroventilato PAPR, progettato per garantire la massima protezione respiratoria in ambienti altamente contaminati. Il motore aspira l’aria attraverso filtri P3 o combinati (gas + particelle) e la fornisce all’utilizzatore con flusso costante
","""""","""""",""""""
"products","7147fbaa-1d20-4e40-b44d-ccd37a86ce8c","bls-2700-next","short_description_locales","Full face mask, class TH3 P3, designed for full protection against dust and contaminants in high-risk industrial environments","Respiratore PAPR con casco integrato classe TH3 P3, progettato per protezione totale da polveri e contaminanti in ambienti industriali ad alto rischio.","""""","""""",""""""
"products","7147fbaa-1d20-4e40-b44d-ccd37a86ce8c","bls-2700-next","category_locales","Respiratory Protection","Protezione respiratoria","""""","""""",""""""
"products","7147fbaa-1d20-4e40-b44d-ccd37a86ce8c","bls-2700-next","sub_category_locales","Full Face Masks","Maschere integrali","""""","""""",""""""
"products","7147fbaa-1d20-4e40-b44d-ccd37a86ce8c","bls-2700-next","features_locales","[""TH3 protection ensuring optimal safety"",""Forced airflow"",""Active safety monitoring"",""Option to use different types of filters"",""Zero breathing resistance"",""Continuous cooling airflow"",""Ultra-lightweight and ergonomic design"",""Long battery life""]","[""Zero resistenza respiratoria"",""Flusso continuo raffrescante"",""Design ultraleggero ed ergonomico"",""Elevata autonomia"",""Protezione TH3 che garantisce una protezione ottimale"",""Flusso d’aria forzato"",""Monitoraggio attivo di sicurezza"",""Possibilità di montaggio di differenti tipi di filtro""]","""""","""""",""""""
"products","7147fbaa-1d20-4e40-b44d-ccd37a86ce8c","bls-2700-next","applications_locales","[""Protection against heavy welding fumes"",""Chemical and petrochemical industry"",""Heavy industrial maintenance and cleaning""]","[""Bonifiche e amianto"",""Industria pesante e polveri"",""Saldatura e lavorazioni"",""Industria chimica / farmaceutica""]","""""","""""",""""""
"products","7147fbaa-1d20-4e40-b44d-ccd37a86ce8c","bls-2700-next","industries_locales","[""Chemical manufacturing"",""paint/Spraying"",""metal working"",""welding"",""pharma""]","[""Produzione chimica"",""verniciatura/spruzzatura"",""lavorazione dei metalli"",""saldatura"",""industria farmaceutica""]","""""","""""",""""""
"products","7147fbaa-1d20-4e40-b44d-ccd37a86ce8c","bls-2700-next","tags_locales","[]","[""Casco con respiratore""]","""""","""""",""""""
"products","7147fbaa-1d20-4e40-b44d-ccd37a86ce8c","bls-2700-next","size_locales","Unica","","""""","""""",""""""
"products","7147fbaa-1d20-4e40-b44d-ccd37a86ce8c","bls-2700-next","materials_locales","[""Silicone"",""Polycarbonate"",""Other""]","[""Silicone"",""policarbonato (PC)"",""altri""]","""""","""""",""""""
"products","7147fbaa-1d20-4e40-b44d-ccd37a86ce8c","bls-2700-next","eye_face_comfort_features_locales","""""","""""","""""","""""",""""""
"products","7147fbaa-1d20-4e40-b44d-ccd37a86ce8c","bls-2700-next","eye_face_equipment_locales","""""","""""","""""","""""",""""""
"products","7147fbaa-1d20-4e40-b44d-ccd37a86ce8c","bls-2700-next","head_comfort_features_locales","""""","""""","""""","""""",""""""
"products","7147fbaa-1d20-4e40-b44d-ccd37a86ce8c","bls-2700-next","head_other_details_locales","""""","""""","""""","""""",""""""
"products","7147fbaa-1d20-4e40-b44d-ccd37a86ce8c","bls-2700-next","head_equipment_locales","""""","""""","""""","""""",""""""
"products","7147fbaa-1d20-4e40-b44d-ccd37a86ce8c","bls-2700-next","footwear_comfort_features_locales","""""","""""","""""","""""",""""""
"products","7147fbaa-1d20-4e40-b44d-ccd37a86ce8c","bls-2700-next","hearing_comfort_features_locales","""""","""""","""""","""""",""""""
"products","7147fbaa-1d20-4e40-b44d-ccd37a86ce8c","bls-2700-next","hearing_other_details_locales","""""","""""","""""","""""",""""""
"products","7147fbaa-1d20-4e40-b44d-ccd37a86ce8c","bls-2700-next","hearing_equipment_locales","""""","""""","""""","""""",""""""
"products","7147fbaa-1d20-4e40-b44d-ccd37a86ce8c","bls-2700-next","respiratory_comfort_features_locales","[]","[]","""""","""""",""""""
"products","7147fbaa-1d20-4e40-b44d-ccd37a86ce8c","bls-2700-next","respiratory_other_details_locales","[]","[]","""""","""""",""""""
"products","7147fbaa-1d20-4e40-b44d-ccd37a86ce8c","bls-2700-next","respiratory_equipment_locales","[]","[]","""""","""""",""""""
"products","7147fbaa-1d20-4e40-b44d-ccd37a86ce8c","bls-2700-next","clothing_comfort_features_locales","""""","""""","""""","""""",""""""
"products","7147fbaa-1d20-4e40-b44d-ccd37a86ce8c","bls-2700-next","clothing_other_details_locales","""""","""""","""""","""""",""""""
"products","7147fbaa-1d20-4e40-b44d-ccd37a86ce8c","bls-2700-next","footwear_materials_locales","""""","""""","""""","""""",""""""
"products","7147fbaa-1d20-4e40-b44d-ccd37a86ce8c","bls-2700-next","footwear_special_features_locales","""""","""""","""""","""""",""""""
"products","7147fbaa-1d20-4e40-b44d-ccd37a86ce8c","bls-2700-next","connections_locales","[]","[]","""""","""""",""""""
"products","7147fbaa-1d20-4e40-b44d-ccd37a86ce8c","bls-2700-next","compatible_with_locales","[]","[]","""""","""""",""""""
"products","7147fbaa-1d20-4e40-b44d-ccd37a86ce8c","bls-2700-next","coatings_locales","""""","""""","""""","""""",""""""
"products","7147fbaa-1d20-4e40-b44d-ccd37a86ce8c","bls-2700-next","eye_face_materials_locales","""""","""""","""""","""""",""""""
"products","7147fbaa-1d20-4e40-b44d-ccd37a86ce8c","bls-2700-next","head_tech_specs_locales","""""","""""","""""","""""",""""""
"products","7147fbaa-1d20-4e40-b44d-ccd37a86ce8c","bls-2700-next","clothing_attributes_locales","""""","""""","""""","""""",""""""
"products","9b8608fb-9546-4df7-8650-6c0e2428ef5b","bls-8100","name_locales","BLS 8100 ","BLS 8100 ","""""","""""",""""""
"products","9b8608fb-9546-4df7-8650-6c0e2428ef5b","bls-8100","description_locales","Half mask with integrated filters, designed to provide combined protection against gases, organic vapors, and particulate matter. The activated carbon system and dual-filter design ensure high efficiency and low breathing resistance.
","Semimaschera con filtri integrati, progettata per offrire protezione combinata contro gas, vapori organici e particolato. Il sistema con carboni attivi e doppio filtro garantisce elevata efficienza e bassa resistenza respiratoria
","""""","""""",""""""
"products","9b8608fb-9546-4df7-8650-6c0e2428ef5b","bls-8100","short_description_locales","Dual-filter half mask with integrated A1P2 filters","Semimaschera bifiltro con filtri integrati A1P2","""""","""""",""""""
"products","9b8608fb-9546-4df7-8650-6c0e2428ef5b","bls-8100","category_locales","Respiratory Protection","Protezione respiratoria","""""","""""",""""""
"products","9b8608fb-9546-4df7-8650-6c0e2428ef5b","bls-8100","sub_category_locales","Half masks","Half masks","""""","""""",""""""
"products","9b8608fb-9546-4df7-8650-6c0e2428ef5b","bls-8100","features_locales","[""EN405: A1P2 R D"",""Combined gas and particle protection"",""Integrated filters with activated carbon"",""Protective micro-mesh"",""“Ready-to-use” design for zero maintenance"",""Hypoallergenic elastomer"",""Balanced dual-filter system for optimal weight distribution"",""Drop-off system to lower the mask without removing it""]","[""Protezione combinata gas e particelle"",""Filtri integrati con carboni attivi"",""Microrete protettiva"",""Design “ready to use” per zero manutenzione"",""Elastomero ipoallergenico"",""Bifiltro bilanciato per un ottima distribuzione dei pesi"",""Sistema Drop‑off per abbassare la maschera senza toglierla""]","""""","""""",""""""
"products","9b8608fb-9546-4df7-8650-6c0e2428ef5b","bls-8100","applications_locales","[""Painting"",""Maintenance and cleaning with solvents""]","[""Verniciatura"",""Manutenzione e pulizia con solventi""]","""""","""""",""""""
"products","9b8608fb-9546-4df7-8650-6c0e2428ef5b","bls-8100","industries_locales","[""Chemical manufacturing"",""paint/spraying"",""metal working"",""welding"",""pharma""]","[""Produzione chimica"",""verniciatura/spruzzatura"",""lavorazione dei metalli"",""saldatura"",""industria farmaceutica""]","""""","""""",""""""
"products","9b8608fb-9546-4df7-8650-6c0e2428ef5b","bls-8100","tags_locales","[]","[""Semimaschera bifiltro con filtri integrati""]","""""","""""",""""""
"products","9b8608fb-9546-4df7-8650-6c0e2428ef5b","bls-8100","size_locales","Universal","Unica","""""","""""",""""""
"products","9b8608fb-9546-4df7-8650-6c0e2428ef5b","bls-8100","materials_locales","[""Silicone, Polycarbonate (PC), Other""]","[""Silicone, policarbonato (PC), altri""]","""""","""""",""""""
"products","9b8608fb-9546-4df7-8650-6c0e2428ef5b","bls-8100","eye_face_comfort_features_locales","""""","""""","""""","""""",""""""
"products","9b8608fb-9546-4df7-8650-6c0e2428ef5b","bls-8100","eye_face_equipment_locales","""""","""""","""""","""""",""""""
"products","9b8608fb-9546-4df7-8650-6c0e2428ef5b","bls-8100","head_comfort_features_locales","""""","""""","""""","""""",""""""
"products","9b8608fb-9546-4df7-8650-6c0e2428ef5b","bls-8100","head_other_details_locales","""""","""""","""""","""""",""""""
"products","9b8608fb-9546-4df7-8650-6c0e2428ef5b","bls-8100","head_equipment_locales","""""","""""","""""","""""",""""""
"products","9b8608fb-9546-4df7-8650-6c0e2428ef5b","bls-8100","footwear_comfort_features_locales","""""","""""","""""","""""",""""""
"products","9b8608fb-9546-4df7-8650-6c0e2428ef5b","bls-8100","hearing_comfort_features_locales","""""","""""","""""","""""",""""""
"products","9b8608fb-9546-4df7-8650-6c0e2428ef5b","bls-8100","hearing_other_details_locales","""""","""""","""""","""""",""""""
"products","9b8608fb-9546-4df7-8650-6c0e2428ef5b","bls-8100","hearing_equipment_locales","""""","""""","""""","""""",""""""
"products","9b8608fb-9546-4df7-8650-6c0e2428ef5b","bls-8100","respiratory_comfort_features_locales","[]","[]","""""","""""",""""""
"products","9b8608fb-9546-4df7-8650-6c0e2428ef5b","bls-8100","respiratory_other_details_locales","[]","[]","""""","""""",""""""
"products","9b8608fb-9546-4df7-8650-6c0e2428ef5b","bls-8100","respiratory_equipment_locales","[]","[]","""""","""""",""""""
"products","9b8608fb-9546-4df7-8650-6c0e2428ef5b","bls-8100","clothing_comfort_features_locales","""""","""""","""""","""""",""""""
"products","9b8608fb-9546-4df7-8650-6c0e2428ef5b","bls-8100","clothing_other_details_locales","""""","""""","""""","""""",""""""
"products","9b8608fb-9546-4df7-8650-6c0e2428ef5b","bls-8100","footwear_materials_locales","""""","""""","""""","""""",""""""
"products","9b8608fb-9546-4df7-8650-6c0e2428ef5b","bls-8100","footwear_special_features_locales","""""","""""","""""","""""",""""""
"products","9b8608fb-9546-4df7-8650-6c0e2428ef5b","bls-8100","connections_locales","[]","[]","""""","""""",""""""
"products","9b8608fb-9546-4df7-8650-6c0e2428ef5b","bls-8100","compatible_with_locales","[]","[]","""""","""""",""""""
"products","9b8608fb-9546-4df7-8650-6c0e2428ef5b","bls-8100","coatings_locales","""""","""""","""""","""""",""""""
"products","9b8608fb-9546-4df7-8650-6c0e2428ef5b","bls-8100","eye_face_materials_locales","""""","""""","""""","""""",""""""
"products","9b8608fb-9546-4df7-8650-6c0e2428ef5b","bls-8100","head_tech_specs_locales","""""","""""","""""","""""",""""""
"products","9b8608fb-9546-4df7-8650-6c0e2428ef5b","bls-8100","clothing_attributes_locales","""""","""""","""""","""""",""""""
"products","02fc33fd-c712-45f8-9de0-a2ef41b6a522","bls-401","name_locales","BLS 401","BLS 401","""""","""""",""""""
"products","02fc33fd-c712-45f8-9de0-a2ef41b6a522","bls-401","description_locales","Gasses & Vapours filter with universal RD40 connection and activated carbons","Filtro per Gas & Vapori con attacco universale RD40 e carboni attivi","""""","""""",""""""
"products","02fc33fd-c712-45f8-9de0-a2ef41b6a522","bls-401","short_description_locales","Universal RD40 filter","Filtro con aggancio universale RD40","""""","""""",""""""
"products","02fc33fd-c712-45f8-9de0-a2ef41b6a522","bls-401","category_locales","Respiratory protection","Protezione vie respiratorie","""""","""""",""""""
"products","02fc33fd-c712-45f8-9de0-a2ef41b6a522","bls-401","sub_category_locales","Filters, Cartridges and accessories","Filtri, cartucce e accessori","""""","""""",""""""
"products","02fc33fd-c712-45f8-9de0-a2ef41b6a522","bls-401","features_locales","[""Non deformable ABS filter canister allows control over the compression of the activated carbons within"",""Dust filtering efficiency 99.99%""]","[""Il contenitore del filtro in ABS non deformabile permette di controllare la compressione dei carboni attivi al suo interno"",""Efficienza di filtrazione delle polveri 99,99%""]","""""","""""",""""""
"products","02fc33fd-c712-45f8-9de0-a2ef41b6a522","bls-401","applications_locales","[""Application depends on the filter used (gas, vapour, particulate, combined, etc.)""]","[""L’applicazione dipende dal filtro utilizzato (gas, vapori, particolato, combinato, ecc.)""]","""""","""""",""""""
"products","02fc33fd-c712-45f8-9de0-a2ef41b6a522","bls-401","industries_locales","[""Chemical manufacturing"",""paint/spraying"",""metal working"",""welding"",""pharma""]","[""Produzione chimica"",""verniciatura/spruzzatura"",""lavorazione dei metalli"",""saldatura"",""industria farmaceutica""]","""""","""""",""""""
"products","02fc33fd-c712-45f8-9de0-a2ef41b6a522","bls-401","tags_locales","[]","[]","""""","""""",""""""
"products","02fc33fd-c712-45f8-9de0-a2ef41b6a522","bls-401","size_locales","","","""""","""""",""""""
"products","02fc33fd-c712-45f8-9de0-a2ef41b6a522","bls-401","materials_locales","[""ABS"",""Pleated fiber mesh"",""Activated carbons grains""]","[""ABS"",""rete a fibre plissettate"",""granuli di carbone attivo""]","""""","""""",""""""
"products","02fc33fd-c712-45f8-9de0-a2ef41b6a522","bls-401","eye_face_comfort_features_locales","""""","""""","""""","""""",""""""
"products","02fc33fd-c712-45f8-9de0-a2ef41b6a522","bls-401","eye_face_equipment_locales","""""","""""","""""","""""",""""""
"products","02fc33fd-c712-45f8-9de0-a2ef41b6a522","bls-401","head_comfort_features_locales","""""","""""","""""","""""",""""""
"products","02fc33fd-c712-45f8-9de0-a2ef41b6a522","bls-401","head_other_details_locales","""""","""""","""""","""""",""""""
"products","02fc33fd-c712-45f8-9de0-a2ef41b6a522","bls-401","head_equipment_locales","""""","""""","""""","""""",""""""
"products","02fc33fd-c712-45f8-9de0-a2ef41b6a522","bls-401","footwear_comfort_features_locales","""""","""""","""""","""""",""""""
"products","02fc33fd-c712-45f8-9de0-a2ef41b6a522","bls-401","hearing_comfort_features_locales","""""","""""","""""","""""",""""""
"products","02fc33fd-c712-45f8-9de0-a2ef41b6a522","bls-401","hearing_other_details_locales","""""","""""","""""","""""",""""""
"products","02fc33fd-c712-45f8-9de0-a2ef41b6a522","bls-401","hearing_equipment_locales","""""","""""","""""","""""",""""""
"products","02fc33fd-c712-45f8-9de0-a2ef41b6a522","bls-401","respiratory_comfort_features_locales","""""","""""","""""","""""",""""""
"products","02fc33fd-c712-45f8-9de0-a2ef41b6a522","bls-401","respiratory_other_details_locales","""""","""""","""""","""""",""""""
"products","02fc33fd-c712-45f8-9de0-a2ef41b6a522","bls-401","respiratory_equipment_locales","""""","""""","""""","""""",""""""
"products","02fc33fd-c712-45f8-9de0-a2ef41b6a522","bls-401","clothing_comfort_features_locales","""""","""""","""""","""""",""""""
"products","02fc33fd-c712-45f8-9de0-a2ef41b6a522","bls-401","clothing_other_details_locales","""""","""""","""""","""""",""""""
"products","02fc33fd-c712-45f8-9de0-a2ef41b6a522","bls-401","footwear_materials_locales","""""","""""","""""","""""",""""""
"products","02fc33fd-c712-45f8-9de0-a2ef41b6a522","bls-401","footwear_special_features_locales","""""","""""","""""","""""",""""""
"products","02fc33fd-c712-45f8-9de0-a2ef41b6a522","bls-401","connections_locales","[""Universal (RD40)""]","[""Universal (RD40)""]","""""","""""",""""""
"products","02fc33fd-c712-45f8-9de0-a2ef41b6a522","bls-401","compatible_with_locales","[""Half masks"",""Full masks""]","[""Semimaschere"",""Maschere integrali""]","""""","""""",""""""
"products","02fc33fd-c712-45f8-9de0-a2ef41b6a522","bls-401","coatings_locales","""""","""""","""""","""""",""""""
"products","02fc33fd-c712-45f8-9de0-a2ef41b6a522","bls-401","eye_face_materials_locales","""""","""""","""""","""""",""""""
"products","02fc33fd-c712-45f8-9de0-a2ef41b6a522","bls-401","head_tech_specs_locales","""""","""""","""""","""""",""""""
"products","02fc33fd-c712-45f8-9de0-a2ef41b6a522","bls-401","clothing_attributes_locales","""""","""""","""""","""""",""""""
"products","145ab845-f8fb-46c8-8a57-84c0eefdde85","bls-8400next-abek1-p3","name_locales","BLS 8400next ABEK1 P3 ","BLS 8400next ABEK1 P3 ","""""","""""",""""""
"products","145ab845-f8fb-46c8-8a57-84c0eefdde85","bls-8400next-abek1-p3","description_locales","Maintenance-free filtering half mask, designed to provide complete protection against organic, inorganic, acidic gases, ammonia, and high-efficiency particulate matter

","Semimaschera filtrante senza manutenzione, progettata per offrire protezione completa contro gas organici, inorganici, acidi, ammoniaca e particolato ad alta efficienza

","""""","""""",""""""
"products","145ab845-f8fb-46c8-8a57-84c0eefdde85","bls-8400next-abek1-p3","short_description_locales","Half mask with integrated ABEK1 P3 filters","Semimaschera con filtri ABEK1 P3 integrati","""""","""""",""""""
"products","145ab845-f8fb-46c8-8a57-84c0eefdde85","bls-8400next-abek1-p3","category_locales","Respiratory Protection","Protezione respiratoria","""""","""""",""""""
"products","145ab845-f8fb-46c8-8a57-84c0eefdde85","bls-8400next-abek1-p3","sub_category_locales","Half masks","semimaschere facciali","""""","""""",""""""
"products","145ab845-f8fb-46c8-8a57-84c0eefdde85","bls-8400next-abek1-p3","features_locales","[""Integrated filters with activated carbon"",""Protective micro-mesh"",""“Ready-to-use” design for zero maintenance"",""Hypoallergenic elastomer"",""Balanced dual-filter system for optimal weight distribution"",""Drop-off system to lower the mask without removing it"",""Integrated combined filters"",""Presence of activated carbon"",""Advanced P3 filtration"",""EN405:ABEK1 + P3""]","[""Filtri combinati integrati"",""Presenza di carboni attivi"",""Filtrazione P3 avanzata"",""Elastomero ipoallergenico"",""Bifiltro bilanciato per un ottima distribuzione dei pesi"",""Sistema Drop‑off per abbassare la maschera senza toglierla""]","""""","""""",""""""
"products","145ab845-f8fb-46c8-8a57-84c0eefdde85","bls-8400next-abek1-p3","applications_locales","[""Painting"",""Maintenance and cleaning with solvents"",""Agriculture with pesticides""]","[""Verniciatura"",""Manutenzione e pulizia con solventi"",""Agricoltura con pesticidi""]","""""","""""",""""""
"products","145ab845-f8fb-46c8-8a57-84c0eefdde85","bls-8400next-abek1-p3","industries_locales","[""Chemical manufacturing"",""paint/spraying"",""metal working"",""welding"",""pharma""]","[""Produzione chimica"",""verniciatura/spruzzatura"",""lavorazione dei metalli"",""saldatura"",""industria farmaceutica""]","""""","""""",""""""
"products","145ab845-f8fb-46c8-8a57-84c0eefdde85","bls-8400next-abek1-p3","tags_locales","[]","[""Semimaschera bifiltro con filtri integrati""]","""""","""""",""""""
"products","145ab845-f8fb-46c8-8a57-84c0eefdde85","bls-8400next-abek1-p3","size_locales","Unica","Unica","""""","""""",""""""
"products","145ab845-f8fb-46c8-8a57-84c0eefdde85","bls-8400next-abek1-p3","materials_locales","[""Silicone, Polycarbonate (PC), Other""]","[""Silicone, policarbonato (PC), altri""]","""""","""""",""""""
"products","145ab845-f8fb-46c8-8a57-84c0eefdde85","bls-8400next-abek1-p3","eye_face_comfort_features_locales","""""","""""","""""","""""",""""""
"products","145ab845-f8fb-46c8-8a57-84c0eefdde85","bls-8400next-abek1-p3","eye_face_equipment_locales","""""","""""","""""","""""",""""""
"products","145ab845-f8fb-46c8-8a57-84c0eefdde85","bls-8400next-abek1-p3","head_comfort_features_locales","""""","""""","""""","""""",""""""
"products","145ab845-f8fb-46c8-8a57-84c0eefdde85","bls-8400next-abek1-p3","head_other_details_locales","""""","""""","""""","""""",""""""
"products","145ab845-f8fb-46c8-8a57-84c0eefdde85","bls-8400next-abek1-p3","head_equipment_locales","""""","""""","""""","""""",""""""
"products","145ab845-f8fb-46c8-8a57-84c0eefdde85","bls-8400next-abek1-p3","footwear_comfort_features_locales","""""","""""","""""","""""",""""""
"products","145ab845-f8fb-46c8-8a57-84c0eefdde85","bls-8400next-abek1-p3","hearing_comfort_features_locales","""""","""""","""""","""""",""""""
"products","145ab845-f8fb-46c8-8a57-84c0eefdde85","bls-8400next-abek1-p3","hearing_other_details_locales","""""","""""","""""","""""",""""""
"products","145ab845-f8fb-46c8-8a57-84c0eefdde85","bls-8400next-abek1-p3","hearing_equipment_locales","""""","""""","""""","""""",""""""
"products","145ab845-f8fb-46c8-8a57-84c0eefdde85","bls-8400next-abek1-p3","respiratory_comfort_features_locales","[]","[]","""""","""""",""""""
"products","145ab845-f8fb-46c8-8a57-84c0eefdde85","bls-8400next-abek1-p3","respiratory_other_details_locales","[]","[]","""""","""""",""""""
"products","145ab845-f8fb-46c8-8a57-84c0eefdde85","bls-8400next-abek1-p3","respiratory_equipment_locales","[]","[]","""""","""""",""""""
"products","145ab845-f8fb-46c8-8a57-84c0eefdde85","bls-8400next-abek1-p3","clothing_comfort_features_locales","""""","""""","""""","""""",""""""
"products","145ab845-f8fb-46c8-8a57-84c0eefdde85","bls-8400next-abek1-p3","clothing_other_details_locales","""""","""""","""""","""""",""""""
"products","145ab845-f8fb-46c8-8a57-84c0eefdde85","bls-8400next-abek1-p3","footwear_materials_locales","""""","""""","""""","""""",""""""
"products","145ab845-f8fb-46c8-8a57-84c0eefdde85","bls-8400next-abek1-p3","footwear_special_features_locales","""""","""""","""""","""""",""""""
"products","145ab845-f8fb-46c8-8a57-84c0eefdde85","bls-8400next-abek1-p3","connections_locales","[]","[]","""""","""""",""""""
"products","145ab845-f8fb-46c8-8a57-84c0eefdde85","bls-8400next-abek1-p3","compatible_with_locales","[]","[]","""""","""""",""""""
"products","145ab845-f8fb-46c8-8a57-84c0eefdde85","bls-8400next-abek1-p3","coatings_locales","""""","""""","""""","""""",""""""
"products","145ab845-f8fb-46c8-8a57-84c0eefdde85","bls-8400next-abek1-p3","eye_face_materials_locales","""""","""""","""""","""""",""""""
"products","145ab845-f8fb-46c8-8a57-84c0eefdde85","bls-8400next-abek1-p3","head_tech_specs_locales","""""","""""","""""","""""",""""""
"products","145ab845-f8fb-46c8-8a57-84c0eefdde85","bls-8400next-abek1-p3","clothing_attributes_locales","""""","""""","""""","""""",""""""
"products","dce44783-0074-453a-bac5-1ffb0b2fe902","bls-4500","name_locales","BLS 4500 "," BLS 4500 ","""""","""""",""""""
"products","dce44783-0074-453a-bac5-1ffb0b2fe902","bls-4500","description_locales","Reusable half mask designed to provide professional protection in high-risk environments. Equipped with a B‑Lock bayonet connection, it is compatible with a wide range of BLS filters (dust, gas, and combined), allowing a customized configuration based on the risk.
","Semimaschera riutilizzabile progettata per offrire protezione professionale in ambienti a rischio. Dotata di attacco a baionetta B‑Lock, è compatibile con un’ampia gamma di filtri BLS (polveri, gas e combinati), permettendo una configurazione personalizzata in base al rischio.
","""""","""""",""""""
"products","dce44783-0074-453a-bac5-1ffb0b2fe902","bls-4500","short_description_locales","Reusable silicone half mask","Semimaschera riutilizzabile in silicone","""""","""""",""""""
"products","dce44783-0074-453a-bac5-1ffb0b2fe902","bls-4500","category_locales","Respiratory Protection","Protezione respiratoria","""""","""""",""""""
"products","dce44783-0074-453a-bac5-1ffb0b2fe902","bls-4500","sub_category_locales","Half masks","semimaschere facciali","""""","""""",""""""
"products","dce44783-0074-453a-bac5-1ffb0b2fe902","bls-4500","features_locales","[""Excellent fit"",""Quick filter removal"",""Advanced P3 filtration"",""Hypoallergenic elastomer"",""Balanced dual-filter system for optimal weight distribution"",""Drop-off system to lower the mask without removing it"",""Compatible with eyewear""]","[""Ottima aderenza"",""Smontaggio rapido dei filtri"",""Bardatura regolabile"",""Elastomero ipoallergenico"",""Bifiltro bilanciato per un ottima distribuzione dei pesi"",""Sistema Drop‑off per abbassare la maschera senza toglierla""]","""""","""""",""""""
"products","dce44783-0074-453a-bac5-1ffb0b2fe902","bls-4500","applications_locales","[""Painting"",""Maintenance and cleaning with solvents"",""Agriculture with pesticides""]","[""Verniciatura"",""Manutenzione e pulizia con solventi"",""Agricoltura con pesticidi"",""Protezione da fumi di saldatura""]","""""","""""",""""""
"products","dce44783-0074-453a-bac5-1ffb0b2fe902","bls-4500","industries_locales","[""Chemical manufacturing"",""paint/spraying"",""metal working"",""welding"",""pharma""]","[""Produzione chimica"",""verniciatura/spruzzatura"",""lavorazione dei metalli"",""saldatura"",""industria farmaceutica""]","""""","""""",""""""
"products","dce44783-0074-453a-bac5-1ffb0b2fe902","bls-4500","tags_locales","[""Reusable half mask with replaceable filters""]","[""Semimaschera riutilizzabile con filtri intercambiabili""]","""""","""""",""""""
"products","dce44783-0074-453a-bac5-1ffb0b2fe902","bls-4500","size_locales","Unica","","""""","""""",""""""
"products","dce44783-0074-453a-bac5-1ffb0b2fe902","bls-4500","materials_locales","[""Polycarbonate (PC)"",""Silicone"",""Other""]","[""Silicone"",""policarbonato (PC)"",""altri""]","""""","""""",""""""
"products","dce44783-0074-453a-bac5-1ffb0b2fe902","bls-4500","eye_face_comfort_features_locales","""""","""""","""""","""""",""""""
"products","dce44783-0074-453a-bac5-1ffb0b2fe902","bls-4500","eye_face_equipment_locales","""""","""""","""""","""""",""""""
"products","dce44783-0074-453a-bac5-1ffb0b2fe902","bls-4500","head_comfort_features_locales","""""","""""","""""","""""",""""""
"products","dce44783-0074-453a-bac5-1ffb0b2fe902","bls-4500","head_other_details_locales","""""","""""","""""","""""",""""""
"products","dce44783-0074-453a-bac5-1ffb0b2fe902","bls-4500","head_equipment_locales","""""","""""","""""","""""",""""""
"products","dce44783-0074-453a-bac5-1ffb0b2fe902","bls-4500","footwear_comfort_features_locales","""""","""""","""""","""""",""""""
"products","dce44783-0074-453a-bac5-1ffb0b2fe902","bls-4500","hearing_comfort_features_locales","""""","""""","""""","""""",""""""
"products","dce44783-0074-453a-bac5-1ffb0b2fe902","bls-4500","hearing_other_details_locales","""""","""""","""""","""""",""""""
"products","dce44783-0074-453a-bac5-1ffb0b2fe902","bls-4500","hearing_equipment_locales","""""","""""","""""","""""",""""""
"products","dce44783-0074-453a-bac5-1ffb0b2fe902","bls-4500","respiratory_comfort_features_locales","[]","[]","""""","""""",""""""
"products","dce44783-0074-453a-bac5-1ffb0b2fe902","bls-4500","respiratory_other_details_locales","[]","[]","""""","""""",""""""
"products","dce44783-0074-453a-bac5-1ffb0b2fe902","bls-4500","respiratory_equipment_locales","[]","[]","""""","""""",""""""
"products","dce44783-0074-453a-bac5-1ffb0b2fe902","bls-4500","clothing_comfort_features_locales","""""","""""","""""","""""",""""""
"products","dce44783-0074-453a-bac5-1ffb0b2fe902","bls-4500","clothing_other_details_locales","""""","""""","""""","""""",""""""
"products","dce44783-0074-453a-bac5-1ffb0b2fe902","bls-4500","footwear_materials_locales","""""","""""","""""","""""",""""""
"products","dce44783-0074-453a-bac5-1ffb0b2fe902","bls-4500","footwear_special_features_locales","""""","""""","""""","""""",""""""
"products","dce44783-0074-453a-bac5-1ffb0b2fe902","bls-4500","connections_locales","[]","[]","""""","""""",""""""
"products","dce44783-0074-453a-bac5-1ffb0b2fe902","bls-4500","compatible_with_locales","[]","[]","""""","""""",""""""
"products","dce44783-0074-453a-bac5-1ffb0b2fe902","bls-4500","coatings_locales","""""","""""","""""","""""",""""""
"products","dce44783-0074-453a-bac5-1ffb0b2fe902","bls-4500","eye_face_materials_locales","""""","""""","""""","""""",""""""
"products","dce44783-0074-453a-bac5-1ffb0b2fe902","bls-4500","head_tech_specs_locales","""""","""""","""""","""""",""""""
"products","dce44783-0074-453a-bac5-1ffb0b2fe902","bls-4500","clothing_attributes_locales","""""","""""","""""","""""",""""""
"products","642f4370-35d8-4ac7-83c6-a1bb71463d19","152-12-juta","name_locales","152/12 JUTA","152/12 JUTA","""""","""""",""""""
"products","642f4370-35d8-4ac7-83c6-a1bb71463d19","152-12-juta","description_locales","High-grip cotton & jute thermal glove, ideal for handling hot molds up to 350°C in glass, steel & plastic foundries. 
12 oz cotton with double-knit palm brushed inside/outside and jute insert for increased contact-heat resistance. 15 cm adjustable cuff.","""Guanto termico in cotone e Juta ad alta presa – Ideale per la movimentazione degli stampi caldi fino a 350°C nell'industria del vetro, dell'acciaio e nelle fusioni della plastica. 
Guanto in cotone 12 oz con palmo doppio garzato interno/esterno e inserto in juta per elevata tenuta alla temperatura da contatto. 
Manichetta da 15cm (adattabile).""","""""","""""",""""""
"products","642f4370-35d8-4ac7-83c6-a1bb71463d19","152-12-juta","short_description_locales","12 oz cotton glove with double-layer palm and jute insert","Guanto in cotone 12 oz con palmo doppio e inserto in juta.","""""","""""",""""""
"products","642f4370-35d8-4ac7-83c6-a1bb71463d19","152-12-juta","category_locales","Hand protection","Protezione delle mani","""""","""""",""""""
"products","642f4370-35d8-4ac7-83c6-a1bb71463d19","152-12-juta","sub_category_locales","Heat resistant gloves","Guanti anticalore","""""","""""",""""""
"products","642f4370-35d8-4ac7-83c6-a1bb71463d19","152-12-juta","features_locales","[""Jute layer raised contact heat temperature protection over 350°C retaining high manoeuvrability and comfort"",""Great protection in high temperature environment, against contact, radiant and convective heat"",""Reinforced leather seams between palm & thumb"",""Excellent tear resistance""]","[""Strato in juta aggiuntivo che garantisce protezione termica da contatto oltre i 350 °C mantenendo elevata manovrabilità e comfort"",""Ottima protezione in ambienti ad alta temperatura, contro calore da contatto, radiante e convettivo"",""Cuciture rinforzate in pelle tra palmo e pollice"",""Resistenza alle sollecitazioni meccaniche""]","""""","""""",""""""
"products","642f4370-35d8-4ac7-83c6-a1bb71463d19","152-12-juta","applications_locales","[""Glass industry: handling hot objects up to 350 °C"",""Glassworks, mold shops & hot-plastic operations"",""Ceramic processing""]","[""Industria del vetro: manipolazione oggetti caldi fino a 350°C"",""Vetrerie, stamperie e operazioni con materiale plastico a caldo"",""Lavorazioni ceramiche""]","""""","""""",""""""
"products","642f4370-35d8-4ac7-83c6-a1bb71463d19","152-12-juta","industries_locales","[""Glassworks"",""Plastics"",""Ceramics""]","[""Vetreria"",""Plastica"",""Ceramica""]","""""","""""",""""""
"products","642f4370-35d8-4ac7-83c6-a1bb71463d19","152-12-juta","tags_locales","[""Heat-resistant"",""350 °C"",""dexterity""]","[""anticalore"",""350C"",""destrezza""]","""""","""""",""""""
"products","642f4370-35d8-4ac7-83c6-a1bb71463d19","152-12-juta","size_locales","One size","Unica","""""","""""",""""""
"products","642f4370-35d8-4ac7-83c6-a1bb71463d19","152-12-juta","materials_locales","[""cotton"",""jute""]","[""cotone"",""juta""]","""""","""""",""""""
"products","642f4370-35d8-4ac7-83c6-a1bb71463d19","152-12-juta","eye_face_comfort_features_locales","""""","""""","""""","""""",""""""
"products","642f4370-35d8-4ac7-83c6-a1bb71463d19","152-12-juta","eye_face_equipment_locales","""""","""""","""""","""""",""""""
"products","642f4370-35d8-4ac7-83c6-a1bb71463d19","152-12-juta","head_comfort_features_locales","""""","""""","""""","""""",""""""
"products","642f4370-35d8-4ac7-83c6-a1bb71463d19","152-12-juta","head_other_details_locales","""""","""""","""""","""""",""""""
"products","642f4370-35d8-4ac7-83c6-a1bb71463d19","152-12-juta","head_equipment_locales","""""","""""","""""","""""",""""""
"products","642f4370-35d8-4ac7-83c6-a1bb71463d19","152-12-juta","footwear_comfort_features_locales","""""","""""","""""","""""",""""""
"products","642f4370-35d8-4ac7-83c6-a1bb71463d19","152-12-juta","hearing_comfort_features_locales","""""","""""","""""","""""",""""""
"products","642f4370-35d8-4ac7-83c6-a1bb71463d19","152-12-juta","hearing_other_details_locales","""""","""""","""""","""""",""""""
"products","642f4370-35d8-4ac7-83c6-a1bb71463d19","152-12-juta","hearing_equipment_locales","""""","""""","""""","""""",""""""
"products","642f4370-35d8-4ac7-83c6-a1bb71463d19","152-12-juta","respiratory_comfort_features_locales","""""","""""","""""","""""",""""""
"products","642f4370-35d8-4ac7-83c6-a1bb71463d19","152-12-juta","respiratory_other_details_locales","""""","""""","""""","""""",""""""
"products","642f4370-35d8-4ac7-83c6-a1bb71463d19","152-12-juta","respiratory_equipment_locales","""""","""""","""""","""""",""""""
"products","642f4370-35d8-4ac7-83c6-a1bb71463d19","152-12-juta","clothing_comfort_features_locales","""""","""""","""""","""""",""""""
"products","642f4370-35d8-4ac7-83c6-a1bb71463d19","152-12-juta","clothing_other_details_locales","""""","""""","""""","""""",""""""
"products","642f4370-35d8-4ac7-83c6-a1bb71463d19","152-12-juta","footwear_materials_locales","""""","""""","""""","""""",""""""
"products","642f4370-35d8-4ac7-83c6-a1bb71463d19","152-12-juta","footwear_special_features_locales","""""","""""","""""","""""",""""""
"products","642f4370-35d8-4ac7-83c6-a1bb71463d19","152-12-juta","connections_locales","""""","""""","""""","""""",""""""
"products","642f4370-35d8-4ac7-83c6-a1bb71463d19","152-12-juta","compatible_with_locales","""""","""""","""""","""""",""""""
"products","642f4370-35d8-4ac7-83c6-a1bb71463d19","152-12-juta","coatings_locales","""""","""""","""""","""""",""""""
"products","642f4370-35d8-4ac7-83c6-a1bb71463d19","152-12-juta","eye_face_materials_locales","""""","""""","""""","""""",""""""
"products","642f4370-35d8-4ac7-83c6-a1bb71463d19","152-12-juta","head_tech_specs_locales","""""","""""","""""","""""",""""""
"products","642f4370-35d8-4ac7-83c6-a1bb71463d19","152-12-juta","clothing_attributes_locales","""""","""""","""""","""""",""""""
"products","cb04fa6c-500d-4d38-aa68-beb1b11f7788","bls-4400-abek1-p3","name_locales","BLS 4400 ABEK1 P3","BLS 4400 ABEK1 P3","""""","""""",""""""
"products","cb04fa6c-500d-4d38-aa68-beb1b11f7788","bls-4400-abek1-p3","description_locales","Reusable half mask certified to EN 140, supplied as a ready-to-use kit with combined ABEK1P3 filters. Thanks to the B‑Lock bayonet system, the filters can be replaced quickly.
","Semimaschera riutilizzabile certificata EN 140, fornita in kit pronto all’uso con filtri combinati ABEK1P3. Grazie al sistema a baionetta B‑Lock è possibile sostituire rapidamente i filtri
","""""","""""",""""""
"products","cb04fa6c-500d-4d38-aa68-beb1b11f7788","bls-4400-abek1-p3","short_description_locales","Reusable half mask with ABEK1 P3 filters","Semimaschera riutilizzabile con ki filtri ABEK1 P3 ","""""","""""",""""""
"products","cb04fa6c-500d-4d38-aa68-beb1b11f7788","bls-4400-abek1-p3","category_locales","Respiratory Protection","Protezione respiratoria","""""","""""",""""""
"products","cb04fa6c-500d-4d38-aa68-beb1b11f7788","bls-4400-abek1-p3","sub_category_locales","Half masks","semimaschere facciali","""""","""""",""""""
"products","cb04fa6c-500d-4d38-aa68-beb1b11f7788","bls-4400-abek1-p3","features_locales","[""Excellent fit"",""Quick filter removal"",""Advanced P3 filtration"",""Hypoallergenic elastomer"",""Balanced dual-filter system for optimal weight distribution"",""Drop-off system to lower the mask without removing it"",""Compatible with eyewear"",""EN405: ABEK1 + P3""]","[""Ottima aderenza"",""Smontaggio rapido dei filtri"",""Filtrazione P3 avanzata"",""Elastomero ipoallergenico"",""Bifiltro bilanciato per un ottima distribuzione dei pesi"",""Sistema Drop‑off per abbassare la maschera senza toglierla"",""Compatibile con occhiali""]","""""","""""",""""""
"products","cb04fa6c-500d-4d38-aa68-beb1b11f7788","bls-4400-abek1-p3","applications_locales","[""Painting"",""Maintenance and cleaning with solvents"",""Agriculture with pesticides""]","[""Verniciatura"",""Manutenzione e pulizia con solventi"",""Agricoltura con pesticidi""]","""""","""""",""""""
"products","cb04fa6c-500d-4d38-aa68-beb1b11f7788","bls-4400-abek1-p3","industries_locales","[""Chemical manufacturing"",""paint/spraying"",""metal working"",""welding"",""pharma""]","[""Produzione chimica"",""verniciatura/spruzzatura"",""lavorazione dei metalli"",""saldatura"",""industria farmaceutica""]","""""","""""",""""""
"products","cb04fa6c-500d-4d38-aa68-beb1b11f7788","bls-4400-abek1-p3","tags_locales","[""Reusable half mask with replaceable filters""]","[""Semimaschera riutilizzabile con filtri intercambiabili""]","""""","""""",""""""
"products","cb04fa6c-500d-4d38-aa68-beb1b11f7788","bls-4400-abek1-p3","size_locales","Unica","","""""","""""",""""""
"products","cb04fa6c-500d-4d38-aa68-beb1b11f7788","bls-4400-abek1-p3","materials_locales","[""Silicone"",""Polycarbonate (PC)"",""Other""]","[""Silicone"",""policarbonato (PC)"",""altri""]","""""","""""",""""""
"products","cb04fa6c-500d-4d38-aa68-beb1b11f7788","bls-4400-abek1-p3","eye_face_comfort_features_locales","""""","""""","""""","""""",""""""
"products","cb04fa6c-500d-4d38-aa68-beb1b11f7788","bls-4400-abek1-p3","eye_face_equipment_locales","""""","""""","""""","""""",""""""
"products","cb04fa6c-500d-4d38-aa68-beb1b11f7788","bls-4400-abek1-p3","head_comfort_features_locales","""""","""""","""""","""""",""""""
"products","cb04fa6c-500d-4d38-aa68-beb1b11f7788","bls-4400-abek1-p3","head_other_details_locales","""""","""""","""""","""""",""""""
"products","cb04fa6c-500d-4d38-aa68-beb1b11f7788","bls-4400-abek1-p3","head_equipment_locales","""""","""""","""""","""""",""""""
"products","cb04fa6c-500d-4d38-aa68-beb1b11f7788","bls-4400-abek1-p3","footwear_comfort_features_locales","""""","""""","""""","""""",""""""
"products","cb04fa6c-500d-4d38-aa68-beb1b11f7788","bls-4400-abek1-p3","hearing_comfort_features_locales","""""","""""","""""","""""",""""""
"products","cb04fa6c-500d-4d38-aa68-beb1b11f7788","bls-4400-abek1-p3","hearing_other_details_locales","""""","""""","""""","""""",""""""
"products","cb04fa6c-500d-4d38-aa68-beb1b11f7788","bls-4400-abek1-p3","hearing_equipment_locales","""""","""""","""""","""""",""""""
"products","cb04fa6c-500d-4d38-aa68-beb1b11f7788","bls-4400-abek1-p3","respiratory_comfort_features_locales","[]","[]","""""","""""",""""""
"products","cb04fa6c-500d-4d38-aa68-beb1b11f7788","bls-4400-abek1-p3","respiratory_other_details_locales","[]","[]","""""","""""",""""""
"products","cb04fa6c-500d-4d38-aa68-beb1b11f7788","bls-4400-abek1-p3","respiratory_equipment_locales","[]","[]","""""","""""",""""""
"products","cb04fa6c-500d-4d38-aa68-beb1b11f7788","bls-4400-abek1-p3","clothing_comfort_features_locales","""""","""""","""""","""""",""""""
"products","cb04fa6c-500d-4d38-aa68-beb1b11f7788","bls-4400-abek1-p3","clothing_other_details_locales","""""","""""","""""","""""",""""""
"products","cb04fa6c-500d-4d38-aa68-beb1b11f7788","bls-4400-abek1-p3","footwear_materials_locales","""""","""""","""""","""""",""""""
"products","cb04fa6c-500d-4d38-aa68-beb1b11f7788","bls-4400-abek1-p3","footwear_special_features_locales","""""","""""","""""","""""",""""""
"products","cb04fa6c-500d-4d38-aa68-beb1b11f7788","bls-4400-abek1-p3","connections_locales","[]","[]","""""","""""",""""""
"products","cb04fa6c-500d-4d38-aa68-beb1b11f7788","bls-4400-abek1-p3","compatible_with_locales","[]","[]","""""","""""",""""""
"products","cb04fa6c-500d-4d38-aa68-beb1b11f7788","bls-4400-abek1-p3","coatings_locales","""""","""""","""""","""""",""""""
"products","cb04fa6c-500d-4d38-aa68-beb1b11f7788","bls-4400-abek1-p3","eye_face_materials_locales","""""","""""","""""","""""",""""""
"products","cb04fa6c-500d-4d38-aa68-beb1b11f7788","bls-4400-abek1-p3","head_tech_specs_locales","""""","""""","""""","""""",""""""
"products","cb04fa6c-500d-4d38-aa68-beb1b11f7788","bls-4400-abek1-p3","clothing_attributes_locales","""""","""""","""""","""""",""""""
"products","61b81f45-e355-4a17-b9ec-f40452d94aaa","cleanspace-work","name_locales","CLEANSPACE WORK","CLEANSPACE WORK","""""","""""",""""""
"products","61b81f45-e355-4a17-b9ec-f40452d94aaa","cleanspace-work","description_locales","Ultralight respirator with TM3 P3 filtration, suitable for protection against dust and airborne particulate matter
","Respiratore ultraleggero con filtrazione TM3 P3, adatta per la protezione da polveri e particolato aerodisperso
","""""","""""",""""""
"products","61b81f45-e355-4a17-b9ec-f40452d94aaa","cleanspace-work","short_description_locales","Ultralight respirator","Respiratore ultraleggero","""""","""""",""""""
"products","61b81f45-e355-4a17-b9ec-f40452d94aaa","cleanspace-work","category_locales","Respiratory Protection","Protezione respiratoria","""""","""""",""""""
"products","61b81f45-e355-4a17-b9ec-f40452d94aaa","cleanspace-work","sub_category_locales","","Maschere integrali","""""","""""",""""""
"products","61b81f45-e355-4a17-b9ec-f40452d94aaa","cleanspace-work","features_locales","[""Maintains positive pressure inside the mask"",""Reduces the risk of contaminant ingress even in the event of small leaks"",""Filters with efficiency up to 99.97%"",""Audible alarms to indicate low battery and airflow issues"",""Automatically adjusts airflow based on breathing"",""Ensures consistent protection and comfort, preventing under-protection"",""Very lightweight (approx. <350 g)"",""Reduces fatigue during prolonged use""]","[""Mantiene una pressione positiva nella maschera"",""Riduce il rischio di ingresso di contaminanti anche in caso di piccole perdite"",""Filtri con efficienza fino al 99,97%"",""Regola automaticamente il flusso d’aria in base alla respirazione"",""Garantisce protezione costante e comfort, evitando sottoprotezione"",""Peso molto ridotto (circa <350 g)"",""Riduce affaticamento durante l’uso prolungato""]","""""","""""",""""""
"products","61b81f45-e355-4a17-b9ec-f40452d94aaa","cleanspace-work","applications_locales","[""Construction and cement processing"",""Wood processing"",""Maintenance and industrial cleaning"",""Agriculture""]","[""Edilizia e lavorazione cemento"",""Lavorazione del legno"",""Manutenzione e pulizie industriali"",""Agricoltura""]","""""","""""",""""""
"products","61b81f45-e355-4a17-b9ec-f40452d94aaa","cleanspace-work","industries_locales","[""Chemical manufacturing"",""paint/spraying"",""metal working"",""welding"",""pharma""]","[""Produzione chimica"",""verniciatura/spruzzatura"",""lavorazione dei metalli"",""saldatura"",""industria farmaceutica""]","""""","""""",""""""
"products","61b81f45-e355-4a17-b9ec-f40452d94aaa","cleanspace-work","tags_locales","[""full-face mask"",""B-Lock""]","[""maschera intera facciale"",""B-lock""]","""""","""""",""""""
"products","61b81f45-e355-4a17-b9ec-f40452d94aaa","cleanspace-work","size_locales","Unica","","""""","""""",""""""
"products","61b81f45-e355-4a17-b9ec-f40452d94aaa","cleanspace-work","materials_locales","[""Silicone"",""Polycarbonate (PC)"",""Other""]","[""Silicone"",""policarbonato (PC)"",""altri""]","""""","""""",""""""
"products","61b81f45-e355-4a17-b9ec-f40452d94aaa","cleanspace-work","eye_face_comfort_features_locales","""""","""""","""""","""""",""""""
"products","61b81f45-e355-4a17-b9ec-f40452d94aaa","cleanspace-work","eye_face_equipment_locales","""""","""""","""""","""""",""""""
"products","61b81f45-e355-4a17-b9ec-f40452d94aaa","cleanspace-work","head_comfort_features_locales","""""","""""","""""","""""",""""""
"products","61b81f45-e355-4a17-b9ec-f40452d94aaa","cleanspace-work","head_other_details_locales","""""","""""","""""","""""",""""""
"products","61b81f45-e355-4a17-b9ec-f40452d94aaa","cleanspace-work","head_equipment_locales","""""","""""","""""","""""",""""""
"products","61b81f45-e355-4a17-b9ec-f40452d94aaa","cleanspace-work","footwear_comfort_features_locales","""""","""""","""""","""""",""""""
"products","61b81f45-e355-4a17-b9ec-f40452d94aaa","cleanspace-work","hearing_comfort_features_locales","""""","""""","""""","""""",""""""
"products","61b81f45-e355-4a17-b9ec-f40452d94aaa","cleanspace-work","hearing_other_details_locales","""""","""""","""""","""""",""""""
"products","61b81f45-e355-4a17-b9ec-f40452d94aaa","cleanspace-work","hearing_equipment_locales","""""","""""","""""","""""",""""""
"products","61b81f45-e355-4a17-b9ec-f40452d94aaa","cleanspace-work","respiratory_comfort_features_locales","[]","[]","""""","""""",""""""
"products","61b81f45-e355-4a17-b9ec-f40452d94aaa","cleanspace-work","respiratory_other_details_locales","[]","[]","""""","""""",""""""
"products","61b81f45-e355-4a17-b9ec-f40452d94aaa","cleanspace-work","respiratory_equipment_locales","[]","[]","""""","""""",""""""
"products","61b81f45-e355-4a17-b9ec-f40452d94aaa","cleanspace-work","clothing_comfort_features_locales","""""","""""","""""","""""",""""""
"products","61b81f45-e355-4a17-b9ec-f40452d94aaa","cleanspace-work","clothing_other_details_locales","""""","""""","""""","""""",""""""
"products","61b81f45-e355-4a17-b9ec-f40452d94aaa","cleanspace-work","footwear_materials_locales","{""sole"":"""",""upper"":"""",""insole"":"""",""lining"":"""",""toe_cap"":""""}","{""sole"":"""",""upper"":"""",""insole"":"""",""lining"":"""",""toe_cap"":""""}","""""","""""",""""""
"products","61b81f45-e355-4a17-b9ec-f40452d94aaa","cleanspace-work","footwear_special_features_locales","""""","""""","""""","""""",""""""
"products","61b81f45-e355-4a17-b9ec-f40452d94aaa","cleanspace-work","connections_locales","[]","[]","""""","""""",""""""
"products","61b81f45-e355-4a17-b9ec-f40452d94aaa","cleanspace-work","compatible_with_locales","[]","[]","""""","""""",""""""
"products","61b81f45-e355-4a17-b9ec-f40452d94aaa","cleanspace-work","coatings_locales","""""","""""","""""","""""",""""""
"products","61b81f45-e355-4a17-b9ec-f40452d94aaa","cleanspace-work","eye_face_materials_locales","""""","""""","""""","""""",""""""
"products","61b81f45-e355-4a17-b9ec-f40452d94aaa","cleanspace-work","head_tech_specs_locales","{""colours"":[],""brim_length"":"""",""form_factor"":"""",""additional_features"":[]}","{""colours"":[],""brim_length"":"""",""form_factor"":"""",""additional_features"":[]}","""""","""""",""""""
"products","61b81f45-e355-4a17-b9ec-f40452d94aaa","cleanspace-work","clothing_attributes_locales","""""","""""","""""","""""",""""""
"products","3b34ffb8-00ce-4099-a1d1-6ba834c82401","152-12sgml","name_locales","152/12SGML","152/12SGML","""""","""""",""""""
"products","3b34ffb8-00ce-4099-a1d1-6ba834c82401","152-12sgml","description_locales","Five-finger 100% cotton 12 oz glove with double-knit palm brushed inside/outside, double jersey back and with full knuckle guard.
15 cm adjustable cuff.","""Guanto a cinque dita in 100% cotone 12 oz con palmo doppio garzato interno/esterno, dorso jersey doppio con paranocche.
Manichetta da 15cm (adattabile).""","""""","""""",""""""
"products","3b34ffb8-00ce-4099-a1d1-6ba834c82401","152-12sgml","short_description_locales","Heat-resistant glove (250 °C) in 12 oz cotton, double knit inside/outside, double-jersey cotton back and full knuckle guard","Guanto anticalore (250C) in cotone 12 oz, doppio garzato interno/esterno, doppio tessuto in jersey di cotone sul dorso e paranocche","""""","""""",""""""
"products","3b34ffb8-00ce-4099-a1d1-6ba834c82401","152-12sgml","category_locales","Hand protection","Protezione delle mani","""""","""""",""""""
"products","3b34ffb8-00ce-4099-a1d1-6ba834c82401","152-12sgml","sub_category_locales","Heat resistant gloves","Guanti anticalore","""""","""""",""""""
"products","3b34ffb8-00ce-4099-a1d1-6ba834c82401","152-12sgml","features_locales","[""Great protection in high temperature environment, against contact, radiant and convective heat"",""Excellent convective-heat resistance"",""Excellent tear resistance"",""Reinforced leather seams between palm & thumb""]","[""Buona resistenza al calore da contatto"",""Ottima resistenza al calore convettivo"",""Eccellente resistenza allo strappo"",""Salva cuciture in pelle tra palmo e pollice""]","""""","""""",""""""
"products","3b34ffb8-00ce-4099-a1d1-6ba834c82401","152-12sgml","applications_locales","[""Handling parts up to 250 °C"",""Glassworks, steelworks & hot-plastic molding"",""Glass blowing""]","[""Manipolazione pezzi fino a 250°C"",""Vetrerie, stamperie, acciaierie e stampaggio materiale plastico a caldo"",""Soffiatura vetro""]","""""","""""",""""""
"products","3b34ffb8-00ce-4099-a1d1-6ba834c82401","152-12sgml","industries_locales","[""Glassworks"",""Industrial maintenance"",""Aerospace""]","[""Vetreria"",""Manutenzione industriale"",""Aerospaziale""]","""""","""""",""""""
"products","3b34ffb8-00ce-4099-a1d1-6ba834c82401","152-12sgml","tags_locales","[""Heat-resistant"",""250 °C"",""back-of-hand protection""]","[""anticalore"",""250C"",""protezione dorso mano""]","""""","""""",""""""
"products","3b34ffb8-00ce-4099-a1d1-6ba834c82401","152-12sgml","size_locales","One size","Unica","""""","""""",""""""
"products","3b34ffb8-00ce-4099-a1d1-6ba834c82401","152-12sgml","materials_locales","[""cotton""]","[""cotone""]","""""","""""",""""""
"products","3b34ffb8-00ce-4099-a1d1-6ba834c82401","152-12sgml","eye_face_comfort_features_locales","""""","""""","""""","""""",""""""
"products","3b34ffb8-00ce-4099-a1d1-6ba834c82401","152-12sgml","eye_face_equipment_locales","""""","""""","""""","""""",""""""
"products","3b34ffb8-00ce-4099-a1d1-6ba834c82401","152-12sgml","head_comfort_features_locales","""""","""""","""""","""""",""""""
"products","3b34ffb8-00ce-4099-a1d1-6ba834c82401","152-12sgml","head_other_details_locales","""""","""""","""""","""""",""""""
"products","3b34ffb8-00ce-4099-a1d1-6ba834c82401","152-12sgml","head_equipment_locales","""""","""""","""""","""""",""""""
"products","3b34ffb8-00ce-4099-a1d1-6ba834c82401","152-12sgml","footwear_comfort_features_locales","""""","""""","""""","""""",""""""
"products","3b34ffb8-00ce-4099-a1d1-6ba834c82401","152-12sgml","hearing_comfort_features_locales","""""","""""","""""","""""",""""""
"products","3b34ffb8-00ce-4099-a1d1-6ba834c82401","152-12sgml","hearing_other_details_locales","""""","""""","""""","""""",""""""
"products","3b34ffb8-00ce-4099-a1d1-6ba834c82401","152-12sgml","hearing_equipment_locales","""""","""""","""""","""""",""""""
"products","3b34ffb8-00ce-4099-a1d1-6ba834c82401","152-12sgml","respiratory_comfort_features_locales","""""","""""","""""","""""",""""""
"products","3b34ffb8-00ce-4099-a1d1-6ba834c82401","152-12sgml","respiratory_other_details_locales","""""","""""","""""","""""",""""""
"products","3b34ffb8-00ce-4099-a1d1-6ba834c82401","152-12sgml","respiratory_equipment_locales","""""","""""","""""","""""",""""""
"products","3b34ffb8-00ce-4099-a1d1-6ba834c82401","152-12sgml","clothing_comfort_features_locales","""""","""""","""""","""""",""""""
"products","3b34ffb8-00ce-4099-a1d1-6ba834c82401","152-12sgml","clothing_other_details_locales","""""","""""","""""","""""",""""""
"products","3b34ffb8-00ce-4099-a1d1-6ba834c82401","152-12sgml","footwear_materials_locales","""""","""""","""""","""""",""""""
"products","3b34ffb8-00ce-4099-a1d1-6ba834c82401","152-12sgml","footwear_special_features_locales","""""","""""","""""","""""",""""""
"products","3b34ffb8-00ce-4099-a1d1-6ba834c82401","152-12sgml","connections_locales","""""","""""","""""","""""",""""""
"products","3b34ffb8-00ce-4099-a1d1-6ba834c82401","152-12sgml","compatible_with_locales","""""","""""","""""","""""",""""""
"products","3b34ffb8-00ce-4099-a1d1-6ba834c82401","152-12sgml","coatings_locales","""""","""""","""""","""""",""""""
"products","3b34ffb8-00ce-4099-a1d1-6ba834c82401","152-12sgml","eye_face_materials_locales","""""","""""","""""","""""",""""""
"products","3b34ffb8-00ce-4099-a1d1-6ba834c82401","152-12sgml","head_tech_specs_locales","""""","""""","""""","""""",""""""
"products","3b34ffb8-00ce-4099-a1d1-6ba834c82401","152-12sgml","clothing_attributes_locales","""""","""""","""""","""""",""""""
"products","a89adceb-11fe-4db5-be78-d7eace0bf24f","cleanspace-pro","name_locales","CLEANSPACE PRO","CLEANSPACE PRO","""""","""""",""""""
"products","a89adceb-11fe-4db5-be78-d7eace0bf24f","cleanspace-pro","description_locales","High-performance PAPR respirator, class TM3 P3, for advanced protection against dust, gases, and vapors in complex industrial environments.

","Respiratore PAPR ad alte prestazioni, classe TM3 P3, per protezione avanzata da polveri, gas e vapori in ambienti industriali complessi.
","""""","""""",""""""
"products","a89adceb-11fe-4db5-be78-d7eace0bf24f","cleanspace-pro","short_description_locales","High-performance PAPR respirator","Respiratore PAPR ad alte prestazioni","""""","""""",""""""
"products","a89adceb-11fe-4db5-be78-d7eace0bf24f","cleanspace-pro","category_locales","Respiratory Protection","Protezione respiratoria","""""","""""",""""""
"products","a89adceb-11fe-4db5-be78-d7eace0bf24f","cleanspace-pro","sub_category_locales","Full face masks","Maschere integrali","""""","""""",""""""
"products","a89adceb-11fe-4db5-be78-d7eace0bf24f","cleanspace-pro","features_locales","[""Maintains positive pressure inside the mask"",""Filters with efficiency up to 99.97%"",""Audible alarms to indicate low battery and airflow issues"",""Pressure and airflow control + filter management (IMFT)"",""Free from hoses and belts"",""Lightweight (400 g)"",""Smart app connectivity"",""AirSensit technology for natural breathing""]","[""Mantiene una pressione positiva nella maschera"",""Controllo pressione e flusso + gestione filtro (IMFT)"",""Filtri con efficienza fino al 99,97%"",""Segnali acustici per indicare batteria scarica e problemi di flusso"",""Tecnologia AirSensit per una normale respirazione"",""Connettività App smart"",""Peso leggero 400g"",""Privo di tubi e cinture""]","""""","""""",""""""
"products","a89adceb-11fe-4db5-be78-d7eace0bf24f","cleanspace-pro","applications_locales","[""Heavy and mining industries"",""Chemical and pharmaceutical industries"",""Waste management, maintenance, and services"",""Heavy and mining industries""]","[""Industria pesante e mineraria"",""Industria chimica e farmaceutica"",""Waste, manutenzione e servizi"",""Industria pesante e mineraria""]","""""","""""",""""""
"products","a89adceb-11fe-4db5-be78-d7eace0bf24f","cleanspace-pro","industries_locales","[""Chemical manufacturing"",""paint/spraying"",""metal working"",""welding"",""pharma""]","[""Produzione chimica"",""verniciatura/spruzzatura"",""lavorazione dei metalli"",""saldatura"",""industria farmaceutica""]","""""","""""",""""""
"products","a89adceb-11fe-4db5-be78-d7eace0bf24f","cleanspace-pro","tags_locales","[""full-face mask"",""B-Lock""]","[""maschera intera facciale"",""B-lock""]","""""","""""",""""""
"products","a89adceb-11fe-4db5-be78-d7eace0bf24f","cleanspace-pro","size_locales","Unica","","""""","""""",""""""
"products","a89adceb-11fe-4db5-be78-d7eace0bf24f","cleanspace-pro","materials_locales","[""Silicone"",""Polycarbonate (PC)"",""Other""]","[""Silicone"",""policarbonato (PC)"",""altri""]","""""","""""",""""""
"products","a89adceb-11fe-4db5-be78-d7eace0bf24f","cleanspace-pro","eye_face_comfort_features_locales","""""","""""","""""","""""",""""""
"products","a89adceb-11fe-4db5-be78-d7eace0bf24f","cleanspace-pro","eye_face_equipment_locales","""""","""""","""""","""""",""""""
"products","a89adceb-11fe-4db5-be78-d7eace0bf24f","cleanspace-pro","head_comfort_features_locales","""""","""""","""""","""""",""""""
"products","a89adceb-11fe-4db5-be78-d7eace0bf24f","cleanspace-pro","head_other_details_locales","""""","""""","""""","""""",""""""
"products","a89adceb-11fe-4db5-be78-d7eace0bf24f","cleanspace-pro","head_equipment_locales","""""","""""","""""","""""",""""""
"products","a89adceb-11fe-4db5-be78-d7eace0bf24f","cleanspace-pro","footwear_comfort_features_locales","""""","""""","""""","""""",""""""
"products","a89adceb-11fe-4db5-be78-d7eace0bf24f","cleanspace-pro","hearing_comfort_features_locales","""""","""""","""""","""""",""""""
"products","a89adceb-11fe-4db5-be78-d7eace0bf24f","cleanspace-pro","hearing_other_details_locales","""""","""""","""""","""""",""""""
"products","a89adceb-11fe-4db5-be78-d7eace0bf24f","cleanspace-pro","hearing_equipment_locales","""""","""""","""""","""""",""""""
"products","a89adceb-11fe-4db5-be78-d7eace0bf24f","cleanspace-pro","respiratory_comfort_features_locales","[]","[]","""""","""""",""""""
"products","a89adceb-11fe-4db5-be78-d7eace0bf24f","cleanspace-pro","respiratory_other_details_locales","[]","[]","""""","""""",""""""
"products","a89adceb-11fe-4db5-be78-d7eace0bf24f","cleanspace-pro","respiratory_equipment_locales","[]","[]","""""","""""",""""""
"products","a89adceb-11fe-4db5-be78-d7eace0bf24f","cleanspace-pro","clothing_comfort_features_locales","""""","""""","""""","""""",""""""
"products","a89adceb-11fe-4db5-be78-d7eace0bf24f","cleanspace-pro","clothing_other_details_locales","""""","""""","""""","""""",""""""
"products","a89adceb-11fe-4db5-be78-d7eace0bf24f","cleanspace-pro","footwear_materials_locales","{""sole"":"""",""upper"":"""",""insole"":"""",""lining"":"""",""toe_cap"":""""}","{""sole"":"""",""upper"":"""",""insole"":"""",""lining"":"""",""toe_cap"":""""}","""""","""""",""""""
"products","a89adceb-11fe-4db5-be78-d7eace0bf24f","cleanspace-pro","footwear_special_features_locales","""""","""""","""""","""""",""""""
"products","a89adceb-11fe-4db5-be78-d7eace0bf24f","cleanspace-pro","connections_locales","[]","[]","""""","""""",""""""
"products","a89adceb-11fe-4db5-be78-d7eace0bf24f","cleanspace-pro","compatible_with_locales","[]","[]","""""","""""",""""""
"products","a89adceb-11fe-4db5-be78-d7eace0bf24f","cleanspace-pro","coatings_locales","""""","""""","""""","""""",""""""
"products","a89adceb-11fe-4db5-be78-d7eace0bf24f","cleanspace-pro","eye_face_materials_locales","""""","""""","""""","""""",""""""
"products","a89adceb-11fe-4db5-be78-d7eace0bf24f","cleanspace-pro","head_tech_specs_locales","{""colours"":[],""brim_length"":"""",""form_factor"":"""",""additional_features"":[]}","{""colours"":[],""brim_length"":"""",""form_factor"":"""",""additional_features"":[]}","""""","""""",""""""
"products","a89adceb-11fe-4db5-be78-d7eace0bf24f","cleanspace-pro","clothing_attributes_locales","""""","""""","""""","""""",""""""
"products","2e738d49-27c7-49eb-9e60-e0992b6c4675","cleanspace-ultra","name_locales","CLEANSPACE ULTRA","CLEANSPACE ULTRA","""""","""""",""""""
"products","2e738d49-27c7-49eb-9e60-e0992b6c4675","cleanspace-ultra","description_locales","Powered air-purifying respirator (PAPR), class TM3 with P3 filtration, designed for demanding industrial environments and operations requiring high-level protection, even in the presence of water and contaminants.


","Respiratore a ventilazione assistita PAPR di classe TM3 con filtrazione P3, progettato per ambienti industriali impegnativi e operazioni che richiedono elevata protezione anche in presenza di acqua e contaminanti.

","""""","""""",""""""
"products","2e738d49-27c7-49eb-9e60-e0992b6c4675","cleanspace-ultra","short_description_locales","High-performance PAPR respirator suitable for use in the presence of liquids","Respiratore PAPR ad alte prestazioni In presenza di liquidi","""""","""""",""""""
"products","2e738d49-27c7-49eb-9e60-e0992b6c4675","cleanspace-ultra","category_locales","Respiratory Protection","Protezione respiratoria","""""","""""",""""""
"products","2e738d49-27c7-49eb-9e60-e0992b6c4675","cleanspace-ultra","sub_category_locales","Full face masks","Maschere integrali","""""","""""",""""""
"products","2e738d49-27c7-49eb-9e60-e0992b6c4675","cleanspace-ultra","features_locales","[""Maintains positive pressure inside the mask"",""Suitable for extreme environments (IP65/IP66)"",""Filters with efficiency up to 99.97%"",""Audible alarms to indicate low battery and airflow issues"",""AirSensit technology for natural breathing"",""Smart app connectivity"",""Lightweight (500 g)"",""Free from hoses and belts""]","[""Mantiene una pressione positiva nella maschera"",""Idoneità per ambienti estremi (IP65/IP66)"",""Filtri con efficienza fino al 99,97%"",""Segnali acustici per indicare batteria scarica e problemi di flusso"",""Tecnologia AirSensit per una normale respirazione"",""Connettività App smart"",""Peso contenuto 500g"",""Privo di tubi e cinture""]","""""","""""",""""""
"products","2e738d49-27c7-49eb-9e60-e0992b6c4675","cleanspace-ultra","applications_locales","[""Heavy and mining industries"",""Chemical and pharmaceutical industries"",""Decontamination and remediation"",""Industrial maintenance and cleaning""]","[""Decontaminazione e bonifiche"",""Industria pesante e mineraria"",""Saldatura e lavorazioni metalliche"",""Manutenzione industriale e cleaning""]","""""","""""",""""""
"products","2e738d49-27c7-49eb-9e60-e0992b6c4675","cleanspace-ultra","industries_locales","[""Chemical manufacturing"",""paint/spraying"",""metal working"",""welding"",""pharma""]","[""Produzione chimica"",""verniciatura/spruzzatura"",""lavorazione dei metalli"",""saldatura"",""industria farmaceutica""]","""""","""""",""""""
"products","2e738d49-27c7-49eb-9e60-e0992b6c4675","cleanspace-ultra","tags_locales","[""full-face mask"",""B-Lock""]","[""maschera intera facciale"",""B-lock""]","""""","""""",""""""
"products","2e738d49-27c7-49eb-9e60-e0992b6c4675","cleanspace-ultra","size_locales","Unica","","""""","""""",""""""
"products","2e738d49-27c7-49eb-9e60-e0992b6c4675","cleanspace-ultra","materials_locales","[""Silicone"",""Polycarbonate (PC)"",""Other""]","[""Silicone"",""policarbonato (PC)"",""altri""]","""""","""""",""""""
"products","2e738d49-27c7-49eb-9e60-e0992b6c4675","cleanspace-ultra","eye_face_comfort_features_locales","""""","""""","""""","""""",""""""
"products","2e738d49-27c7-49eb-9e60-e0992b6c4675","cleanspace-ultra","eye_face_equipment_locales","""""","""""","""""","""""",""""""
"products","2e738d49-27c7-49eb-9e60-e0992b6c4675","cleanspace-ultra","head_comfort_features_locales","""""","""""","""""","""""",""""""
"products","2e738d49-27c7-49eb-9e60-e0992b6c4675","cleanspace-ultra","head_other_details_locales","""""","""""","""""","""""",""""""
"products","2e738d49-27c7-49eb-9e60-e0992b6c4675","cleanspace-ultra","head_equipment_locales","""""","""""","""""","""""",""""""
"products","2e738d49-27c7-49eb-9e60-e0992b6c4675","cleanspace-ultra","footwear_comfort_features_locales","""""","""""","""""","""""",""""""
"products","2e738d49-27c7-49eb-9e60-e0992b6c4675","cleanspace-ultra","hearing_comfort_features_locales","""""","""""","""""","""""",""""""
"products","2e738d49-27c7-49eb-9e60-e0992b6c4675","cleanspace-ultra","hearing_other_details_locales","""""","""""","""""","""""",""""""
"products","2e738d49-27c7-49eb-9e60-e0992b6c4675","cleanspace-ultra","hearing_equipment_locales","""""","""""","""""","""""",""""""
"products","2e738d49-27c7-49eb-9e60-e0992b6c4675","cleanspace-ultra","respiratory_comfort_features_locales","[]","[]","""""","""""",""""""
"products","2e738d49-27c7-49eb-9e60-e0992b6c4675","cleanspace-ultra","respiratory_other_details_locales","[]","[]","""""","""""",""""""
"products","2e738d49-27c7-49eb-9e60-e0992b6c4675","cleanspace-ultra","respiratory_equipment_locales","[]","[]","""""","""""",""""""
"products","2e738d49-27c7-49eb-9e60-e0992b6c4675","cleanspace-ultra","clothing_comfort_features_locales","""""","""""","""""","""""",""""""
"products","2e738d49-27c7-49eb-9e60-e0992b6c4675","cleanspace-ultra","clothing_other_details_locales","""""","""""","""""","""""",""""""
"products","2e738d49-27c7-49eb-9e60-e0992b6c4675","cleanspace-ultra","footwear_materials_locales","{""sole"":"""",""upper"":"""",""insole"":"""",""lining"":"""",""toe_cap"":""""}","{""sole"":"""",""upper"":"""",""insole"":"""",""lining"":"""",""toe_cap"":""""}","""""","""""",""""""
"products","2e738d49-27c7-49eb-9e60-e0992b6c4675","cleanspace-ultra","footwear_special_features_locales","""""","""""","""""","""""",""""""
"products","2e738d49-27c7-49eb-9e60-e0992b6c4675","cleanspace-ultra","connections_locales","[]","[]","""""","""""",""""""
"products","2e738d49-27c7-49eb-9e60-e0992b6c4675","cleanspace-ultra","compatible_with_locales","[]","[]","""""","""""",""""""
"products","2e738d49-27c7-49eb-9e60-e0992b6c4675","cleanspace-ultra","coatings_locales","""""","""""","""""","""""",""""""
"products","2e738d49-27c7-49eb-9e60-e0992b6c4675","cleanspace-ultra","eye_face_materials_locales","""""","""""","""""","""""",""""""
"products","2e738d49-27c7-49eb-9e60-e0992b6c4675","cleanspace-ultra","head_tech_specs_locales","{""colours"":[],""brim_length"":"""",""form_factor"":"""",""additional_features"":[]}","{""colours"":[],""brim_length"":"""",""form_factor"":"""",""additional_features"":[]}","""""","""""",""""""
"products","2e738d49-27c7-49eb-9e60-e0992b6c4675","cleanspace-ultra","clothing_attributes_locales","""""","""""","""""","""""",""""""
"products","47bf886d-4df4-49e2-bf4c-096088262754","06-p-212-l","name_locales","06 P 212 L","06 P 212 L","""""","""""",""""""
"products","47bf886d-4df4-49e2-bf4c-096088262754","06-p-212-l","description_locales","Long-cuff thermal glove, 100% continuous yarn cotton (32 cm + 11 cm cuff). Ergonomic design for prolonged use in operations up to 250 °C requiring high dexterity.","""Guanto Termico Polso Lungo 212g – Doppio guanto in cotone 100% (32 cm e 11 cm polsino), peso 212 g.
Guanto con design ergonomico per uso prolungato per operazioni fino a 250C""","""""","""""",""""""
"products","47bf886d-4df4-49e2-bf4c-096088262754","06-p-212-l","short_description_locales","Double glove with long cuff, designed for high dexterity in operations up to 250 °C","Doppio guanto anticalore con polso lungo ad elevata destrezza per operazioni fino a 250C","""""","""""",""""""
"products","47bf886d-4df4-49e2-bf4c-096088262754","06-p-212-l","category_locales","Hand protection","Protezione delle mani","""""","""""",""""""
"products","47bf886d-4df4-49e2-bf4c-096088262754","06-p-212-l","sub_category_locales","Heat resistant gloves","Guanti anticalore","""""","""""",""""""
"products","47bf886d-4df4-49e2-bf4c-096088262754","06-p-212-l","features_locales","[""Seamless continuous-yarn"",""Ergonomic design for prolonged use"",""Certified to 250 °C"",""Weight: 212 g""]","[""Filo continuo, senza cuciture"",""Design ergonomico per uso prolungato"",""Certificato fino a 250C"",""Peso 212 g""]","""""","""""",""""""
"products","47bf886d-4df4-49e2-bf4c-096088262754","06-p-212-l","applications_locales","[""Handling parts up to 250 °C"",""Extended forearm exposure operations (furnaces & brazing)"",""Boiler & burner maintenance""]","[""Manipolazione pezzi fino a 250°C"",""Operazioni con avambraccio esposto – forni e brasatura"",""Manutenzione caldaie e bruciatori""]","""""","""""",""""""
"products","47bf886d-4df4-49e2-bf4c-096088262754","06-p-212-l","industries_locales","[""Foundry"",""Mechanical industry"",""Boiler maintenance""]","[""Fonderia"",""Industria meccanica"",""Manutenzione caldaie""]","""""","""""",""""""
"products","47bf886d-4df4-49e2-bf4c-096088262754","06-p-212-l","tags_locales","[""Heat-resistant"",""250 °C"",""medium risk"",""cotton glove""]","[""anticalore"",""250C"",""rischi medi"",""guanto in cotone""]","""""","""""",""""""
"products","47bf886d-4df4-49e2-bf4c-096088262754","06-p-212-l","size_locales","One size","Unica","""""","""""",""""""
"products","47bf886d-4df4-49e2-bf4c-096088262754","06-p-212-l","materials_locales","[""cotton""]","[""cotone""]","""""","""""",""""""
"products","47bf886d-4df4-49e2-bf4c-096088262754","06-p-212-l","eye_face_comfort_features_locales","""""","""""","""""","""""",""""""
"products","47bf886d-4df4-49e2-bf4c-096088262754","06-p-212-l","eye_face_equipment_locales","""""","""""","""""","""""",""""""
"products","47bf886d-4df4-49e2-bf4c-096088262754","06-p-212-l","head_comfort_features_locales","""""","""""","""""","""""",""""""
"products","47bf886d-4df4-49e2-bf4c-096088262754","06-p-212-l","head_other_details_locales","""""","""""","""""","""""",""""""
"products","47bf886d-4df4-49e2-bf4c-096088262754","06-p-212-l","head_equipment_locales","""""","""""","""""","""""",""""""
"products","47bf886d-4df4-49e2-bf4c-096088262754","06-p-212-l","footwear_comfort_features_locales","""""","""""","""""","""""",""""""
"products","47bf886d-4df4-49e2-bf4c-096088262754","06-p-212-l","hearing_comfort_features_locales","""""","""""","""""","""""",""""""
"products","47bf886d-4df4-49e2-bf4c-096088262754","06-p-212-l","hearing_other_details_locales","""""","""""","""""","""""",""""""
"products","47bf886d-4df4-49e2-bf4c-096088262754","06-p-212-l","hearing_equipment_locales","""""","""""","""""","""""",""""""
"products","47bf886d-4df4-49e2-bf4c-096088262754","06-p-212-l","respiratory_comfort_features_locales","""""","""""","""""","""""",""""""
"products","47bf886d-4df4-49e2-bf4c-096088262754","06-p-212-l","respiratory_other_details_locales","""""","""""","""""","""""",""""""
"products","47bf886d-4df4-49e2-bf4c-096088262754","06-p-212-l","respiratory_equipment_locales","""""","""""","""""","""""",""""""
"products","47bf886d-4df4-49e2-bf4c-096088262754","06-p-212-l","clothing_comfort_features_locales","""""","""""","""""","""""",""""""
"products","47bf886d-4df4-49e2-bf4c-096088262754","06-p-212-l","clothing_other_details_locales","""""","""""","""""","""""",""""""
"products","47bf886d-4df4-49e2-bf4c-096088262754","06-p-212-l","footwear_materials_locales","""""","""""","""""","""""",""""""
"products","47bf886d-4df4-49e2-bf4c-096088262754","06-p-212-l","footwear_special_features_locales","""""","""""","""""","""""",""""""
"products","47bf886d-4df4-49e2-bf4c-096088262754","06-p-212-l","connections_locales","""""","""""","""""","""""",""""""
"products","47bf886d-4df4-49e2-bf4c-096088262754","06-p-212-l","compatible_with_locales","""""","""""","""""","""""",""""""
"products","47bf886d-4df4-49e2-bf4c-096088262754","06-p-212-l","coatings_locales","""""","""""","""""","""""",""""""
"products","47bf886d-4df4-49e2-bf4c-096088262754","06-p-212-l","eye_face_materials_locales","""""","""""","""""","""""",""""""
"products","47bf886d-4df4-49e2-bf4c-096088262754","06-p-212-l","head_tech_specs_locales","""""","""""","""""","""""",""""""
"products","47bf886d-4df4-49e2-bf4c-096088262754","06-p-212-l","clothing_attributes_locales","""""","""""","""""","""""",""""""
"products","5197bb18-538e-4410-9112-2e91b25f8f54","cleanspace-xte","name_locales","CLEANSPACE XTE","CLEANSPACE XTE","""""","""""",""""""
"products","5197bb18-538e-4410-9112-2e91b25f8f54","cleanspace-xte","description_locales","The CleanSpace EX (XTE) is a powered air-purifying respirator (PAPR), class TM3 with P3 filtration and ATEX/IECEx certification, designed for operation in potentially explosive atmospheres.


","Il CleanSpace EX (XTE) è un respiratore a ventilazione assistita (PAPR) di classe TM3 con filtrazione P3 e certificazione ATEX/IECEx, progettato per operare in atmosfere potenzialmente esplosive.


","""""","""""",""""""
"products","5197bb18-538e-4410-9112-2e91b25f8f54","cleanspace-xte","short_description_locales","ATEX-certified TM3 P3 PAPR respirator, designed for explosive environments with the presence of gases","Respiratore PAPR classe TM3 P3 certificato ATEX, progettato per ambienti esplosivi con presenza di gas","""""","""""",""""""
"products","5197bb18-538e-4410-9112-2e91b25f8f54","cleanspace-xte","category_locales","Respiratory Protection","Protezione respiratoria","""""","""""",""""""
"products","5197bb18-538e-4410-9112-2e91b25f8f54","cleanspace-xte","sub_category_locales","Full face masks","Maschere integrali","""""","""""",""""""
"products","5197bb18-538e-4410-9112-2e91b25f8f54","cleanspace-xte","features_locales","[""AirSensit technology for natural breathing"",""Smart app connectivity"",""Lightweight (550 g)"",""“One-button” system for easy operation"",""Use in explosive environments"",""Does not cause ignition sources"",""Complete protection against airborne contaminants"",""Audible alarms to indicate low battery and airflow issues""]","[""Utilizzo in ambienti esplosivi"",""Non provoca principi di innesco"",""Protezione completa da contaminanti aerodispersi"",""Segnali acustici per indicare batteria scarica e problemi di flusso"",""Tecnologia AirSensit per una normale respirazione"",""Connettività App smart"",""Peso contenuto 550g"",""Sistema \""one button\"" per un utilizzo pratico""]","""""","""""",""""""
"products","5197bb18-538e-4410-9112-2e91b25f8f54","cleanspace-xte","applications_locales","[""ATEX environments"",""Mining industry"",""Chemical processing"",""Industrial maintenance""]","[""Ambienti Atex"",""Industria mineraria"",""Lavorazioni chimiche"",""Manutenzione industriale""]","""""","""""",""""""
"products","5197bb18-538e-4410-9112-2e91b25f8f54","cleanspace-xte","industries_locales","[""Chemical manufacturing"",""paint/spraying"",""metal working"",""welding"",""pharma""]","[""Produzione chimica"",""verniciatura/spruzzatura"",""lavorazione dei metalli"",""saldatura"",""industria farmaceutica""]","""""","""""",""""""
"products","5197bb18-538e-4410-9112-2e91b25f8f54","cleanspace-xte","tags_locales","[""full-face mask"",""B-Lock""]","[""maschera intera facciale"",""B-lock""]","""""","""""",""""""
"products","5197bb18-538e-4410-9112-2e91b25f8f54","cleanspace-xte","size_locales","Unica","","""""","""""",""""""
"products","5197bb18-538e-4410-9112-2e91b25f8f54","cleanspace-xte","materials_locales","[""Silicone"",""Polycarbonate (PC)"",""Other""]","[""Silicone"",""policarbonato (PC)"",""altri""]","""""","""""",""""""
"products","5197bb18-538e-4410-9112-2e91b25f8f54","cleanspace-xte","eye_face_comfort_features_locales","""""","""""","""""","""""",""""""
"products","5197bb18-538e-4410-9112-2e91b25f8f54","cleanspace-xte","eye_face_equipment_locales","""""","""""","""""","""""",""""""
"products","5197bb18-538e-4410-9112-2e91b25f8f54","cleanspace-xte","head_comfort_features_locales","""""","""""","""""","""""",""""""
"products","5197bb18-538e-4410-9112-2e91b25f8f54","cleanspace-xte","head_other_details_locales","""""","""""","""""","""""",""""""
"products","5197bb18-538e-4410-9112-2e91b25f8f54","cleanspace-xte","head_equipment_locales","""""","""""","""""","""""",""""""
"products","5197bb18-538e-4410-9112-2e91b25f8f54","cleanspace-xte","footwear_comfort_features_locales","""""","""""","""""","""""",""""""
"products","5197bb18-538e-4410-9112-2e91b25f8f54","cleanspace-xte","hearing_comfort_features_locales","""""","""""","""""","""""",""""""
"products","5197bb18-538e-4410-9112-2e91b25f8f54","cleanspace-xte","hearing_other_details_locales","""""","""""","""""","""""",""""""
"products","5197bb18-538e-4410-9112-2e91b25f8f54","cleanspace-xte","hearing_equipment_locales","""""","""""","""""","""""",""""""
"products","5197bb18-538e-4410-9112-2e91b25f8f54","cleanspace-xte","respiratory_comfort_features_locales","[]","[]","""""","""""",""""""
"products","5197bb18-538e-4410-9112-2e91b25f8f54","cleanspace-xte","respiratory_other_details_locales","[]","[]","""""","""""",""""""
"products","5197bb18-538e-4410-9112-2e91b25f8f54","cleanspace-xte","respiratory_equipment_locales","[]","[]","""""","""""",""""""
"products","5197bb18-538e-4410-9112-2e91b25f8f54","cleanspace-xte","clothing_comfort_features_locales","""""","""""","""""","""""",""""""
"products","5197bb18-538e-4410-9112-2e91b25f8f54","cleanspace-xte","clothing_other_details_locales","""""","""""","""""","""""",""""""
"products","5197bb18-538e-4410-9112-2e91b25f8f54","cleanspace-xte","footwear_materials_locales","{""sole"":"""",""upper"":"""",""insole"":"""",""lining"":"""",""toe_cap"":""""}","{""sole"":"""",""upper"":"""",""insole"":"""",""lining"":"""",""toe_cap"":""""}","""""","""""",""""""
"products","5197bb18-538e-4410-9112-2e91b25f8f54","cleanspace-xte","footwear_special_features_locales","""""","""""","""""","""""",""""""
"products","5197bb18-538e-4410-9112-2e91b25f8f54","cleanspace-xte","connections_locales","[]","[]","""""","""""",""""""
"products","5197bb18-538e-4410-9112-2e91b25f8f54","cleanspace-xte","compatible_with_locales","[]","[]","""""","""""",""""""
"products","5197bb18-538e-4410-9112-2e91b25f8f54","cleanspace-xte","coatings_locales","""""","""""","""""","""""",""""""
"products","5197bb18-538e-4410-9112-2e91b25f8f54","cleanspace-xte","eye_face_materials_locales","""""","""""","""""","""""",""""""
"products","5197bb18-538e-4410-9112-2e91b25f8f54","cleanspace-xte","head_tech_specs_locales","{""colours"":[],""brim_length"":"""",""form_factor"":"""",""additional_features"":[]}","{""colours"":[],""brim_length"":"""",""form_factor"":"""",""additional_features"":[]}","""""","""""",""""""
"products","5197bb18-538e-4410-9112-2e91b25f8f54","cleanspace-xte","clothing_attributes_locales","""""","""""","""""","""""",""""""
"products","7990a6c4-159e-47f6-a1bb-ce0be0409d61","2-macsole-hi-hro-src-scarpa","name_locales","2 MACSOLE HI HRO SRC (scarpa)","2 MACSOLE HI HRO SRC ","""""","""""",""""""
"products","7990a6c4-159e-47f6-a1bb-ce0be0409d61","2-macsole-hi-hro-src-scarpa","description_locales","Lightweight and flexible safety boot S3L class with rubber sole resistant to heat, cut and chemicals
","Scarpa S3L leggeri e flessibili con suola in gomma resistente al calore, taglio e sostanze chimiche
","""""","""""",""""""
"products","7990a6c4-159e-47f6-a1bb-ce0be0409d61","2-macsole-hi-hro-src-scarpa","short_description_locales","Lightweight and flexible safety shoes S3L S7L S1 PL class with rubber sole","Scarpa S3L S7L S1 PL leggeri e flessibili con suola in gomma","""""","""""",""""""
"products","7990a6c4-159e-47f6-a1bb-ce0be0409d61","2-macsole-hi-hro-src-scarpa","category_locales","Safety Footwear","Calzature di sicurezza","""""","""""",""""""
"products","7990a6c4-159e-47f6-a1bb-ce0be0409d61","2-macsole-hi-hro-src-scarpa","sub_category_locales","Safety shoes","Scarpe di sicurezza","""""","""""",""""""
"products","7990a6c4-159e-47f6-a1bb-ce0be0409d61","2-macsole-hi-hro-src-scarpa","features_locales","[""Protection class S3 in accordance with EN ISO 20345:2011, with additional marking for excellent slip resistance (SRC) and heat resistance up to +300 °C (HI HRO)"",""Stable posture even on ladders thanks to the stabilizing footbed support"",""Antistatic, shock-absorbing PU midsole"",""Slip, contact-heat and oil/fuel-resistant sole""]","[""Classe di protezione S3 in conformità alla normativa EN ISO 20345:2011 con marcatura aggiuntiva per ottime proprietà antiscivolo (SRC) e resistenza alle temperature fino a +300 °C (HI HRO)"",""Postura sicura anche quando sulle scale a pioli grazie al supporto plantare stabilizzante"",""Intersuola in PU antistatica e ammortizzante"",""Suola resistente a scivolamento, calore da contatto e oli/carburanti"",""Comfort assoluto grazie al concept innovativo che utilizza materiali climatizzanti e traspiranti e al design traforato"",""Tomaia priva di cuciture in morbidissima pelle per eliminare i punti di pressione"",""Plantare antistatico estraibile con sistema di trasporto dell'umidità e assorbimento degli urti su tallone e avampiede"",""Morbida imbottitura su collarino e linguetta antipolvere""]","""""","""""",""""""
"products","7990a6c4-159e-47f6-a1bb-ce0be0409d61","2-macsole-hi-hro-src-scarpa","applications_locales","[""Moderate applications, requiring high sole durability"",""Activities in indoor and outdoor environments"",""Operations in challenging ground conditions""]","[""Applicazioni moderate, con necessita' di alta robustezza della suola"",""Attivita' in ambiente interno ed esterno"",""Operazioni con difficili condizioni del suolo""]","""""","""""",""""""
"products","7990a6c4-159e-47f6-a1bb-ce0be0409d61","2-macsole-hi-hro-src-scarpa","industries_locales","[""Utilities"",""Construction"",""Oil&Gas"",""Heavy industry"",""Rail"",""Ports"",""Defense"",""Agriculture""]","[""Servizi pubblici"",""costruzioni"",""petrolio e gas"",""industria pesante"",""settore ferroviario"",""porti"",""difesa e agricoltura""]","""""","""""",""""""
"products","7990a6c4-159e-47f6-a1bb-ce0be0409d61","2-macsole-hi-hro-src-scarpa","tags_locales","[]","[]","""""","""""",""""""
"products","7990a6c4-159e-47f6-a1bb-ce0be0409d61","2-macsole-hi-hro-src-scarpa","size_locales","35 - 52","","""""","""""",""""""
"products","7990a6c4-159e-47f6-a1bb-ce0be0409d61","2-macsole-hi-hro-src-scarpa","materials_locales","[]","[]","""""","""""",""""""
"products","7990a6c4-159e-47f6-a1bb-ce0be0409d61","2-macsole-hi-hro-src-scarpa","eye_face_comfort_features_locales","""""","""""","""""","""""",""""""
"products","7990a6c4-159e-47f6-a1bb-ce0be0409d61","2-macsole-hi-hro-src-scarpa","eye_face_equipment_locales","""""","""""","""""","""""",""""""
"products","7990a6c4-159e-47f6-a1bb-ce0be0409d61","2-macsole-hi-hro-src-scarpa","head_comfort_features_locales","""""","""""","""""","""""",""""""
"products","7990a6c4-159e-47f6-a1bb-ce0be0409d61","2-macsole-hi-hro-src-scarpa","head_other_details_locales","""""","""""","""""","""""",""""""
"products","7990a6c4-159e-47f6-a1bb-ce0be0409d61","2-macsole-hi-hro-src-scarpa","head_equipment_locales","""""","""""","""""","""""",""""""
"products","7990a6c4-159e-47f6-a1bb-ce0be0409d61","2-macsole-hi-hro-src-scarpa","footwear_comfort_features_locales","[""Absolute comfort thanks to an innovative concept using climate-regulating and breathable materials and perforated design"",""Seam-free upper in ultra-soft leather to eliminate pressure points"",""Removable antistatic insole with moisture-wicking system and shock absorption on heel and forefoot"",""Soft padding on collar and dust-resistant tongue""]","[]","""""","""""",""""""
"products","7990a6c4-159e-47f6-a1bb-ce0be0409d61","2-macsole-hi-hro-src-scarpa","hearing_comfort_features_locales","""""","""""","""""","""""",""""""
"products","7990a6c4-159e-47f6-a1bb-ce0be0409d61","2-macsole-hi-hro-src-scarpa","hearing_other_details_locales","""""","""""","""""","""""",""""""
"products","7990a6c4-159e-47f6-a1bb-ce0be0409d61","2-macsole-hi-hro-src-scarpa","hearing_equipment_locales","""""","""""","""""","""""",""""""
"products","7990a6c4-159e-47f6-a1bb-ce0be0409d61","2-macsole-hi-hro-src-scarpa","respiratory_comfort_features_locales","""""","""""","""""","""""",""""""
"products","7990a6c4-159e-47f6-a1bb-ce0be0409d61","2-macsole-hi-hro-src-scarpa","respiratory_other_details_locales","""""","""""","""""","""""",""""""
"products","7990a6c4-159e-47f6-a1bb-ce0be0409d61","2-macsole-hi-hro-src-scarpa","respiratory_equipment_locales","""""","""""","""""","""""",""""""
"products","7990a6c4-159e-47f6-a1bb-ce0be0409d61","2-macsole-hi-hro-src-scarpa","clothing_comfort_features_locales","""""","""""","""""","""""",""""""
"products","7990a6c4-159e-47f6-a1bb-ce0be0409d61","2-macsole-hi-hro-src-scarpa","clothing_other_details_locales","""""","""""","""""","""""",""""""
"products","7990a6c4-159e-47f6-a1bb-ce0be0409d61","2-macsole-hi-hro-src-scarpa","footwear_materials_locales","""""","""""","""""","""""",""""""
"products","7990a6c4-159e-47f6-a1bb-ce0be0409d61","2-macsole-hi-hro-src-scarpa","footwear_special_features_locales","""""","""""","""""","""""",""""""
"products","7990a6c4-159e-47f6-a1bb-ce0be0409d61","2-macsole-hi-hro-src-scarpa","connections_locales","""""","""""","""""","""""",""""""
"products","7990a6c4-159e-47f6-a1bb-ce0be0409d61","2-macsole-hi-hro-src-scarpa","compatible_with_locales","""""","""""","""""","""""",""""""
"products","7990a6c4-159e-47f6-a1bb-ce0be0409d61","2-macsole-hi-hro-src-scarpa","coatings_locales","""""","""""","""""","""""",""""""
"products","7990a6c4-159e-47f6-a1bb-ce0be0409d61","2-macsole-hi-hro-src-scarpa","eye_face_materials_locales","""""","""""","""""","""""",""""""
"products","7990a6c4-159e-47f6-a1bb-ce0be0409d61","2-macsole-hi-hro-src-scarpa","head_tech_specs_locales","""""","""""","""""","""""",""""""
"products","7990a6c4-159e-47f6-a1bb-ce0be0409d61","2-macsole-hi-hro-src-scarpa","clothing_attributes_locales","""""","""""","""""","""""",""""""
"products","ed099e42-d74b-4c12-ad52-c400a8d2b4f8","1-x-tended-s1-p-src","name_locales","1 X-tended S1 P SRC","1 X-tended S1 P SRC","""""","""""",""""""
"products","ed099e42-d74b-4c12-ad52-c400a8d2b4f8","1-x-tended-s1-p-src","description_locales","Scarpa S1 P leggera e flessibile con suola in gomma
","Scarpa basse antinfortunistiche S1 traforate, versatili e ultraleggere con copripunte in poliuretano
","""""","""""",""""""
"products","ed099e42-d74b-4c12-ad52-c400a8d2b4f8","1-x-tended-s1-p-src","short_description_locales","Lightweight and flexible S1 P shoe with a rubber sole","Scarpa S1 P leggera e flessibile con suola in gomma","""""","""""",""""""
"products","ed099e42-d74b-4c12-ad52-c400a8d2b4f8","1-x-tended-s1-p-src","category_locales","Safety Footwear","Calzature di sicurezza","""""","""""",""""""
"products","ed099e42-d74b-4c12-ad52-c400a8d2b4f8","1-x-tended-s1-p-src","sub_category_locales","Safety shoes","Scarpe di sicurezza","""""","""""",""""""
"products","ed099e42-d74b-4c12-ad52-c400a8d2b4f8","1-x-tended-s1-p-src","features_locales","[""Protection class S1 PL in accordance with EN ISO 20345:2022 + A1:2024 with additional marking for penetration resistance (PL)"",""Excellent slip resistance (SR)"",""100% metal-free protective toe cap"",""Metal-free anti-penetration insole that ensures flexibility of the footwear""]","[""Classe di protezione S1 PL in conformità alla norma EN ISO 20345:2022 + A1:2024 con marcatura aggiuntiva per resistenza alla penetrazione (PL)"",""Ottima resistenza allo scivolamento (SR)"",""Puntale protettivo 100% privo di metallo"",""Soletta antiperforazione metal-free che garantisce flessibilità alla calzatura""]","""""","""""",""""""
"products","ed099e42-d74b-4c12-ad52-c400a8d2b4f8","1-x-tended-s1-p-src","applications_locales","[""Light-duty applications"",""Activities in indoor and outdoor environments""]","[""Light-duty applications"",""Activities in indoor and outdoor environments""]","""""","""""",""""""
"products","ed099e42-d74b-4c12-ad52-c400a8d2b4f8","1-x-tended-s1-p-src","industries_locales","[""Public services"",""healthcare"",""agriculture""]","[""Servizi pubblici"",""sanità agricoltura""]","""""","""""",""""""
"products","ed099e42-d74b-4c12-ad52-c400a8d2b4f8","1-x-tended-s1-p-src","tags_locales","[]","[]","""""","""""",""""""
"products","ed099e42-d74b-4c12-ad52-c400a8d2b4f8","1-x-tended-s1-p-src","size_locales","35 - 52","","""""","""""",""""""
"products","ed099e42-d74b-4c12-ad52-c400a8d2b4f8","1-x-tended-s1-p-src","materials_locales","[]","[]","""""","""""",""""""
"products","ed099e42-d74b-4c12-ad52-c400a8d2b4f8","1-x-tended-s1-p-src","eye_face_comfort_features_locales","""""","""""","""""","""""",""""""
"products","ed099e42-d74b-4c12-ad52-c400a8d2b4f8","1-x-tended-s1-p-src","eye_face_equipment_locales","""""","""""","""""","""""",""""""
"products","ed099e42-d74b-4c12-ad52-c400a8d2b4f8","1-x-tended-s1-p-src","head_comfort_features_locales","""""","""""","""""","""""",""""""
"products","ed099e42-d74b-4c12-ad52-c400a8d2b4f8","1-x-tended-s1-p-src","head_other_details_locales","""""","""""","""""","""""",""""""
"products","ed099e42-d74b-4c12-ad52-c400a8d2b4f8","1-x-tended-s1-p-src","head_equipment_locales","""""","""""","""""","""""",""""""
"products","ed099e42-d74b-4c12-ad52-c400a8d2b4f8","1-x-tended-s1-p-src","footwear_comfort_features_locales","[""Outstanding comfort thanks to an innovative design, including the use of thermoregulating and breathable perforated materials"",""Removable, breathable antistatic comfort insole"",""High-tech micro-velour upper"",""Individually adjustable elastic laces with a quick fastening mechanism""]","[""Comfort straordinario grazie a una concezione innovativa della forma, che comprende l'uso di materiali traforati termoregolanti e traspiranti"",""Soletta comfort antistatica estraibile traspirante"",""Tomaia in microvelluto hi-tech"",""Lacci elastici regolabili individualmente con meccanismo di fissaggio rapido""]","""""","""""",""""""
"products","ed099e42-d74b-4c12-ad52-c400a8d2b4f8","1-x-tended-s1-p-src","hearing_comfort_features_locales","""""","""""","""""","""""",""""""
"products","ed099e42-d74b-4c12-ad52-c400a8d2b4f8","1-x-tended-s1-p-src","hearing_other_details_locales","""""","""""","""""","""""",""""""
"products","ed099e42-d74b-4c12-ad52-c400a8d2b4f8","1-x-tended-s1-p-src","hearing_equipment_locales","""""","""""","""""","""""",""""""
"products","ed099e42-d74b-4c12-ad52-c400a8d2b4f8","1-x-tended-s1-p-src","respiratory_comfort_features_locales","""""","""""","""""","""""",""""""
"products","ed099e42-d74b-4c12-ad52-c400a8d2b4f8","1-x-tended-s1-p-src","respiratory_other_details_locales","""""","""""","""""","""""",""""""
"products","ed099e42-d74b-4c12-ad52-c400a8d2b4f8","1-x-tended-s1-p-src","respiratory_equipment_locales","""""","""""","""""","""""",""""""
"products","ed099e42-d74b-4c12-ad52-c400a8d2b4f8","1-x-tended-s1-p-src","clothing_comfort_features_locales","""""","""""","""""","""""",""""""
"products","ed099e42-d74b-4c12-ad52-c400a8d2b4f8","1-x-tended-s1-p-src","clothing_other_details_locales","""""","""""","""""","""""",""""""
"products","ed099e42-d74b-4c12-ad52-c400a8d2b4f8","1-x-tended-s1-p-src","footwear_materials_locales","""""","""""","""""","""""",""""""
"products","ed099e42-d74b-4c12-ad52-c400a8d2b4f8","1-x-tended-s1-p-src","footwear_special_features_locales","""""","""""","""""","""""",""""""
"products","ed099e42-d74b-4c12-ad52-c400a8d2b4f8","1-x-tended-s1-p-src","connections_locales","""""","""""","""""","""""",""""""
"products","ed099e42-d74b-4c12-ad52-c400a8d2b4f8","1-x-tended-s1-p-src","compatible_with_locales","""""","""""","""""","""""",""""""
"products","ed099e42-d74b-4c12-ad52-c400a8d2b4f8","1-x-tended-s1-p-src","coatings_locales","""""","""""","""""","""""",""""""
"products","ed099e42-d74b-4c12-ad52-c400a8d2b4f8","1-x-tended-s1-p-src","eye_face_materials_locales","""""","""""","""""","""""",""""""
"products","ed099e42-d74b-4c12-ad52-c400a8d2b4f8","1-x-tended-s1-p-src","head_tech_specs_locales","""""","""""","""""","""""",""""""
"products","ed099e42-d74b-4c12-ad52-c400a8d2b4f8","1-x-tended-s1-p-src","clothing_attributes_locales","""""","""""","""""","""""",""""""
"products","9396f4d7-7310-4163-95f4-b352aa93e5e1","01-501","name_locales","01-501","01-501","""""","""""",""""""
"products","9396f4d7-7310-4163-95f4-b352aa93e5e1","01-501","description_locales","13 gauge Graphene nylon liner glove and micro sandy foam nitrile palm coating, reinforced crotch","Guanto 13 aghi con fodera in grafene e nylon, rivestimento sul palmo in nitrile microsabbiato, crotch rinforzato","""""","""""",""""""
"products","9396f4d7-7310-4163-95f4-b352aa93e5e1","01-501","short_description_locales","13G  Graphene Liner, Micro foam Nitrile palm coated glove, reinforced crotch","Guanto  13 aghi, fodera in grafene, rivestimento in micro schiuma di nitrile sul palmo, thumb crotch rinforzato","""""","""""",""""""
"products","9396f4d7-7310-4163-95f4-b352aa93e5e1","01-501","category_locales","Hand protection","Protezione delle mani","""""","""""",""""""
"products","9396f4d7-7310-4163-95f4-b352aa93e5e1","01-501","sub_category_locales","Cut-resistant gloves","Guanti antitaglio","""""","""""",""""""
"products","9396f4d7-7310-4163-95f4-b352aa93e5e1","01-501","features_locales","[""13 gauge grey Kyorene® graphene liner"",""Bacteriostatic kills harmful bacteria"",""Thermal regulating to keep the hands comfortable"",""Odor neutralizing to keep the gloves smelling Fresh"",""Touch Screen compatible"",""ANTI cut level A3""]","[""Fodera in grafene Kyorene® grigio calibro 13"",""Batteriostatico uccide i batteri nocivi"",""Regolazione termica per mantenere le mani comode"",""Neutralizza gli odori per mantenere i guanti con un odore fresco"",""Compatibile Touch Screen"",""ANSI taglio livello A3""]","""""","""""",""""""
"products","9396f4d7-7310-4163-95f4-b352aa93e5e1","01-501","applications_locales","[""Metal stamping"",""Sharp object handling"",""Operations in warm environments""]","[""Stampaggio metalli"",""Operazioni in temperature medie"",""Manovra di oggetti taglienti""]","""""","""""",""""""
"products","9396f4d7-7310-4163-95f4-b352aa93e5e1","01-501","industries_locales","[""Automotive"",""Construction"",""Metal manufacturing"",""Appliance and white goods manufacturing""]","[""Automotive"",""Manufatturiero"",""Edilizia"",""Industria dei metalli""]","""""","""""",""""""
"products","9396f4d7-7310-4163-95f4-b352aa93e5e1","01-501","tags_locales","[""Graphene"",""cut-resistant gloves""]","[""antitaglio"",""Grafene""]","""""","""""",""""""
"products","9396f4d7-7310-4163-95f4-b352aa93e5e1","01-501","size_locales","6 - 11","","""""","""""",""""""
"products","9396f4d7-7310-4163-95f4-b352aa93e5e1","01-501","materials_locales","[""Graphene""]","[""Grafene""]","""""","""""",""""""
"products","9396f4d7-7310-4163-95f4-b352aa93e5e1","01-501","eye_face_comfort_features_locales","""""","""""","""""","""""",""""""
"products","9396f4d7-7310-4163-95f4-b352aa93e5e1","01-501","eye_face_equipment_locales","""""","""""","""""","""""",""""""
"products","9396f4d7-7310-4163-95f4-b352aa93e5e1","01-501","head_comfort_features_locales","""""","""""","""""","""""",""""""
"products","9396f4d7-7310-4163-95f4-b352aa93e5e1","01-501","head_other_details_locales","""""","""""","""""","""""",""""""
"products","9396f4d7-7310-4163-95f4-b352aa93e5e1","01-501","head_equipment_locales","""""","""""","""""","""""",""""""
"products","9396f4d7-7310-4163-95f4-b352aa93e5e1","01-501","footwear_comfort_features_locales","""""","""""","""""","""""",""""""
"products","9396f4d7-7310-4163-95f4-b352aa93e5e1","01-501","hearing_comfort_features_locales","""""","""""","""""","""""",""""""
"products","9396f4d7-7310-4163-95f4-b352aa93e5e1","01-501","hearing_other_details_locales","""""","""""","""""","""""",""""""
"products","9396f4d7-7310-4163-95f4-b352aa93e5e1","01-501","hearing_equipment_locales","""""","""""","""""","""""",""""""
"products","9396f4d7-7310-4163-95f4-b352aa93e5e1","01-501","respiratory_comfort_features_locales","""""","""""","""""","""""",""""""
"products","9396f4d7-7310-4163-95f4-b352aa93e5e1","01-501","respiratory_other_details_locales","""""","""""","""""","""""",""""""
"products","9396f4d7-7310-4163-95f4-b352aa93e5e1","01-501","respiratory_equipment_locales","""""","""""","""""","""""",""""""
"products","9396f4d7-7310-4163-95f4-b352aa93e5e1","01-501","clothing_comfort_features_locales","""""","""""","""""","""""",""""""
"products","9396f4d7-7310-4163-95f4-b352aa93e5e1","01-501","clothing_other_details_locales","""""","""""","""""","""""",""""""
"products","9396f4d7-7310-4163-95f4-b352aa93e5e1","01-501","footwear_materials_locales","""""","""""","""""","""""",""""""
"products","9396f4d7-7310-4163-95f4-b352aa93e5e1","01-501","footwear_special_features_locales","""""","""""","""""","""""",""""""
"products","9396f4d7-7310-4163-95f4-b352aa93e5e1","01-501","connections_locales","""""","""""","""""","""""",""""""
"products","9396f4d7-7310-4163-95f4-b352aa93e5e1","01-501","compatible_with_locales","""""","""""","""""","""""",""""""
"products","9396f4d7-7310-4163-95f4-b352aa93e5e1","01-501","coatings_locales","""""","""""","""""","""""",""""""
"products","9396f4d7-7310-4163-95f4-b352aa93e5e1","01-501","eye_face_materials_locales","""""","""""","""""","""""",""""""
"products","9396f4d7-7310-4163-95f4-b352aa93e5e1","01-501","head_tech_specs_locales","""""","""""","""""","""""",""""""
"products","9396f4d7-7310-4163-95f4-b352aa93e5e1","01-501","clothing_attributes_locales","""""","""""","""""","""""",""""""
"products","64f12246-8769-4394-922f-f6e0b81af4f3","1-x-tended-s3-src","name_locales","1 X-tended S3 SRC","1 X-tended S3 SRC","""""","""""",""""""
"products","64f12246-8769-4394-922f-f6e0b81af4f3","1-x-tended-s3-src","description_locales","Lightweight and flexible safety boot S3 class with rubber sole resistant to heat, cut and chemicals
","Scarpa S3 leggera e flessibile con suola in gomma resistente al calore, taglio e sostanze chimiche
","""""","""""",""""""
"products","64f12246-8769-4394-922f-f6e0b81af4f3","1-x-tended-s3-src","short_description_locales","Lightweight and flexible safety shoes S3 class with rubber sole","Scarpa S3L leggera e flessibile con suola in gomma","""""","""""",""""""
"products","64f12246-8769-4394-922f-f6e0b81af4f3","1-x-tended-s3-src","category_locales","Safety Footwear","Calzature di sicurezza","""""","""""",""""""
"products","64f12246-8769-4394-922f-f6e0b81af4f3","1-x-tended-s3-src","sub_category_locales","Safety shoes","Scarpe di sicurezza","""""","""""",""""""
"products","64f12246-8769-4394-922f-f6e0b81af4f3","1-x-tended-s3-src","features_locales","[""Protection class S1 PL in accordance with EN ISO 20345:2022 + A1:2024 with with additional marking for excellent slip resistance (SR)"",""Excellent slip resistance (SR)"",""100% metal-free protective toe cap"",""Lateral and medial foot support through a dedicated side frame that protects against twisting and impacts""]","[""Classe di protezione S3L in conformità alla norma EN ISO 20345:2022 + A1:2024 con marcatura aggiuntiva per ottima resistenza allo scivolamento (SR)"",""Puntale protettivo 100% privo di metallo"",""Supporto laterale e mediano del piede tramite un'apposita cornice laterale che protegge dalle torsioni e dagli impatti""]","""""","""""",""""""
"products","64f12246-8769-4394-922f-f6e0b81af4f3","1-x-tended-s3-src","applications_locales","[""Moderate applications, requiring high sole durability"",""Activities in indoor and outdoor environments"",""Operations in challenging ground conditions""]","[""Applicazioni moderate, con necessita' di alta robustezza della suola"",""Attivita' in ambiente interno ed esterno"",""Operazioni con difficili condizioni del suolo""]","""""","""""",""""""
"products","64f12246-8769-4394-922f-f6e0b81af4f3","1-x-tended-s3-src","industries_locales","[""Utilities"",""Construction"",""Oil&Gas"",""Heavy industry"",""Rail"",""Ports"",""Defense"",""Agriculture""]","[""Servizi pubblici"",""costruzioni"",""petrolio e gas"",""industria pesante"",""settore ferroviario"",""porti"",""difesa e agricoltura""]","""""","""""",""""""
"products","64f12246-8769-4394-922f-f6e0b81af4f3","1-x-tended-s3-src","tags_locales","[]","[]","""""","""""",""""""
"products","64f12246-8769-4394-922f-f6e0b81af4f3","1-x-tended-s3-src","size_locales","","","""""","""""",""""""
"products","64f12246-8769-4394-922f-f6e0b81af4f3","1-x-tended-s3-src","materials_locales","[]","[]","""""","""""",""""""
"products","64f12246-8769-4394-922f-f6e0b81af4f3","1-x-tended-s3-src","eye_face_comfort_features_locales","""""","""""","""""","""""",""""""
"products","64f12246-8769-4394-922f-f6e0b81af4f3","1-x-tended-s3-src","eye_face_equipment_locales","""""","""""","""""","""""",""""""
"products","64f12246-8769-4394-922f-f6e0b81af4f3","1-x-tended-s3-src","head_comfort_features_locales","""""","""""","""""","""""",""""""
"products","64f12246-8769-4394-922f-f6e0b81af4f3","1-x-tended-s3-src","head_other_details_locales","""""","""""","""""","""""",""""""
"products","64f12246-8769-4394-922f-f6e0b81af4f3","1-x-tended-s3-src","head_equipment_locales","""""","""""","""""","""""",""""""
"products","64f12246-8769-4394-922f-f6e0b81af4f3","1-x-tended-s3-src","footwear_comfort_features_locales","[""Outstanding comfort thanks to an innovative design, including the use of thermoregulating and breathable perforated materials"",""Removable, breathable antistatic comfort insole with shock absorption in the heel and forefoot"",""Outstanding comfort thanks to an innovative design, including the use of thermoregulating and breathable materials""]","[""Comfort straordinario grazie a una concezione innovativa della forma, che comprende l'uso di materiali traforati termoregolanti e traspiranti"",""Soletta comfort antistatica estraibile traspirante e assorbimento degli urti su tallone e avampiede"",""Comfort straordinario grazie a una concezione innovativa della forma, che comprende l'uso di materiali termoregolanti e traspiranti""]","""""","""""",""""""
"products","64f12246-8769-4394-922f-f6e0b81af4f3","1-x-tended-s3-src","hearing_comfort_features_locales","""""","""""","""""","""""",""""""
"products","64f12246-8769-4394-922f-f6e0b81af4f3","1-x-tended-s3-src","hearing_other_details_locales","""""","""""","""""","""""",""""""
"products","64f12246-8769-4394-922f-f6e0b81af4f3","1-x-tended-s3-src","hearing_equipment_locales","""""","""""","""""","""""",""""""
"products","64f12246-8769-4394-922f-f6e0b81af4f3","1-x-tended-s3-src","respiratory_comfort_features_locales","""""","""""","""""","""""",""""""
"products","64f12246-8769-4394-922f-f6e0b81af4f3","1-x-tended-s3-src","respiratory_other_details_locales","""""","""""","""""","""""",""""""
"products","64f12246-8769-4394-922f-f6e0b81af4f3","1-x-tended-s3-src","respiratory_equipment_locales","""""","""""","""""","""""",""""""
"products","64f12246-8769-4394-922f-f6e0b81af4f3","1-x-tended-s3-src","clothing_comfort_features_locales","""""","""""","""""","""""",""""""
"products","64f12246-8769-4394-922f-f6e0b81af4f3","1-x-tended-s3-src","clothing_other_details_locales","""""","""""","""""","""""",""""""
"products","64f12246-8769-4394-922f-f6e0b81af4f3","1-x-tended-s3-src","footwear_materials_locales","""""","""""","""""","""""",""""""
"products","64f12246-8769-4394-922f-f6e0b81af4f3","1-x-tended-s3-src","footwear_special_features_locales","""""","""""","""""","""""",""""""
"products","64f12246-8769-4394-922f-f6e0b81af4f3","1-x-tended-s3-src","connections_locales","""""","""""","""""","""""",""""""
"products","64f12246-8769-4394-922f-f6e0b81af4f3","1-x-tended-s3-src","compatible_with_locales","""""","""""","""""","""""",""""""
"products","64f12246-8769-4394-922f-f6e0b81af4f3","1-x-tended-s3-src","coatings_locales","""""","""""","""""","""""",""""""
"products","64f12246-8769-4394-922f-f6e0b81af4f3","1-x-tended-s3-src","eye_face_materials_locales","""""","""""","""""","""""",""""""
"products","64f12246-8769-4394-922f-f6e0b81af4f3","1-x-tended-s3-src","head_tech_specs_locales","""""","""""","""""","""""",""""""
"products","64f12246-8769-4394-922f-f6e0b81af4f3","1-x-tended-s3-src","clothing_attributes_locales","""""","""""","""""","""""",""""""
"products","5604e35d-caca-4328-8716-96259e4b9db7","06-p-212","name_locales","06 P 212","06 P 212","""""","""""",""""""
"products","5604e35d-caca-4328-8716-96259e4b9db7","06-p-212","description_locales","Long-cuff thermal glove 212 g – double 100 % continuous yarn cotton glove (28 cm), 212 g weight. Ergonomic design for prolonged use in operations up to 250 °C requiring high dexterity.","""Guanto Termico Polso Lungo 212g – Doppio guanto in cotone 100% (28 cm), peso 212 g.
Guanto con design ergonomico per uso prolungato per operazioni fino a 250C""","""""","""""",""""""
"products","5604e35d-caca-4328-8716-96259e4b9db7","06-p-212","short_description_locales","Double heat-resistant glove with long cuff for high dexterity in operations up to 250 °C","Doppio guanto anticalore con polso lungo ad elevata destrezza per operazioni fino a 250C","""""","""""",""""""
"products","5604e35d-caca-4328-8716-96259e4b9db7","06-p-212","category_locales","Hand protection","Protezione delle mani","""""","""""",""""""
"products","5604e35d-caca-4328-8716-96259e4b9db7","06-p-212","sub_category_locales","Heat resistant gloves","Guanti anticalore","""""","""""",""""""
"products","5604e35d-caca-4328-8716-96259e4b9db7","06-p-212","features_locales","[""Seamless continuous-yarn"",""Ergonomic design for prolonged use"",""Certified to 250 °C"",""Weight: 212 g""]","[""Filo continuo, senza cuciture"",""Design ergonomico per uso prolungato"",""Certificato fino a 250C"",""Peso 212 g""]","""""","""""",""""""
"products","5604e35d-caca-4328-8716-96259e4b9db7","06-p-212","applications_locales","[""Handling parts up to 250 °C"",""Finishing & assembly in hot environments"",""Thermal-plant maintenance""]","[""Manipolazione pezzi fino a 250°C"",""Lavori di finitura e assemblaggi in ambienti caldi"",""Manutenzione impianti termici""]","""""","""""",""""""
"products","5604e35d-caca-4328-8716-96259e4b9db7","06-p-212","industries_locales","[""Foundries"",""Glass industry"",""Industrial maintenance""]","[""Fonderia"",""Industria del vetro"",""Manutenzione industriale""]","""""","""""",""""""
"products","5604e35d-caca-4328-8716-96259e4b9db7","06-p-212","tags_locales","[""Heat-resistant"",""250 °C"",""medium risk"",""cotton glove""]","[""anticalore"",""250C"",""rischi medi"",""guanto in cotone""]","""""","""""",""""""
"products","5604e35d-caca-4328-8716-96259e4b9db7","06-p-212","size_locales","One size","Unica","""""","""""",""""""
"products","5604e35d-caca-4328-8716-96259e4b9db7","06-p-212","materials_locales","[""cotton""]","[""cotone""]","""""","""""",""""""
"products","5604e35d-caca-4328-8716-96259e4b9db7","06-p-212","eye_face_comfort_features_locales","""""","""""","""""","""""",""""""
"products","5604e35d-caca-4328-8716-96259e4b9db7","06-p-212","eye_face_equipment_locales","""""","""""","""""","""""",""""""
"products","5604e35d-caca-4328-8716-96259e4b9db7","06-p-212","head_comfort_features_locales","""""","""""","""""","""""",""""""
"products","5604e35d-caca-4328-8716-96259e4b9db7","06-p-212","head_other_details_locales","""""","""""","""""","""""",""""""
"products","5604e35d-caca-4328-8716-96259e4b9db7","06-p-212","head_equipment_locales","""""","""""","""""","""""",""""""
"products","5604e35d-caca-4328-8716-96259e4b9db7","06-p-212","footwear_comfort_features_locales","""""","""""","""""","""""",""""""
"products","5604e35d-caca-4328-8716-96259e4b9db7","06-p-212","hearing_comfort_features_locales","""""","""""","""""","""""",""""""
"products","5604e35d-caca-4328-8716-96259e4b9db7","06-p-212","hearing_other_details_locales","""""","""""","""""","""""",""""""
"products","5604e35d-caca-4328-8716-96259e4b9db7","06-p-212","hearing_equipment_locales","""""","""""","""""","""""",""""""
"products","5604e35d-caca-4328-8716-96259e4b9db7","06-p-212","respiratory_comfort_features_locales","""""","""""","""""","""""",""""""
"products","5604e35d-caca-4328-8716-96259e4b9db7","06-p-212","respiratory_other_details_locales","""""","""""","""""","""""",""""""
"products","5604e35d-caca-4328-8716-96259e4b9db7","06-p-212","respiratory_equipment_locales","""""","""""","""""","""""",""""""
"products","5604e35d-caca-4328-8716-96259e4b9db7","06-p-212","clothing_comfort_features_locales","""""","""""","""""","""""",""""""
"products","5604e35d-caca-4328-8716-96259e4b9db7","06-p-212","clothing_other_details_locales","""""","""""","""""","""""",""""""
"products","5604e35d-caca-4328-8716-96259e4b9db7","06-p-212","footwear_materials_locales","""""","""""","""""","""""",""""""
"products","5604e35d-caca-4328-8716-96259e4b9db7","06-p-212","footwear_special_features_locales","""""","""""","""""","""""",""""""
"products","5604e35d-caca-4328-8716-96259e4b9db7","06-p-212","connections_locales","""""","""""","""""","""""",""""""
"products","5604e35d-caca-4328-8716-96259e4b9db7","06-p-212","compatible_with_locales","""""","""""","""""","""""",""""""
"products","5604e35d-caca-4328-8716-96259e4b9db7","06-p-212","coatings_locales","""""","""""","""""","""""",""""""
"products","5604e35d-caca-4328-8716-96259e4b9db7","06-p-212","eye_face_materials_locales","""""","""""","""""","""""",""""""
"products","5604e35d-caca-4328-8716-96259e4b9db7","06-p-212","head_tech_specs_locales","""""","""""","""""","""""",""""""
"products","5604e35d-caca-4328-8716-96259e4b9db7","06-p-212","clothing_attributes_locales","""""","""""","""""","""""",""""""
"products","5e3b16ac-3347-402f-ba5e-4946a34f4ef8","1-x-craft-s3-pl-fo-sc-sr","name_locales","1 X-craft S3 PL FO SC SR","1 X-craft S3 PL FO SC SR","""""","""""",""""""
"products","5e3b16ac-3347-402f-ba5e-4946a34f4ef8","1-x-craft-s3-pl-fo-sc-sr","description_locales","Lightweight and flexible safety boot S3 class with rubber sole resistant to heat, cut and chemicals
","Scarpa S3 leggera e flessibile con suola in gomma resistente al calore, taglio e sostanze chimiche
","""""","""""",""""""
"products","5e3b16ac-3347-402f-ba5e-4946a34f4ef8","1-x-craft-s3-pl-fo-sc-sr","short_description_locales","Lightweight and flexible safety shoes S3 class with rubber sole","Scarpa S3L leggera e flessibile con suola in gomma","""""","""""",""""""
"products","5e3b16ac-3347-402f-ba5e-4946a34f4ef8","1-x-craft-s3-pl-fo-sc-sr","category_locales","Safety Footwear","Calzature di sicurezza","""""","""""",""""""
"products","5e3b16ac-3347-402f-ba5e-4946a34f4ef8","1-x-craft-s3-pl-fo-sc-sr","sub_category_locales","Safety shoes","Scarpe di sicurezza","""""","""""",""""""
"products","5e3b16ac-3347-402f-ba5e-4946a34f4ef8","1-x-craft-s3-pl-fo-sc-sr","features_locales","[""Sporty and particularly lightweight S3L safety lace-up boot"",""Removable antistatic comfort insole"",""Foamed polyurethane heel reinforcement""]","[""Stivale con lacci antinfortunistico S3L sportivo e particolarmente leggero"",""Soletta comfort antistatica estraibile"",""Rinforzo in poliuretano espanso in corrispondenza del tallone""]","""""","""""",""""""
"products","5e3b16ac-3347-402f-ba5e-4946a34f4ef8","1-x-craft-s3-pl-fo-sc-sr","applications_locales","[""Moderate applications, requiring high sole durability"",""Activities in indoor and outdoor environments"",""Operations in challenging ground conditions""]","[""Applicazioni moderate, con necessita' di alta robustezza della suola"",""Attivita' in ambiente interno ed esterno"",""Operazioni con difficili condizioni del suolo""]","""""","""""",""""""
"products","5e3b16ac-3347-402f-ba5e-4946a34f4ef8","1-x-craft-s3-pl-fo-sc-sr","industries_locales","[""Utilities"",""Construction"",""Oil&Gas"",""Heavy industry"",""Rail"",""Ports"",""Defense"",""Agriculture""]","[""Servizi pubblici"",""costruzioni"",""petrolio e gas"",""industria pesante"",""settore ferroviario"",""porti"",""difesa e agricoltura""]","""""","""""",""""""
"products","5e3b16ac-3347-402f-ba5e-4946a34f4ef8","1-x-craft-s3-pl-fo-sc-sr","tags_locales","[]","[]","""""","""""",""""""
"products","5e3b16ac-3347-402f-ba5e-4946a34f4ef8","1-x-craft-s3-pl-fo-sc-sr","size_locales","","","""""","""""",""""""
"products","5e3b16ac-3347-402f-ba5e-4946a34f4ef8","1-x-craft-s3-pl-fo-sc-sr","materials_locales","[]","[]","""""","""""",""""""
"products","5e3b16ac-3347-402f-ba5e-4946a34f4ef8","1-x-craft-s3-pl-fo-sc-sr","eye_face_comfort_features_locales","""""","""""","""""","""""",""""""
"products","5e3b16ac-3347-402f-ba5e-4946a34f4ef8","1-x-craft-s3-pl-fo-sc-sr","eye_face_equipment_locales","""""","""""","""""","""""",""""""
"products","5e3b16ac-3347-402f-ba5e-4946a34f4ef8","1-x-craft-s3-pl-fo-sc-sr","head_comfort_features_locales","""""","""""","""""","""""",""""""
"products","5e3b16ac-3347-402f-ba5e-4946a34f4ef8","1-x-craft-s3-pl-fo-sc-sr","head_other_details_locales","""""","""""","""""","""""",""""""
"products","5e3b16ac-3347-402f-ba5e-4946a34f4ef8","1-x-craft-s3-pl-fo-sc-sr","head_equipment_locales","""""","""""","""""","""""",""""""
"products","5e3b16ac-3347-402f-ba5e-4946a34f4ef8","1-x-craft-s3-pl-fo-sc-sr","footwear_comfort_features_locales","[""Shock-absorbing uvex i-PUREnrj planet midsole with energy return technology"",""Breathable Distance Mesh lining"",""Lightweight and breathable micro-velour upper""]","[""Intersuola uvex i-PUREnrj planet ammortizzante e con tecnologia di recupero di energia,"",""Fodera Distance Mesh traspirante"",""Tomaia in microvelluto leggero e traspirante""]","""""","""""",""""""
"products","5e3b16ac-3347-402f-ba5e-4946a34f4ef8","1-x-craft-s3-pl-fo-sc-sr","hearing_comfort_features_locales","""""","""""","""""","""""",""""""
"products","5e3b16ac-3347-402f-ba5e-4946a34f4ef8","1-x-craft-s3-pl-fo-sc-sr","hearing_other_details_locales","""""","""""","""""","""""",""""""
"products","5e3b16ac-3347-402f-ba5e-4946a34f4ef8","1-x-craft-s3-pl-fo-sc-sr","hearing_equipment_locales","""""","""""","""""","""""",""""""
"products","5e3b16ac-3347-402f-ba5e-4946a34f4ef8","1-x-craft-s3-pl-fo-sc-sr","respiratory_comfort_features_locales","""""","""""","""""","""""",""""""
"products","5e3b16ac-3347-402f-ba5e-4946a34f4ef8","1-x-craft-s3-pl-fo-sc-sr","respiratory_other_details_locales","""""","""""","""""","""""",""""""
"products","5e3b16ac-3347-402f-ba5e-4946a34f4ef8","1-x-craft-s3-pl-fo-sc-sr","respiratory_equipment_locales","""""","""""","""""","""""",""""""
"products","5e3b16ac-3347-402f-ba5e-4946a34f4ef8","1-x-craft-s3-pl-fo-sc-sr","clothing_comfort_features_locales","""""","""""","""""","""""",""""""
"products","5e3b16ac-3347-402f-ba5e-4946a34f4ef8","1-x-craft-s3-pl-fo-sc-sr","clothing_other_details_locales","""""","""""","""""","""""",""""""
"products","5e3b16ac-3347-402f-ba5e-4946a34f4ef8","1-x-craft-s3-pl-fo-sc-sr","footwear_materials_locales","{""sole"":""Rubber"",""upper"":""Distance-Mesh"",""insole"":""Microfibre + PU foam"",""lining"":""Distance-Mesh"",""toe_cap"":""PU foam, Plastic""}","{""sole"":"""",""upper"":"""",""insole"":"""",""lining"":"""",""toe_cap"":""""}","""""","""""",""""""
"products","5e3b16ac-3347-402f-ba5e-4946a34f4ef8","1-x-craft-s3-pl-fo-sc-sr","footwear_special_features_locales","""""","""""","""""","""""",""""""
"products","5e3b16ac-3347-402f-ba5e-4946a34f4ef8","1-x-craft-s3-pl-fo-sc-sr","connections_locales","""""","""""","""""","""""",""""""
"products","5e3b16ac-3347-402f-ba5e-4946a34f4ef8","1-x-craft-s3-pl-fo-sc-sr","compatible_with_locales","""""","""""","""""","""""",""""""
"products","5e3b16ac-3347-402f-ba5e-4946a34f4ef8","1-x-craft-s3-pl-fo-sc-sr","coatings_locales","""""","""""","""""","""""",""""""
"products","5e3b16ac-3347-402f-ba5e-4946a34f4ef8","1-x-craft-s3-pl-fo-sc-sr","eye_face_materials_locales","""""","""""","""""","""""",""""""
"products","5e3b16ac-3347-402f-ba5e-4946a34f4ef8","1-x-craft-s3-pl-fo-sc-sr","head_tech_specs_locales","{""colours"":[],""brim_length"":"""",""form_factor"":"""",""additional_features"":[]}","{""colours"":[],""brim_length"":"""",""form_factor"":"""",""additional_features"":[]}","""""","""""",""""""
"products","5e3b16ac-3347-402f-ba5e-4946a34f4ef8","1-x-craft-s3-pl-fo-sc-sr","clothing_attributes_locales","""""","""""","""""","""""",""""""
"products","7c2dce68-e64f-400a-94ef-594959df3553","maccrossroad-3-0-low","name_locales","Maccrossroad 3.0 LOW","Maccrossroad 3.0 LOW","""""","""""",""""""
"products","7c2dce68-e64f-400a-94ef-594959df3553","maccrossroad-3-0-low","description_locales","Safety boot S3/S3L class with rubber sole
","Scarpa di sicurezza classe S3 con suola in gomma ed inserti MACABSORB EVA per maggiore flessibilità
","""""","""""",""""""
"products","7c2dce68-e64f-400a-94ef-594959df3553","maccrossroad-3-0-low","short_description_locales","Safety boot S3/S3L class with rubber sole","Scarponcino di sicurezza classe S3/S3L con suola in gomma","""""","""""",""""""
"products","7c2dce68-e64f-400a-94ef-594959df3553","maccrossroad-3-0-low","category_locales","Safety Footwear","Calzature di sicurezza","""""","""""",""""""
"products","7c2dce68-e64f-400a-94ef-594959df3553","maccrossroad-3-0-low","sub_category_locales","Safety shoes","Scarpe di sicurezza","""""","""""",""""""
"products","7c2dce68-e64f-400a-94ef-594959df3553","maccrossroad-3-0-low","features_locales","[""Oil, hydrocarbons and chemical resistant sole, for up to 300˚C"",""Metatarsal protection 100 Joules fully integrated into the tongue"",""Metal-free toe cap and penetration resistant sole"",""Eccellente aderenza (SRC)""]","[""Eccellente aderenza (SRC)"",""Suola resistente a oli, idrocarburi e sostanze chimiche, fino a 300°C"",""Protezione del metatarso da 100 Joule completamente integrata nella linguetta"",""Punta e suola antiperforazione senza metallo""]","""""","""""",""""""
"products","7c2dce68-e64f-400a-94ef-594959df3553","maccrossroad-3-0-low","applications_locales","[""Activities with high risk of slipping"",""Presence of chemicals and oil/hydrocarbons"",""Activities with risk of objects falling on the metatarsals""]","[""Attività ad alto rischio di scivolamento"",""Presenza di sostanze chimiche e oli/idrocarburi"",""Operazioni in presenza di rischio caduta oggetti sul metatarso""]","""""","""""",""""""
"products","7c2dce68-e64f-400a-94ef-594959df3553","maccrossroad-3-0-low","industries_locales","[""Utilities"",""Construction"",""Oil&Gas"",""Heavy industry"",""Rail"",""Ports"",""Defense"",""Agriculture""]","[""Servizi pubblici"",""costruzioni"",""petrolio e gas"",""industria pesante"",""settore ferroviario"",""porti"",""difesa e agricoltura""]","""""","""""",""""""
"products","7c2dce68-e64f-400a-94ef-594959df3553","maccrossroad-3-0-low","tags_locales","[]","[]","""""","""""",""""""
"products","7c2dce68-e64f-400a-94ef-594959df3553","maccrossroad-3-0-low","size_locales","","","""""","""""",""""""
"products","7c2dce68-e64f-400a-94ef-594959df3553","maccrossroad-3-0-low","materials_locales","[]","[]","""""","""""",""""""
"products","7c2dce68-e64f-400a-94ef-594959df3553","maccrossroad-3-0-low","eye_face_comfort_features_locales","""""","""""","""""","""""",""""""
"products","7c2dce68-e64f-400a-94ef-594959df3553","maccrossroad-3-0-low","eye_face_equipment_locales","""""","""""","""""","""""",""""""
"products","7c2dce68-e64f-400a-94ef-594959df3553","maccrossroad-3-0-low","head_comfort_features_locales","""""","""""","""""","""""",""""""
"products","7c2dce68-e64f-400a-94ef-594959df3553","maccrossroad-3-0-low","head_other_details_locales","""""","""""","""""","""""",""""""
"products","7c2dce68-e64f-400a-94ef-594959df3553","maccrossroad-3-0-low","head_equipment_locales","""""","""""","""""","""""",""""""
"products","7c2dce68-e64f-400a-94ef-594959df3553","maccrossroad-3-0-low","footwear_comfort_features_locales","[""Rubber sole with insert in forefoot & heel for excellent shock absorption and flexibility"",""Ergonomic sole supports natural rolling movement of the foot  and all-terrain sole profile disperses surface debris for better grip"",""Ankle Guard & reinforced heel supports foot for better stability especially on uneven surfaces while retaining a high level of movement"",""Anatomically shaped insole wih shock absorbers in the heel and forefoot and microfibre layer for better abrasion resistance""]","[""Suola in gomma con inserti su avampiede e tallone per eccellente assorbimento degli urti e flessibilità"",""Suola ergonomica che supporta il naturale movimento rotatorio del piede e profilo all-terrain che disperde detriti superficiali per una migliore aderenza"",""Protezione caviglia e tallone rinforzato supportano il piede per maggiore stabilità, soprattutto su superfici irregolari, mantenendo comunque un alto livello di movimento"",""Sottopiede anatomico con ammortizzatori su tallone e avampiede e strato in microfibra per maggiore resistenza all’abrasione""]","""""","""""",""""""
"products","7c2dce68-e64f-400a-94ef-594959df3553","maccrossroad-3-0-low","hearing_comfort_features_locales","""""","""""","""""","""""",""""""
"products","7c2dce68-e64f-400a-94ef-594959df3553","maccrossroad-3-0-low","hearing_other_details_locales","""""","""""","""""","""""",""""""
"products","7c2dce68-e64f-400a-94ef-594959df3553","maccrossroad-3-0-low","hearing_equipment_locales","""""","""""","""""","""""",""""""
"products","7c2dce68-e64f-400a-94ef-594959df3553","maccrossroad-3-0-low","respiratory_comfort_features_locales","""""","""""","""""","""""",""""""
"products","7c2dce68-e64f-400a-94ef-594959df3553","maccrossroad-3-0-low","respiratory_other_details_locales","""""","""""","""""","""""",""""""
"products","7c2dce68-e64f-400a-94ef-594959df3553","maccrossroad-3-0-low","respiratory_equipment_locales","""""","""""","""""","""""",""""""
"products","7c2dce68-e64f-400a-94ef-594959df3553","maccrossroad-3-0-low","clothing_comfort_features_locales","""""","""""","""""","""""",""""""
"products","7c2dce68-e64f-400a-94ef-594959df3553","maccrossroad-3-0-low","clothing_other_details_locales","""""","""""","""""","""""",""""""
"products","7c2dce68-e64f-400a-94ef-594959df3553","maccrossroad-3-0-low","footwear_materials_locales","""""","""""","""""","""""",""""""
"products","7c2dce68-e64f-400a-94ef-594959df3553","maccrossroad-3-0-low","footwear_special_features_locales","""""","""""","""""","""""",""""""
"products","7c2dce68-e64f-400a-94ef-594959df3553","maccrossroad-3-0-low","connections_locales","""""","""""","""""","""""",""""""
"products","7c2dce68-e64f-400a-94ef-594959df3553","maccrossroad-3-0-low","compatible_with_locales","""""","""""","""""","""""",""""""
"products","7c2dce68-e64f-400a-94ef-594959df3553","maccrossroad-3-0-low","coatings_locales","""""","""""","""""","""""",""""""
"products","7c2dce68-e64f-400a-94ef-594959df3553","maccrossroad-3-0-low","eye_face_materials_locales","""""","""""","""""","""""",""""""
"products","7c2dce68-e64f-400a-94ef-594959df3553","maccrossroad-3-0-low","head_tech_specs_locales","""""","""""","""""","""""",""""""
"products","7c2dce68-e64f-400a-94ef-594959df3553","maccrossroad-3-0-low","clothing_attributes_locales","""""","""""","""""","""""",""""""
"products","110a9c54-9891-449c-b34c-91dc040c5017","49k","name_locales","49K","49K","""""","""""",""""""
"products","110a9c54-9891-449c-b34c-91dc040c5017","49k","description_locales","Five‑finger welder’s glove in bovine split leather, fully lined.
Ideal for medium to heavy welding and handling.

Available in multiple colors (incl. natural).","Guanto per saldatore a cinque dita in pelle crosta bovina, totalmente foderato.
Ideale per saldature e manipolazione medie/pesanti.

Disponibile in diverse colorazioni (incl. naturale).","""""","""""",""""""
"products","110a9c54-9891-449c-b34c-91dc040c5017","49k","short_description_locales","Lined cowhide-leather welder’s glove with a Kevlar insert on the back.","Guanto per saldatore in pelle crosta bovina, foderato, con inserto in Kevlar sul dorso.","""""","""""",""""""
"products","110a9c54-9891-449c-b34c-91dc040c5017","49k","category_locales","Hand protection","Protezione delle mani","""""","""""",""""""
"products","110a9c54-9891-449c-b34c-91dc040c5017","49k","sub_category_locales","Welding gloves","Guanti per saldatura","""""","""""",""""""
"products","110a9c54-9891-449c-b34c-91dc040c5017","49k","features_locales","[""Excellent contact-heat protection (250 °C)"",""High flame resistance"",""High tear resistance"",""Available colors: Gray, Green, Brick""]","[""Ottima protezione calore da contatto (250˚C)"",""Elevata resistenza all’infiammabilità"",""Elevata resistenza allo strappo"",""Colori disponibili: Grigio, Verde, Mattone""]","""""","""""",""""""
"products","110a9c54-9891-449c-b34c-91dc040c5017","49k","applications_locales","[""Glove designed for welding operations"",""Suitable for operations and handling in the glass & steel industry"",""Handling metal slags""]","[""Guanto progettato per operazioni di saldatura"",""Indicato nelle lavorazioni e manipolazione nell'industria del vetro e dell'acciaio"",""Movimentazione di scorie metalliche""]","""""","""""",""""""
"products","110a9c54-9891-449c-b34c-91dc040c5017","49k","industries_locales","[""Industrial welding"",""Carpentry"",""Metallurgical industry"",""Glass industry""]","[""Saldatura industriale"",""Carpenteria"",""Industria metallurgica"",""Industria del vetro""]","""""","""""",""""""
"products","110a9c54-9891-449c-b34c-91dc040c5017","49k","tags_locales","[""Welder’s glove"",""leather glove"",""dexterity"",""250 °C""]","[""Guanto per saldatore"",""guanto in pelle"",""destrezza"",""250°C""]","""""","""""",""""""
"products","110a9c54-9891-449c-b34c-91dc040c5017","49k","size_locales","One size","Unica","""""","""""",""""""
"products","110a9c54-9891-449c-b34c-91dc040c5017","49k","materials_locales","[""leather""]","[""pelle""]","""""","""""",""""""
"products","110a9c54-9891-449c-b34c-91dc040c5017","49k","eye_face_comfort_features_locales","""""","""""","""""","""""",""""""
"products","110a9c54-9891-449c-b34c-91dc040c5017","49k","eye_face_equipment_locales","""""","""""","""""","""""",""""""
"products","110a9c54-9891-449c-b34c-91dc040c5017","49k","head_comfort_features_locales","""""","""""","""""","""""",""""""
"products","110a9c54-9891-449c-b34c-91dc040c5017","49k","head_other_details_locales","""""","""""","""""","""""",""""""
"products","110a9c54-9891-449c-b34c-91dc040c5017","49k","head_equipment_locales","""""","""""","""""","""""",""""""
"products","110a9c54-9891-449c-b34c-91dc040c5017","49k","footwear_comfort_features_locales","""""","""""","""""","""""",""""""
"products","110a9c54-9891-449c-b34c-91dc040c5017","49k","hearing_comfort_features_locales","""""","""""","""""","""""",""""""
"products","110a9c54-9891-449c-b34c-91dc040c5017","49k","hearing_other_details_locales","""""","""""","""""","""""",""""""
"products","110a9c54-9891-449c-b34c-91dc040c5017","49k","hearing_equipment_locales","""""","""""","""""","""""",""""""
"products","110a9c54-9891-449c-b34c-91dc040c5017","49k","respiratory_comfort_features_locales","""""","""""","""""","""""",""""""
"products","110a9c54-9891-449c-b34c-91dc040c5017","49k","respiratory_other_details_locales","""""","""""","""""","""""",""""""
"products","110a9c54-9891-449c-b34c-91dc040c5017","49k","respiratory_equipment_locales","""""","""""","""""","""""",""""""
"products","110a9c54-9891-449c-b34c-91dc040c5017","49k","clothing_comfort_features_locales","""""","""""","""""","""""",""""""
"products","110a9c54-9891-449c-b34c-91dc040c5017","49k","clothing_other_details_locales","""""","""""","""""","""""",""""""
"products","110a9c54-9891-449c-b34c-91dc040c5017","49k","footwear_materials_locales","""""","""""","""""","""""",""""""
"products","110a9c54-9891-449c-b34c-91dc040c5017","49k","footwear_special_features_locales","""""","""""","""""","""""",""""""
"products","110a9c54-9891-449c-b34c-91dc040c5017","49k","connections_locales","""""","""""","""""","""""",""""""
"products","110a9c54-9891-449c-b34c-91dc040c5017","49k","compatible_with_locales","""""","""""","""""","""""",""""""
"products","110a9c54-9891-449c-b34c-91dc040c5017","49k","coatings_locales","""""","""""","""""","""""",""""""
"products","110a9c54-9891-449c-b34c-91dc040c5017","49k","eye_face_materials_locales","""""","""""","""""","""""",""""""
"products","110a9c54-9891-449c-b34c-91dc040c5017","49k","head_tech_specs_locales","""""","""""","""""","""""",""""""
"products","110a9c54-9891-449c-b34c-91dc040c5017","49k","clothing_attributes_locales","""""","""""","""""","""""",""""""
"products","a8871897-a0c1-483a-b970-f8cc6a251693","maccrossroad-3-0-hight","name_locales","Maccrossroad 3.0 HIGHT","Maccrossroad 3.0 LOW (2)","""""","""""",""""""
"products","a8871897-a0c1-483a-b970-f8cc6a251693","maccrossroad-3-0-hight","description_locales","Safety boot S3/S3L class with rubber sole
","Scarpa di sicurezza classe S3 con suola in gomma ed inserti MACABSORB EVA per maggiore flessibilità
","""""","""""",""""""
"products","a8871897-a0c1-483a-b970-f8cc6a251693","maccrossroad-3-0-hight","short_description_locales","Safety boot S3/S3L class with rubber sole","Scarponcino di sicurezza classe S3/S3L con suola in gomma","""""","""""",""""""
"products","a8871897-a0c1-483a-b970-f8cc6a251693","maccrossroad-3-0-hight","category_locales","Safety Footwear","Calzature di sicurezza","""""","""""",""""""
"products","a8871897-a0c1-483a-b970-f8cc6a251693","maccrossroad-3-0-hight","sub_category_locales","Safety shoes","Scarpe di sicurezza","""""","""""",""""""
"products","a8871897-a0c1-483a-b970-f8cc6a251693","maccrossroad-3-0-hight","features_locales","[""Oil, hydrocarbons and chemical resistant sole, for up to 300˚C"",""Metatarsal protection 100 Joules fully integrated into the tongue"",""Metal-free toe cap and penetration resistant sole"",""Eccellente aderenza (SRC)""]","[""Eccellente aderenza (SRC)"",""Suola resistente a oli, idrocarburi e sostanze chimiche, fino a 300°C"",""Protezione del metatarso da 100 Joule completamente integrata nella linguetta"",""Punta e suola antiperforazione senza metallo""]","""""","""""",""""""
"products","a8871897-a0c1-483a-b970-f8cc6a251693","maccrossroad-3-0-hight","applications_locales","[""Activities with high risk of slipping"",""Presence of chemicals and oil/hydrocarbons"",""Activities with risk of objects falling on the metatarsals""]","[""Attività ad alto rischio di scivolamento"",""Presenza di sostanze chimiche e oli/idrocarburi"",""Operazioni in presenza di rischio caduta oggetti sul metatarso""]","""""","""""",""""""
"products","a8871897-a0c1-483a-b970-f8cc6a251693","maccrossroad-3-0-hight","industries_locales","[""Utilities"",""Construction"",""Oil&Gas"",""Heavy industry"",""Rail"",""Ports"",""Defense"",""Agriculture""]","[""Servizi pubblici"",""costruzioni"",""petrolio e gas"",""industria pesante"",""settore ferroviario"",""porti"",""difesa e agricoltura""]","""""","""""",""""""
"products","a8871897-a0c1-483a-b970-f8cc6a251693","maccrossroad-3-0-hight","tags_locales","[]","[]","""""","""""",""""""
"products","a8871897-a0c1-483a-b970-f8cc6a251693","maccrossroad-3-0-hight","size_locales","","","""""","""""",""""""
"products","a8871897-a0c1-483a-b970-f8cc6a251693","maccrossroad-3-0-hight","materials_locales","[]","[]","""""","""""",""""""
"products","a8871897-a0c1-483a-b970-f8cc6a251693","maccrossroad-3-0-hight","eye_face_comfort_features_locales","""""","""""","""""","""""",""""""
"products","a8871897-a0c1-483a-b970-f8cc6a251693","maccrossroad-3-0-hight","eye_face_equipment_locales","""""","""""","""""","""""",""""""
"products","a8871897-a0c1-483a-b970-f8cc6a251693","maccrossroad-3-0-hight","head_comfort_features_locales","""""","""""","""""","""""",""""""
"products","a8871897-a0c1-483a-b970-f8cc6a251693","maccrossroad-3-0-hight","head_other_details_locales","""""","""""","""""","""""",""""""
"products","a8871897-a0c1-483a-b970-f8cc6a251693","maccrossroad-3-0-hight","head_equipment_locales","""""","""""","""""","""""",""""""
"products","a8871897-a0c1-483a-b970-f8cc6a251693","maccrossroad-3-0-hight","footwear_comfort_features_locales","[""Rubber sole with insert in forefoot & heel for excellent shock absorption and flexibility"",""Ergonomic sole supports natural rolling movement of the foot  and all-terrain sole profile disperses surface debris for better grip"",""Ankle Guard & reinforced heel supports foot for better stability especially on uneven surfaces while retaining a high level of movement"",""Anatomically shaped insole wih shock absorbers in the heel and forefoot and microfibre layer for better abrasion resistance""]","[""Suola in gomma con inserti su avampiede e tallone per eccellente assorbimento degli urti e flessibilità"",""Suola ergonomica che supporta il naturale movimento rotatorio del piede e profilo all-terrain che disperde detriti superficiali per una migliore aderenza"",""Protezione caviglia e tallone rinforzato supportano il piede per maggiore stabilità, soprattutto su superfici irregolari, mantenendo comunque un alto livello di movimento"",""Sottopiede anatomico con ammortizzatori su tallone e avampiede e strato in microfibra per maggiore resistenza all’abrasione""]","""""","""""",""""""
"products","a8871897-a0c1-483a-b970-f8cc6a251693","maccrossroad-3-0-hight","hearing_comfort_features_locales","""""","""""","""""","""""",""""""
"products","a8871897-a0c1-483a-b970-f8cc6a251693","maccrossroad-3-0-hight","hearing_other_details_locales","""""","""""","""""","""""",""""""
"products","a8871897-a0c1-483a-b970-f8cc6a251693","maccrossroad-3-0-hight","hearing_equipment_locales","""""","""""","""""","""""",""""""
"products","a8871897-a0c1-483a-b970-f8cc6a251693","maccrossroad-3-0-hight","respiratory_comfort_features_locales","""""","""""","""""","""""",""""""
"products","a8871897-a0c1-483a-b970-f8cc6a251693","maccrossroad-3-0-hight","respiratory_other_details_locales","""""","""""","""""","""""",""""""
"products","a8871897-a0c1-483a-b970-f8cc6a251693","maccrossroad-3-0-hight","respiratory_equipment_locales","""""","""""","""""","""""",""""""
"products","a8871897-a0c1-483a-b970-f8cc6a251693","maccrossroad-3-0-hight","clothing_comfort_features_locales","""""","""""","""""","""""",""""""
"products","a8871897-a0c1-483a-b970-f8cc6a251693","maccrossroad-3-0-hight","clothing_other_details_locales","""""","""""","""""","""""",""""""
"products","a8871897-a0c1-483a-b970-f8cc6a251693","maccrossroad-3-0-hight","footwear_materials_locales","""""","""""","""""","""""",""""""
"products","a8871897-a0c1-483a-b970-f8cc6a251693","maccrossroad-3-0-hight","footwear_special_features_locales","""""","""""","""""","""""",""""""
"products","a8871897-a0c1-483a-b970-f8cc6a251693","maccrossroad-3-0-hight","connections_locales","""""","""""","""""","""""",""""""
"products","a8871897-a0c1-483a-b970-f8cc6a251693","maccrossroad-3-0-hight","compatible_with_locales","""""","""""","""""","""""",""""""
"products","a8871897-a0c1-483a-b970-f8cc6a251693","maccrossroad-3-0-hight","coatings_locales","""""","""""","""""","""""",""""""
"products","a8871897-a0c1-483a-b970-f8cc6a251693","maccrossroad-3-0-hight","eye_face_materials_locales","""""","""""","""""","""""",""""""
"products","a8871897-a0c1-483a-b970-f8cc6a251693","maccrossroad-3-0-hight","head_tech_specs_locales","""""","""""","""""","""""",""""""
"products","a8871897-a0c1-483a-b970-f8cc6a251693","maccrossroad-3-0-hight","clothing_attributes_locales","""""","""""","""""","""""",""""""
"products","8b727af7-c619-4703-be57-620b5c234e66","00-810","name_locales","00-810","00-810","""""","""""",""""""
"products","8b727af7-c619-4703-be57-620b5c234e66","00-810","description_locales","18G grey graphene nylon liner, black nitrile palm coated glove. Reinforcement on crotch","Guanto 18 aghi con fodera in nylon grafene grigio, palmo rivestito in nitrile nero. Crotch rinforzato","""""","""""",""""""
"products","8b727af7-c619-4703-be57-620b5c234e66","00-810","short_description_locales","18G grey graphene nylon liner, black nitrile palm coated glove. Reinforcement on crotch","Guanto 18 aghi con fodera in nylon grafene grigio, palmo rivestito in nitrile nero","""""","""""",""""""
"products","8b727af7-c619-4703-be57-620b5c234e66","00-810","category_locales","Hand protection","Protezione delle mani","""""","""""",""""""
"products","8b727af7-c619-4703-be57-620b5c234e66","00-810","sub_category_locales","Gloves for general use","Guanti per uso generico","""""","""""",""""""
"products","8b727af7-c619-4703-be57-620b5c234e66","00-810","features_locales","[""No stainless steel or fiberglass"",""DMF and silicone free"",""Ergonomically shaped for superior fit"",""Bacteriostatic kills harmful bacteria"",""Touch screen"",""Black nitrile palm coating""]","[""Senza DMF e senza silicone"",""Niente acciaio inossidabile o fibra di vetro"",""Forma ergonomica per una vestibilità superiore"",""Batteriostatico per eliminare i batteri nocivi"",""Palmo rivestito in nitrile nero"",""Compatibile con touch screen""]","""""","""""",""""""
"products","8b727af7-c619-4703-be57-620b5c234e66","00-810","applications_locales","[""Maintenance activitites"",""Warehousing in warm and cold temperatures"",""Landscaping""]","[""Manutenzione"",""Magazzinaggio a temperature calde o basse"",""Giardinaggio e paesaggistica""]","""""","""""",""""""
"products","8b727af7-c619-4703-be57-620b5c234e66","00-810","industries_locales","[""Automotive manufacturing"",""Warehousing""]","[""Automobilistica"",""Magazzinaggio""]","""""","""""",""""""
"products","8b727af7-c619-4703-be57-620b5c234e66","00-810","tags_locales","[""protection glove"",""graphene""]","[""Guanto di protezione"",""Grafene""]","""""","""""",""""""
"products","8b727af7-c619-4703-be57-620b5c234e66","00-810","size_locales","6 - 11","6 - 11","""""","""""",""""""
"products","8b727af7-c619-4703-be57-620b5c234e66","00-810","materials_locales","[""Graphene""]","[""Grafene""]","""""","""""",""""""
"products","8b727af7-c619-4703-be57-620b5c234e66","00-810","eye_face_comfort_features_locales","""""","""""","""""","""""",""""""
"products","8b727af7-c619-4703-be57-620b5c234e66","00-810","eye_face_equipment_locales","""""","""""","""""","""""",""""""
"products","8b727af7-c619-4703-be57-620b5c234e66","00-810","head_comfort_features_locales","""""","""""","""""","""""",""""""
"products","8b727af7-c619-4703-be57-620b5c234e66","00-810","head_other_details_locales","""""","""""","""""","""""",""""""
"products","8b727af7-c619-4703-be57-620b5c234e66","00-810","head_equipment_locales","""""","""""","""""","""""",""""""
"products","8b727af7-c619-4703-be57-620b5c234e66","00-810","footwear_comfort_features_locales","""""","""""","""""","""""",""""""
"products","8b727af7-c619-4703-be57-620b5c234e66","00-810","hearing_comfort_features_locales","""""","""""","""""","""""",""""""
"products","8b727af7-c619-4703-be57-620b5c234e66","00-810","hearing_other_details_locales","""""","""""","""""","""""",""""""
"products","8b727af7-c619-4703-be57-620b5c234e66","00-810","hearing_equipment_locales","""""","""""","""""","""""",""""""
"products","8b727af7-c619-4703-be57-620b5c234e66","00-810","respiratory_comfort_features_locales","""""","""""","""""","""""",""""""
"products","8b727af7-c619-4703-be57-620b5c234e66","00-810","respiratory_other_details_locales","""""","""""","""""","""""",""""""
"products","8b727af7-c619-4703-be57-620b5c234e66","00-810","respiratory_equipment_locales","""""","""""","""""","""""",""""""
"products","8b727af7-c619-4703-be57-620b5c234e66","00-810","clothing_comfort_features_locales","""""","""""","""""","""""",""""""
"products","8b727af7-c619-4703-be57-620b5c234e66","00-810","clothing_other_details_locales","""""","""""","""""","""""",""""""
"products","8b727af7-c619-4703-be57-620b5c234e66","00-810","footwear_materials_locales","""""","""""","""""","""""",""""""
"products","8b727af7-c619-4703-be57-620b5c234e66","00-810","footwear_special_features_locales","""""","""""","""""","""""",""""""
"products","8b727af7-c619-4703-be57-620b5c234e66","00-810","connections_locales","""""","""""","""""","""""",""""""
"products","8b727af7-c619-4703-be57-620b5c234e66","00-810","compatible_with_locales","""""","""""","""""","""""",""""""
"products","8b727af7-c619-4703-be57-620b5c234e66","00-810","coatings_locales","""""","""""","""""","""""",""""""
"products","8b727af7-c619-4703-be57-620b5c234e66","00-810","eye_face_materials_locales","""""","""""","""""","""""",""""""
"products","8b727af7-c619-4703-be57-620b5c234e66","00-810","head_tech_specs_locales","""""","""""","""""","""""",""""""
"products","8b727af7-c619-4703-be57-620b5c234e66","00-810","clothing_attributes_locales","""""","""""","""""","""""",""""""
"products","7c7e7389-9ae9-4417-9462-9d79431503a2","5-6-comfort-light","name_locales","5/6 comfort light","5/6 comfort light","""""","""""",""""""
"products","7c7e7389-9ae9-4417-9462-9d79431503a2","5-6-comfort-light","description_locales","The disposable coverall is made from lightweight laminated uvex com4 material, combined with an SMS back panel for enhanced breathability.
","La tuta monouso costituita dal leggero materiale laminato com4 uvex in combinazione con una parte posteriore in SMS per una maggiore traspirabilità.

","""""","""""",""""""
"products","7c7e7389-9ae9-4417-9462-9d79431503a2","5-6-comfort-light","short_description_locales","Chemical protective coverall","Tuta di protezione dalle sostanze chimiche","""""","""""",""""""
"products","7c7e7389-9ae9-4417-9462-9d79431503a2","5-6-comfort-light","category_locales","Protective Clothing","Abbigliamento protettivo","""""","""""",""""""
"products","7c7e7389-9ae9-4417-9462-9d79431503a2","5-6-comfort-light","sub_category_locales","safety suit","","""""","""""",""""""
"products","7c7e7389-9ae9-4417-9462-9d79431503a2","5-6-comfort-light","features_locales","[""Particle-tight and limited splash-tight"",""The combination of laminated com4 material and an SMS back panel ensures a high level of moisture management without compromising the level of protection"",""Free from silicones and substances that can damage the painting process""]","[""A tenuta di particelle e a tenuta limitata di spruzzi"",""La combinazione del materiale laminato com4 e della parte posteriore in SMS garantisce una gestione dell'umidità di livello elevato senza pregiudicare il grado di protezione"",""Priva di siliconi e di sostanze che danneggiano il processo di verniciatura"",""Materiale in tessuto non tessuto rispettoso della pelle sul lato interno"",""Parte posteriore in SMS traspirante"",""Chiusura con cerniera doppia""]","""""","""""",""""""
"products","7c7e7389-9ae9-4417-9462-9d79431503a2","5-6-comfort-light","applications_locales","[""Processing involving chemical and harmful substances""]","[""Lavorazioni con sostanze chimiche e nocive""]","""""","""""",""""""
"products","7c7e7389-9ae9-4417-9462-9d79431503a2","5-6-comfort-light","industries_locales","[""Industrial painting"",""chemical companies""]","[""Verniciatura"",""aziende chimiche""]","""""","""""",""""""
"products","7c7e7389-9ae9-4417-9462-9d79431503a2","5-6-comfort-light","tags_locales","[]","[""Altri indumenti protettivi""]","""""","""""",""""""
"products","7c7e7389-9ae9-4417-9462-9d79431503a2","5-6-comfort-light","size_locales","","","""""","""""",""""""
"products","7c7e7389-9ae9-4417-9462-9d79431503a2","5-6-comfort-light","materials_locales","[""100% Polypropylen""]","[""100% polipropilene""]","""""","""""",""""""
"products","7c7e7389-9ae9-4417-9462-9d79431503a2","5-6-comfort-light","eye_face_comfort_features_locales","""""","""""","""""","""""",""""""
"products","7c7e7389-9ae9-4417-9462-9d79431503a2","5-6-comfort-light","eye_face_equipment_locales","""""","""""","""""","""""",""""""
"products","7c7e7389-9ae9-4417-9462-9d79431503a2","5-6-comfort-light","head_comfort_features_locales","""""","""""","""""","""""",""""""
"products","7c7e7389-9ae9-4417-9462-9d79431503a2","5-6-comfort-light","head_other_details_locales","""""","""""","""""","""""",""""""
"products","7c7e7389-9ae9-4417-9462-9d79431503a2","5-6-comfort-light","head_equipment_locales","""""","""""","""""","""""",""""""
"products","7c7e7389-9ae9-4417-9462-9d79431503a2","5-6-comfort-light","footwear_comfort_features_locales","""""","""""","""""","""""",""""""
"products","7c7e7389-9ae9-4417-9462-9d79431503a2","5-6-comfort-light","hearing_comfort_features_locales","""""","""""","""""","""""",""""""
"products","7c7e7389-9ae9-4417-9462-9d79431503a2","5-6-comfort-light","hearing_other_details_locales","""""","""""","""""","""""",""""""
"products","7c7e7389-9ae9-4417-9462-9d79431503a2","5-6-comfort-light","hearing_equipment_locales","""""","""""","""""","""""",""""""
"products","7c7e7389-9ae9-4417-9462-9d79431503a2","5-6-comfort-light","respiratory_comfort_features_locales","""""","""""","""""","""""",""""""
"products","7c7e7389-9ae9-4417-9462-9d79431503a2","5-6-comfort-light","respiratory_other_details_locales","""""","""""","""""","""""",""""""
"products","7c7e7389-9ae9-4417-9462-9d79431503a2","5-6-comfort-light","respiratory_equipment_locales","""""","""""","""""","""""",""""""
"products","7c7e7389-9ae9-4417-9462-9d79431503a2","5-6-comfort-light","clothing_comfort_features_locales","[]","[]","""""","""""",""""""
"products","7c7e7389-9ae9-4417-9462-9d79431503a2","5-6-comfort-light","clothing_other_details_locales","[""EN ISO 13688: Yes"",""EN 13034: Type 6""]","[""EN ISO 13688: Yes"",""EN 1073: Yes"",""EN 13034: Yes""]","""""","""""",""""""
"products","7c7e7389-9ae9-4417-9462-9d79431503a2","5-6-comfort-light","footwear_materials_locales","""""","""""","""""","""""",""""""
"products","7c7e7389-9ae9-4417-9462-9d79431503a2","5-6-comfort-light","footwear_special_features_locales","""""","""""","""""","""""",""""""
"products","7c7e7389-9ae9-4417-9462-9d79431503a2","5-6-comfort-light","connections_locales","""""","""""","""""","""""",""""""
"products","7c7e7389-9ae9-4417-9462-9d79431503a2","5-6-comfort-light","compatible_with_locales","""""","""""","""""","""""",""""""
"products","7c7e7389-9ae9-4417-9462-9d79431503a2","5-6-comfort-light","coatings_locales","""""","""""","""""","""""",""""""
"products","7c7e7389-9ae9-4417-9462-9d79431503a2","5-6-comfort-light","eye_face_materials_locales","""""","""""","""""","""""",""""""
"products","7c7e7389-9ae9-4417-9462-9d79431503a2","5-6-comfort-light","head_tech_specs_locales","""""","""""","""""","""""",""""""
"products","7c7e7389-9ae9-4417-9462-9d79431503a2","5-6-comfort-light","clothing_attributes_locales","{""fit"":""Regular Fit"",""size_range"":""""}","{""fit"":"""",""size_range"":""""}","""""","""""",""""""
"products","dfde9f6c-b978-415f-84f2-ff2d8bc89708","1-x-craft","name_locales","1 x-craft","1 x-craft","""""","""""",""""""
"products","dfde9f6c-b978-415f-84f2-ff2d8bc89708","1-x-craft","description_locales","The uvex 1 x-craft is a state-of-the-art footwear solution for light-duty applications.
","La uvex 1 x-craft è una calzatura all'avanguardia per ambiti di applicazioni leggere 
","""""","""""",""""""
"products","dfde9f6c-b978-415f-84f2-ff2d8bc89708","1-x-craft","short_description_locales","Lightweight and flexible S1 shoe with a rubber sole","Scarpa S1 leggera e flessibile con suola in gomma","""""","""""",""""""
"products","dfde9f6c-b978-415f-84f2-ff2d8bc89708","1-x-craft","category_locales","Safety Footwear","Calzature di sicurezza","""""","""""",""""""
"products","dfde9f6c-b978-415f-84f2-ff2d8bc89708","1-x-craft","sub_category_locales","Safety shoes","","""""","""""",""""""
"products","dfde9f6c-b978-415f-84f2-ff2d8bc89708","1-x-craft","features_locales","[""Antistatic"",""Short-term heat-resistant up to 120C"",""Oil and fuel resistant (FO)"",""Free of silicones, plasticisers and other substances that interfere with wetting  agents"",""Sporty low-cut S1 PL safety shoes, particularly lightweight""]","[""Scarpe basse antinfortunistiche sportive S1 PL particolarmente leggere"",""Certificazione ESD"",""Resistenza alla penetrazione del tessuto flessibile""]","""""","""""",""""""
"products","dfde9f6c-b978-415f-84f2-ff2d8bc89708","1-x-craft","applications_locales","[""Light-duty applications"",""Activities in indoor and outdoor environments""]","[""Applicazioni leggere"",""Attivita' in ambiente interno ed esterno""]","""""","""""",""""""
"products","dfde9f6c-b978-415f-84f2-ff2d8bc89708","1-x-craft","industries_locales","[""Healthcare"",""Public services""]","[""Servizi pubblici"",""Sanita'""]","""""","""""",""""""
"products","dfde9f6c-b978-415f-84f2-ff2d8bc89708","1-x-craft","tags_locales","[]","[]","""""","""""",""""""
"products","dfde9f6c-b978-415f-84f2-ff2d8bc89708","1-x-craft","size_locales","","","""""","""""",""""""
"products","dfde9f6c-b978-415f-84f2-ff2d8bc89708","1-x-craft","materials_locales","[]","[]","""""","""""",""""""
"products","dfde9f6c-b978-415f-84f2-ff2d8bc89708","1-x-craft","eye_face_comfort_features_locales","""""","""""","""""","""""",""""""
"products","dfde9f6c-b978-415f-84f2-ff2d8bc89708","1-x-craft","eye_face_equipment_locales","""""","""""","""""","""""",""""""
"products","dfde9f6c-b978-415f-84f2-ff2d8bc89708","1-x-craft","head_comfort_features_locales","""""","""""","""""","""""",""""""
"products","dfde9f6c-b978-415f-84f2-ff2d8bc89708","1-x-craft","head_other_details_locales","""""","""""","""""","""""",""""""
"products","dfde9f6c-b978-415f-84f2-ff2d8bc89708","1-x-craft","head_equipment_locales","""""","""""","""""","""""",""""""
"products","dfde9f6c-b978-415f-84f2-ff2d8bc89708","1-x-craft","footwear_comfort_features_locales","[""shock-absorbing and energy-returning midsole"",""ergonomically designed PU outsole"",""Individually adjustable elastic laces with a quick fastening mechanism""]","[""Lacci elastici regolabili individualmente con meccanismo di fissaggio rapido""]","""""","""""",""""""
"products","dfde9f6c-b978-415f-84f2-ff2d8bc89708","1-x-craft","hearing_comfort_features_locales","""""","""""","""""","""""",""""""
"products","dfde9f6c-b978-415f-84f2-ff2d8bc89708","1-x-craft","hearing_other_details_locales","""""","""""","""""","""""",""""""
"products","dfde9f6c-b978-415f-84f2-ff2d8bc89708","1-x-craft","hearing_equipment_locales","""""","""""","""""","""""",""""""
"products","dfde9f6c-b978-415f-84f2-ff2d8bc89708","1-x-craft","respiratory_comfort_features_locales","""""","""""","""""","""""",""""""
"products","dfde9f6c-b978-415f-84f2-ff2d8bc89708","1-x-craft","respiratory_other_details_locales","""""","""""","""""","""""",""""""
"products","dfde9f6c-b978-415f-84f2-ff2d8bc89708","1-x-craft","respiratory_equipment_locales","""""","""""","""""","""""",""""""
"products","dfde9f6c-b978-415f-84f2-ff2d8bc89708","1-x-craft","clothing_comfort_features_locales","""""","""""","""""","""""",""""""
"products","dfde9f6c-b978-415f-84f2-ff2d8bc89708","1-x-craft","clothing_other_details_locales","""""","""""","""""","""""",""""""
"products","dfde9f6c-b978-415f-84f2-ff2d8bc89708","1-x-craft","footwear_materials_locales","{""sole"":""Rubber"",""upper"":""Distance-Mesh"",""insole"":""Microfibre + PU foam"",""lining"":""Distance-Mesh"",""toe_cap"":""PU foam, Plastic""}","{""sole"":""Gomma"",""upper"":""Distance-Mesh"",""insole"":""Microfibra + schiuma di PU"",""lining"":""Distance-Mesh"",""toe_cap"":""Schiuma di poliuretano, Plastica""}","""""","""""",""""""
"products","dfde9f6c-b978-415f-84f2-ff2d8bc89708","1-x-craft","footwear_special_features_locales","[""Ideal for people with chrome allergies, thanks to the use of synthetic materials"",""All sole materials are free from silicones, plasticizers, and other substances that can damage the painting process""]","[""Ideali per chi presenta allergie al cromo, grazie alla realizzazione in materiali sintetici"",""Tutte le suole sono composte di materiali privi di siliconi, plastificanti e altre sostanze che danneggiano il processo di verniciatura""]","""""","""""",""""""
"products","dfde9f6c-b978-415f-84f2-ff2d8bc89708","1-x-craft","connections_locales","""""","""""","""""","""""",""""""
"products","dfde9f6c-b978-415f-84f2-ff2d8bc89708","1-x-craft","compatible_with_locales","""""","""""","""""","""""",""""""
"products","dfde9f6c-b978-415f-84f2-ff2d8bc89708","1-x-craft","coatings_locales","""""","""""","""""","""""",""""""
"products","dfde9f6c-b978-415f-84f2-ff2d8bc89708","1-x-craft","eye_face_materials_locales","""""","""""","""""","""""",""""""
"products","dfde9f6c-b978-415f-84f2-ff2d8bc89708","1-x-craft","head_tech_specs_locales","""""","""""","""""","""""",""""""
"products","dfde9f6c-b978-415f-84f2-ff2d8bc89708","1-x-craft","clothing_attributes_locales","""""","""""","""""","""""",""""""
"products","0d82e241-0d38-473c-bb79-537ce7bdd478","5-6-classic-light","name_locales","5/6 classic light","5/6 classic light","""""","""""",""""""
"products","0d82e241-0d38-473c-bb79-537ce7bdd478","5-6-classic-light","description_locales","The lightweight disposable uvex 5/6 classic light coverall offers reliable protection while also providing maximum comfort.

","La leggera tuta monouso uvex 5/6 classic light offre una protezione affidabile fornendo al contempo il massimo livello di comfort.


","""""","""""",""""""
"products","0d82e241-0d38-473c-bb79-537ce7bdd478","5-6-classic-light","short_description_locales","Chemical protective coverall","Tuta di protezione dalle sostanze chimiche","""""","""""",""""""
"products","0d82e241-0d38-473c-bb79-537ce7bdd478","5-6-classic-light","category_locales","Protective Clothing","Abbigliamento protettivo","""""","""""",""""""
"products","0d82e241-0d38-473c-bb79-537ce7bdd478","5-6-classic-light","sub_category_locales","safety suit","","""""","""""",""""""
"products","0d82e241-0d38-473c-bb79-537ce7bdd478","5-6-classic-light","features_locales","[""Optimal protection thanks to the self-adhesive zipper flap"",""Antistatic properties"",""Protection against infectious agents"",""Skin-friendly fleece inner lining"",""Secure and comfortable closures thanks to elastic bands on the hood, arms, and legs"",""Two-way zipper""]","[""Protezione ottimale grazie alla copertura con cerniera autoadesiva"",""Proprietà antistatiche"",""Protezione dagli agenti infettivi"",""Interno in pile delicato sulla pelle"",""Chiusure sicure e confortevoli grazie agli elastici su cappuccio, braccia e gambe"",""Cerniera bidirezionale""]","""""","""""",""""""
"products","0d82e241-0d38-473c-bb79-537ce7bdd478","5-6-classic-light","applications_locales","[""Processing involving chemical and harmful substances""]","[""Lavorazioni con sostanze chimiche e nocive""]","""""","""""",""""""
"products","0d82e241-0d38-473c-bb79-537ce7bdd478","5-6-classic-light","industries_locales","[""Industrial painting"",""chemical companies""]","[""Verniciatura"",""aziende chimiche""]","""""","""""",""""""
"products","0d82e241-0d38-473c-bb79-537ce7bdd478","5-6-classic-light","tags_locales","[]","[""Altri indumenti protettivi""]","""""","""""",""""""
"products","0d82e241-0d38-473c-bb79-537ce7bdd478","5-6-classic-light","size_locales","","","""""","""""",""""""
"products","0d82e241-0d38-473c-bb79-537ce7bdd478","5-6-classic-light","materials_locales","[""100% Polypropylen""]","[""100% polipropilene""]","""""","""""",""""""
"products","0d82e241-0d38-473c-bb79-537ce7bdd478","5-6-classic-light","eye_face_comfort_features_locales","""""","""""","""""","""""",""""""
"products","0d82e241-0d38-473c-bb79-537ce7bdd478","5-6-classic-light","eye_face_equipment_locales","""""","""""","""""","""""",""""""
"products","0d82e241-0d38-473c-bb79-537ce7bdd478","5-6-classic-light","head_comfort_features_locales","""""","""""","""""","""""",""""""
"products","0d82e241-0d38-473c-bb79-537ce7bdd478","5-6-classic-light","head_other_details_locales","""""","""""","""""","""""",""""""
"products","0d82e241-0d38-473c-bb79-537ce7bdd478","5-6-classic-light","head_equipment_locales","""""","""""","""""","""""",""""""
"products","0d82e241-0d38-473c-bb79-537ce7bdd478","5-6-classic-light","footwear_comfort_features_locales","""""","""""","""""","""""",""""""
"products","0d82e241-0d38-473c-bb79-537ce7bdd478","5-6-classic-light","hearing_comfort_features_locales","""""","""""","""""","""""",""""""
"products","0d82e241-0d38-473c-bb79-537ce7bdd478","5-6-classic-light","hearing_other_details_locales","""""","""""","""""","""""",""""""
"products","0d82e241-0d38-473c-bb79-537ce7bdd478","5-6-classic-light","hearing_equipment_locales","""""","""""","""""","""""",""""""
"products","0d82e241-0d38-473c-bb79-537ce7bdd478","5-6-classic-light","respiratory_comfort_features_locales","""""","""""","""""","""""",""""""
"products","0d82e241-0d38-473c-bb79-537ce7bdd478","5-6-classic-light","respiratory_other_details_locales","""""","""""","""""","""""",""""""
"products","0d82e241-0d38-473c-bb79-537ce7bdd478","5-6-classic-light","respiratory_equipment_locales","""""","""""","""""","""""",""""""
"products","0d82e241-0d38-473c-bb79-537ce7bdd478","5-6-classic-light","clothing_comfort_features_locales","[]","[]","""""","""""",""""""
"products","0d82e241-0d38-473c-bb79-537ce7bdd478","5-6-classic-light","clothing_other_details_locales","[""EN ISO 13688: Yes"",""EN 13034: Type 6"",""EN 14126: Yes""]","[""EN ISO 13688: Yes"",""EN 1073: Yes"",""EN 13034: Yes""]","""""","""""",""""""
"products","0d82e241-0d38-473c-bb79-537ce7bdd478","5-6-classic-light","footwear_materials_locales","""""","""""","""""","""""",""""""
"products","0d82e241-0d38-473c-bb79-537ce7bdd478","5-6-classic-light","footwear_special_features_locales","""""","""""","""""","""""",""""""
"products","0d82e241-0d38-473c-bb79-537ce7bdd478","5-6-classic-light","connections_locales","""""","""""","""""","""""",""""""
"products","0d82e241-0d38-473c-bb79-537ce7bdd478","5-6-classic-light","compatible_with_locales","""""","""""","""""","""""",""""""
"products","0d82e241-0d38-473c-bb79-537ce7bdd478","5-6-classic-light","coatings_locales","""""","""""","""""","""""",""""""
"products","0d82e241-0d38-473c-bb79-537ce7bdd478","5-6-classic-light","eye_face_materials_locales","""""","""""","""""","""""",""""""
"products","0d82e241-0d38-473c-bb79-537ce7bdd478","5-6-classic-light","head_tech_specs_locales","""""","""""","""""","""""",""""""
"products","0d82e241-0d38-473c-bb79-537ce7bdd478","5-6-classic-light","clothing_attributes_locales","{""fit"":""Regular Fit"",""size_range"":""""}","{""fit"":""Regolare"",""size_range"":""""}","""""","""""",""""""
"products","b4a6d7a0-112d-40bd-b692-d4252b6970b5","151-8","name_locales","151/8","151/8","""""","""""",""""""
"products","b4a6d7a0-112d-40bd-b692-d4252b6970b5","151-8","description_locales","Thermal glove in 8 oz cotton with double-knit palm and knitted cuff for operations up to 250°C.","Guanto in cotone 8 oz con palmo doppio garzato e polso maglia per operazioni fino a 250 °C.","""""","""""",""""""
"products","b4a6d7a0-112d-40bd-b692-d4252b6970b5","151-8","short_description_locales","8 oz cotton heat-resistant glove up to 250 °C","Guanto in cotone 8oz anticalore fino a 250C","""""","""""",""""""
"products","b4a6d7a0-112d-40bd-b692-d4252b6970b5","151-8","category_locales","Hand protection","Protezione delle mani","""""","""""",""""""
"products","b4a6d7a0-112d-40bd-b692-d4252b6970b5","151-8","sub_category_locales","Heat resistant gloves","Guanti anticalore","""""","""""",""""""
"products","b4a6d7a0-112d-40bd-b692-d4252b6970b5","151-8","features_locales","[""Lightweight and practical for tasks requiring good precision"",""Knitted cuff to protect against potential sharp or hot objects"",""Certified for contact temperature up to 250°C""]","[""Leggero e pratico per operazioni che richiedono buona precisione"",""Polso maglia per proteggere da potenziali corpi taglienti o caldi"",""Certificato fino a 250°C al contatto""]","""""","""""",""""""
"products","b4a6d7a0-112d-40bd-b692-d4252b6970b5","151-8","applications_locales","[""Handling parts up to 250°C"",""Handling glass-industry objects outside the hot zone"",""Light grooving work"",""Industrial assembly in heated areas""]","[""Manipolazione pezzi fino a 250°C"",""Manipolazione oggetti nell'idustria del vetro fuori dalla zona calda"",""Lavorazioni di scanalatura leggera"",""Assemblaggio in reparti termici""]","""""","""""",""""""
"products","b4a6d7a0-112d-40bd-b692-d4252b6970b5","151-8","industries_locales","[""Light construction"",""Industrial assembly"",""Thermal packaging"",""Glass industry""]","[""Edile leggero"",""Assemblaggio industriale"",""Packaging termico"",""Industria del vetro""]","""""","""""",""""""
"products","b4a6d7a0-112d-40bd-b692-d4252b6970b5","151-8","tags_locales","[""Heat-resistant"",""250 °C"",""medium risk"",""cotton glove""]","[""anticalore"",""250C"",""rischi medi"",""guanto in cotone""]","""""","""""",""""""
"products","b4a6d7a0-112d-40bd-b692-d4252b6970b5","151-8","size_locales","One size","Unica","""""","""""",""""""
"products","b4a6d7a0-112d-40bd-b692-d4252b6970b5","151-8","materials_locales","[""cotton""]","[""cotone""]","""""","""""",""""""
"products","b4a6d7a0-112d-40bd-b692-d4252b6970b5","151-8","eye_face_comfort_features_locales","""""","""""","""""","""""",""""""
"products","b4a6d7a0-112d-40bd-b692-d4252b6970b5","151-8","eye_face_equipment_locales","""""","""""","""""","""""",""""""
"products","b4a6d7a0-112d-40bd-b692-d4252b6970b5","151-8","head_comfort_features_locales","""""","""""","""""","""""",""""""
"products","b4a6d7a0-112d-40bd-b692-d4252b6970b5","151-8","head_other_details_locales","""""","""""","""""","""""",""""""
"products","b4a6d7a0-112d-40bd-b692-d4252b6970b5","151-8","head_equipment_locales","""""","""""","""""","""""",""""""
"products","b4a6d7a0-112d-40bd-b692-d4252b6970b5","151-8","footwear_comfort_features_locales","""""","""""","""""","""""",""""""
"products","b4a6d7a0-112d-40bd-b692-d4252b6970b5","151-8","hearing_comfort_features_locales","""""","""""","""""","""""",""""""
"products","b4a6d7a0-112d-40bd-b692-d4252b6970b5","151-8","hearing_other_details_locales","""""","""""","""""","""""",""""""
"products","b4a6d7a0-112d-40bd-b692-d4252b6970b5","151-8","hearing_equipment_locales","""""","""""","""""","""""",""""""
"products","b4a6d7a0-112d-40bd-b692-d4252b6970b5","151-8","respiratory_comfort_features_locales","""""","""""","""""","""""",""""""
"products","b4a6d7a0-112d-40bd-b692-d4252b6970b5","151-8","respiratory_other_details_locales","""""","""""","""""","""""",""""""
"products","b4a6d7a0-112d-40bd-b692-d4252b6970b5","151-8","respiratory_equipment_locales","""""","""""","""""","""""",""""""
"products","b4a6d7a0-112d-40bd-b692-d4252b6970b5","151-8","clothing_comfort_features_locales","""""","""""","""""","""""",""""""
"products","b4a6d7a0-112d-40bd-b692-d4252b6970b5","151-8","clothing_other_details_locales","""""","""""","""""","""""",""""""
"products","b4a6d7a0-112d-40bd-b692-d4252b6970b5","151-8","footwear_materials_locales","""""","""""","""""","""""",""""""
"products","b4a6d7a0-112d-40bd-b692-d4252b6970b5","151-8","footwear_special_features_locales","""""","""""","""""","""""",""""""
"products","b4a6d7a0-112d-40bd-b692-d4252b6970b5","151-8","connections_locales","""""","""""","""""","""""",""""""
"products","b4a6d7a0-112d-40bd-b692-d4252b6970b5","151-8","compatible_with_locales","""""","""""","""""","""""",""""""
"products","b4a6d7a0-112d-40bd-b692-d4252b6970b5","151-8","coatings_locales","""""","""""","""""","""""",""""""
"products","b4a6d7a0-112d-40bd-b692-d4252b6970b5","151-8","eye_face_materials_locales","""""","""""","""""","""""",""""""
"products","b4a6d7a0-112d-40bd-b692-d4252b6970b5","151-8","head_tech_specs_locales","""""","""""","""""","""""",""""""
"products","b4a6d7a0-112d-40bd-b692-d4252b6970b5","151-8","clothing_attributes_locales","""""","""""","""""","""""",""""""
"products","99c6541f-6d9b-4d27-a30d-62c626dd4df2","4b","name_locales","4B","4B","""""","""""",""""""
"products","99c6541f-6d9b-4d27-a30d-62c626dd4df2","4b","description_locales","Safe and breathable protective coverall. The taped seams ensure complete waterproofness of the garment.


","Tuta di protezione sicura e traspirante. Le cuciture nastrate garantiscono la completa impermeabilità della tuta 



","""""","""""",""""""
"products","99c6541f-6d9b-4d27-a30d-62c626dd4df2","4b","short_description_locales","Chemical protective coverall","Tuta di protezione dalle sostanze chimiche","""""","""""",""""""
"products","99c6541f-6d9b-4d27-a30d-62c626dd4df2","4b","category_locales","Protective Clothing","Abbigliamento protettivo","""""","""""",""""""
"products","99c6541f-6d9b-4d27-a30d-62c626dd4df2","4b","sub_category_locales","safety suit","","""""","""""",""""""
"products","99c6541f-6d9b-4d27-a30d-62c626dd4df2","4b","features_locales","[""Antistatic properties"",""Middle finger loop to prevent the sleeves from slipping up the arm"",""Taped seams for complete waterproofness"",""Skin‑friendly non‑woven fabric on the inner side"",""Perfect fit thanks to the elastic waistband"",""Closure with double zipper.""]","[""Cuciture nastrate per la completa impearmeabilità"",""Anello per il dito medio che previene il rischio di scivolamento delle maniche sul braccio"",""Proprietà antistatiche"",""Materiale in tessuto non tessuto rispettoso della pelle sul lato interno"",""Vestibilità perfetta grazie alla banda elasticizzata in vita"",""Chiusura con cerniera doppia""]","""""","""""",""""""
"products","99c6541f-6d9b-4d27-a30d-62c626dd4df2","4b","applications_locales","[""Processing involving chemical and harmful substances""]","[""Lavorazioni con sostanze chimiche e nocive""]","""""","""""",""""""
"products","99c6541f-6d9b-4d27-a30d-62c626dd4df2","4b","industries_locales","[""Industrial painting"",""chemical companies""]","[""Verniciatura"",""aziende chimiche""]","""""","""""",""""""
"products","99c6541f-6d9b-4d27-a30d-62c626dd4df2","4b","tags_locales","[""Other safety clothing""]","[""Altri indumenti protettivi""]","""""","""""",""""""
"products","99c6541f-6d9b-4d27-a30d-62c626dd4df2","4b","size_locales","","","""""","""""",""""""
"products","99c6541f-6d9b-4d27-a30d-62c626dd4df2","4b","materials_locales","[""100% Polypropylen""]","[""100% polipropilene""]","""""","""""",""""""
"products","99c6541f-6d9b-4d27-a30d-62c626dd4df2","4b","eye_face_comfort_features_locales","""""","""""","""""","""""",""""""
"products","99c6541f-6d9b-4d27-a30d-62c626dd4df2","4b","eye_face_equipment_locales","""""","""""","""""","""""",""""""
"products","99c6541f-6d9b-4d27-a30d-62c626dd4df2","4b","head_comfort_features_locales","""""","""""","""""","""""",""""""
"products","99c6541f-6d9b-4d27-a30d-62c626dd4df2","4b","head_other_details_locales","""""","""""","""""","""""",""""""
"products","99c6541f-6d9b-4d27-a30d-62c626dd4df2","4b","head_equipment_locales","""""","""""","""""","""""",""""""
"products","99c6541f-6d9b-4d27-a30d-62c626dd4df2","4b","footwear_comfort_features_locales","""""","""""","""""","""""",""""""
"products","99c6541f-6d9b-4d27-a30d-62c626dd4df2","4b","hearing_comfort_features_locales","""""","""""","""""","""""",""""""
"products","99c6541f-6d9b-4d27-a30d-62c626dd4df2","4b","hearing_other_details_locales","""""","""""","""""","""""",""""""
"products","99c6541f-6d9b-4d27-a30d-62c626dd4df2","4b","hearing_equipment_locales","""""","""""","""""","""""",""""""
"products","99c6541f-6d9b-4d27-a30d-62c626dd4df2","4b","respiratory_comfort_features_locales","""""","""""","""""","""""",""""""
"products","99c6541f-6d9b-4d27-a30d-62c626dd4df2","4b","respiratory_other_details_locales","""""","""""","""""","""""",""""""
"products","99c6541f-6d9b-4d27-a30d-62c626dd4df2","4b","respiratory_equipment_locales","""""","""""","""""","""""",""""""
"products","99c6541f-6d9b-4d27-a30d-62c626dd4df2","4b","clothing_comfort_features_locales","[]","[]","""""","""""",""""""
"products","99c6541f-6d9b-4d27-a30d-62c626dd4df2","4b","clothing_other_details_locales","[""EN ISO 13688: Yes"",""EN 14126: Yes"",""EN 13034: Type 6B"",""EN 14605: 4B""]","[""EN ISO 13688: Yes"",""EN 1073: Yes"",""EN 13034: Yes""]","""""","""""",""""""
"products","99c6541f-6d9b-4d27-a30d-62c626dd4df2","4b","footwear_materials_locales","""""","""""","""""","""""",""""""
"products","99c6541f-6d9b-4d27-a30d-62c626dd4df2","4b","footwear_special_features_locales","""""","""""","""""","""""",""""""
"products","99c6541f-6d9b-4d27-a30d-62c626dd4df2","4b","connections_locales","""""","""""","""""","""""",""""""
"products","99c6541f-6d9b-4d27-a30d-62c626dd4df2","4b","compatible_with_locales","""""","""""","""""","""""",""""""
"products","99c6541f-6d9b-4d27-a30d-62c626dd4df2","4b","coatings_locales","""""","""""","""""","""""",""""""
"products","99c6541f-6d9b-4d27-a30d-62c626dd4df2","4b","eye_face_materials_locales","""""","""""","""""","""""",""""""
"products","99c6541f-6d9b-4d27-a30d-62c626dd4df2","4b","head_tech_specs_locales","""""","""""","""""","""""",""""""
"products","99c6541f-6d9b-4d27-a30d-62c626dd4df2","4b","clothing_attributes_locales","{""fit"":""Regular Fit"",""size_range"":""""}","{""fit"":"""",""size_range"":""""}","""""","""""",""""""
"products","43805686-8cd9-46ab-aec6-6ba565b7305e","2-macsole","name_locales","2 MACSOLE","2 MACSOLE","""""","""""",""""""
"products","43805686-8cd9-46ab-aec6-6ba565b7305e","2-macsole","description_locales","Lightweight and flexible safety boot S3L class with rubber sole resistant to heat, cut and chemicals","Scarponcini S3L leggeri e flessibili con suola in gomma resistente al calore, taglio e sostanze chimiche","""""","""""",""""""
"products","43805686-8cd9-46ab-aec6-6ba565b7305e","2-macsole","short_description_locales","Lightweight and flexible safety boot S3L with rubber sole","Scarponcini S3L leggeri e flessibili con suola in gomma","""""","""""",""""""
"products","43805686-8cd9-46ab-aec6-6ba565b7305e","2-macsole","category_locales","Safety footwear","Calzature di sicurezza","""""","""""",""""""
"products","43805686-8cd9-46ab-aec6-6ba565b7305e","2-macsole","sub_category_locales","Safety boots","Stivali di sicurezza","""""","""""",""""""
"products","43805686-8cd9-46ab-aec6-6ba565b7305e","2-macsole","features_locales","[""Protection class S3L (EN ISO 20345:2022) with SRC slip resistance and heat resistance up to +300°C (HI HRO)"",""Stable posture even on ladders thanks to the stabilising footbed support"",""Antistatic, shock-absorbing PU midsole"",""Slip, contact-heat and oil/fuel-resistant sole""]","[""Classe di protezione S3L (EN ISO 20345:2022) con resistenza allo scivolamento SRC e resistenza al calore fino a +300°C (HI HRO)"",""Postura stabile anche su scale grazie al supporto plantare stabilizzante"",""Intersuola in PU antistatica e ammortizzante"",""Suola resistente a scivolamento, calore da contatto e oli/carburanti""]","""""","""""",""""""
"products","43805686-8cd9-46ab-aec6-6ba565b7305e","2-macsole","applications_locales","[""Moderate applications requiring high sole durability"",""Activities in indoor and outdoor environments"",""Operations in challenging ground conditions""]","[""Applicazioni moderate, con necessità di alta robustezza della suola"",""Attività in ambiente interno ed esterno"",""Operazioni con difficili condizioni del suolo""]","""""","""""",""""""
"products","43805686-8cd9-46ab-aec6-6ba565b7305e","2-macsole","industries_locales","[""Utilities"",""Construction"",""Oil&Gas"",""Heavy industry"",""Rail"",""Ports"",""Defense"",""Agriculture""]","[""Servizi pubblici"",""Edilizia"",""Petrolio e gas"",""Industria pesante"",""Ferroviario"",""Porti"",""Difesa"",""Agricoltura""]","""""","""""",""""""
"products","43805686-8cd9-46ab-aec6-6ba565b7305e","2-macsole","tags_locales","[""safety boot"",""S3L""]","[""scarponcini"",""S3L""]","""""","""""",""""""
"products","43805686-8cd9-46ab-aec6-6ba565b7305e","2-macsole","size_locales","35 - 52","35 - 52","""""","""""",""""""
"products","43805686-8cd9-46ab-aec6-6ba565b7305e","2-macsole","materials_locales","[""Leather"",""Rubber"",""PU""]","[""Pelle"",""Gomma"",""PU""]","""""","""""",""""""
"products","43805686-8cd9-46ab-aec6-6ba565b7305e","2-macsole","eye_face_comfort_features_locales","""""","""""","""""","""""",""""""
"products","43805686-8cd9-46ab-aec6-6ba565b7305e","2-macsole","eye_face_equipment_locales","""""","""""","""""","""""",""""""
"products","43805686-8cd9-46ab-aec6-6ba565b7305e","2-macsole","head_comfort_features_locales","""""","""""","""""","""""",""""""
"products","43805686-8cd9-46ab-aec6-6ba565b7305e","2-macsole","head_other_details_locales","""""","""""","""""","""""",""""""
"products","43805686-8cd9-46ab-aec6-6ba565b7305e","2-macsole","head_equipment_locales","""""","""""","""""","""""",""""""
"products","43805686-8cd9-46ab-aec6-6ba565b7305e","2-macsole","footwear_comfort_features_locales","[""test""]","[""testa""]","""""","""""",""""""
"products","43805686-8cd9-46ab-aec6-6ba565b7305e","2-macsole","hearing_comfort_features_locales","""""","""""","""""","""""",""""""
"products","43805686-8cd9-46ab-aec6-6ba565b7305e","2-macsole","hearing_other_details_locales","""""","""""","""""","""""",""""""
"products","43805686-8cd9-46ab-aec6-6ba565b7305e","2-macsole","hearing_equipment_locales","""""","""""","""""","""""",""""""
"products","43805686-8cd9-46ab-aec6-6ba565b7305e","2-macsole","respiratory_comfort_features_locales","""""","""""","""""","""""",""""""
"products","43805686-8cd9-46ab-aec6-6ba565b7305e","2-macsole","respiratory_other_details_locales","""""","""""","""""","""""",""""""
"products","43805686-8cd9-46ab-aec6-6ba565b7305e","2-macsole","respiratory_equipment_locales","""""","""""","""""","""""",""""""
"products","43805686-8cd9-46ab-aec6-6ba565b7305e","2-macsole","clothing_comfort_features_locales","""""","""""","""""","""""",""""""
"products","43805686-8cd9-46ab-aec6-6ba565b7305e","2-macsole","clothing_other_details_locales","""""","""""","""""","""""",""""""
"products","43805686-8cd9-46ab-aec6-6ba565b7305e","2-macsole","footwear_materials_locales","""""","""""","""""","""""",""""""
"products","43805686-8cd9-46ab-aec6-6ba565b7305e","2-macsole","footwear_special_features_locales","""""","""""","""""","""""",""""""
"products","43805686-8cd9-46ab-aec6-6ba565b7305e","2-macsole","connections_locales","""""","""""","""""","""""",""""""
"products","43805686-8cd9-46ab-aec6-6ba565b7305e","2-macsole","compatible_with_locales","""""","""""","""""","""""",""""""
"products","43805686-8cd9-46ab-aec6-6ba565b7305e","2-macsole","coatings_locales","""""","""""","""""","""""",""""""
"products","43805686-8cd9-46ab-aec6-6ba565b7305e","2-macsole","eye_face_materials_locales","""""","""""","""""","""""",""""""
"products","43805686-8cd9-46ab-aec6-6ba565b7305e","2-macsole","head_tech_specs_locales","""""","""""","""""","""""",""""""
"products","43805686-8cd9-46ab-aec6-6ba565b7305e","2-macsole","clothing_attributes_locales","""""","""""","""""","""""",""""""
"products","916348d7-e366-4011-84d7-d858eca143db","cut-quatroflex-pantaloni","name_locales","cut quatroflex (pantaloni)","cut quatroflex (pantaloni)","""""","""""",""""""
"products","916348d7-e366-4011-84d7-d858eca143db","cut-quatroflex-pantaloni","description_locales","Trousers designed to protect against injuries that can be caused by blades, glass sheets, and sharp objects. The different knitting technologies used make the garment particularly elastic in all directions.
","Pantaloni nati perprotegge contro le ferite che possono essere causate da lame, lastre di vetro e oggetti acuminati. Le diverse tecnologie di maglieria utilizzate rendono l'indumento particolarmente elastico, in tutte le direzioni.
","""""","""""",""""""
"products","916348d7-e366-4011-84d7-d858eca143db","cut-quatroflex-pantaloni","short_description_locales","Cut-resistant work trousers","Pantaloni da lavoro antitaglio","""""","""""",""""""
"products","916348d7-e366-4011-84d7-d858eca143db","cut-quatroflex-pantaloni","category_locales","Protective Clothing","Abbigliamento protettivo","""""","""""",""""""
"products","916348d7-e366-4011-84d7-d858eca143db","cut-quatroflex-pantaloni","sub_category_locales","Work Trousers","Pantaloni da lavoro","""""","""""",""""""
"products","916348d7-e366-4011-84d7-d858eca143db","cut-quatroflex-pantaloni","features_locales","[""Sporty-cut trousers with level 5 cut resistance on the front of the leg"",""Innovative double-face fabric combined with Bamboo TwinFlex® inserts"",""Highly functional and extremely elastic panels on the knees"",""Elastic waistband at the back"",""Excellent flexibility and freedom of movement"",""Two large back pockets""]","[""Pantaloni dal taglio sportivo con resistenza al taglio di livello 5 su lato anteriore della gamba"",""Tessuto innovativo principio double-face e agli inserti Bamboo TwinFlex®"",""Strisce funzionali ed estremamente elastiche sulle ginocchia"",""Cintura elastica in vita nella parte posteriore"",""Ottima flessibilità e libertà nei movimenti"",""Due ampie tasche posteriori""]","""""","""""",""""""
"products","916348d7-e366-4011-84d7-d858eca143db","cut-quatroflex-pantaloni","applications_locales","[""Forestry work"",""Wood industry"",""Construction work""]","[""Lavori Silvocultura"",""Industria del legno"",""Lavori edilizia""]","""""","""""",""""""
"products","916348d7-e366-4011-84d7-d858eca143db","cut-quatroflex-pantaloni","industries_locales","[""Construction"",""work involving the presence of blades""]","[""Edilizia"",""Lavorazini in presenza di lame""]","""""","""""",""""""
"products","916348d7-e366-4011-84d7-d858eca143db","cut-quatroflex-pantaloni","tags_locales","[""Work Trousers""]","[""Pantaloni da lavoro""]","""""","""""",""""""
"products","916348d7-e366-4011-84d7-d858eca143db","cut-quatroflex-pantaloni","size_locales","","","""""","""""",""""""
"products","916348d7-e366-4011-84d7-d858eca143db","cut-quatroflex-pantaloni","materials_locales","[""65% polyester, 35% cotton""]","[""65% poliestere, 35% cotone""]","""""","""""",""""""
"products","916348d7-e366-4011-84d7-d858eca143db","cut-quatroflex-pantaloni","eye_face_comfort_features_locales","""""","""""","""""","""""",""""""
"products","916348d7-e366-4011-84d7-d858eca143db","cut-quatroflex-pantaloni","eye_face_equipment_locales","""""","""""","""""","""""",""""""
"products","916348d7-e366-4011-84d7-d858eca143db","cut-quatroflex-pantaloni","head_comfort_features_locales","""""","""""","""""","""""",""""""
"products","916348d7-e366-4011-84d7-d858eca143db","cut-quatroflex-pantaloni","head_other_details_locales","""""","""""","""""","""""",""""""
"products","916348d7-e366-4011-84d7-d858eca143db","cut-quatroflex-pantaloni","head_equipment_locales","""""","""""","""""","""""",""""""
"products","916348d7-e366-4011-84d7-d858eca143db","cut-quatroflex-pantaloni","footwear_comfort_features_locales","""""","""""","""""","""""",""""""
"products","916348d7-e366-4011-84d7-d858eca143db","cut-quatroflex-pantaloni","hearing_comfort_features_locales","""""","""""","""""","""""",""""""
"products","916348d7-e366-4011-84d7-d858eca143db","cut-quatroflex-pantaloni","hearing_other_details_locales","""""","""""","""""","""""",""""""
"products","916348d7-e366-4011-84d7-d858eca143db","cut-quatroflex-pantaloni","hearing_equipment_locales","""""","""""","""""","""""",""""""
"products","916348d7-e366-4011-84d7-d858eca143db","cut-quatroflex-pantaloni","respiratory_comfort_features_locales","""""","""""","""""","""""",""""""
"products","916348d7-e366-4011-84d7-d858eca143db","cut-quatroflex-pantaloni","respiratory_other_details_locales","""""","""""","""""","""""",""""""
"products","916348d7-e366-4011-84d7-d858eca143db","cut-quatroflex-pantaloni","respiratory_equipment_locales","""""","""""","""""","""""",""""""
"products","916348d7-e366-4011-84d7-d858eca143db","cut-quatroflex-pantaloni","clothing_comfort_features_locales","[]","[]","""""","""""",""""""
"products","916348d7-e366-4011-84d7-d858eca143db","cut-quatroflex-pantaloni","clothing_other_details_locales","[""EN ISO 13688: Yes""]","[""EN ISO 13688: Yes""]","""""","""""",""""""
"products","916348d7-e366-4011-84d7-d858eca143db","cut-quatroflex-pantaloni","footwear_materials_locales","""""","""""","""""","""""",""""""
"products","916348d7-e366-4011-84d7-d858eca143db","cut-quatroflex-pantaloni","footwear_special_features_locales","""""","""""","""""","""""",""""""
"products","916348d7-e366-4011-84d7-d858eca143db","cut-quatroflex-pantaloni","connections_locales","""""","""""","""""","""""",""""""
"products","916348d7-e366-4011-84d7-d858eca143db","cut-quatroflex-pantaloni","compatible_with_locales","""""","""""","""""","""""",""""""
"products","916348d7-e366-4011-84d7-d858eca143db","cut-quatroflex-pantaloni","coatings_locales","""""","""""","""""","""""",""""""
"products","916348d7-e366-4011-84d7-d858eca143db","cut-quatroflex-pantaloni","eye_face_materials_locales","""""","""""","""""","""""",""""""
"products","916348d7-e366-4011-84d7-d858eca143db","cut-quatroflex-pantaloni","head_tech_specs_locales","""""","""""","""""","""""",""""""
"products","916348d7-e366-4011-84d7-d858eca143db","cut-quatroflex-pantaloni","clothing_attributes_locales","{""fit"":""Regular Fit"",""size_range"":""""}","{""fit"":"""",""size_range"":""""}","""""","""""",""""""
"products","50646393-e303-4e17-abcb-2dd1bf2be613","cut-quatroflex-polo-uv","name_locales","cut quatroflex (polo uv)","cut quatroflex (polo uv)","""""","""""",""""""
"products","50646393-e303-4e17-abcb-2dd1bf2be613","cut-quatroflex-polo-uv","description_locales","Shirt designed to protect against cuts, glass sheets, and sharp objects, while offering excellent freedom of movement and elasticity
","Maglia nata per proteggere da tagli, lastre di vetro e oggetti accuminati, pur offrendo ottimo movimento ed elasticità
","""""","""""",""""""
"products","50646393-e303-4e17-abcb-2dd1bf2be613","cut-quatroflex-polo-uv","short_description_locales","Cut-resistant work shirt","Maglia antitaglio da lavoro","""""","""""",""""""
"products","50646393-e303-4e17-abcb-2dd1bf2be613","cut-quatroflex-polo-uv","category_locales","Protective Clothing","Abbigliamento protettivo","""""","""""",""""""
"products","50646393-e303-4e17-abcb-2dd1bf2be613","cut-quatroflex-polo-uv","sub_category_locales","Workwear shirts","Maglie da lavoro","""""","""""",""""""
"products","50646393-e303-4e17-abcb-2dd1bf2be613","cut-quatroflex-polo-uv","features_locales","[""Excellent flexibility and freedom of movement"",""Seamless knitted sleeve cuffs"",""Three-button placket"",""Polo collar"",""Polo shirt with maximum-level cut-resistant sleeves"",""Innovative double-face fabric combined with Bamboo TwinFlex® inserts"",""Highly functional and extremely elastic panels on the elbows"",""UV protection UPF 50+""]","[""Polo con maniche resistenti al taglio di livello massimo"",""Tessuto innovativo principio double-face e agli inserti Bamboo TwinFlex®"",""Strisce funzionali ed estremamente elastiche sui gomiti"",""Ottima flessibilità e libertà nei movimenti"",""Polsini della manica in tessuto a maglia senza cuciture"",""Abbottonatura con tre bottoni"",""Colletto polo"",""Protezione UV UPF 50+""]","""""","""""",""""""
"products","50646393-e303-4e17-abcb-2dd1bf2be613","cut-quatroflex-polo-uv","applications_locales","[""Forestry work"",""Wood industry"",""Construction work""]","[""Lavori Silvocultura"",""Industria del legno"",""Lavori edilizia""]","""""","""""",""""""
"products","50646393-e303-4e17-abcb-2dd1bf2be613","cut-quatroflex-polo-uv","industries_locales","[""Construction"",""work involving the presence of blades""]","[""Edilizia"",""Lavorazini in presenza di lame""]","""""","""""",""""""
"products","50646393-e303-4e17-abcb-2dd1bf2be613","cut-quatroflex-polo-uv","tags_locales","[""Work shirt""]","[""Maglia da lavoro""]","""""","""""",""""""
"products","50646393-e303-4e17-abcb-2dd1bf2be613","cut-quatroflex-polo-uv","size_locales","","","""""","""""",""""""
"products","50646393-e303-4e17-abcb-2dd1bf2be613","cut-quatroflex-polo-uv","materials_locales","[""54% modacrylic, 44% cotton, 2% antistatic fibres""]","[]","""""","""""",""""""
"products","50646393-e303-4e17-abcb-2dd1bf2be613","cut-quatroflex-polo-uv","eye_face_comfort_features_locales","""""","""""","""""","""""",""""""
"products","50646393-e303-4e17-abcb-2dd1bf2be613","cut-quatroflex-polo-uv","eye_face_equipment_locales","""""","""""","""""","""""",""""""
"products","50646393-e303-4e17-abcb-2dd1bf2be613","cut-quatroflex-polo-uv","head_comfort_features_locales","""""","""""","""""","""""",""""""
"products","50646393-e303-4e17-abcb-2dd1bf2be613","cut-quatroflex-polo-uv","head_other_details_locales","""""","""""","""""","""""",""""""
"products","50646393-e303-4e17-abcb-2dd1bf2be613","cut-quatroflex-polo-uv","head_equipment_locales","""""","""""","""""","""""",""""""
"products","50646393-e303-4e17-abcb-2dd1bf2be613","cut-quatroflex-polo-uv","footwear_comfort_features_locales","""""","""""","""""","""""",""""""
"products","50646393-e303-4e17-abcb-2dd1bf2be613","cut-quatroflex-polo-uv","hearing_comfort_features_locales","""""","""""","""""","""""",""""""
"products","50646393-e303-4e17-abcb-2dd1bf2be613","cut-quatroflex-polo-uv","hearing_other_details_locales","""""","""""","""""","""""",""""""
"products","50646393-e303-4e17-abcb-2dd1bf2be613","cut-quatroflex-polo-uv","hearing_equipment_locales","""""","""""","""""","""""",""""""
"products","50646393-e303-4e17-abcb-2dd1bf2be613","cut-quatroflex-polo-uv","respiratory_comfort_features_locales","""""","""""","""""","""""",""""""
"products","50646393-e303-4e17-abcb-2dd1bf2be613","cut-quatroflex-polo-uv","respiratory_other_details_locales","""""","""""","""""","""""",""""""
"products","50646393-e303-4e17-abcb-2dd1bf2be613","cut-quatroflex-polo-uv","respiratory_equipment_locales","""""","""""","""""","""""",""""""
"products","50646393-e303-4e17-abcb-2dd1bf2be613","cut-quatroflex-polo-uv","clothing_comfort_features_locales","[]","[]","""""","""""",""""""
"products","50646393-e303-4e17-abcb-2dd1bf2be613","cut-quatroflex-polo-uv","clothing_other_details_locales","[""EN 388 livello 5"",""EN ISO 13688: Yes""]","[""EN ISO 13688: Yes"",""EN 388 livello 5""]","""""","""""",""""""
"products","50646393-e303-4e17-abcb-2dd1bf2be613","cut-quatroflex-polo-uv","footwear_materials_locales","{""sole"":"""",""upper"":"""",""insole"":"""",""lining"":"""",""toe_cap"":""""}","{""sole"":"""",""upper"":"""",""insole"":"""",""lining"":"""",""toe_cap"":""""}","""""","""""",""""""
"products","50646393-e303-4e17-abcb-2dd1bf2be613","cut-quatroflex-polo-uv","footwear_special_features_locales","""""","""""","""""","""""",""""""
"products","50646393-e303-4e17-abcb-2dd1bf2be613","cut-quatroflex-polo-uv","connections_locales","""""","""""","""""","""""",""""""
"products","50646393-e303-4e17-abcb-2dd1bf2be613","cut-quatroflex-polo-uv","compatible_with_locales","""""","""""","""""","""""",""""""
"products","50646393-e303-4e17-abcb-2dd1bf2be613","cut-quatroflex-polo-uv","coatings_locales","""""","""""","""""","""""",""""""
"products","50646393-e303-4e17-abcb-2dd1bf2be613","cut-quatroflex-polo-uv","eye_face_materials_locales","""""","""""","""""","""""",""""""
"products","50646393-e303-4e17-abcb-2dd1bf2be613","cut-quatroflex-polo-uv","head_tech_specs_locales","{""colours"":[],""brim_length"":"""",""form_factor"":"""",""additional_features"":[]}","{""colours"":[],""brim_length"":"""",""form_factor"":"""",""additional_features"":[]}","""""","""""",""""""
"products","50646393-e303-4e17-abcb-2dd1bf2be613","cut-quatroflex-polo-uv","clothing_attributes_locales","{""fit"":""Slim Fit"",""size_range"":""""}","{""fit"":""Aderente"",""size_range"":""""}","""""","""""",""""""
"products","e8af2655-8412-4e02-b849-968ea8af21c7","cut-quatroflex-t-shirt","name_locales","cut quatroflex (t-shirt)","cut quatroflex (t-shirt)","""""","""""",""""""
"products","e8af2655-8412-4e02-b849-968ea8af21c7","cut-quatroflex-t-shirt","description_locales","T-shirt designed to protect against cuts, glass sheets, and sharp objects, while offering excellent freedom of movement and elasticity

","T-shirt nata per proteggere da tagli, lastre di vetro e oggetti accuminati, pur offrendo ottimo movimento ed elasticità

","""""","""""",""""""
"products","e8af2655-8412-4e02-b849-968ea8af21c7","cut-quatroflex-t-shirt","short_description_locales","Cut-resistant work shirt","Maglia antitaglio da lavoro","""""","""""",""""""
"products","e8af2655-8412-4e02-b849-968ea8af21c7","cut-quatroflex-t-shirt","category_locales","Protective Clothing","Abbigliamento protettivo","""""","""""",""""""
"products","e8af2655-8412-4e02-b849-968ea8af21c7","cut-quatroflex-t-shirt","sub_category_locales","Workwear shirts","Maglie da lavoro","""""","""""",""""""
"products","e8af2655-8412-4e02-b849-968ea8af21c7","cut-quatroflex-t-shirt","features_locales","[""Excellent flexibility and freedom of movement"",""Seamless knitted sleeve cuffs"",""T-shirt with maximum-level cut-resistant sleeves"",""Innovative double-face fabric combined with Bamboo TwinFlex® inserts"",""Highly functional and extremely elastic panels on the elbows""]","[""Tessuto innovativo principio double-face e agli inserti Bamboo TwinFlex®"",""Strisce funzionali ed estremamente elastiche sui gomiti"",""Ottima flessibilità e libertà nei movimenti"",""Polsini della manica in tessuto a maglia senza cuciture"",""T-shirt with maximum-level cut-resistant sleeves""]","""""","""""",""""""
"products","e8af2655-8412-4e02-b849-968ea8af21c7","cut-quatroflex-t-shirt","applications_locales","[""Forestry work"",""Wood industry"",""Construction work""]","[""Lavori Silvocultura"",""Industria del legno"",""Lavori edilizia""]","""""","""""",""""""
"products","e8af2655-8412-4e02-b849-968ea8af21c7","cut-quatroflex-t-shirt","industries_locales","[""Construction"",""work involving the presence of blades""]","[""Edilizia"",""Lavorazini in presenza di lame""]","""""","""""",""""""
"products","e8af2655-8412-4e02-b849-968ea8af21c7","cut-quatroflex-t-shirt","tags_locales","[""Work shirt""]","[""Maglia da lavoro""]","""""","""""",""""""
"products","e8af2655-8412-4e02-b849-968ea8af21c7","cut-quatroflex-t-shirt","size_locales","","","""""","""""",""""""
"products","e8af2655-8412-4e02-b849-968ea8af21c7","cut-quatroflex-t-shirt","materials_locales","[]","[]","""""","""""",""""""
"products","e8af2655-8412-4e02-b849-968ea8af21c7","cut-quatroflex-t-shirt","eye_face_comfort_features_locales","""""","""""","""""","""""",""""""
"products","e8af2655-8412-4e02-b849-968ea8af21c7","cut-quatroflex-t-shirt","eye_face_equipment_locales","""""","""""","""""","""""",""""""
"products","e8af2655-8412-4e02-b849-968ea8af21c7","cut-quatroflex-t-shirt","head_comfort_features_locales","""""","""""","""""","""""",""""""
"products","e8af2655-8412-4e02-b849-968ea8af21c7","cut-quatroflex-t-shirt","head_other_details_locales","""""","""""","""""","""""",""""""
"products","e8af2655-8412-4e02-b849-968ea8af21c7","cut-quatroflex-t-shirt","head_equipment_locales","""""","""""","""""","""""",""""""
"products","e8af2655-8412-4e02-b849-968ea8af21c7","cut-quatroflex-t-shirt","footwear_comfort_features_locales","""""","""""","""""","""""",""""""
"products","e8af2655-8412-4e02-b849-968ea8af21c7","cut-quatroflex-t-shirt","hearing_comfort_features_locales","""""","""""","""""","""""",""""""
"products","e8af2655-8412-4e02-b849-968ea8af21c7","cut-quatroflex-t-shirt","hearing_other_details_locales","""""","""""","""""","""""",""""""
"products","e8af2655-8412-4e02-b849-968ea8af21c7","cut-quatroflex-t-shirt","hearing_equipment_locales","""""","""""","""""","""""",""""""
"products","e8af2655-8412-4e02-b849-968ea8af21c7","cut-quatroflex-t-shirt","respiratory_comfort_features_locales","""""","""""","""""","""""",""""""
"products","e8af2655-8412-4e02-b849-968ea8af21c7","cut-quatroflex-t-shirt","respiratory_other_details_locales","""""","""""","""""","""""",""""""
"products","e8af2655-8412-4e02-b849-968ea8af21c7","cut-quatroflex-t-shirt","respiratory_equipment_locales","""""","""""","""""","""""",""""""
"products","e8af2655-8412-4e02-b849-968ea8af21c7","cut-quatroflex-t-shirt","clothing_comfort_features_locales","[]","[]","""""","""""",""""""
"products","e8af2655-8412-4e02-b849-968ea8af21c7","cut-quatroflex-t-shirt","clothing_other_details_locales","[""EN 388 livello 5"",""EN ISO 13688: Yes""]","[""EN ISO 13688: Yes"",""EN 388 livello 5""]","""""","""""",""""""
"products","e8af2655-8412-4e02-b849-968ea8af21c7","cut-quatroflex-t-shirt","footwear_materials_locales","""""","""""","""""","""""",""""""
"products","e8af2655-8412-4e02-b849-968ea8af21c7","cut-quatroflex-t-shirt","footwear_special_features_locales","""""","""""","""""","""""",""""""
"products","e8af2655-8412-4e02-b849-968ea8af21c7","cut-quatroflex-t-shirt","connections_locales","""""","""""","""""","""""",""""""
"products","e8af2655-8412-4e02-b849-968ea8af21c7","cut-quatroflex-t-shirt","compatible_with_locales","""""","""""","""""","""""",""""""
"products","e8af2655-8412-4e02-b849-968ea8af21c7","cut-quatroflex-t-shirt","coatings_locales","""""","""""","""""","""""",""""""
"products","e8af2655-8412-4e02-b849-968ea8af21c7","cut-quatroflex-t-shirt","eye_face_materials_locales","""""","""""","""""","""""",""""""
"products","e8af2655-8412-4e02-b849-968ea8af21c7","cut-quatroflex-t-shirt","head_tech_specs_locales","""""","""""","""""","""""",""""""
"products","e8af2655-8412-4e02-b849-968ea8af21c7","cut-quatroflex-t-shirt","clothing_attributes_locales","{""fit"":"""",""size_range"":""""}","{""fit"":"""",""size_range"":""""}","""""","""""",""""""
"products","ab75311e-8a28-42b0-9f93-106100ca3735","bls-201-3","name_locales","BLS 201-3","BLS 201-3","""""","""""",""""""
"products","ab75311e-8a28-42b0-9f93-106100ca3735","bls-201-3","description_locales","Flat filters with b-lock connection. FFP3 R classified, protect from dusts, fibers, fumes, aerosols of toxic particles","Filtri piatti con attacco a baionetta b-lock. Classificazione FFP3 R, proteggono da polveri, fibre, fumi e aerosol di particelle tossiche","""""","""""",""""""
"products","ab75311e-8a28-42b0-9f93-106100ca3735","bls-201-3","short_description_locales","Flat filters with b-lock connection","Filtro piatto con aggancio b-lock","""""","""""",""""""
"products","ab75311e-8a28-42b0-9f93-106100ca3735","bls-201-3","category_locales","Respiratory protection","Protezione vie respiratorie","""""","""""",""""""
"products","ab75311e-8a28-42b0-9f93-106100ca3735","bls-201-3","sub_category_locales","Filters, Cartridges and accessories","Filtri, cartucce e accessori","""""","""""",""""""
"products","ab75311e-8a28-42b0-9f93-106100ca3735","bls-201-3","features_locales","[""Lightweight and small size with slim profile"",""Dust filtering efficiency 99.99%""]","[""Leggero e di piccole dimensioni con profilo sottile"",""Efficienza di filtrazione delle polveri 99,99%""]","""""","""""",""""""
"products","ab75311e-8a28-42b0-9f93-106100ca3735","bls-201-3","applications_locales","[""Application depends on the filter used (gas, vapor, particulate, combined, etc.)""]","[""L’applicazione dipende dal filtro utilizzato (gas, vapori, particolato, combinato, ecc.)""]","""""","""""",""""""
"products","ab75311e-8a28-42b0-9f93-106100ca3735","bls-201-3","industries_locales","[""Chemical manufacturing"",""paint/spraying"",""metal working"",""welding"",""pharma""]","[""Produzione chimica"",""verniciatura/spruzzatura"",""lavorazione dei metalli"",""saldatura"",""industria farmaceutica""]","""""","""""",""""""
"products","ab75311e-8a28-42b0-9f93-106100ca3735","bls-201-3","tags_locales","[]","[]","""""","""""",""""""
"products","ab75311e-8a28-42b0-9f93-106100ca3735","bls-201-3","size_locales","","","""""","""""",""""""
"products","ab75311e-8a28-42b0-9f93-106100ca3735","bls-201-3","materials_locales","[""Polypropylene (PP)""]","[""Polipropilene (PP)""]","""""","""""",""""""
"products","ab75311e-8a28-42b0-9f93-106100ca3735","bls-201-3","eye_face_comfort_features_locales","""""","""""","""""","""""",""""""
"products","ab75311e-8a28-42b0-9f93-106100ca3735","bls-201-3","eye_face_equipment_locales","""""","""""","""""","""""",""""""
"products","ab75311e-8a28-42b0-9f93-106100ca3735","bls-201-3","head_comfort_features_locales","""""","""""","""""","""""",""""""
"products","ab75311e-8a28-42b0-9f93-106100ca3735","bls-201-3","head_other_details_locales","""""","""""","""""","""""",""""""
"products","ab75311e-8a28-42b0-9f93-106100ca3735","bls-201-3","head_equipment_locales","""""","""""","""""","""""",""""""
"products","ab75311e-8a28-42b0-9f93-106100ca3735","bls-201-3","footwear_comfort_features_locales","""""","""""","""""","""""",""""""
"products","ab75311e-8a28-42b0-9f93-106100ca3735","bls-201-3","hearing_comfort_features_locales","""""","""""","""""","""""",""""""
"products","ab75311e-8a28-42b0-9f93-106100ca3735","bls-201-3","hearing_other_details_locales","""""","""""","""""","""""",""""""
"products","ab75311e-8a28-42b0-9f93-106100ca3735","bls-201-3","hearing_equipment_locales","""""","""""","""""","""""",""""""
"products","ab75311e-8a28-42b0-9f93-106100ca3735","bls-201-3","respiratory_comfort_features_locales","""""","""""","""""","""""",""""""
"products","ab75311e-8a28-42b0-9f93-106100ca3735","bls-201-3","respiratory_other_details_locales","""""","""""","""""","""""",""""""
"products","ab75311e-8a28-42b0-9f93-106100ca3735","bls-201-3","respiratory_equipment_locales","""""","""""","""""","""""",""""""
"products","ab75311e-8a28-42b0-9f93-106100ca3735","bls-201-3","clothing_comfort_features_locales","""""","""""","""""","""""",""""""
"products","ab75311e-8a28-42b0-9f93-106100ca3735","bls-201-3","clothing_other_details_locales","""""","""""","""""","""""",""""""
"products","ab75311e-8a28-42b0-9f93-106100ca3735","bls-201-3","footwear_materials_locales","""""","""""","""""","""""",""""""
"products","ab75311e-8a28-42b0-9f93-106100ca3735","bls-201-3","footwear_special_features_locales","""""","""""","""""","""""",""""""
"products","ab75311e-8a28-42b0-9f93-106100ca3735","bls-201-3","connections_locales","[""B-Lock""]","[""B-Lock""]","""""","""""",""""""
"products","ab75311e-8a28-42b0-9f93-106100ca3735","bls-201-3","compatible_with_locales","[""Half masks"",""Full masks""]","[""Semimaschere"",""Maschere integrali""]","""""","""""",""""""
"products","ab75311e-8a28-42b0-9f93-106100ca3735","bls-201-3","coatings_locales","""""","""""","""""","""""",""""""
"products","ab75311e-8a28-42b0-9f93-106100ca3735","bls-201-3","eye_face_materials_locales","""""","""""","""""","""""",""""""
"products","ab75311e-8a28-42b0-9f93-106100ca3735","bls-201-3","head_tech_specs_locales","""""","""""","""""","""""",""""""
"products","ab75311e-8a28-42b0-9f93-106100ca3735","bls-201-3","clothing_attributes_locales","""""","""""","""""","""""",""""""
"products","b87781a3-91cd-456f-b8bb-e487af49f9e7","cut-quatroflex-polo","name_locales","cut quatroflex (polo)","cut quatroflex (polo)","""""","""""",""""""
"products","b87781a3-91cd-456f-b8bb-e487af49f9e7","cut-quatroflex-polo","description_locales","Shirt designed to protect against cuts, glass sheets, and sharp objects, while offering excellent freedom of movement and elasticity
","Maglia nata per proteggere da tagli, lastre di vetro e oggetti accuminati, pur offrendo ottimo movimento ed elasticità
","""""","""""",""""""
"products","b87781a3-91cd-456f-b8bb-e487af49f9e7","cut-quatroflex-polo","short_description_locales","Cut-resistant work shirt","Maglia antitaglio da lavoro","""""","""""",""""""
"products","b87781a3-91cd-456f-b8bb-e487af49f9e7","cut-quatroflex-polo","category_locales","Protective Clothing","Abbigliamento protettivo","""""","""""",""""""
"products","b87781a3-91cd-456f-b8bb-e487af49f9e7","cut-quatroflex-polo","sub_category_locales","Workwear shirts","Maglie da lavoro","""""","""""",""""""
"products","b87781a3-91cd-456f-b8bb-e487af49f9e7","cut-quatroflex-polo","features_locales","[""Excellent flexibility and freedom of movement"",""Seamless knitted sleeve cuffs"",""Three-button placket"",""Polo collar"",""Polo shirt with maximum-level cut-resistant sleeves"",""Innovative double-face fabric combined with Bamboo TwinFlex® inserts"",""Highly functional and extremely elastic panels on the elbows""]","[""Polo con maniche resistenti al taglio di livello massimo"",""Tessuto innovativo principio double-face e agli inserti Bamboo TwinFlex®"",""Strisce funzionali ed estremamente elastiche sui gomiti"",""Ottima flessibilità e libertà nei movimenti"",""Polsini della manica in tessuto a maglia senza cuciture"",""Abbottonatura con tre bottoni"",""Colletto polo""]","""""","""""",""""""
"products","b87781a3-91cd-456f-b8bb-e487af49f9e7","cut-quatroflex-polo","applications_locales","[""Forestry work"",""Wood industry"",""Construction work""]","[""Lavori Silvocultura"",""Industria del legno"",""Lavori edilizia""]","""""","""""",""""""
"products","b87781a3-91cd-456f-b8bb-e487af49f9e7","cut-quatroflex-polo","industries_locales","[""Construction"",""work involving the presence of blades""]","[""Edilizia"",""Lavorazini in presenza di lame""]","""""","""""",""""""
"products","b87781a3-91cd-456f-b8bb-e487af49f9e7","cut-quatroflex-polo","tags_locales","[""Work shirt""]","[""Maglia da lavoro""]","""""","""""",""""""
"products","b87781a3-91cd-456f-b8bb-e487af49f9e7","cut-quatroflex-polo","size_locales","","","""""","""""",""""""
"products","b87781a3-91cd-456f-b8bb-e487af49f9e7","cut-quatroflex-polo","materials_locales","[""45% polyester, 55% cotton""]","[]","""""","""""",""""""
"products","b87781a3-91cd-456f-b8bb-e487af49f9e7","cut-quatroflex-polo","eye_face_comfort_features_locales","""""","""""","""""","""""",""""""
"products","b87781a3-91cd-456f-b8bb-e487af49f9e7","cut-quatroflex-polo","eye_face_equipment_locales","""""","""""","""""","""""",""""""
"products","b87781a3-91cd-456f-b8bb-e487af49f9e7","cut-quatroflex-polo","head_comfort_features_locales","""""","""""","""""","""""",""""""
"products","b87781a3-91cd-456f-b8bb-e487af49f9e7","cut-quatroflex-polo","head_other_details_locales","""""","""""","""""","""""",""""""
"products","b87781a3-91cd-456f-b8bb-e487af49f9e7","cut-quatroflex-polo","head_equipment_locales","""""","""""","""""","""""",""""""
"products","b87781a3-91cd-456f-b8bb-e487af49f9e7","cut-quatroflex-polo","footwear_comfort_features_locales","""""","""""","""""","""""",""""""
"products","b87781a3-91cd-456f-b8bb-e487af49f9e7","cut-quatroflex-polo","hearing_comfort_features_locales","""""","""""","""""","""""",""""""
"products","b87781a3-91cd-456f-b8bb-e487af49f9e7","cut-quatroflex-polo","hearing_other_details_locales","""""","""""","""""","""""",""""""
"products","b87781a3-91cd-456f-b8bb-e487af49f9e7","cut-quatroflex-polo","hearing_equipment_locales","""""","""""","""""","""""",""""""
"products","b87781a3-91cd-456f-b8bb-e487af49f9e7","cut-quatroflex-polo","respiratory_comfort_features_locales","""""","""""","""""","""""",""""""
"products","b87781a3-91cd-456f-b8bb-e487af49f9e7","cut-quatroflex-polo","respiratory_other_details_locales","""""","""""","""""","""""",""""""
"products","b87781a3-91cd-456f-b8bb-e487af49f9e7","cut-quatroflex-polo","respiratory_equipment_locales","""""","""""","""""","""""",""""""
"products","b87781a3-91cd-456f-b8bb-e487af49f9e7","cut-quatroflex-polo","clothing_comfort_features_locales","[]","[]","""""","""""",""""""
"products","b87781a3-91cd-456f-b8bb-e487af49f9e7","cut-quatroflex-polo","clothing_other_details_locales","[""EN 388 livello 5"",""EN ISO 13688: Yes""]","[""EN ISO 13688: Yes"",""EN 388 livello 5""]","""""","""""",""""""
"products","b87781a3-91cd-456f-b8bb-e487af49f9e7","cut-quatroflex-polo","footwear_materials_locales","""""","""""","""""","""""",""""""
"products","b87781a3-91cd-456f-b8bb-e487af49f9e7","cut-quatroflex-polo","footwear_special_features_locales","""""","""""","""""","""""",""""""
"products","b87781a3-91cd-456f-b8bb-e487af49f9e7","cut-quatroflex-polo","connections_locales","""""","""""","""""","""""",""""""
"products","b87781a3-91cd-456f-b8bb-e487af49f9e7","cut-quatroflex-polo","compatible_with_locales","""""","""""","""""","""""",""""""
"products","b87781a3-91cd-456f-b8bb-e487af49f9e7","cut-quatroflex-polo","coatings_locales","""""","""""","""""","""""",""""""
"products","b87781a3-91cd-456f-b8bb-e487af49f9e7","cut-quatroflex-polo","eye_face_materials_locales","""""","""""","""""","""""",""""""
"products","b87781a3-91cd-456f-b8bb-e487af49f9e7","cut-quatroflex-polo","head_tech_specs_locales","""""","""""","""""","""""",""""""
"products","b87781a3-91cd-456f-b8bb-e487af49f9e7","cut-quatroflex-polo","clothing_attributes_locales","{""fit"":""Regular "",""size_range"":""""}","{""fit"":""Aderente"",""size_range"":""""}","""""","""""",""""""
"products","c5bd00df-919e-44d4-a2ca-ca8d48e7e738","bls-201-3c","name_locales","BLS 201-3C","BLS 201-3C","""""","""""",""""""
"products","c5bd00df-919e-44d4-a2ca-ca8d48e7e738","bls-201-3c","description_locales","Flat filters with b-lock connection. FFP3 R classified, protect from dusts, fibers, fumes, aerosols of toxic particles. Activated carbons to block gasses & vapour organic and acid in lower concentration than the TLV","Filtri piatti con attacco a baionetta b-lock. Classificazione FFP3 R, proteggono da polveri, fibre, fumi e aerosol di particelle tossiche","""""","""""",""""""
"products","c5bd00df-919e-44d4-a2ca-ca8d48e7e738","bls-201-3c","short_description_locales","Flat filters with b-lock connection.","Filtro piatto con aggancio b-lock","""""","""""",""""""
"products","c5bd00df-919e-44d4-a2ca-ca8d48e7e738","bls-201-3c","category_locales","Respiratory protection","Protezione vie respiratorie","""""","""""",""""""
"products","c5bd00df-919e-44d4-a2ca-ca8d48e7e738","bls-201-3c","sub_category_locales","Filters, Cartridges and accessories","Filtri, cartucce e accessori","""""","""""",""""""
"products","c5bd00df-919e-44d4-a2ca-ca8d48e7e738","bls-201-3c","features_locales","[""Lightweight and small size with slim profile"",""Dust filtering efficiency 99.99%""]","[""Leggero e di piccole dimensioni con profilo sottile"",""Efficienza di filtrazione delle polveri 99,99%""]","""""","""""",""""""
"products","c5bd00df-919e-44d4-a2ca-ca8d48e7e738","bls-201-3c","applications_locales","[""Application depends on the filter used (gas, vapor, particulate, combined, etc.)""]","[""L’applicazione dipende dal filtro utilizzato (gas, vapori, particolato, combinato, ecc.)""]","""""","""""",""""""
"products","c5bd00df-919e-44d4-a2ca-ca8d48e7e738","bls-201-3c","industries_locales","[""Chemical manufacturing"",""paint/spraying"",""metal working"",""welding"",""pharma""]","[""Produzione chimica"",""verniciatura/spruzzatura"",""lavorazione dei metalli"",""saldatura"",""industria farmaceutica""]","""""","""""",""""""
"products","c5bd00df-919e-44d4-a2ca-ca8d48e7e738","bls-201-3c","tags_locales","[]","[]","""""","""""",""""""
"products","c5bd00df-919e-44d4-a2ca-ca8d48e7e738","bls-201-3c","size_locales","","","""""","""""",""""""
"products","c5bd00df-919e-44d4-a2ca-ca8d48e7e738","bls-201-3c","materials_locales","[""Polypropylene (PP)"",""Polyester (PES) + carbon grains""]","[""Polipropilene (PP)"",""Poliestere (PES) + granuli di carbone""]","""""","""""",""""""
"products","c5bd00df-919e-44d4-a2ca-ca8d48e7e738","bls-201-3c","eye_face_comfort_features_locales","""""","""""","""""","""""",""""""
"products","c5bd00df-919e-44d4-a2ca-ca8d48e7e738","bls-201-3c","eye_face_equipment_locales","""""","""""","""""","""""",""""""
"products","c5bd00df-919e-44d4-a2ca-ca8d48e7e738","bls-201-3c","head_comfort_features_locales","""""","""""","""""","""""",""""""
"products","c5bd00df-919e-44d4-a2ca-ca8d48e7e738","bls-201-3c","head_other_details_locales","""""","""""","""""","""""",""""""
"products","c5bd00df-919e-44d4-a2ca-ca8d48e7e738","bls-201-3c","head_equipment_locales","""""","""""","""""","""""",""""""
"products","c5bd00df-919e-44d4-a2ca-ca8d48e7e738","bls-201-3c","footwear_comfort_features_locales","""""","""""","""""","""""",""""""
"products","c5bd00df-919e-44d4-a2ca-ca8d48e7e738","bls-201-3c","hearing_comfort_features_locales","""""","""""","""""","""""",""""""
"products","c5bd00df-919e-44d4-a2ca-ca8d48e7e738","bls-201-3c","hearing_other_details_locales","""""","""""","""""","""""",""""""
"products","c5bd00df-919e-44d4-a2ca-ca8d48e7e738","bls-201-3c","hearing_equipment_locales","""""","""""","""""","""""",""""""
"products","c5bd00df-919e-44d4-a2ca-ca8d48e7e738","bls-201-3c","respiratory_comfort_features_locales","""""","""""","""""","""""",""""""
"products","c5bd00df-919e-44d4-a2ca-ca8d48e7e738","bls-201-3c","respiratory_other_details_locales","""""","""""","""""","""""",""""""
"products","c5bd00df-919e-44d4-a2ca-ca8d48e7e738","bls-201-3c","respiratory_equipment_locales","""""","""""","""""","""""",""""""
"products","c5bd00df-919e-44d4-a2ca-ca8d48e7e738","bls-201-3c","clothing_comfort_features_locales","""""","""""","""""","""""",""""""
"products","c5bd00df-919e-44d4-a2ca-ca8d48e7e738","bls-201-3c","clothing_other_details_locales","""""","""""","""""","""""",""""""
"products","c5bd00df-919e-44d4-a2ca-ca8d48e7e738","bls-201-3c","footwear_materials_locales","""""","""""","""""","""""",""""""
"products","c5bd00df-919e-44d4-a2ca-ca8d48e7e738","bls-201-3c","footwear_special_features_locales","""""","""""","""""","""""",""""""
"products","c5bd00df-919e-44d4-a2ca-ca8d48e7e738","bls-201-3c","connections_locales","[""B-Lock""]","[""B-Lock""]","""""","""""",""""""
"products","c5bd00df-919e-44d4-a2ca-ca8d48e7e738","bls-201-3c","compatible_with_locales","[""Half masks"",""Full masks""]","[""Semimaschere"",""Maschere integrali""]","""""","""""",""""""
"products","c5bd00df-919e-44d4-a2ca-ca8d48e7e738","bls-201-3c","coatings_locales","""""","""""","""""","""""",""""""
"products","c5bd00df-919e-44d4-a2ca-ca8d48e7e738","bls-201-3c","eye_face_materials_locales","""""","""""","""""","""""",""""""
"products","c5bd00df-919e-44d4-a2ca-ca8d48e7e738","bls-201-3c","head_tech_specs_locales","""""","""""","""""","""""",""""""
"products","c5bd00df-919e-44d4-a2ca-ca8d48e7e738","bls-201-3c","clothing_attributes_locales","""""","""""","""""","""""",""""""
"products","09150aab-31f1-4991-98fe-6ceeecdc9687","pantalone-suxxeed-arc","name_locales","pantalone suXXeed arc","pantalone suXXeed arc","""""","""""",""""""
"products","09150aab-31f1-4991-98fe-6ceeecdc9687","pantalone-suxxeed-arc","description_locales","Multi-purpose trousers certified for protection against internal electric arc, heat, flame, and chemicals
","Pantalone multiuso certificata per la protezione da arco elettrico interno, calore, fiamma e sostanze chimiche
","""""","""""",""""""
"products","09150aab-31f1-4991-98fe-6ceeecdc9687","pantalone-suxxeed-arc","short_description_locales","Flame-resistant multi-purpose trousers in flame-resistant fabric","pantalone multifunzione in tessuto ignifugo","""""","""""",""""""
"products","09150aab-31f1-4991-98fe-6ceeecdc9687","pantalone-suxxeed-arc","category_locales","Protective Clothing","Abbigliamento protettivo","""""","""""",""""""
"products","09150aab-31f1-4991-98fe-6ceeecdc9687","pantalone-suxxeed-arc","sub_category_locales","Work trousers","","""""","""""",""""""
"products","09150aab-31f1-4991-98fe-6ceeecdc9687","pantalone-suxxeed-arc","features_locales","[""Multifunctional trousers in an ergonomic fit that meets a wide variety of challenges"",""Attached reflex elements"",""\""This protective clothing must always be worn as a suit in combination with a jacket with  dungarees / trousers and closed to achieve protection levels\"""",""Highly resistant and durable"",""Ergonomic fit with extended back part"",""Two side pockets and leg pockets with a ruler pocket, concealed with a flap"",""Gusset insert for maximum freedom of movement"",""High level of comfort""]","[""Pantalone multifunzionale a vita con vestibilità ergonomica, adatta a una vasta gamma di sfide."",""Elementi riflettenti applicati"",""Questo capo protettivo deve sempre essere indossato come completo, in combinazione con una giacca con salopette/pantaloni chiusi, per garantire i livelli di protezione"",""Altamente resistente e durevole"",""Vestibilità ergonomica con parte posteriore estesa"",""Due tasche laterali e sulle gambe con tasca per metro pieghevole, nascosta con patta"",""v"",""Inserto inguinale per la massima libertà di movimento"",""Elevato comfort""]","""""","""""",""""""
"products","09150aab-31f1-4991-98fe-6ceeecdc9687","pantalone-suxxeed-arc","applications_locales","[""Electrical installations"",""Operations with low or moderate chemical hazards"",""Welding work""]","[""Installazioni elettriche"",""Operazioni in presenza di rischi chimici bassi o moderati"",""Lavori di saldatura""]","""""","""""",""""""
"products","09150aab-31f1-4991-98fe-6ceeecdc9687","pantalone-suxxeed-arc","industries_locales","[""Steel production"",""Utilities"",""Automotive"",""Chemicals""]","[""Acciaierie"",""Servizi pubblici"",""Automobilistico"",""Chimico""]","""""","""""",""""""
"products","09150aab-31f1-4991-98fe-6ceeecdc9687","pantalone-suxxeed-arc","tags_locales","[""Flame-resistant trousers""]","[""Pantalone"",""ignifugo""]","""""","""""",""""""
"products","09150aab-31f1-4991-98fe-6ceeecdc9687","pantalone-suxxeed-arc","size_locales","","","""""","""""",""""""
"products","09150aab-31f1-4991-98fe-6ceeecdc9687","pantalone-suxxeed-arc","materials_locales","[""88% cotton, 12% polyamide""]","[]","""""","""""",""""""
"products","09150aab-31f1-4991-98fe-6ceeecdc9687","pantalone-suxxeed-arc","eye_face_comfort_features_locales","""""","""""","""""","""""",""""""
"products","09150aab-31f1-4991-98fe-6ceeecdc9687","pantalone-suxxeed-arc","eye_face_equipment_locales","""""","""""","""""","""""",""""""
"products","09150aab-31f1-4991-98fe-6ceeecdc9687","pantalone-suxxeed-arc","head_comfort_features_locales","""""","""""","""""","""""",""""""
"products","09150aab-31f1-4991-98fe-6ceeecdc9687","pantalone-suxxeed-arc","head_other_details_locales","""""","""""","""""","""""",""""""
"products","09150aab-31f1-4991-98fe-6ceeecdc9687","pantalone-suxxeed-arc","head_equipment_locales","""""","""""","""""","""""",""""""
"products","09150aab-31f1-4991-98fe-6ceeecdc9687","pantalone-suxxeed-arc","footwear_comfort_features_locales","""""","""""","""""","""""",""""""
"products","09150aab-31f1-4991-98fe-6ceeecdc9687","pantalone-suxxeed-arc","hearing_comfort_features_locales","""""","""""","""""","""""",""""""
"products","09150aab-31f1-4991-98fe-6ceeecdc9687","pantalone-suxxeed-arc","hearing_other_details_locales","""""","""""","""""","""""",""""""
"products","09150aab-31f1-4991-98fe-6ceeecdc9687","pantalone-suxxeed-arc","hearing_equipment_locales","""""","""""","""""","""""",""""""
"products","09150aab-31f1-4991-98fe-6ceeecdc9687","pantalone-suxxeed-arc","respiratory_comfort_features_locales","""""","""""","""""","""""",""""""
"products","09150aab-31f1-4991-98fe-6ceeecdc9687","pantalone-suxxeed-arc","respiratory_other_details_locales","""""","""""","""""","""""",""""""
"products","09150aab-31f1-4991-98fe-6ceeecdc9687","pantalone-suxxeed-arc","respiratory_equipment_locales","""""","""""","""""","""""",""""""
"products","09150aab-31f1-4991-98fe-6ceeecdc9687","pantalone-suxxeed-arc","clothing_comfort_features_locales","[]","[]","""""","""""",""""""
"products","09150aab-31f1-4991-98fe-6ceeecdc9687","pantalone-suxxeed-arc","clothing_other_details_locales","[""EN 13034: Type 6""]","[]","""""","""""",""""""
"products","09150aab-31f1-4991-98fe-6ceeecdc9687","pantalone-suxxeed-arc","footwear_materials_locales","""""","""""","""""","""""",""""""
"products","09150aab-31f1-4991-98fe-6ceeecdc9687","pantalone-suxxeed-arc","footwear_special_features_locales","""""","""""","""""","""""",""""""
"products","09150aab-31f1-4991-98fe-6ceeecdc9687","pantalone-suxxeed-arc","connections_locales","""""","""""","""""","""""",""""""
"products","09150aab-31f1-4991-98fe-6ceeecdc9687","pantalone-suxxeed-arc","compatible_with_locales","""""","""""","""""","""""",""""""
"products","09150aab-31f1-4991-98fe-6ceeecdc9687","pantalone-suxxeed-arc","coatings_locales","""""","""""","""""","""""",""""""
"products","09150aab-31f1-4991-98fe-6ceeecdc9687","pantalone-suxxeed-arc","eye_face_materials_locales","""""","""""","""""","""""",""""""
"products","09150aab-31f1-4991-98fe-6ceeecdc9687","pantalone-suxxeed-arc","head_tech_specs_locales","""""","""""","""""","""""",""""""
"products","09150aab-31f1-4991-98fe-6ceeecdc9687","pantalone-suxxeed-arc","clothing_attributes_locales","{""fit"":""Regular Fit"",""size_range"":""""}","{""fit"":""Regolare"",""size_range"":""""}","""""","""""",""""""
"products","dea85339-6c46-46e5-bcf6-687eb3726e68","pantalone-suxxeed-multifunction","name_locales","pantalone suXXeed multifunction","pantalone suXXeed arc (2)","""""","""""",""""""
"products","dea85339-6c46-46e5-bcf6-687eb3726e68","pantalone-suxxeed-multifunction","description_locales","Flame-resistant multi-purpose trousers, suitable for a wide range of applications

","Pantalone multiuso certificata per la protezione da arco elettrico interno, calore, fiamma e sostanze chimiche
","""""","""""",""""""
"products","dea85339-6c46-46e5-bcf6-687eb3726e68","pantalone-suxxeed-multifunction","short_description_locales","Flame-resistant multi-purpose trousers in flame-resistant fabric","pantalone multifunzione in tessuto ignifugo","""""","""""",""""""
"products","dea85339-6c46-46e5-bcf6-687eb3726e68","pantalone-suxxeed-multifunction","category_locales","Protective Clothing","Abbigliamento protettivo","""""","""""",""""""
"products","dea85339-6c46-46e5-bcf6-687eb3726e68","pantalone-suxxeed-multifunction","sub_category_locales","Work trousers","","""""","""""",""""""
"products","dea85339-6c46-46e5-bcf6-687eb3726e68","pantalone-suxxeed-multifunction","features_locales","[""Attached reflex elements"",""\""This protective clothing must always be worn as a suit in combination with a jacket with  dungarees / trousers and closed to achieve protection levels\"""",""Highly resistant and durable"",""Ergonomically fitted multi-purpose salopette with a waistband, suitable for a wide range of applications"",""Inner pocket for knee pad"",""Flame-resistant fabric""]","[""Elementi riflettenti applicati"",""Questo capo protettivo deve sempre essere indossato come completo, in combinazione con una giacca con salopette/pantaloni chiusi, per garantire i livelli di protezione"",""Altamente resistente e durevole"",""Pantalone multifunzionale a vita con vestibilità ergonomica, adatta a una vasta gamma di applicazioni"",""Tasca interna per ginocchiera imbottita"",""Tessuto ignifugo""]","""""","""""",""""""
"products","dea85339-6c46-46e5-bcf6-687eb3726e68","pantalone-suxxeed-multifunction","applications_locales","[""Operations with low or moderate chemical hazards"",""Welding work"",""Hobby""]","[""Operazioni in presenza di rischi chimici bassi o moderati"",""Lavori di saldatura"",""Hobbystica""]","""""","""""",""""""
"products","dea85339-6c46-46e5-bcf6-687eb3726e68","pantalone-suxxeed-multifunction","industries_locales","[""Steel production"",""Utilities"",""Automotive"",""Chemicals""]","[""Acciaierie"",""Servizi pubblici"",""Automobilistico"",""Chimico""]","""""","""""",""""""
"products","dea85339-6c46-46e5-bcf6-687eb3726e68","pantalone-suxxeed-multifunction","tags_locales","[""Flame-resistant trousers""]","[""Pantalone"",""ignifugo""]","""""","""""",""""""
"products","dea85339-6c46-46e5-bcf6-687eb3726e68","pantalone-suxxeed-multifunction","size_locales","","","""""","""""",""""""
"products","dea85339-6c46-46e5-bcf6-687eb3726e68","pantalone-suxxeed-multifunction","materials_locales","[]","[]","""""","""""",""""""
"products","dea85339-6c46-46e5-bcf6-687eb3726e68","pantalone-suxxeed-multifunction","eye_face_comfort_features_locales","""""","""""","""""","""""",""""""
"products","dea85339-6c46-46e5-bcf6-687eb3726e68","pantalone-suxxeed-multifunction","eye_face_equipment_locales","""""","""""","""""","""""",""""""
"products","dea85339-6c46-46e5-bcf6-687eb3726e68","pantalone-suxxeed-multifunction","head_comfort_features_locales","""""","""""","""""","""""",""""""
"products","dea85339-6c46-46e5-bcf6-687eb3726e68","pantalone-suxxeed-multifunction","head_other_details_locales","""""","""""","""""","""""",""""""
"products","dea85339-6c46-46e5-bcf6-687eb3726e68","pantalone-suxxeed-multifunction","head_equipment_locales","""""","""""","""""","""""",""""""
"products","dea85339-6c46-46e5-bcf6-687eb3726e68","pantalone-suxxeed-multifunction","footwear_comfort_features_locales","""""","""""","""""","""""",""""""
"products","dea85339-6c46-46e5-bcf6-687eb3726e68","pantalone-suxxeed-multifunction","hearing_comfort_features_locales","""""","""""","""""","""""",""""""
"products","dea85339-6c46-46e5-bcf6-687eb3726e68","pantalone-suxxeed-multifunction","hearing_other_details_locales","""""","""""","""""","""""",""""""
"products","dea85339-6c46-46e5-bcf6-687eb3726e68","pantalone-suxxeed-multifunction","hearing_equipment_locales","""""","""""","""""","""""",""""""
"products","dea85339-6c46-46e5-bcf6-687eb3726e68","pantalone-suxxeed-multifunction","respiratory_comfort_features_locales","""""","""""","""""","""""",""""""
"products","dea85339-6c46-46e5-bcf6-687eb3726e68","pantalone-suxxeed-multifunction","respiratory_other_details_locales","""""","""""","""""","""""",""""""
"products","dea85339-6c46-46e5-bcf6-687eb3726e68","pantalone-suxxeed-multifunction","respiratory_equipment_locales","""""","""""","""""","""""",""""""
"products","dea85339-6c46-46e5-bcf6-687eb3726e68","pantalone-suxxeed-multifunction","clothing_comfort_features_locales","[]","[]","""""","""""",""""""
"products","dea85339-6c46-46e5-bcf6-687eb3726e68","pantalone-suxxeed-multifunction","clothing_other_details_locales","[]","[]","""""","""""",""""""
"products","dea85339-6c46-46e5-bcf6-687eb3726e68","pantalone-suxxeed-multifunction","footwear_materials_locales","""""","""""","""""","""""",""""""
"products","dea85339-6c46-46e5-bcf6-687eb3726e68","pantalone-suxxeed-multifunction","footwear_special_features_locales","""""","""""","""""","""""",""""""
"products","dea85339-6c46-46e5-bcf6-687eb3726e68","pantalone-suxxeed-multifunction","connections_locales","""""","""""","""""","""""",""""""
"products","dea85339-6c46-46e5-bcf6-687eb3726e68","pantalone-suxxeed-multifunction","compatible_with_locales","""""","""""","""""","""""",""""""
"products","dea85339-6c46-46e5-bcf6-687eb3726e68","pantalone-suxxeed-multifunction","coatings_locales","""""","""""","""""","""""",""""""
"products","dea85339-6c46-46e5-bcf6-687eb3726e68","pantalone-suxxeed-multifunction","eye_face_materials_locales","""""","""""","""""","""""",""""""
"products","dea85339-6c46-46e5-bcf6-687eb3726e68","pantalone-suxxeed-multifunction","head_tech_specs_locales","""""","""""","""""","""""",""""""
"products","dea85339-6c46-46e5-bcf6-687eb3726e68","pantalone-suxxeed-multifunction","clothing_attributes_locales","{""fit"":""Regular Fit"",""size_range"":""""}","{""fit"":""Regolare"",""size_range"":""""}","""""","""""",""""""
"products","59dfd8d9-d335-4025-80b9-6874aff32411","salopette-suxxeed-arc","name_locales","salopette suXXeed arc","salopette suXXeed arc","""""","""""",""""""
"products","59dfd8d9-d335-4025-80b9-6874aff32411","salopette-suxxeed-arc","description_locales","Multi-purpose bib overalls certified for protection against internal electric arc, heat, flame, and chemicals

","Salopette multiuso certificata per la protezione da arco elettrico interno, calore, fiamma e sostanze chimiche

","""""","""""",""""""
"products","59dfd8d9-d335-4025-80b9-6874aff32411","salopette-suxxeed-arc","short_description_locales","Flame-resistant multi-purpose salopette in flame-resistant fabric","Salopette multifunzione in tessuto ignifugo","""""","""""",""""""
"products","59dfd8d9-d335-4025-80b9-6874aff32411","salopette-suxxeed-arc","category_locales","Protective Clothing","Abbigliamento protettivo","""""","""""",""""""
"products","59dfd8d9-d335-4025-80b9-6874aff32411","salopette-suxxeed-arc","sub_category_locales","Work bib overalls","","""""","""""",""""""
"products","59dfd8d9-d335-4025-80b9-6874aff32411","salopette-suxxeed-arc","features_locales","[""Attached reflex elements"",""\""This protective clothing must always be worn as a suit in combination with a jacket with  dungarees / trousers and closed to achieve protection levels\"""",""Highly resistant and durable"",""Ergonomic fit with extended back part"",""Two side pockets and leg pockets with a ruler pocket, concealed with a flap"",""Gusset insert for maximum freedom of movement"",""High level of comfort""]","[""Pantalone multifunzionale a vita con vestibilità ergonomica, adatta a una vasta gamma di sfide."",""Elementi riflettenti applicati"",""Questo capo protettivo deve sempre essere indossato come completo, in combinazione con una giacca con salopette/pantaloni chiusi, per garantire i livelli di protezione"",""Altamente resistente e durevole"",""Vestibilità ergonomica con parte posteriore estesa"",""Due tasche laterali e sulle gambe con tasca per metro pieghevole, nascosta con patta"",""v"",""Inserto inguinale per la massima libertà di movimento"",""Elevato comfort""]","""""","""""",""""""
"products","59dfd8d9-d335-4025-80b9-6874aff32411","salopette-suxxeed-arc","applications_locales","[""Electrical installations"",""Operations with low or moderate chemical hazards"",""Welding work""]","[""Installazioni elettriche"",""Operazioni in presenza di rischi chimici bassi o moderati"",""Lavori di saldatura""]","""""","""""",""""""
"products","59dfd8d9-d335-4025-80b9-6874aff32411","salopette-suxxeed-arc","industries_locales","[""Steel production"",""Utilities"",""Automotive"",""Chemicals""]","[""Acciaierie"",""Servizi pubblici"",""Automobilistico"",""Chimico""]","""""","""""",""""""
"products","59dfd8d9-d335-4025-80b9-6874aff32411","salopette-suxxeed-arc","tags_locales","[""Flame-resistant trousers""]","[""Pantalone"",""ignifugo""]","""""","""""",""""""
"products","59dfd8d9-d335-4025-80b9-6874aff32411","salopette-suxxeed-arc","size_locales","","","""""","""""",""""""
"products","59dfd8d9-d335-4025-80b9-6874aff32411","salopette-suxxeed-arc","materials_locales","[""59% FR viscose, 33% Nomex®, 8% elastane""]","[]","""""","""""",""""""
"products","59dfd8d9-d335-4025-80b9-6874aff32411","salopette-suxxeed-arc","eye_face_comfort_features_locales","""""","""""","""""","""""",""""""
"products","59dfd8d9-d335-4025-80b9-6874aff32411","salopette-suxxeed-arc","eye_face_equipment_locales","""""","""""","""""","""""",""""""
"products","59dfd8d9-d335-4025-80b9-6874aff32411","salopette-suxxeed-arc","head_comfort_features_locales","""""","""""","""""","""""",""""""
"products","59dfd8d9-d335-4025-80b9-6874aff32411","salopette-suxxeed-arc","head_other_details_locales","""""","""""","""""","""""",""""""
"products","59dfd8d9-d335-4025-80b9-6874aff32411","salopette-suxxeed-arc","head_equipment_locales","""""","""""","""""","""""",""""""
"products","59dfd8d9-d335-4025-80b9-6874aff32411","salopette-suxxeed-arc","footwear_comfort_features_locales","""""","""""","""""","""""",""""""
"products","59dfd8d9-d335-4025-80b9-6874aff32411","salopette-suxxeed-arc","hearing_comfort_features_locales","""""","""""","""""","""""",""""""
"products","59dfd8d9-d335-4025-80b9-6874aff32411","salopette-suxxeed-arc","hearing_other_details_locales","""""","""""","""""","""""",""""""
"products","59dfd8d9-d335-4025-80b9-6874aff32411","salopette-suxxeed-arc","hearing_equipment_locales","""""","""""","""""","""""",""""""
"products","59dfd8d9-d335-4025-80b9-6874aff32411","salopette-suxxeed-arc","respiratory_comfort_features_locales","""""","""""","""""","""""",""""""
"products","59dfd8d9-d335-4025-80b9-6874aff32411","salopette-suxxeed-arc","respiratory_other_details_locales","""""","""""","""""","""""",""""""
"products","59dfd8d9-d335-4025-80b9-6874aff32411","salopette-suxxeed-arc","respiratory_equipment_locales","""""","""""","""""","""""",""""""
"products","59dfd8d9-d335-4025-80b9-6874aff32411","salopette-suxxeed-arc","clothing_comfort_features_locales","[]","[]","""""","""""",""""""
"products","59dfd8d9-d335-4025-80b9-6874aff32411","salopette-suxxeed-arc","clothing_other_details_locales","[""EN 13034: Type 6""]","[]","""""","""""",""""""
"products","59dfd8d9-d335-4025-80b9-6874aff32411","salopette-suxxeed-arc","footwear_materials_locales","{""sole"":"""",""upper"":"""",""insole"":"""",""lining"":"""",""toe_cap"":""""}","{""sole"":"""",""upper"":"""",""insole"":"""",""lining"":"""",""toe_cap"":""""}","""""","""""",""""""
"products","59dfd8d9-d335-4025-80b9-6874aff32411","salopette-suxxeed-arc","footwear_special_features_locales","""""","""""","""""","""""",""""""
"products","59dfd8d9-d335-4025-80b9-6874aff32411","salopette-suxxeed-arc","connections_locales","""""","""""","""""","""""",""""""
"products","59dfd8d9-d335-4025-80b9-6874aff32411","salopette-suxxeed-arc","compatible_with_locales","""""","""""","""""","""""",""""""
"products","59dfd8d9-d335-4025-80b9-6874aff32411","salopette-suxxeed-arc","coatings_locales","""""","""""","""""","""""",""""""
"products","59dfd8d9-d335-4025-80b9-6874aff32411","salopette-suxxeed-arc","eye_face_materials_locales","""""","""""","""""","""""",""""""
"products","59dfd8d9-d335-4025-80b9-6874aff32411","salopette-suxxeed-arc","head_tech_specs_locales","{""colours"":[],""brim_length"":"""",""form_factor"":"""",""additional_features"":[]}","{""colours"":[],""brim_length"":"""",""form_factor"":"""",""additional_features"":[]}","""""","""""",""""""
"products","59dfd8d9-d335-4025-80b9-6874aff32411","salopette-suxxeed-arc","clothing_attributes_locales","{""fit"":"""",""size_range"":""""}","{""fit"":"""",""size_range"":""""}","""""","""""",""""""
"products","f6491ee3-e268-48f8-9de3-13b955079068","01-301","name_locales","01-301","01-301","""""","""""",""""""
"products","f6491ee3-e268-48f8-9de3-13b955079068","01-301","description_locales","13 gauges Glove, Graphene liner, Micro foam Nitrile palm coating, reinforced crotch","Guanto  13 aghi, fodera in grafene, rivestimento in micro schiuma di nitrile sul palmo, thumb crotch rinforzato","""""","""""",""""""
"products","f6491ee3-e268-48f8-9de3-13b955079068","01-301","short_description_locales","13 gauges Glove, Graphene liner, Micro foam Nitrile palm coating, reinforced crotch","Guanto  13 aghi, fodera in grafene, rivestimento in micro schiuma di nitrile sul palmo, thumb crotch rinforzato","""""","""""",""""""
"products","f6491ee3-e268-48f8-9de3-13b955079068","01-301","category_locales","Hand protection","Protezione delle mani","""""","""""",""""""
"products","f6491ee3-e268-48f8-9de3-13b955079068","01-301","sub_category_locales","Cut-resistant gloves","Guanti antitaglio","""""","""""",""""""
"products","f6491ee3-e268-48f8-9de3-13b955079068","01-301","features_locales","[""13 gauge grey Kyorene® graphene liner"",""Bacteriostatic kills harmful bacteria"",""Thermal regulating to keep the hands comfortable"",""Odor neutralizing to keep the gloves smelling Fresh"",""Touch Screen compatible"",""ANSI cut level A2""]","[""Fodera in grafene Kyorene® grigio calibro 13"",""Il batteriostatico uccide i batteri nocivi"",""Regolazione termica per mantenere le mani comode"",""Neutralizza gli odori per mantenere i guanti con un odore fresco"",""Compatibile con Touch Screen"",""ANSI livello taglio A2""]","""""","""""",""""""
"products","f6491ee3-e268-48f8-9de3-13b955079068","01-301","applications_locales","[""Operations in production and manufacturing lines"",""Metal sheets handling""]","[""Operazioni in catena produttiva"",""Movimentazione lamiere""]","""""","""""",""""""
"products","f6491ee3-e268-48f8-9de3-13b955079068","01-301","industries_locales","[""Automotive"",""Manufacturing"",""Appliances and white goods"",""Construction""]","[""Automotive"",""Edilizia"",""Produzione di elettrodomestici"",""Manufacturing""]","""""","""""",""""""
"products","f6491ee3-e268-48f8-9de3-13b955079068","01-301","tags_locales","[""Graphene"",""Cut-resistant gloves"",""Nitrile micro-foam""]","[""Grafene"",""antitaglio"",""spalmatura nitrile""]","""""","""""",""""""
"products","f6491ee3-e268-48f8-9de3-13b955079068","01-301","size_locales","6 - 11","","""""","""""",""""""
"products","f6491ee3-e268-48f8-9de3-13b955079068","01-301","materials_locales","[""Graphene""]","[""Grafene""]","""""","""""",""""""
"products","f6491ee3-e268-48f8-9de3-13b955079068","01-301","eye_face_comfort_features_locales","""""","""""","""""","""""",""""""
"products","f6491ee3-e268-48f8-9de3-13b955079068","01-301","eye_face_equipment_locales","""""","""""","""""","""""",""""""
"products","f6491ee3-e268-48f8-9de3-13b955079068","01-301","head_comfort_features_locales","""""","""""","""""","""""",""""""
"products","f6491ee3-e268-48f8-9de3-13b955079068","01-301","head_other_details_locales","""""","""""","""""","""""",""""""
"products","f6491ee3-e268-48f8-9de3-13b955079068","01-301","head_equipment_locales","""""","""""","""""","""""",""""""
"products","f6491ee3-e268-48f8-9de3-13b955079068","01-301","footwear_comfort_features_locales","""""","""""","""""","""""",""""""
"products","f6491ee3-e268-48f8-9de3-13b955079068","01-301","hearing_comfort_features_locales","""""","""""","""""","""""",""""""
"products","f6491ee3-e268-48f8-9de3-13b955079068","01-301","hearing_other_details_locales","""""","""""","""""","""""",""""""
"products","f6491ee3-e268-48f8-9de3-13b955079068","01-301","hearing_equipment_locales","""""","""""","""""","""""",""""""
"products","f6491ee3-e268-48f8-9de3-13b955079068","01-301","respiratory_comfort_features_locales","""""","""""","""""","""""",""""""
"products","f6491ee3-e268-48f8-9de3-13b955079068","01-301","respiratory_other_details_locales","""""","""""","""""","""""",""""""
"products","f6491ee3-e268-48f8-9de3-13b955079068","01-301","respiratory_equipment_locales","""""","""""","""""","""""",""""""
"products","f6491ee3-e268-48f8-9de3-13b955079068","01-301","clothing_comfort_features_locales","""""","""""","""""","""""",""""""
"products","f6491ee3-e268-48f8-9de3-13b955079068","01-301","clothing_other_details_locales","""""","""""","""""","""""",""""""
"products","f6491ee3-e268-48f8-9de3-13b955079068","01-301","footwear_materials_locales","""""","""""","""""","""""",""""""
"products","f6491ee3-e268-48f8-9de3-13b955079068","01-301","footwear_special_features_locales","""""","""""","""""","""""",""""""
"products","f6491ee3-e268-48f8-9de3-13b955079068","01-301","connections_locales","""""","""""","""""","""""",""""""
"products","f6491ee3-e268-48f8-9de3-13b955079068","01-301","compatible_with_locales","""""","""""","""""","""""",""""""
"products","f6491ee3-e268-48f8-9de3-13b955079068","01-301","coatings_locales","""""","""""","""""","""""",""""""
"products","f6491ee3-e268-48f8-9de3-13b955079068","01-301","eye_face_materials_locales","""""","""""","""""","""""",""""""
"products","f6491ee3-e268-48f8-9de3-13b955079068","01-301","head_tech_specs_locales","""""","""""","""""","""""",""""""
"products","f6491ee3-e268-48f8-9de3-13b955079068","01-301","clothing_attributes_locales","""""","""""","""""","""""",""""""
"products","44234833-12d6-4d23-a9f7-b7bf51aa26af","salopette-suxxeed-multifunction","name_locales","salopette suXXeed multifunction","salopette suXXeed multifunction","""""","""""",""""""
"products","44234833-12d6-4d23-a9f7-b7bf51aa26af","salopette-suxxeed-multifunction","description_locales","Flame-resistant multi-purpose bib overalls, suitable for a wide range of applications


","Salopette mutlifunzione ignifugo, adatto per molteplici campi di impiego

","""""","""""",""""""
"products","44234833-12d6-4d23-a9f7-b7bf51aa26af","salopette-suxxeed-multifunction","short_description_locales","Flame-resistant multi-purpose salopette in flame-resistant fabric","Salopette multifunzione in tessuto ignifugo","""""","""""",""""""
"products","44234833-12d6-4d23-a9f7-b7bf51aa26af","salopette-suxxeed-multifunction","category_locales","Protective Clothing","Abbigliamento protettivo","""""","""""",""""""
"products","44234833-12d6-4d23-a9f7-b7bf51aa26af","salopette-suxxeed-multifunction","sub_category_locales","Work bib overalls","","""""","""""",""""""
"products","44234833-12d6-4d23-a9f7-b7bf51aa26af","salopette-suxxeed-multifunction","features_locales","[""Attached reflex elements"",""\""This protective clothing must always be worn as a suit in combination with a jacket with  dungarees / trousers and closed to achieve protection levels\"""",""Highly resistant and durable"",""Inner pocket for knee pad"",""Flame-resistant fabric"",""Ergonomic multi-purpose bib overalls, suitable for a wide range of applications"",""Flame-resistant fabric""]","[""Elementi riflettenti applicati"",""Questo capo protettivo deve sempre essere indossato come completo, in combinazione con una giacca con salopette/pantaloni chiusi, per garantire i livelli di protezione"",""Altamente resistente e durevole"",""Tasca interna per ginocchiera imbottita"",""Tessuto ignifugo"",""Salopette multifunzionale ergonomica, adatta a una vasta gamma di applicazioni""]","""""","""""",""""""
"products","44234833-12d6-4d23-a9f7-b7bf51aa26af","salopette-suxxeed-multifunction","applications_locales","[""Operations with low or moderate chemical hazards"",""Welding work"",""Hobby""]","[""Operazioni in presenza di rischi chimici bassi o moderati"",""Lavori di saldatura"",""Hobbystica""]","""""","""""",""""""
"products","44234833-12d6-4d23-a9f7-b7bf51aa26af","salopette-suxxeed-multifunction","industries_locales","[""Steel production"",""Utilities"",""Automotive"",""Chemicals""]","[""Acciaierie"",""Servizi pubblici"",""Automobilistico"",""Chimico""]","""""","""""",""""""
"products","44234833-12d6-4d23-a9f7-b7bf51aa26af","salopette-suxxeed-multifunction","tags_locales","[""Flame-resistant trousers""]","[""Pantalone"",""ignifugo""]","""""","""""",""""""
"products","44234833-12d6-4d23-a9f7-b7bf51aa26af","salopette-suxxeed-multifunction","size_locales","","","""""","""""",""""""
"products","44234833-12d6-4d23-a9f7-b7bf51aa26af","salopette-suxxeed-multifunction","materials_locales","[""49% modacrylic, 42% cotton, 5% aramid, 3% polyamide, 1% antistatic fibres""]","[""49 % Modacrilico, 42 % Cotone, 5 % Aramide, 3 % Poliammide, 1 % Fibre antistatiche""]","""""","""""",""""""
"products","44234833-12d6-4d23-a9f7-b7bf51aa26af","salopette-suxxeed-multifunction","eye_face_comfort_features_locales","""""","""""","""""","""""",""""""
"products","44234833-12d6-4d23-a9f7-b7bf51aa26af","salopette-suxxeed-multifunction","eye_face_equipment_locales","""""","""""","""""","""""",""""""
"products","44234833-12d6-4d23-a9f7-b7bf51aa26af","salopette-suxxeed-multifunction","head_comfort_features_locales","""""","""""","""""","""""",""""""
"products","44234833-12d6-4d23-a9f7-b7bf51aa26af","salopette-suxxeed-multifunction","head_other_details_locales","""""","""""","""""","""""",""""""
"products","44234833-12d6-4d23-a9f7-b7bf51aa26af","salopette-suxxeed-multifunction","head_equipment_locales","""""","""""","""""","""""",""""""
"products","44234833-12d6-4d23-a9f7-b7bf51aa26af","salopette-suxxeed-multifunction","footwear_comfort_features_locales","""""","""""","""""","""""",""""""
"products","44234833-12d6-4d23-a9f7-b7bf51aa26af","salopette-suxxeed-multifunction","hearing_comfort_features_locales","""""","""""","""""","""""",""""""
"products","44234833-12d6-4d23-a9f7-b7bf51aa26af","salopette-suxxeed-multifunction","hearing_other_details_locales","""""","""""","""""","""""",""""""
"products","44234833-12d6-4d23-a9f7-b7bf51aa26af","salopette-suxxeed-multifunction","hearing_equipment_locales","""""","""""","""""","""""",""""""
"products","44234833-12d6-4d23-a9f7-b7bf51aa26af","salopette-suxxeed-multifunction","respiratory_comfort_features_locales","""""","""""","""""","""""",""""""
"products","44234833-12d6-4d23-a9f7-b7bf51aa26af","salopette-suxxeed-multifunction","respiratory_other_details_locales","""""","""""","""""","""""",""""""
"products","44234833-12d6-4d23-a9f7-b7bf51aa26af","salopette-suxxeed-multifunction","respiratory_equipment_locales","""""","""""","""""","""""",""""""
"products","44234833-12d6-4d23-a9f7-b7bf51aa26af","salopette-suxxeed-multifunction","clothing_comfort_features_locales","[]","[]","""""","""""",""""""
"products","44234833-12d6-4d23-a9f7-b7bf51aa26af","salopette-suxxeed-multifunction","clothing_other_details_locales","[]","[]","""""","""""",""""""
"products","44234833-12d6-4d23-a9f7-b7bf51aa26af","salopette-suxxeed-multifunction","footwear_materials_locales","""""","""""","""""","""""",""""""
"products","44234833-12d6-4d23-a9f7-b7bf51aa26af","salopette-suxxeed-multifunction","footwear_special_features_locales","""""","""""","""""","""""",""""""
"products","44234833-12d6-4d23-a9f7-b7bf51aa26af","salopette-suxxeed-multifunction","connections_locales","""""","""""","""""","""""",""""""
"products","44234833-12d6-4d23-a9f7-b7bf51aa26af","salopette-suxxeed-multifunction","compatible_with_locales","""""","""""","""""","""""",""""""
"products","44234833-12d6-4d23-a9f7-b7bf51aa26af","salopette-suxxeed-multifunction","coatings_locales","""""","""""","""""","""""",""""""
"products","44234833-12d6-4d23-a9f7-b7bf51aa26af","salopette-suxxeed-multifunction","eye_face_materials_locales","""""","""""","""""","""""",""""""
"products","44234833-12d6-4d23-a9f7-b7bf51aa26af","salopette-suxxeed-multifunction","head_tech_specs_locales","""""","""""","""""","""""",""""""
"products","44234833-12d6-4d23-a9f7-b7bf51aa26af","salopette-suxxeed-multifunction","clothing_attributes_locales","{""fit"":"""",""size_range"":""""}","{""fit"":"""",""size_range"":""""}","""""","""""",""""""
"products","e4f19b00-de51-4f84-9d6f-8ad041169041","01-701","name_locales","01-701","01-701","""""","""""",""""""
"products","e4f19b00-de51-4f84-9d6f-8ad041169041","01-701","description_locales","13 gauge  Kyorene® graphene liner glove and nitrile microfoam palm coating","Guanto 13 aghi con fodera in fibra di grafene Kyorene® e rivestimento del palmo in microschiuma di nitrile","""""","""""",""""""
"products","e4f19b00-de51-4f84-9d6f-8ad041169041","01-701","short_description_locales","13g Kyorene liner, nitrile microfoam palm coated glove. Reinforcement on crotch","Guanto  13 aghi, fodera Kyorene, palmo rivestito in microschiuma di nitrile, thumb crotch rinforzato","""""","""""",""""""
"products","e4f19b00-de51-4f84-9d6f-8ad041169041","01-701","category_locales","Hand protection","Protezione delle mani","""""","""""",""""""
"products","e4f19b00-de51-4f84-9d6f-8ad041169041","01-701","sub_category_locales","Cut-resistant gloves","Guanti antitaglio","""""","""""",""""""
"products","e4f19b00-de51-4f84-9d6f-8ad041169041","01-701","features_locales","[""13 gauge grey Kyorene® graphene liner"",""Bacteriostatic kills harmful bacteria"",""Thermal regulating to keep the hands comfortable"",""Odor neutralizing to keep the gloves smelling Fresh"",""Touch Screen compatible"",""ANSI cut level A6""]","[""Fodera in grafene Kyorene® grigio calibro 13"",""Il batteriostatico uccide i batteri nocivi"",""Regolazione termica per mantenere le mani comode"",""Neutralizzazione degli odori per mantenere i guanti con un odore fresco"",""Compatibile Touch Screen"",""ANSI taglio livello A6""]","""""","""""",""""""
"products","e4f19b00-de51-4f84-9d6f-8ad041169041","01-701","applications_locales","[""Metal stamping"",""Handling sharp objects and metal sheets"",""Operations with elevated cut risk""]","[""Stampaggio metalli"",""Controllo qualita' zona fredda del vetro"",""Manovra di oggetti taglienti e lamerie"",""Operazioni con elevato rischio di taglio""]","""""","""""",""""""
"products","e4f19b00-de51-4f84-9d6f-8ad041169041","01-701","industries_locales","[""Metal manufacturing"",""Steel manufacturing"",""Recycling"",""Glass manufacturing""]","[""Industria del vetro"",""Industria dell'acciaio"",""Fabbricazione di metalli"",""Edilizia"",""RIciclaggio""]","""""","""""",""""""
"products","e4f19b00-de51-4f84-9d6f-8ad041169041","01-701","tags_locales","[""Graphene"",""cut-resistant gloves""]","[""Grafene"",""antitaglio""]","""""","""""",""""""
"products","e4f19b00-de51-4f84-9d6f-8ad041169041","01-701","size_locales","6 - 11","","""""","""""",""""""
"products","e4f19b00-de51-4f84-9d6f-8ad041169041","01-701","materials_locales","[""Graphene""]","[""Grafene""]","""""","""""",""""""
"products","e4f19b00-de51-4f84-9d6f-8ad041169041","01-701","eye_face_comfort_features_locales","""""","""""","""""","""""",""""""
"products","e4f19b00-de51-4f84-9d6f-8ad041169041","01-701","eye_face_equipment_locales","""""","""""","""""","""""",""""""
"products","e4f19b00-de51-4f84-9d6f-8ad041169041","01-701","head_comfort_features_locales","""""","""""","""""","""""",""""""
"products","e4f19b00-de51-4f84-9d6f-8ad041169041","01-701","head_other_details_locales","""""","""""","""""","""""",""""""
"products","e4f19b00-de51-4f84-9d6f-8ad041169041","01-701","head_equipment_locales","""""","""""","""""","""""",""""""
"products","e4f19b00-de51-4f84-9d6f-8ad041169041","01-701","footwear_comfort_features_locales","""""","""""","""""","""""",""""""
"products","e4f19b00-de51-4f84-9d6f-8ad041169041","01-701","hearing_comfort_features_locales","""""","""""","""""","""""",""""""
"products","e4f19b00-de51-4f84-9d6f-8ad041169041","01-701","hearing_other_details_locales","""""","""""","""""","""""",""""""
"products","e4f19b00-de51-4f84-9d6f-8ad041169041","01-701","hearing_equipment_locales","""""","""""","""""","""""",""""""
"products","e4f19b00-de51-4f84-9d6f-8ad041169041","01-701","respiratory_comfort_features_locales","""""","""""","""""","""""",""""""
"products","e4f19b00-de51-4f84-9d6f-8ad041169041","01-701","respiratory_other_details_locales","""""","""""","""""","""""",""""""
"products","e4f19b00-de51-4f84-9d6f-8ad041169041","01-701","respiratory_equipment_locales","""""","""""","""""","""""",""""""
"products","e4f19b00-de51-4f84-9d6f-8ad041169041","01-701","clothing_comfort_features_locales","""""","""""","""""","""""",""""""
"products","e4f19b00-de51-4f84-9d6f-8ad041169041","01-701","clothing_other_details_locales","""""","""""","""""","""""",""""""
"products","e4f19b00-de51-4f84-9d6f-8ad041169041","01-701","footwear_materials_locales","""""","""""","""""","""""",""""""
"products","e4f19b00-de51-4f84-9d6f-8ad041169041","01-701","footwear_special_features_locales","""""","""""","""""","""""",""""""
"products","e4f19b00-de51-4f84-9d6f-8ad041169041","01-701","connections_locales","""""","""""","""""","""""",""""""
"products","e4f19b00-de51-4f84-9d6f-8ad041169041","01-701","compatible_with_locales","""""","""""","""""","""""",""""""
"products","e4f19b00-de51-4f84-9d6f-8ad041169041","01-701","coatings_locales","""""","""""","""""","""""",""""""
"products","e4f19b00-de51-4f84-9d6f-8ad041169041","01-701","eye_face_materials_locales","""""","""""","""""","""""",""""""
"products","e4f19b00-de51-4f84-9d6f-8ad041169041","01-701","head_tech_specs_locales","""""","""""","""""","""""",""""""
"products","e4f19b00-de51-4f84-9d6f-8ad041169041","01-701","clothing_attributes_locales","""""","""""","""""","""""",""""""
"products","c495dca9-4296-4d56-be66-aef4d2ebb63d","02","name_locales","02","02","""""","""""",""""""
"products","c495dca9-4296-4d56-be66-aef4d2ebb63d","02","description_locales","100% continuous-filament cotton five-finger glove, fully lined on all fingers with an elasticized wrist.
A practical, lightweight glove suitable for minimal risks and contact-heat protection up to 50 °C","Guanto in cotone 100% filo continuo a cinque dita doppiato su tutte le dita con polso elasticizzato.
Guanto pratico e leggero, adatto a rischi minimi e protezione da calore di contatto fino a 50°C","""""","""""",""""""
"products","c495dca9-4296-4d56-be66-aef4d2ebb63d","02","short_description_locales","100% continuous-yarn cotton glove, doubled on all fingers; minimal hazards & contact-heat protection to 50 °C","Guanto in cotone 100% filo continuo doppiato su tutte le dita per rischi minimi e temperature fino a 50°C","""""","""""",""""""
"products","c495dca9-4296-4d56-be66-aef4d2ebb63d","02","category_locales","Hand protection","Protezione delle mani","""""","""""",""""""
"products","c495dca9-4296-4d56-be66-aef4d2ebb63d","02","sub_category_locales","Gloves for general use","Guanti per uso generico","""""","""""",""""""
"products","c495dca9-4296-4d56-be66-aef4d2ebb63d","02","features_locales","[""Reinforced fingers"",""Excellent dexterity in low-risk environments""]","[""Rinforzato sulle dita"",""Ottima destrezza in ambienti a minimi rischi""]","""""","""""",""""""
"products","c495dca9-4296-4d56-be66-aef4d2ebb63d","02","applications_locales","[""Minimal-risk protection"",""Low-temperature contact-heat protection (50 °C)"",""Light handling"",""Assembly, packing, and packaging in clean environments""]","[""Protezione rischi minimi"",""Protezione calore contatto basse temperature (50°C)"",""Manipolazioni leggere"",""Assemblaggio, imballaggio e confezionamento in ambienti puliti""]","""""","""""",""""""
"products","c495dca9-4296-4d56-be66-aef4d2ebb63d","02","industries_locales","[""Glass industry"",""Logistics"",""Light-duty maintenance""]","[""Industria del vetro"",""Logistica"",""Manutenzione generica leggera""]","""""","""""",""""""
"products","c495dca9-4296-4d56-be66-aef4d2ebb63d","02","tags_locales","[""Minimal hazards"",""high dexterity"",""comfort""]","[""rischi minimi"",""elevata destrezza"",""comfort""]","""""","""""",""""""
"products","c495dca9-4296-4d56-be66-aef4d2ebb63d","02","size_locales","One size","Unica","""""","""""",""""""
"products","c495dca9-4296-4d56-be66-aef4d2ebb63d","02","materials_locales","[""cotton""]","[""cotone""]","""""","""""",""""""
"products","c495dca9-4296-4d56-be66-aef4d2ebb63d","02","eye_face_comfort_features_locales","""""","""""","""""","""""",""""""
"products","c495dca9-4296-4d56-be66-aef4d2ebb63d","02","eye_face_equipment_locales","""""","""""","""""","""""",""""""
"products","c495dca9-4296-4d56-be66-aef4d2ebb63d","02","head_comfort_features_locales","""""","""""","""""","""""",""""""
"products","c495dca9-4296-4d56-be66-aef4d2ebb63d","02","head_other_details_locales","""""","""""","""""","""""",""""""
"products","c495dca9-4296-4d56-be66-aef4d2ebb63d","02","head_equipment_locales","""""","""""","""""","""""",""""""
"products","c495dca9-4296-4d56-be66-aef4d2ebb63d","02","footwear_comfort_features_locales","""""","""""","""""","""""",""""""
"products","c495dca9-4296-4d56-be66-aef4d2ebb63d","02","hearing_comfort_features_locales","""""","""""","""""","""""",""""""
"products","c495dca9-4296-4d56-be66-aef4d2ebb63d","02","hearing_other_details_locales","""""","""""","""""","""""",""""""
"products","c495dca9-4296-4d56-be66-aef4d2ebb63d","02","hearing_equipment_locales","""""","""""","""""","""""",""""""
"products","c495dca9-4296-4d56-be66-aef4d2ebb63d","02","respiratory_comfort_features_locales","""""","""""","""""","""""",""""""
"products","c495dca9-4296-4d56-be66-aef4d2ebb63d","02","respiratory_other_details_locales","""""","""""","""""","""""",""""""
"products","c495dca9-4296-4d56-be66-aef4d2ebb63d","02","respiratory_equipment_locales","""""","""""","""""","""""",""""""
"products","c495dca9-4296-4d56-be66-aef4d2ebb63d","02","clothing_comfort_features_locales","""""","""""","""""","""""",""""""
"products","c495dca9-4296-4d56-be66-aef4d2ebb63d","02","clothing_other_details_locales","""""","""""","""""","""""",""""""
"products","c495dca9-4296-4d56-be66-aef4d2ebb63d","02","footwear_materials_locales","""""","""""","""""","""""",""""""
"products","c495dca9-4296-4d56-be66-aef4d2ebb63d","02","footwear_special_features_locales","""""","""""","""""","""""",""""""
"products","c495dca9-4296-4d56-be66-aef4d2ebb63d","02","connections_locales","""""","""""","""""","""""",""""""
"products","c495dca9-4296-4d56-be66-aef4d2ebb63d","02","compatible_with_locales","""""","""""","""""","""""",""""""
"products","c495dca9-4296-4d56-be66-aef4d2ebb63d","02","coatings_locales","""""","""""","""""","""""",""""""
"products","c495dca9-4296-4d56-be66-aef4d2ebb63d","02","eye_face_materials_locales","""""","""""","""""","""""",""""""
"products","c495dca9-4296-4d56-be66-aef4d2ebb63d","02","head_tech_specs_locales","""""","""""","""""","""""",""""""
"products","c495dca9-4296-4d56-be66-aef4d2ebb63d","02","clothing_attributes_locales","""""","""""","""""","""""",""""""
"products","705bc299-77cc-4a7d-8e18-698b3da5c74a","suxxeed-industry-men-cargo-trousers","name_locales","suXXeed industry men cargo trousers","suXXeed industry PANTALONI UOMO","""""","""""",""""""
"products","705bc299-77cc-4a7d-8e18-698b3da5c74a","suxxeed-industry-men-cargo-trousers","description_locales","Sporty work trousers; the stretch fabric ensures a comfortable fit
","Pantaloni sportivi da lavoro, il tessuto elasticizzato garantisce una vestibilità comoda
","""""","""""",""""""
"products","705bc299-77cc-4a7d-8e18-698b3da5c74a","suxxeed-industry-men-cargo-trousers","short_description_locales","Men’s multi-purpose work trousers","Pantaloni da lavoro multifunzione uomo","""""","""""",""""""
"products","705bc299-77cc-4a7d-8e18-698b3da5c74a","suxxeed-industry-men-cargo-trousers","category_locales","Protective Clothing","Abbigliamento protettivo","""""","""""",""""""
"products","705bc299-77cc-4a7d-8e18-698b3da5c74a","suxxeed-industry-men-cargo-trousers","sub_category_locales","","","""""","""""",""""""
"products","705bc299-77cc-4a7d-8e18-698b3da5c74a","suxxeed-industry-men-cargo-trousers","features_locales","[""Subtle contrasting color"",""Certified in accordance with OEKO-TEX® Standard 100"",""Reflective details"",""Two reinforced back pockets with Cordura, high-capacity thigh pocket and integrated mobile phone pocket, folding ruler pocket in Cordura"",""All fastenings are covered"",""Knee pad pocket"",""Ergonomic lines for greater freedom of movement""]","[""Discreto colore a contrasto"",""Certificazione in conformità a OEKO-TEX® Standard 100"",""Dettagli riflettenti"",""Due tasche posteriori rinforzate con Cordura, tasca sulla coscia ad alto volume e tasca per cellulare integrata, tasca per metro pieghevole in Cordura"",""Tutte le chiusure sono coperte"",""Tasca per ginocchiera"",""Linee ergonomiche per una maggiore libertà di movimento""]","""""","""""",""""""
"products","705bc299-77cc-4a7d-8e18-698b3da5c74a","suxxeed-industry-men-cargo-trousers","applications_locales","[""Work and leisure"",""Indoor work""]","[""Lavoro e tempo libero"",""Lavori indoor""]","""""","""""",""""""
"products","705bc299-77cc-4a7d-8e18-698b3da5c74a","suxxeed-industry-men-cargo-trousers","industries_locales","[""Steel production"",""Utilities"",""Automotive"",""Chemicals""]","[""Acciaierie"",""Servizi pubblici"",""Automobilistico""]","""""","""""",""""""
"products","705bc299-77cc-4a7d-8e18-698b3da5c74a","suxxeed-industry-men-cargo-trousers","tags_locales","[""Work trousers""]","[""Pantaloni da lavoro""]","""""","""""",""""""
"products","705bc299-77cc-4a7d-8e18-698b3da5c74a","suxxeed-industry-men-cargo-trousers","size_locales","","","""""","""""",""""""
"products","705bc299-77cc-4a7d-8e18-698b3da5c74a","suxxeed-industry-men-cargo-trousers","materials_locales","[""49% cotton, 49% polyester, 2% elastane""]","[""49 % Cotone, 49 % Poliestere, 2 % Elasthan®""]","""""","""""",""""""
"products","705bc299-77cc-4a7d-8e18-698b3da5c74a","suxxeed-industry-men-cargo-trousers","eye_face_comfort_features_locales","""""","""""","""""","""""",""""""
"products","705bc299-77cc-4a7d-8e18-698b3da5c74a","suxxeed-industry-men-cargo-trousers","eye_face_equipment_locales","""""","""""","""""","""""",""""""
"products","705bc299-77cc-4a7d-8e18-698b3da5c74a","suxxeed-industry-men-cargo-trousers","head_comfort_features_locales","""""","""""","""""","""""",""""""
"products","705bc299-77cc-4a7d-8e18-698b3da5c74a","suxxeed-industry-men-cargo-trousers","head_other_details_locales","""""","""""","""""","""""",""""""
"products","705bc299-77cc-4a7d-8e18-698b3da5c74a","suxxeed-industry-men-cargo-trousers","head_equipment_locales","""""","""""","""""","""""",""""""
"products","705bc299-77cc-4a7d-8e18-698b3da5c74a","suxxeed-industry-men-cargo-trousers","footwear_comfort_features_locales","""""","""""","""""","""""",""""""
"products","705bc299-77cc-4a7d-8e18-698b3da5c74a","suxxeed-industry-men-cargo-trousers","hearing_comfort_features_locales","""""","""""","""""","""""",""""""
"products","705bc299-77cc-4a7d-8e18-698b3da5c74a","suxxeed-industry-men-cargo-trousers","hearing_other_details_locales","""""","""""","""""","""""",""""""
"products","705bc299-77cc-4a7d-8e18-698b3da5c74a","suxxeed-industry-men-cargo-trousers","hearing_equipment_locales","""""","""""","""""","""""",""""""
"products","705bc299-77cc-4a7d-8e18-698b3da5c74a","suxxeed-industry-men-cargo-trousers","respiratory_comfort_features_locales","""""","""""","""""","""""",""""""
"products","705bc299-77cc-4a7d-8e18-698b3da5c74a","suxxeed-industry-men-cargo-trousers","respiratory_other_details_locales","""""","""""","""""","""""",""""""
"products","705bc299-77cc-4a7d-8e18-698b3da5c74a","suxxeed-industry-men-cargo-trousers","respiratory_equipment_locales","""""","""""","""""","""""",""""""
"products","705bc299-77cc-4a7d-8e18-698b3da5c74a","suxxeed-industry-men-cargo-trousers","clothing_comfort_features_locales","[]","[]","""""","""""",""""""
"products","705bc299-77cc-4a7d-8e18-698b3da5c74a","suxxeed-industry-men-cargo-trousers","clothing_other_details_locales","[""Colours: Anthracite, Navy Blue, Midnight Blue, Ultramarine Blue, Graphite, Red, Dark Green""]","[""Colour: Antracite, Blu navy, Blu notte, Blu ultramarino, Grafite, Rosso, Verde scuro""]","""""","""""",""""""
"products","705bc299-77cc-4a7d-8e18-698b3da5c74a","suxxeed-industry-men-cargo-trousers","footwear_materials_locales","""""","""""","""""","""""",""""""
"products","705bc299-77cc-4a7d-8e18-698b3da5c74a","suxxeed-industry-men-cargo-trousers","footwear_special_features_locales","""""","""""","""""","""""",""""""
"products","705bc299-77cc-4a7d-8e18-698b3da5c74a","suxxeed-industry-men-cargo-trousers","connections_locales","""""","""""","""""","""""",""""""
"products","705bc299-77cc-4a7d-8e18-698b3da5c74a","suxxeed-industry-men-cargo-trousers","compatible_with_locales","""""","""""","""""","""""",""""""
"products","705bc299-77cc-4a7d-8e18-698b3da5c74a","suxxeed-industry-men-cargo-trousers","coatings_locales","""""","""""","""""","""""",""""""
"products","705bc299-77cc-4a7d-8e18-698b3da5c74a","suxxeed-industry-men-cargo-trousers","eye_face_materials_locales","""""","""""","""""","""""",""""""
"products","705bc299-77cc-4a7d-8e18-698b3da5c74a","suxxeed-industry-men-cargo-trousers","head_tech_specs_locales","""""","""""","""""","""""",""""""
"products","705bc299-77cc-4a7d-8e18-698b3da5c74a","suxxeed-industry-men-cargo-trousers","clothing_attributes_locales","{""fit"":""Regular Fit"",""size_range"":""""}","{""fit"":""Regolare"",""size_range"":""""}","""""","""""",""""""
"products","56ef776a-702f-4363-b45f-63c19167e69a","suxxeed-industry-womens-cargo-trousers","name_locales","suXXeed industry womens cargo trousers ","suXXeed industry PANTALONI DONNA","""""","""""",""""""
"products","56ef776a-702f-4363-b45f-63c19167e69a","suxxeed-industry-womens-cargo-trousers","description_locales","Sporty work trousers; the stretch fabric ensures a comfortable fit
","Pantaloni sportivi da lavoro, il tessuto elasticizzato garantisce una vestibilità comoda
","""""","""""",""""""
"products","56ef776a-702f-4363-b45f-63c19167e69a","suxxeed-industry-womens-cargo-trousers","short_description_locales","womens multi-purpose work trousers","Pantaloni da lavoro multifunzione donna","""""","""""",""""""
"products","56ef776a-702f-4363-b45f-63c19167e69a","suxxeed-industry-womens-cargo-trousers","category_locales","Protective Clothing","Abbigliamento protettivo","""""","""""",""""""
"products","56ef776a-702f-4363-b45f-63c19167e69a","suxxeed-industry-womens-cargo-trousers","sub_category_locales","","","""""","""""",""""""
"products","56ef776a-702f-4363-b45f-63c19167e69a","suxxeed-industry-womens-cargo-trousers","features_locales","[""Subtle contrasting color"",""Certified in accordance with OEKO-TEX® Standard 100"",""Reflective details"",""Two reinforced back pockets with Cordura, high-capacity thigh pocket and integrated mobile phone pocket, folding ruler pocket in Cordura"",""All fastenings are covered"",""Knee pad pocket"",""Ergonomic lines for greater freedom of movement""]","[""Discreto colore a contrasto"",""Certificazione in conformità a OEKO-TEX® Standard 100"",""Dettagli riflettenti"",""Due tasche posteriori rinforzate con Cordura, tasca sulla coscia ad alto volume e tasca per cellulare integrata, tasca per metro pieghevole in Cordura"",""Tutte le chiusure sono coperte"",""Tasca per ginocchiera"",""Linee ergonomiche per una maggiore libertà di movimento""]","""""","""""",""""""
"products","56ef776a-702f-4363-b45f-63c19167e69a","suxxeed-industry-womens-cargo-trousers","applications_locales","[""Work and leisure"",""Indoor work""]","[""Lavoro e tempo libero"",""Lavori indoor""]","""""","""""",""""""
"products","56ef776a-702f-4363-b45f-63c19167e69a","suxxeed-industry-womens-cargo-trousers","industries_locales","[""Steel production"",""Utilities"",""Automotive"",""Chemicals""]","[""Acciaierie"",""Servizi pubblici"",""Automobilistico""]","""""","""""",""""""
"products","56ef776a-702f-4363-b45f-63c19167e69a","suxxeed-industry-womens-cargo-trousers","tags_locales","[""Work trousers""]","[""Pantaloni da lavoro""]","""""","""""",""""""
"products","56ef776a-702f-4363-b45f-63c19167e69a","suxxeed-industry-womens-cargo-trousers","size_locales","","","""""","""""",""""""
"products","56ef776a-702f-4363-b45f-63c19167e69a","suxxeed-industry-womens-cargo-trousers","materials_locales","[""49% cotton, 49% polyester, 2% elastane""]","[""49 % Cotone, 49 % Poliestere, 2 % Elasthan®""]","""""","""""",""""""
"products","56ef776a-702f-4363-b45f-63c19167e69a","suxxeed-industry-womens-cargo-trousers","eye_face_comfort_features_locales","""""","""""","""""","""""",""""""
"products","56ef776a-702f-4363-b45f-63c19167e69a","suxxeed-industry-womens-cargo-trousers","eye_face_equipment_locales","""""","""""","""""","""""",""""""
"products","56ef776a-702f-4363-b45f-63c19167e69a","suxxeed-industry-womens-cargo-trousers","head_comfort_features_locales","""""","""""","""""","""""",""""""
"products","56ef776a-702f-4363-b45f-63c19167e69a","suxxeed-industry-womens-cargo-trousers","head_other_details_locales","""""","""""","""""","""""",""""""
"products","56ef776a-702f-4363-b45f-63c19167e69a","suxxeed-industry-womens-cargo-trousers","head_equipment_locales","""""","""""","""""","""""",""""""
"products","56ef776a-702f-4363-b45f-63c19167e69a","suxxeed-industry-womens-cargo-trousers","footwear_comfort_features_locales","""""","""""","""""","""""",""""""
"products","56ef776a-702f-4363-b45f-63c19167e69a","suxxeed-industry-womens-cargo-trousers","hearing_comfort_features_locales","""""","""""","""""","""""",""""""
"products","56ef776a-702f-4363-b45f-63c19167e69a","suxxeed-industry-womens-cargo-trousers","hearing_other_details_locales","""""","""""","""""","""""",""""""
"products","56ef776a-702f-4363-b45f-63c19167e69a","suxxeed-industry-womens-cargo-trousers","hearing_equipment_locales","""""","""""","""""","""""",""""""
"products","56ef776a-702f-4363-b45f-63c19167e69a","suxxeed-industry-womens-cargo-trousers","respiratory_comfort_features_locales","""""","""""","""""","""""",""""""
"products","56ef776a-702f-4363-b45f-63c19167e69a","suxxeed-industry-womens-cargo-trousers","respiratory_other_details_locales","""""","""""","""""","""""",""""""
"products","56ef776a-702f-4363-b45f-63c19167e69a","suxxeed-industry-womens-cargo-trousers","respiratory_equipment_locales","""""","""""","""""","""""",""""""
"products","56ef776a-702f-4363-b45f-63c19167e69a","suxxeed-industry-womens-cargo-trousers","clothing_comfort_features_locales","[]","[]","""""","""""",""""""
"products","56ef776a-702f-4363-b45f-63c19167e69a","suxxeed-industry-womens-cargo-trousers","clothing_other_details_locales","[""Colours: Anthracite, Navy Blue, Midnight Blue, Ultramarine Blue, Graphite, Red, Dark Green""]","[""Colour: Antracite, Blu navy, Blu notte, Blu ultramarino, Grafite, Rosso, Verde scuro""]","""""","""""",""""""
"products","56ef776a-702f-4363-b45f-63c19167e69a","suxxeed-industry-womens-cargo-trousers","footwear_materials_locales","""""","""""","""""","""""",""""""
"products","56ef776a-702f-4363-b45f-63c19167e69a","suxxeed-industry-womens-cargo-trousers","footwear_special_features_locales","""""","""""","""""","""""",""""""
"products","56ef776a-702f-4363-b45f-63c19167e69a","suxxeed-industry-womens-cargo-trousers","connections_locales","""""","""""","""""","""""",""""""
"products","56ef776a-702f-4363-b45f-63c19167e69a","suxxeed-industry-womens-cargo-trousers","compatible_with_locales","""""","""""","""""","""""",""""""
"products","56ef776a-702f-4363-b45f-63c19167e69a","suxxeed-industry-womens-cargo-trousers","coatings_locales","""""","""""","""""","""""",""""""
"products","56ef776a-702f-4363-b45f-63c19167e69a","suxxeed-industry-womens-cargo-trousers","eye_face_materials_locales","""""","""""","""""","""""",""""""
"products","56ef776a-702f-4363-b45f-63c19167e69a","suxxeed-industry-womens-cargo-trousers","head_tech_specs_locales","""""","""""","""""","""""",""""""
"products","56ef776a-702f-4363-b45f-63c19167e69a","suxxeed-industry-womens-cargo-trousers","clothing_attributes_locales","{""fit"":"""",""size_range"":""""}","{""fit"":"""",""size_range"":""""}","""""","""""",""""""
"products","691e1987-709c-412e-b1c0-c9d05ca824d3","06-120","name_locales","06-120","06-120","""""","""""",""""""
"products","691e1987-709c-412e-b1c0-c9d05ca824d3","06-120","description_locales","Lightweight thermal glove, 120 g, double-layer 100 % continuous-yarn cotton. Designed for medium mechanical & thermal risks.","Guanto Termico Leggero 120g in doppio strato di cotone 100% a filo continuo. Disegnato per garantire elevata destrezza e protezione da rischi meccanici e termici di media gravita'.","""""","""""",""""""
"products","691e1987-709c-412e-b1c0-c9d05ca824d3","06-120","short_description_locales","Lightweight thermal glove, 120 g, 100 % continuous-yarn cotton","Doppio guanto anticalore in cotone continuo, 120 g","""""","""""",""""""
"products","691e1987-709c-412e-b1c0-c9d05ca824d3","06-120","category_locales","Hand protection","Protezione delle mani","""""","""""",""""""
"products","691e1987-709c-412e-b1c0-c9d05ca824d3","06-120","sub_category_locales","Heat resistant gloves","Guanti anticalore","""""","""""",""""""
"products","691e1987-709c-412e-b1c0-c9d05ca824d3","06-120","features_locales","[""Seamless continuous-yarn"",""Ergonomic design for prolonged use"",""Certified to 150 °C"",""Weight: 120 g""]","[""Filo continuo, senza cuciture"",""Design ergonomico per uso prolungato"",""Certificato fino a 150C"",""Peso 120 g""]","""""","""""",""""""
"products","691e1987-709c-412e-b1c0-c9d05ca824d3","06-120","applications_locales","[""Handling parts up to 150 °C"",""Hot-material finishing & handling"",""Assembly in hot-area operations""]","[""Manipolazione pezzi fino a 150°C"",""Lavori di finitura e movimentazione materiali caldi"",""Operazioni di assemblaggio in reparti caldi""]","""""","""""",""""""
"products","691e1987-709c-412e-b1c0-c9d05ca824d3","06-120","industries_locales","[""Food"",""Packaging"",""Light-industry maintenance""]","[""Alimentare"",""Packaging"",""Manutenzione industria leggera""]","""""","""""",""""""
"products","691e1987-709c-412e-b1c0-c9d05ca824d3","06-120","tags_locales","[""Heat-resistant"",""150 °C"",""medium risk"",""cotton glove""]","[""anticalore"",""150C"",""rischi medi"",""guanto in cotone""]","""""","""""",""""""
"products","691e1987-709c-412e-b1c0-c9d05ca824d3","06-120","size_locales","One size","Unica","""""","""""",""""""
"products","691e1987-709c-412e-b1c0-c9d05ca824d3","06-120","materials_locales","[""cotton""]","[""cotone""]","""""","""""",""""""
"products","691e1987-709c-412e-b1c0-c9d05ca824d3","06-120","eye_face_comfort_features_locales","""""","""""","""""","""""",""""""
"products","691e1987-709c-412e-b1c0-c9d05ca824d3","06-120","eye_face_equipment_locales","""""","""""","""""","""""",""""""
"products","691e1987-709c-412e-b1c0-c9d05ca824d3","06-120","head_comfort_features_locales","""""","""""","""""","""""",""""""
"products","691e1987-709c-412e-b1c0-c9d05ca824d3","06-120","head_other_details_locales","""""","""""","""""","""""",""""""
"products","691e1987-709c-412e-b1c0-c9d05ca824d3","06-120","head_equipment_locales","""""","""""","""""","""""",""""""
"products","691e1987-709c-412e-b1c0-c9d05ca824d3","06-120","footwear_comfort_features_locales","""""","""""","""""","""""",""""""
"products","691e1987-709c-412e-b1c0-c9d05ca824d3","06-120","hearing_comfort_features_locales","""""","""""","""""","""""",""""""
"products","691e1987-709c-412e-b1c0-c9d05ca824d3","06-120","hearing_other_details_locales","""""","""""","""""","""""",""""""
"products","691e1987-709c-412e-b1c0-c9d05ca824d3","06-120","hearing_equipment_locales","""""","""""","""""","""""",""""""
"products","691e1987-709c-412e-b1c0-c9d05ca824d3","06-120","respiratory_comfort_features_locales","""""","""""","""""","""""",""""""
"products","691e1987-709c-412e-b1c0-c9d05ca824d3","06-120","respiratory_other_details_locales","""""","""""","""""","""""",""""""
"products","691e1987-709c-412e-b1c0-c9d05ca824d3","06-120","respiratory_equipment_locales","""""","""""","""""","""""",""""""
"products","691e1987-709c-412e-b1c0-c9d05ca824d3","06-120","clothing_comfort_features_locales","""""","""""","""""","""""",""""""
"products","691e1987-709c-412e-b1c0-c9d05ca824d3","06-120","clothing_other_details_locales","""""","""""","""""","""""",""""""
"products","691e1987-709c-412e-b1c0-c9d05ca824d3","06-120","footwear_materials_locales","""""","""""","""""","""""",""""""
"products","691e1987-709c-412e-b1c0-c9d05ca824d3","06-120","footwear_special_features_locales","""""","""""","""""","""""",""""""
"products","691e1987-709c-412e-b1c0-c9d05ca824d3","06-120","connections_locales","""""","""""","""""","""""",""""""
"products","691e1987-709c-412e-b1c0-c9d05ca824d3","06-120","compatible_with_locales","""""","""""","""""","""""",""""""
"products","691e1987-709c-412e-b1c0-c9d05ca824d3","06-120","coatings_locales","""""","""""","""""","""""",""""""
"products","691e1987-709c-412e-b1c0-c9d05ca824d3","06-120","eye_face_materials_locales","""""","""""","""""","""""",""""""
"products","691e1987-709c-412e-b1c0-c9d05ca824d3","06-120","head_tech_specs_locales","""""","""""","""""","""""",""""""
"products","691e1987-709c-412e-b1c0-c9d05ca824d3","06-120","clothing_attributes_locales","""""","""""","""""","""""",""""""
"products","19ea7859-a176-449a-a246-1a22d05bd270","suxxeed-industry-mens-long-sleeve-work-shirt","name_locales","suXXeed industry mens long sleeve work shirt","suXXeed industry MAGLIA MANICHE LUNGHE UOMO","""""","""""",""""""
"products","19ea7859-a176-449a-a246-1a22d05bd270","suxxeed-industry-mens-long-sleeve-work-shirt","description_locales","Men’s long-sleeve work shirt with concealed fastenings, suitable for industrial washing.

","Maglia da lavoro a maniche lunghe da uomo con chiusure a scomparsa, adatto per il lavaggio industriale.
","""""","""""",""""""
"products","19ea7859-a176-449a-a246-1a22d05bd270","suxxeed-industry-mens-long-sleeve-work-shirt","short_description_locales","Men’s long-sleeve work shirt","Maglia da lavoro a maniche lunghe da uomo","""""","""""",""""""
"products","19ea7859-a176-449a-a246-1a22d05bd270","suxxeed-industry-mens-long-sleeve-work-shirt","category_locales","Protective Clothing","Abbigliamento protettivo","""""","""""",""""""
"products","19ea7859-a176-449a-a246-1a22d05bd270","suxxeed-industry-mens-long-sleeve-work-shirt","sub_category_locales","Workwear shirts","Maglie da lavoro","""""","""""",""""""
"products","19ea7859-a176-449a-a246-1a22d05bd270","suxxeed-industry-mens-long-sleeve-work-shirt","features_locales","[""Contrasting stitching on the left shoulder"",""Forward-positioned side seams"",""Certified in accordance with OEKO-TEX® Standard 100"",""Round neckline"",""Highly breathable""]","[""Cuciture a contrasto sulla spalla sinistra"",""Cuciture laterali avanzate"",""Certificazione secondo OEKO-TEX® Standard 100"",""Scollatura rotonda"",""Molto traspirante""]","""""","""""",""""""
"products","19ea7859-a176-449a-a246-1a22d05bd270","suxxeed-industry-mens-long-sleeve-work-shirt","applications_locales","[""Work and leisure"",""Indoor work""]","[""Lavoro e tempo libero"",""Lavori indoor""]","""""","""""",""""""
"products","19ea7859-a176-449a-a246-1a22d05bd270","suxxeed-industry-mens-long-sleeve-work-shirt","industries_locales","[""Steel production"",""Utilities"",""Automotive"",""Chemicals""]","[""Acciaierie"",""Servizi pubblici"",""Automobilistico""]","""""","""""",""""""
"products","19ea7859-a176-449a-a246-1a22d05bd270","suxxeed-industry-mens-long-sleeve-work-shirt","tags_locales","[""Work shirt""]","[""Maglia da lavoro""]","""""","""""",""""""
"products","19ea7859-a176-449a-a246-1a22d05bd270","suxxeed-industry-mens-long-sleeve-work-shirt","size_locales","","","""""","""""",""""""
"products","19ea7859-a176-449a-a246-1a22d05bd270","suxxeed-industry-mens-long-sleeve-work-shirt","materials_locales","[""50% polyester, 50% cotton""]","[""50% poliestere, 50% cotone""]","""""","""""",""""""
"products","19ea7859-a176-449a-a246-1a22d05bd270","suxxeed-industry-mens-long-sleeve-work-shirt","eye_face_comfort_features_locales","""""","""""","""""","""""",""""""
"products","19ea7859-a176-449a-a246-1a22d05bd270","suxxeed-industry-mens-long-sleeve-work-shirt","eye_face_equipment_locales","""""","""""","""""","""""",""""""
"products","19ea7859-a176-449a-a246-1a22d05bd270","suxxeed-industry-mens-long-sleeve-work-shirt","head_comfort_features_locales","""""","""""","""""","""""",""""""
"products","19ea7859-a176-449a-a246-1a22d05bd270","suxxeed-industry-mens-long-sleeve-work-shirt","head_other_details_locales","""""","""""","""""","""""",""""""
"products","19ea7859-a176-449a-a246-1a22d05bd270","suxxeed-industry-mens-long-sleeve-work-shirt","head_equipment_locales","""""","""""","""""","""""",""""""
"products","19ea7859-a176-449a-a246-1a22d05bd270","suxxeed-industry-mens-long-sleeve-work-shirt","footwear_comfort_features_locales","""""","""""","""""","""""",""""""
"products","19ea7859-a176-449a-a246-1a22d05bd270","suxxeed-industry-mens-long-sleeve-work-shirt","hearing_comfort_features_locales","""""","""""","""""","""""",""""""
"products","19ea7859-a176-449a-a246-1a22d05bd270","suxxeed-industry-mens-long-sleeve-work-shirt","hearing_other_details_locales","""""","""""","""""","""""",""""""
"products","19ea7859-a176-449a-a246-1a22d05bd270","suxxeed-industry-mens-long-sleeve-work-shirt","hearing_equipment_locales","""""","""""","""""","""""",""""""
"products","19ea7859-a176-449a-a246-1a22d05bd270","suxxeed-industry-mens-long-sleeve-work-shirt","respiratory_comfort_features_locales","""""","""""","""""","""""",""""""
"products","19ea7859-a176-449a-a246-1a22d05bd270","suxxeed-industry-mens-long-sleeve-work-shirt","respiratory_other_details_locales","""""","""""","""""","""""",""""""
"products","19ea7859-a176-449a-a246-1a22d05bd270","suxxeed-industry-mens-long-sleeve-work-shirt","respiratory_equipment_locales","""""","""""","""""","""""",""""""
"products","19ea7859-a176-449a-a246-1a22d05bd270","suxxeed-industry-mens-long-sleeve-work-shirt","clothing_comfort_features_locales","[]","[]","""""","""""",""""""
"products","19ea7859-a176-449a-a246-1a22d05bd270","suxxeed-industry-mens-long-sleeve-work-shirt","clothing_other_details_locales","[]","[]","""""","""""",""""""
"products","19ea7859-a176-449a-a246-1a22d05bd270","suxxeed-industry-mens-long-sleeve-work-shirt","footwear_materials_locales","""""","""""","""""","""""",""""""
"products","19ea7859-a176-449a-a246-1a22d05bd270","suxxeed-industry-mens-long-sleeve-work-shirt","footwear_special_features_locales","""""","""""","""""","""""",""""""
"products","19ea7859-a176-449a-a246-1a22d05bd270","suxxeed-industry-mens-long-sleeve-work-shirt","connections_locales","""""","""""","""""","""""",""""""
"products","19ea7859-a176-449a-a246-1a22d05bd270","suxxeed-industry-mens-long-sleeve-work-shirt","compatible_with_locales","""""","""""","""""","""""",""""""
"products","19ea7859-a176-449a-a246-1a22d05bd270","suxxeed-industry-mens-long-sleeve-work-shirt","coatings_locales","""""","""""","""""","""""",""""""
"products","19ea7859-a176-449a-a246-1a22d05bd270","suxxeed-industry-mens-long-sleeve-work-shirt","eye_face_materials_locales","""""","""""","""""","""""",""""""
"products","19ea7859-a176-449a-a246-1a22d05bd270","suxxeed-industry-mens-long-sleeve-work-shirt","head_tech_specs_locales","""""","""""","""""","""""",""""""
"products","19ea7859-a176-449a-a246-1a22d05bd270","suxxeed-industry-mens-long-sleeve-work-shirt","clothing_attributes_locales","{""fit"":""Regular Fit"",""size_range"":""""}","{""fit"":""Regolare"",""size_range"":""""}","""""","""""",""""""
"products","297912f2-2414-4bca-8112-578d1e176434","06-160","name_locales","06-160","06-160","""""","""""",""""""
"products","297912f2-2414-4bca-8112-578d1e176434","06-160","description_locales","Double-layer cotton glove (160 g continuous-yarn) for high temperatures (250 °C). Designed for dexterity & protection against medium/heavy mechanical and thermal risks.","""Guanto in doppio strato di cotone 160 g in filo continuo per alte temperature (250C).
Disegnato per garantire elevata destrezza e protezione da rischi meccanici e termici di medio/alta gravita'.""","""""","""""",""""""
"products","297912f2-2414-4bca-8112-578d1e176434","06-160","short_description_locales","Double glove with long cuff, designed for high dexterity in operations up to 250 °C","Doppio guanto anticalore con polso lungo ad elevata destrezza per operazioni fino a 250C","""""","""""",""""""
"products","297912f2-2414-4bca-8112-578d1e176434","06-160","category_locales","Hand protection","Protezione delle mani","""""","""""",""""""
"products","297912f2-2414-4bca-8112-578d1e176434","06-160","sub_category_locales","Heat resistant gloves","Guanti anticalore","""""","""""",""""""
"products","297912f2-2414-4bca-8112-578d1e176434","06-160","features_locales","[""Seamless continuous-yarn"",""Ergonomic design for prolonged use"",""Certified to 250 °C"",""Weight: 160 g""]","[""Filo continuo, senza cuciture"",""Design ergonomico per uso prolungato"",""Certificato fino a 250C"",""Peso 160 g""]","""""","""""",""""""
"products","297912f2-2414-4bca-8112-578d1e176434","06-160","applications_locales","[""Handling parts up to 250 – 300°C"",""Foundry & glassworks operations"",""Furnace maintenance""]","[""Manipolazione pezzi fino a 250-300°C"",""Lavori in fonderia e vetreria"",""Operazioni di manutenzione forni""]","""""","""""",""""""
"products","297912f2-2414-4bca-8112-578d1e176434","06-160","industries_locales","[""Foundry"",""Steelworks"",""Glass industry""]","[""Fonderia"",""Acciaieria"",""Industria del vetro""]","""""","""""",""""""
"products","297912f2-2414-4bca-8112-578d1e176434","06-160","tags_locales","[""Heat-resistant"",""250 °C"",""medium risk"",""cotton glove""]","[""anticalore"",""250C"",""rischi medi"",""guanto in cotone""]","""""","""""",""""""
"products","297912f2-2414-4bca-8112-578d1e176434","06-160","size_locales","One size","Unica","""""","""""",""""""
"products","297912f2-2414-4bca-8112-578d1e176434","06-160","materials_locales","[""cotton""]","[""cotone""]","""""","""""",""""""
"products","297912f2-2414-4bca-8112-578d1e176434","06-160","eye_face_comfort_features_locales","""""","""""","""""","""""",""""""
"products","297912f2-2414-4bca-8112-578d1e176434","06-160","eye_face_equipment_locales","""""","""""","""""","""""",""""""
"products","297912f2-2414-4bca-8112-578d1e176434","06-160","head_comfort_features_locales","""""","""""","""""","""""",""""""
"products","297912f2-2414-4bca-8112-578d1e176434","06-160","head_other_details_locales","""""","""""","""""","""""",""""""
"products","297912f2-2414-4bca-8112-578d1e176434","06-160","head_equipment_locales","""""","""""","""""","""""",""""""
"products","297912f2-2414-4bca-8112-578d1e176434","06-160","footwear_comfort_features_locales","""""","""""","""""","""""",""""""
"products","297912f2-2414-4bca-8112-578d1e176434","06-160","hearing_comfort_features_locales","""""","""""","""""","""""",""""""
"products","297912f2-2414-4bca-8112-578d1e176434","06-160","hearing_other_details_locales","""""","""""","""""","""""",""""""
"products","297912f2-2414-4bca-8112-578d1e176434","06-160","hearing_equipment_locales","""""","""""","""""","""""",""""""
"products","297912f2-2414-4bca-8112-578d1e176434","06-160","respiratory_comfort_features_locales","""""","""""","""""","""""",""""""
"products","297912f2-2414-4bca-8112-578d1e176434","06-160","respiratory_other_details_locales","""""","""""","""""","""""",""""""
"products","297912f2-2414-4bca-8112-578d1e176434","06-160","respiratory_equipment_locales","""""","""""","""""","""""",""""""
"products","297912f2-2414-4bca-8112-578d1e176434","06-160","clothing_comfort_features_locales","""""","""""","""""","""""",""""""
"products","297912f2-2414-4bca-8112-578d1e176434","06-160","clothing_other_details_locales","""""","""""","""""","""""",""""""
"products","297912f2-2414-4bca-8112-578d1e176434","06-160","footwear_materials_locales","""""","""""","""""","""""",""""""
"products","297912f2-2414-4bca-8112-578d1e176434","06-160","footwear_special_features_locales","""""","""""","""""","""""",""""""
"products","297912f2-2414-4bca-8112-578d1e176434","06-160","connections_locales","""""","""""","""""","""""",""""""
"products","297912f2-2414-4bca-8112-578d1e176434","06-160","compatible_with_locales","""""","""""","""""","""""",""""""
"products","297912f2-2414-4bca-8112-578d1e176434","06-160","coatings_locales","""""","""""","""""","""""",""""""
"products","297912f2-2414-4bca-8112-578d1e176434","06-160","eye_face_materials_locales","""""","""""","""""","""""",""""""
"products","297912f2-2414-4bca-8112-578d1e176434","06-160","head_tech_specs_locales","""""","""""","""""","""""",""""""
"products","297912f2-2414-4bca-8112-578d1e176434","06-160","clothing_attributes_locales","""""","""""","""""","""""",""""""
"products","0583521c-9802-4d60-ab53-f19c87d3b1f4","09-605r1","name_locales","09-605R1","09-605R1","""""","""""",""""""
"products","0583521c-9802-4d60-ab53-f19c87d3b1f4","09-605r1","description_locales"," 13g grey/white graphene nylon liner, black latex palm coated glove. Extended reinforcement on crotch","Guanto  13 aghi con fodera in nylon grafene grigio/bianco, palmo rivestito in lattice nero, rinforzo thumb crotch esteso","""""","""""",""""""
"products","0583521c-9802-4d60-ab53-f19c87d3b1f4","09-605r1","short_description_locales","Cut protection glove in graphene and HCT® latex crinkle ","Guanto antitaglio in grafene e Lattice HCT® stropicciato ","""""","""""",""""""
"products","0583521c-9802-4d60-ab53-f19c87d3b1f4","09-605r1","category_locales","Hand protection","Protezione delle mani","""""","""""",""""""
"products","0583521c-9802-4d60-ab53-f19c87d3b1f4","09-605r1","sub_category_locales","Cut-resistant gloves","Guanti antitaglio","""""","""""",""""""
"products","0583521c-9802-4d60-ab53-f19c87d3b1f4","09-605r1","features_locales","[""13 gauge grey Kyorene® graphene liner"",""Bacteriostatic kills harmful bacteria"",""Thermal regulating to keep the hands comfortable"",""Odor neutralizing to keep the gloves smelling Fresh"",""Touch Screen compatible""]","[""Fodera in grafene Kyorene® grigio calibro 13"",""Il batteriostatico uccide i batteri nocivi"",""Regolazione termica per mantenere le mani comode"",""Neutralizzazione degli odori per mantenere i guanti con un odore fresco"",""Compatibile con Touch Screen""]","""""","""""",""""""
"products","0583521c-9802-4d60-ab53-f19c87d3b1f4","09-605r1","applications_locales","[""Heavy material handling"",""Glass handling"",""Operations in wet environments""]","[""Movimentazione di materiali pesanti"",""Movimentazione del vetro"",""Imbottigliamento e attivita' in ambienti umidi""]","""""","""""",""""""
"products","0583521c-9802-4d60-ab53-f19c87d3b1f4","09-605r1","industries_locales","[""Bottling"",""Glass manufacturing"",""Recycling""]","[""Imbottigliamento"",""Industria del vetro"",""Riciclaggio""]","""""","""""",""""""
"products","0583521c-9802-4d60-ab53-f19c87d3b1f4","09-605r1","tags_locales","[""cut-resistant glove"",""cut level F"",""latex coating""]","[""guanti antitaglio"",""prootezione taglio livello F"",""Grafene""]","""""","""""",""""""
"products","0583521c-9802-4d60-ab53-f19c87d3b1f4","09-605r1","size_locales","6 - 11","6 - 11","""""","""""",""""""
"products","0583521c-9802-4d60-ab53-f19c87d3b1f4","09-605r1","materials_locales","[""Graphene"",""Latex""]","[""Grafene"",""Lattice""]","""""","""""",""""""
"products","0583521c-9802-4d60-ab53-f19c87d3b1f4","09-605r1","eye_face_comfort_features_locales","""""","""""","""""","""""",""""""
"products","0583521c-9802-4d60-ab53-f19c87d3b1f4","09-605r1","eye_face_equipment_locales","""""","""""","""""","""""",""""""
"products","0583521c-9802-4d60-ab53-f19c87d3b1f4","09-605r1","head_comfort_features_locales","""""","""""","""""","""""",""""""
"products","0583521c-9802-4d60-ab53-f19c87d3b1f4","09-605r1","head_other_details_locales","""""","""""","""""","""""",""""""
"products","0583521c-9802-4d60-ab53-f19c87d3b1f4","09-605r1","head_equipment_locales","""""","""""","""""","""""",""""""
"products","0583521c-9802-4d60-ab53-f19c87d3b1f4","09-605r1","footwear_comfort_features_locales","""""","""""","""""","""""",""""""
"products","0583521c-9802-4d60-ab53-f19c87d3b1f4","09-605r1","hearing_comfort_features_locales","""""","""""","""""","""""",""""""
"products","0583521c-9802-4d60-ab53-f19c87d3b1f4","09-605r1","hearing_other_details_locales","""""","""""","""""","""""",""""""
"products","0583521c-9802-4d60-ab53-f19c87d3b1f4","09-605r1","hearing_equipment_locales","""""","""""","""""","""""",""""""
"products","0583521c-9802-4d60-ab53-f19c87d3b1f4","09-605r1","respiratory_comfort_features_locales","""""","""""","""""","""""",""""""
"products","0583521c-9802-4d60-ab53-f19c87d3b1f4","09-605r1","respiratory_other_details_locales","""""","""""","""""","""""",""""""
"products","0583521c-9802-4d60-ab53-f19c87d3b1f4","09-605r1","respiratory_equipment_locales","""""","""""","""""","""""",""""""
"products","0583521c-9802-4d60-ab53-f19c87d3b1f4","09-605r1","clothing_comfort_features_locales","""""","""""","""""","""""",""""""
"products","0583521c-9802-4d60-ab53-f19c87d3b1f4","09-605r1","clothing_other_details_locales","""""","""""","""""","""""",""""""
"products","0583521c-9802-4d60-ab53-f19c87d3b1f4","09-605r1","footwear_materials_locales","""""","""""","""""","""""",""""""
"products","0583521c-9802-4d60-ab53-f19c87d3b1f4","09-605r1","footwear_special_features_locales","""""","""""","""""","""""",""""""
"products","0583521c-9802-4d60-ab53-f19c87d3b1f4","09-605r1","connections_locales","""""","""""","""""","""""",""""""
"products","0583521c-9802-4d60-ab53-f19c87d3b1f4","09-605r1","compatible_with_locales","""""","""""","""""","""""",""""""
"products","0583521c-9802-4d60-ab53-f19c87d3b1f4","09-605r1","coatings_locales","""""","""""","""""","""""",""""""
"products","0583521c-9802-4d60-ab53-f19c87d3b1f4","09-605r1","eye_face_materials_locales","""""","""""","""""","""""",""""""
"products","0583521c-9802-4d60-ab53-f19c87d3b1f4","09-605r1","head_tech_specs_locales","""""","""""","""""","""""",""""""
"products","0583521c-9802-4d60-ab53-f19c87d3b1f4","09-605r1","clothing_attributes_locales","""""","""""","""""","""""",""""""
"products","42d8671a-9103-4a43-9735-344b7d38066e","suxxeed-industry-womens-long-sleeve-work-shirt-2","name_locales","suXXeed industry womens long sleeve work shirt (2)","suXXeed industry MAGLIA MANICHE LUNGHE DONNA","""""","""""",""""""
"products","42d8671a-9103-4a43-9735-344b7d38066e","suxxeed-industry-womens-long-sleeve-work-shirt-2","description_locales","Women’s long-sleeve work shirt with concealed fastenings, suitable for industrial washing.


","Maglia da lavoro a maniche lunghe da donna con chiusure a scomparsa, adatto per il lavaggio industriale.
","""""","""""",""""""
"products","42d8671a-9103-4a43-9735-344b7d38066e","suxxeed-industry-womens-long-sleeve-work-shirt-2","short_description_locales","Women’s long-sleeve work shirt","Maglia da lavoro a maniche lunghe da donna","""""","""""",""""""
"products","42d8671a-9103-4a43-9735-344b7d38066e","suxxeed-industry-womens-long-sleeve-work-shirt-2","category_locales","Protective Clothing","Abbigliamento protettivo","""""","""""",""""""
"products","42d8671a-9103-4a43-9735-344b7d38066e","suxxeed-industry-womens-long-sleeve-work-shirt-2","sub_category_locales","Workwear shirts","Maglie da lavoro","""""","""""",""""""
"products","42d8671a-9103-4a43-9735-344b7d38066e","suxxeed-industry-womens-long-sleeve-work-shirt-2","features_locales","[""Contrasting stitching on the left shoulder"",""Forward-positioned side seams"",""Certified in accordance with OEKO-TEX® Standard 100"",""Round neckline"",""Highly breathable""]","[""Cuciture a contrasto sulla spalla sinistra"",""Cuciture laterali avanzate"",""Certificazione secondo OEKO-TEX® Standard 100"",""Scollatura rotonda"",""Molto traspirante""]","""""","""""",""""""
"products","42d8671a-9103-4a43-9735-344b7d38066e","suxxeed-industry-womens-long-sleeve-work-shirt-2","applications_locales","[""Work and leisure"",""Indoor work""]","[""Lavoro e tempo libero"",""Lavori indoor""]","""""","""""",""""""
"products","42d8671a-9103-4a43-9735-344b7d38066e","suxxeed-industry-womens-long-sleeve-work-shirt-2","industries_locales","[""Steel production"",""Utilities"",""Automotive"",""Chemicals""]","[""Acciaierie"",""Servizi pubblici"",""Automobilistico""]","""""","""""",""""""
"products","42d8671a-9103-4a43-9735-344b7d38066e","suxxeed-industry-womens-long-sleeve-work-shirt-2","tags_locales","[""Work shirt""]","[""Maglia da lavoro""]","""""","""""",""""""
"products","42d8671a-9103-4a43-9735-344b7d38066e","suxxeed-industry-womens-long-sleeve-work-shirt-2","size_locales","","","""""","""""",""""""
"products","42d8671a-9103-4a43-9735-344b7d38066e","suxxeed-industry-womens-long-sleeve-work-shirt-2","materials_locales","[""50% polyester, 50% cotton""]","[""50% poliestere, 50% cotone""]","""""","""""",""""""
"products","42d8671a-9103-4a43-9735-344b7d38066e","suxxeed-industry-womens-long-sleeve-work-shirt-2","eye_face_comfort_features_locales","""""","""""","""""","""""",""""""
"products","42d8671a-9103-4a43-9735-344b7d38066e","suxxeed-industry-womens-long-sleeve-work-shirt-2","eye_face_equipment_locales","""""","""""","""""","""""",""""""
"products","42d8671a-9103-4a43-9735-344b7d38066e","suxxeed-industry-womens-long-sleeve-work-shirt-2","head_comfort_features_locales","""""","""""","""""","""""",""""""
"products","42d8671a-9103-4a43-9735-344b7d38066e","suxxeed-industry-womens-long-sleeve-work-shirt-2","head_other_details_locales","""""","""""","""""","""""",""""""
"products","42d8671a-9103-4a43-9735-344b7d38066e","suxxeed-industry-womens-long-sleeve-work-shirt-2","head_equipment_locales","""""","""""","""""","""""",""""""
"products","42d8671a-9103-4a43-9735-344b7d38066e","suxxeed-industry-womens-long-sleeve-work-shirt-2","footwear_comfort_features_locales","""""","""""","""""","""""",""""""
"products","42d8671a-9103-4a43-9735-344b7d38066e","suxxeed-industry-womens-long-sleeve-work-shirt-2","hearing_comfort_features_locales","""""","""""","""""","""""",""""""
"products","42d8671a-9103-4a43-9735-344b7d38066e","suxxeed-industry-womens-long-sleeve-work-shirt-2","hearing_other_details_locales","""""","""""","""""","""""",""""""
"products","42d8671a-9103-4a43-9735-344b7d38066e","suxxeed-industry-womens-long-sleeve-work-shirt-2","hearing_equipment_locales","""""","""""","""""","""""",""""""
"products","42d8671a-9103-4a43-9735-344b7d38066e","suxxeed-industry-womens-long-sleeve-work-shirt-2","respiratory_comfort_features_locales","""""","""""","""""","""""",""""""
"products","42d8671a-9103-4a43-9735-344b7d38066e","suxxeed-industry-womens-long-sleeve-work-shirt-2","respiratory_other_details_locales","""""","""""","""""","""""",""""""
"products","42d8671a-9103-4a43-9735-344b7d38066e","suxxeed-industry-womens-long-sleeve-work-shirt-2","respiratory_equipment_locales","""""","""""","""""","""""",""""""
"products","42d8671a-9103-4a43-9735-344b7d38066e","suxxeed-industry-womens-long-sleeve-work-shirt-2","clothing_comfort_features_locales","[]","[]","""""","""""",""""""
"products","42d8671a-9103-4a43-9735-344b7d38066e","suxxeed-industry-womens-long-sleeve-work-shirt-2","clothing_other_details_locales","[]","[]","""""","""""",""""""
"products","42d8671a-9103-4a43-9735-344b7d38066e","suxxeed-industry-womens-long-sleeve-work-shirt-2","footwear_materials_locales","""""","""""","""""","""""",""""""
"products","42d8671a-9103-4a43-9735-344b7d38066e","suxxeed-industry-womens-long-sleeve-work-shirt-2","footwear_special_features_locales","""""","""""","""""","""""",""""""
"products","42d8671a-9103-4a43-9735-344b7d38066e","suxxeed-industry-womens-long-sleeve-work-shirt-2","connections_locales","""""","""""","""""","""""",""""""
"products","42d8671a-9103-4a43-9735-344b7d38066e","suxxeed-industry-womens-long-sleeve-work-shirt-2","compatible_with_locales","""""","""""","""""","""""",""""""
"products","42d8671a-9103-4a43-9735-344b7d38066e","suxxeed-industry-womens-long-sleeve-work-shirt-2","coatings_locales","""""","""""","""""","""""",""""""
"products","42d8671a-9103-4a43-9735-344b7d38066e","suxxeed-industry-womens-long-sleeve-work-shirt-2","eye_face_materials_locales","""""","""""","""""","""""",""""""
"products","42d8671a-9103-4a43-9735-344b7d38066e","suxxeed-industry-womens-long-sleeve-work-shirt-2","head_tech_specs_locales","""""","""""","""""","""""",""""""
"products","42d8671a-9103-4a43-9735-344b7d38066e","suxxeed-industry-womens-long-sleeve-work-shirt-2","clothing_attributes_locales","{""fit"":""Regular Fit"",""size_range"":""""}","{""fit"":""Regolare"",""size_range"":""""}","""""","""""",""""""
"products","d7e3fdb9-8601-4285-a115-fe0cf6b284c2","100-al","name_locales","100/AL","100/AL","""""","""""",""""""
"products","d7e3fdb9-8601-4285-a115-fe0cf6b284c2","100-al","description_locales","High-performance cotton heat-resistant mitten glove with double palm. Offers excellent convective-heat & radiant-heat protection thanks to jute & sponge reinforcements on palm and sponge on back.","Manopola anticalore ad elevata prestazione in cotone con palmo doppiato.
Offre eccellente protezione contro calore convettivo e raggi radiante grazie  a rinforzo in juta e spugna su palmo e spugna sul dorso.","""""","""""",""""""
"products","d7e3fdb9-8601-4285-a115-fe0cf6b284c2","100-al","short_description_locales","High-performance cotton heat-resistant mitten glove with doubled palm plus jute & sponge reinforcement and sponge-reinforced back","Guanto manopola anticalore in cotone a prestazione elevata con palmo doppio e rinforzo di juta e spugna e dorso doppio rinforzato con spugna","""""","""""",""""""
"products","d7e3fdb9-8601-4285-a115-fe0cf6b284c2","100-al","category_locales","Hand protection","Protezione delle mani","""""","""""",""""""
"products","d7e3fdb9-8601-4285-a115-fe0cf6b284c2","100-al","sub_category_locales","Heat resistant gloves","Guanti anticalore","""""","""""",""""""
"products","d7e3fdb9-8601-4285-a115-fe0cf6b284c2","100-al","features_locales","[""Jute inlay to increase contact heat protection up to 250°C"",""High protection against mechanical hazards"",""Hand and forearm protection""]","[""Strato in Juta per garantire protezione al contatto fino a 250°C"",""Ottima protezione dai rischi meccanici"",""Copertura della mano e avambraccio""]","""""","""""",""""""
"products","d7e3fdb9-8601-4285-a115-fe0cf6b284c2","100-al","applications_locales","[""Handling hot parts up to 250 °C"",""Work in high-heat installations"",""Industrial assembly"",""Hand & wrist protection in light operations""]","[""Movimentazone di pezzi caldi con temperatura fino a 250°C"",""Lavori in impianti con rischio termico""]","""""","""""",""""""
"products","d7e3fdb9-8601-4285-a115-fe0cf6b284c2","100-al","industries_locales","[""Glass"",""Metallurgy"",""Mold shops"",""High-temperature environments""]","[""Industria del vetro"",""Metallurgica"",""Stamperie"",""Ambienti ad alte temperature""]","""""","""""",""""""
"products","d7e3fdb9-8601-4285-a115-fe0cf6b284c2","100-al","tags_locales","[""Heat-resistant mitten glove"",""cut-resistant"",""250 °C""]","[""Manopola anticalore"",""resistenza al taglio"",""250C""]","""""","""""",""""""
"products","d7e3fdb9-8601-4285-a115-fe0cf6b284c2","100-al","size_locales","One size","Unica","""""","""""",""""""
"products","d7e3fdb9-8601-4285-a115-fe0cf6b284c2","100-al","materials_locales","[""cotton"",""jute"",""sponge""]","[""cotone"",""juta"",""spugna""]","""""","""""",""""""
"products","d7e3fdb9-8601-4285-a115-fe0cf6b284c2","100-al","eye_face_comfort_features_locales","""""","""""","""""","""""",""""""
"products","d7e3fdb9-8601-4285-a115-fe0cf6b284c2","100-al","eye_face_equipment_locales","""""","""""","""""","""""",""""""
"products","d7e3fdb9-8601-4285-a115-fe0cf6b284c2","100-al","head_comfort_features_locales","""""","""""","""""","""""",""""""
"products","d7e3fdb9-8601-4285-a115-fe0cf6b284c2","100-al","head_other_details_locales","""""","""""","""""","""""",""""""
"products","d7e3fdb9-8601-4285-a115-fe0cf6b284c2","100-al","head_equipment_locales","""""","""""","""""","""""",""""""
"products","d7e3fdb9-8601-4285-a115-fe0cf6b284c2","100-al","footwear_comfort_features_locales","""""","""""","""""","""""",""""""
"products","d7e3fdb9-8601-4285-a115-fe0cf6b284c2","100-al","hearing_comfort_features_locales","""""","""""","""""","""""",""""""
"products","d7e3fdb9-8601-4285-a115-fe0cf6b284c2","100-al","hearing_other_details_locales","""""","""""","""""","""""",""""""
"products","d7e3fdb9-8601-4285-a115-fe0cf6b284c2","100-al","hearing_equipment_locales","""""","""""","""""","""""",""""""
"products","d7e3fdb9-8601-4285-a115-fe0cf6b284c2","100-al","respiratory_comfort_features_locales","""""","""""","""""","""""",""""""
"products","d7e3fdb9-8601-4285-a115-fe0cf6b284c2","100-al","respiratory_other_details_locales","""""","""""","""""","""""",""""""
"products","d7e3fdb9-8601-4285-a115-fe0cf6b284c2","100-al","respiratory_equipment_locales","""""","""""","""""","""""",""""""
"products","d7e3fdb9-8601-4285-a115-fe0cf6b284c2","100-al","clothing_comfort_features_locales","""""","""""","""""","""""",""""""
"products","d7e3fdb9-8601-4285-a115-fe0cf6b284c2","100-al","clothing_other_details_locales","""""","""""","""""","""""",""""""
"products","d7e3fdb9-8601-4285-a115-fe0cf6b284c2","100-al","footwear_materials_locales","""""","""""","""""","""""",""""""
"products","d7e3fdb9-8601-4285-a115-fe0cf6b284c2","100-al","footwear_special_features_locales","""""","""""","""""","""""",""""""
"products","d7e3fdb9-8601-4285-a115-fe0cf6b284c2","100-al","connections_locales","""""","""""","""""","""""",""""""
"products","d7e3fdb9-8601-4285-a115-fe0cf6b284c2","100-al","compatible_with_locales","""""","""""","""""","""""",""""""
"products","d7e3fdb9-8601-4285-a115-fe0cf6b284c2","100-al","coatings_locales","""""","""""","""""","""""",""""""
"products","d7e3fdb9-8601-4285-a115-fe0cf6b284c2","100-al","eye_face_materials_locales","""""","""""","""""","""""",""""""
"products","d7e3fdb9-8601-4285-a115-fe0cf6b284c2","100-al","head_tech_specs_locales","""""","""""","""""","""""",""""""
"products","d7e3fdb9-8601-4285-a115-fe0cf6b284c2","100-al","clothing_attributes_locales","""""","""""","""""","""""",""""""
"products","0815677e-3a2c-48fd-b5d8-a1b10e992dcb","152-12-015l","name_locales","152/12 015L","152/12 015L","""""","""""",""""""
"products","0815677e-3a2c-48fd-b5d8-a1b10e992dcb","152-12-015l","description_locales","Heat-resistant glove in 12 oz cotton, five-finger design with a double-knit inner palm and a 13 cm cuff. Protects up to 250°C, with excellent tear resistance and superior comfort for prolonged use.","Guanto anticalore in cotone 12 oz a cinque dita con palmo doppio garzato interno e manichetta da 13 cm. Protegge fino a 250°C, con eccellente resistenza allo strappo, ottimo comfort  per uso prolungato.","""""","""""",""""""
"products","0815677e-3a2c-48fd-b5d8-a1b10e992dcb","152-12-015l","short_description_locales","Heat-resistant glove (250 °C) in cotton with high comfort for extended use","Guanto anticalore (250C) in cotone ad alto comfort per uso prolungato","""""","""""",""""""
"products","0815677e-3a2c-48fd-b5d8-a1b10e992dcb","152-12-015l","category_locales","Hand protection","Protezione delle mani","""""","""""",""""""
"products","0815677e-3a2c-48fd-b5d8-a1b10e992dcb","152-12-015l","sub_category_locales","Heat resistant gloves","Guanti anticalore","""""","""""",""""""
"products","0815677e-3a2c-48fd-b5d8-a1b10e992dcb","152-12-015l","features_locales","[""Good contact-heat resistance"",""High comfort"",""Excellent convective-heat resistance"",""Reinforced leather seams between palm & thumb""]","[""Buona resistenza al calore da contatto"",""Elevato comfort"",""Ottima resistenza al calore convettivo"",""Salva cuciture in pelle tra palmo e pollice""]","""""","""""",""""""
"products","0815677e-3a2c-48fd-b5d8-a1b10e992dcb","152-12-015l","applications_locales","[""Handling hot glass & ceramics up to 250°C"",""Operations with hot plastic materials""]","[""Movimentazione di vetri e ceramiche calde fino a 250°C"",""Operazioni con materiale plastico a caldo""]","""""","""""",""""""
"products","0815677e-3a2c-48fd-b5d8-a1b10e992dcb","152-12-015l","industries_locales","[""Glass industry"",""Ceramic industry"",""Plastic molding""]","[""Industria del Vetro"",""Industria ceramica"",""Stampaggio plastico""]","""""","""""",""""""
"products","0815677e-3a2c-48fd-b5d8-a1b10e992dcb","152-12-015l","tags_locales","[""Heat-resistant glove"",""250 °C"",""Cotton"",""Comfort"",""Dexterity""]","[""Guanto anticalore"",""250C"",""cotone"",""comfort"",""destrezza""]","""""","""""",""""""
"products","0815677e-3a2c-48fd-b5d8-a1b10e992dcb","152-12-015l","size_locales","One size","Unica","""""","""""",""""""
"products","0815677e-3a2c-48fd-b5d8-a1b10e992dcb","152-12-015l","materials_locales","[""cotton""]","[""cotone""]","""""","""""",""""""
"products","0815677e-3a2c-48fd-b5d8-a1b10e992dcb","152-12-015l","eye_face_comfort_features_locales","""""","""""","""""","""""",""""""
"products","0815677e-3a2c-48fd-b5d8-a1b10e992dcb","152-12-015l","eye_face_equipment_locales","""""","""""","""""","""""",""""""
"products","0815677e-3a2c-48fd-b5d8-a1b10e992dcb","152-12-015l","head_comfort_features_locales","""""","""""","""""","""""",""""""
"products","0815677e-3a2c-48fd-b5d8-a1b10e992dcb","152-12-015l","head_other_details_locales","""""","""""","""""","""""",""""""
"products","0815677e-3a2c-48fd-b5d8-a1b10e992dcb","152-12-015l","head_equipment_locales","""""","""""","""""","""""",""""""
"products","0815677e-3a2c-48fd-b5d8-a1b10e992dcb","152-12-015l","footwear_comfort_features_locales","""""","""""","""""","""""",""""""
"products","0815677e-3a2c-48fd-b5d8-a1b10e992dcb","152-12-015l","hearing_comfort_features_locales","""""","""""","""""","""""",""""""
"products","0815677e-3a2c-48fd-b5d8-a1b10e992dcb","152-12-015l","hearing_other_details_locales","""""","""""","""""","""""",""""""
"products","0815677e-3a2c-48fd-b5d8-a1b10e992dcb","152-12-015l","hearing_equipment_locales","""""","""""","""""","""""",""""""
"products","0815677e-3a2c-48fd-b5d8-a1b10e992dcb","152-12-015l","respiratory_comfort_features_locales","""""","""""","""""","""""",""""""
"products","0815677e-3a2c-48fd-b5d8-a1b10e992dcb","152-12-015l","respiratory_other_details_locales","""""","""""","""""","""""",""""""
"products","0815677e-3a2c-48fd-b5d8-a1b10e992dcb","152-12-015l","respiratory_equipment_locales","""""","""""","""""","""""",""""""
"products","0815677e-3a2c-48fd-b5d8-a1b10e992dcb","152-12-015l","clothing_comfort_features_locales","""""","""""","""""","""""",""""""
"products","0815677e-3a2c-48fd-b5d8-a1b10e992dcb","152-12-015l","clothing_other_details_locales","""""","""""","""""","""""",""""""
"products","0815677e-3a2c-48fd-b5d8-a1b10e992dcb","152-12-015l","footwear_materials_locales","""""","""""","""""","""""",""""""
"products","0815677e-3a2c-48fd-b5d8-a1b10e992dcb","152-12-015l","footwear_special_features_locales","""""","""""","""""","""""",""""""
"products","0815677e-3a2c-48fd-b5d8-a1b10e992dcb","152-12-015l","connections_locales","""""","""""","""""","""""",""""""
"products","0815677e-3a2c-48fd-b5d8-a1b10e992dcb","152-12-015l","compatible_with_locales","""""","""""","""""","""""",""""""
"products","0815677e-3a2c-48fd-b5d8-a1b10e992dcb","152-12-015l","coatings_locales","""""","""""","""""","""""",""""""
"products","0815677e-3a2c-48fd-b5d8-a1b10e992dcb","152-12-015l","eye_face_materials_locales","""""","""""","""""","""""",""""""
"products","0815677e-3a2c-48fd-b5d8-a1b10e992dcb","152-12-015l","head_tech_specs_locales","""""","""""","""""","""""",""""""
"products","0815677e-3a2c-48fd-b5d8-a1b10e992dcb","152-12-015l","clothing_attributes_locales","""""","""""","""""","""""",""""""
"products","64ee08af-9438-4029-87f2-99e2a0eae0e7","152-12-015l-fdt","name_locales","152/12-015L FDT","152/12-015L FDT","""""","""""",""""""
"products","64ee08af-9438-4029-87f2-99e2a0eae0e7","152-12-015l-fdt","description_locales","Heat-resistant (250 °C) 12 oz cotton glove with double-knit palm and double-layer back plus leather-reinforced seams. 13 cm adjustable cuff.","""Guanto anticalore (250°C) in cotone 12 oz con doppio tessuto garzato interno sul palmo e doppio tessuto sul dorso con rinforzi in pelle salva cuciture.
Manichetta da 13cm (adattabile).""","""""","""""",""""""
"products","64ee08af-9438-4029-87f2-99e2a0eae0e7","152-12-015l-fdt","short_description_locales","12 oz cotton glove with doubled palm and back for operations up to 250 °C","Guanto in cotone 12 oz con palmo e dorso doppiati per operazioni fino a 250C","""""","""""",""""""
"products","64ee08af-9438-4029-87f2-99e2a0eae0e7","152-12-015l-fdt","category_locales","Hand protection","Protezione delle mani","""""","""""",""""""
"products","64ee08af-9438-4029-87f2-99e2a0eae0e7","152-12-015l-fdt","sub_category_locales","Heat resistant gloves","Guanti anticalore","""""","""""",""""""
"products","64ee08af-9438-4029-87f2-99e2a0eae0e7","152-12-015l-fdt","features_locales","[""Great protection in high temperature environment, against contact, radiant and convective heat"",""Excellent tear resistance"",""Excellent convective-heat resistance"",""Reinforced leather seams between palm & thumb""]","[""Buona resistenza al calore da contatto"",""Eccellente resistenza allo strappo"",""Ottima resistenza al calore convettivo"",""Salva cuciture in pelle tra palmo e pollice""]","""""","""""",""""""
"products","64ee08af-9438-4029-87f2-99e2a0eae0e7","152-12-015l-fdt","applications_locales","[""Handling parts up to 250 °C"",""Thermal inspections"",""Prolonged contact operations""]","[""Manipolazione pezzi fino a 250°C"",""Ispezioni termiche"",""Operazioni prolungate a contatto""]","""""","""""",""""""
"products","64ee08af-9438-4029-87f2-99e2a0eae0e7","152-12-015l-fdt","industries_locales","[""Glassworks"",""Foundries"",""Mechanical industry"",""Metallurgy""]","[""Vetrerie"",""Fonderia"",""Industria meccanica"",""Metallurgia""]","""""","""""",""""""
"products","64ee08af-9438-4029-87f2-99e2a0eae0e7","152-12-015l-fdt","tags_locales","[""Heat-resistant"",""250 °C"",""back-of-hand protection""]","[""anticalore"",""250C"",""protezione dorso mano""]","""""","""""",""""""
"products","64ee08af-9438-4029-87f2-99e2a0eae0e7","152-12-015l-fdt","size_locales","One size","Unica","""""","""""",""""""
"products","64ee08af-9438-4029-87f2-99e2a0eae0e7","152-12-015l-fdt","materials_locales","[""cotton""]","[""cotone""]","""""","""""",""""""
"products","64ee08af-9438-4029-87f2-99e2a0eae0e7","152-12-015l-fdt","eye_face_comfort_features_locales","""""","""""","""""","""""",""""""
"products","64ee08af-9438-4029-87f2-99e2a0eae0e7","152-12-015l-fdt","eye_face_equipment_locales","""""","""""","""""","""""",""""""
"products","64ee08af-9438-4029-87f2-99e2a0eae0e7","152-12-015l-fdt","head_comfort_features_locales","""""","""""","""""","""""",""""""
"products","64ee08af-9438-4029-87f2-99e2a0eae0e7","152-12-015l-fdt","head_other_details_locales","""""","""""","""""","""""",""""""
"products","64ee08af-9438-4029-87f2-99e2a0eae0e7","152-12-015l-fdt","head_equipment_locales","""""","""""","""""","""""",""""""
"products","64ee08af-9438-4029-87f2-99e2a0eae0e7","152-12-015l-fdt","footwear_comfort_features_locales","""""","""""","""""","""""",""""""
"products","64ee08af-9438-4029-87f2-99e2a0eae0e7","152-12-015l-fdt","hearing_comfort_features_locales","""""","""""","""""","""""",""""""
"products","64ee08af-9438-4029-87f2-99e2a0eae0e7","152-12-015l-fdt","hearing_other_details_locales","""""","""""","""""","""""",""""""
"products","64ee08af-9438-4029-87f2-99e2a0eae0e7","152-12-015l-fdt","hearing_equipment_locales","""""","""""","""""","""""",""""""
"products","64ee08af-9438-4029-87f2-99e2a0eae0e7","152-12-015l-fdt","respiratory_comfort_features_locales","""""","""""","""""","""""",""""""
"products","64ee08af-9438-4029-87f2-99e2a0eae0e7","152-12-015l-fdt","respiratory_other_details_locales","""""","""""","""""","""""",""""""
"products","64ee08af-9438-4029-87f2-99e2a0eae0e7","152-12-015l-fdt","respiratory_equipment_locales","""""","""""","""""","""""",""""""
"products","64ee08af-9438-4029-87f2-99e2a0eae0e7","152-12-015l-fdt","clothing_comfort_features_locales","""""","""""","""""","""""",""""""
"products","64ee08af-9438-4029-87f2-99e2a0eae0e7","152-12-015l-fdt","clothing_other_details_locales","""""","""""","""""","""""",""""""
"products","64ee08af-9438-4029-87f2-99e2a0eae0e7","152-12-015l-fdt","footwear_materials_locales","""""","""""","""""","""""",""""""
"products","64ee08af-9438-4029-87f2-99e2a0eae0e7","152-12-015l-fdt","footwear_special_features_locales","""""","""""","""""","""""",""""""
"products","64ee08af-9438-4029-87f2-99e2a0eae0e7","152-12-015l-fdt","connections_locales","""""","""""","""""","""""",""""""
"products","64ee08af-9438-4029-87f2-99e2a0eae0e7","152-12-015l-fdt","compatible_with_locales","""""","""""","""""","""""",""""""
"products","64ee08af-9438-4029-87f2-99e2a0eae0e7","152-12-015l-fdt","coatings_locales","""""","""""","""""","""""",""""""
"products","64ee08af-9438-4029-87f2-99e2a0eae0e7","152-12-015l-fdt","eye_face_materials_locales","""""","""""","""""","""""",""""""
"products","64ee08af-9438-4029-87f2-99e2a0eae0e7","152-12-015l-fdt","head_tech_specs_locales","""""","""""","""""","""""",""""""
"products","64ee08af-9438-4029-87f2-99e2a0eae0e7","152-12-015l-fdt","clothing_attributes_locales","""""","""""","""""","""""",""""""
"products","aa1fc0af-257a-4bba-9768-3031ff7857ef","suxxeed-industry-t-shirt-men","name_locales","suXXeed industry T-SHIRT Men","suXXeed industry T-SHIRT UOMO","""""","""""",""""""
"products","aa1fc0af-257a-4bba-9768-3031ff7857ef","suxxeed-industry-t-shirt-men","description_locales","Men’s work T-shirt with concealed fastening and premium materials


","T-shirt da lavoro da uomo con chiusura a scompara e materiali premium

","""""","""""",""""""
"products","aa1fc0af-257a-4bba-9768-3031ff7857ef","suxxeed-industry-t-shirt-men","short_description_locales","Men’s work T-shirt","T-shirt da lavoro da uomo","""""","""""",""""""
"products","aa1fc0af-257a-4bba-9768-3031ff7857ef","suxxeed-industry-t-shirt-men","category_locales","Protective Clothing","Abbigliamento protettivo","""""","""""",""""""
"products","aa1fc0af-257a-4bba-9768-3031ff7857ef","suxxeed-industry-t-shirt-men","sub_category_locales","Workwear shirts","Maglie da lavoro","""""","""""",""""""
"products","aa1fc0af-257a-4bba-9768-3031ff7857ef","suxxeed-industry-t-shirt-men","features_locales","[""Contrasting stitching on the left shoulder"",""Forward-positioned side seams"",""Certified in accordance with OEKO-TEX® Standard 100"",""Round neckline"",""Highly breathable"",""Excellent freedom of movement""]","[""Cuciture a contrasto sulla spalla sinistra"",""Cuciture laterali avanzate"",""Certificazione secondo OEKO-TEX® Standard 100"",""Scollatura rotonda"",""Molto traspirante"",""Ottimo movimento""]","""""","""""",""""""
"products","aa1fc0af-257a-4bba-9768-3031ff7857ef","suxxeed-industry-t-shirt-men","applications_locales","[""Work and leisure"",""Indoor work""]","[""Lavoro e tempo libero"",""Lavori indoor""]","""""","""""",""""""
"products","aa1fc0af-257a-4bba-9768-3031ff7857ef","suxxeed-industry-t-shirt-men","industries_locales","[""Steel production"",""Utilities"",""Automotive"",""Chemicals""]","[""Acciaierie"",""Servizi pubblici"",""Automobilistico""]","""""","""""",""""""
"products","aa1fc0af-257a-4bba-9768-3031ff7857ef","suxxeed-industry-t-shirt-men","tags_locales","[""Work shirt""]","[""Maglia da lavoro""]","""""","""""",""""""
"products","aa1fc0af-257a-4bba-9768-3031ff7857ef","suxxeed-industry-t-shirt-men","size_locales","","","""""","""""",""""""
"products","aa1fc0af-257a-4bba-9768-3031ff7857ef","suxxeed-industry-t-shirt-men","materials_locales","[""50% polyester, 50% cotton""]","[""50% poliestere, 50% cotone""]","""""","""""",""""""
"products","aa1fc0af-257a-4bba-9768-3031ff7857ef","suxxeed-industry-t-shirt-men","eye_face_comfort_features_locales","""""","""""","""""","""""",""""""
"products","aa1fc0af-257a-4bba-9768-3031ff7857ef","suxxeed-industry-t-shirt-men","eye_face_equipment_locales","""""","""""","""""","""""",""""""
"products","aa1fc0af-257a-4bba-9768-3031ff7857ef","suxxeed-industry-t-shirt-men","head_comfort_features_locales","""""","""""","""""","""""",""""""
"products","aa1fc0af-257a-4bba-9768-3031ff7857ef","suxxeed-industry-t-shirt-men","head_other_details_locales","""""","""""","""""","""""",""""""
"products","aa1fc0af-257a-4bba-9768-3031ff7857ef","suxxeed-industry-t-shirt-men","head_equipment_locales","""""","""""","""""","""""",""""""
"products","aa1fc0af-257a-4bba-9768-3031ff7857ef","suxxeed-industry-t-shirt-men","footwear_comfort_features_locales","""""","""""","""""","""""",""""""
"products","aa1fc0af-257a-4bba-9768-3031ff7857ef","suxxeed-industry-t-shirt-men","hearing_comfort_features_locales","""""","""""","""""","""""",""""""
"products","aa1fc0af-257a-4bba-9768-3031ff7857ef","suxxeed-industry-t-shirt-men","hearing_other_details_locales","""""","""""","""""","""""",""""""
"products","aa1fc0af-257a-4bba-9768-3031ff7857ef","suxxeed-industry-t-shirt-men","hearing_equipment_locales","""""","""""","""""","""""",""""""
"products","aa1fc0af-257a-4bba-9768-3031ff7857ef","suxxeed-industry-t-shirt-men","respiratory_comfort_features_locales","""""","""""","""""","""""",""""""
"products","aa1fc0af-257a-4bba-9768-3031ff7857ef","suxxeed-industry-t-shirt-men","respiratory_other_details_locales","""""","""""","""""","""""",""""""
"products","aa1fc0af-257a-4bba-9768-3031ff7857ef","suxxeed-industry-t-shirt-men","respiratory_equipment_locales","""""","""""","""""","""""",""""""
"products","aa1fc0af-257a-4bba-9768-3031ff7857ef","suxxeed-industry-t-shirt-men","clothing_comfort_features_locales","[]","[]","""""","""""",""""""
"products","aa1fc0af-257a-4bba-9768-3031ff7857ef","suxxeed-industry-t-shirt-men","clothing_other_details_locales","[""Colours: Anthracite, Midnight Blue, Ultramarine Blue, Graphite, Red, White""]","[""Colours: Antracite, Blu notte, Blu ultramarino, Grafite, Rosso, Bianco""]","""""","""""",""""""
"products","aa1fc0af-257a-4bba-9768-3031ff7857ef","suxxeed-industry-t-shirt-men","footwear_materials_locales","""""","""""","""""","""""",""""""
"products","aa1fc0af-257a-4bba-9768-3031ff7857ef","suxxeed-industry-t-shirt-men","footwear_special_features_locales","""""","""""","""""","""""",""""""
"products","aa1fc0af-257a-4bba-9768-3031ff7857ef","suxxeed-industry-t-shirt-men","connections_locales","""""","""""","""""","""""",""""""
"products","aa1fc0af-257a-4bba-9768-3031ff7857ef","suxxeed-industry-t-shirt-men","compatible_with_locales","""""","""""","""""","""""",""""""
"products","aa1fc0af-257a-4bba-9768-3031ff7857ef","suxxeed-industry-t-shirt-men","coatings_locales","""""","""""","""""","""""",""""""
"products","aa1fc0af-257a-4bba-9768-3031ff7857ef","suxxeed-industry-t-shirt-men","eye_face_materials_locales","""""","""""","""""","""""",""""""
"products","aa1fc0af-257a-4bba-9768-3031ff7857ef","suxxeed-industry-t-shirt-men","head_tech_specs_locales","""""","""""","""""","""""",""""""
"products","aa1fc0af-257a-4bba-9768-3031ff7857ef","suxxeed-industry-t-shirt-men","clothing_attributes_locales","{""fit"":""Regular Fit"",""size_range"":""""}","{""fit"":"""",""size_range"":""""}","""""","""""",""""""
"products","70ce7549-de8c-4854-9d4b-074d9efb58eb","152-14ml-3l15","name_locales","152/14ML-3L15","152/14ML-3L15","""""","""""",""""""
"products","70ce7549-de8c-4854-9d4b-074d9efb58eb","152-14ml-3l15","description_locales","Heat-resistant glove protecting up to 350°C. Palm protected by triple-layer and back by double-layer 14 oz cotton knit (brushed inside/outside) plus full knuckle guard. 15 cm Kanvas cuff. Guards against molten-material hazards and provides Level 3 cut resistance.","Guanto anticalore con protezione fino a 350 °C. Protezione del palmo con triplo strato e del dorso con doppio strato in cotone 14 oz garzato interno/esterno e paranocche intero.
Manichetta in Kanvas da 15 cm.
Copertura da rischi da materiale fuso e protezione al taglio di livello 3.","""""","""""",""""""
"products","70ce7549-de8c-4854-9d4b-074d9efb58eb","152-14ml-3l15","short_description_locales","Heat-resistant glove in cotton (350 °C) with triple layer and back-of-hand reinforcement for high-temperature operations and mechanical hazards","Guanto anticalore in cotone (350C) con triplo strato e protezione del dorso per operazioni ad elevate temperature e con rischi meccanici","""""","""""",""""""
"products","70ce7549-de8c-4854-9d4b-074d9efb58eb","152-14ml-3l15","category_locales","Hand protection","Protezione delle mani","""""","""""",""""""
"products","70ce7549-de8c-4854-9d4b-074d9efb58eb","152-14ml-3l15","sub_category_locales","Heat resistant gloves","Guanti anticalore","""""","""""",""""""
"products","70ce7549-de8c-4854-9d4b-074d9efb58eb","152-14ml-3l15","features_locales","[""High contact-heat resistance up to 350°C"",""Triple layer on palm & double layer on back for full-hand protection"",""Protection against mechanical hazards"",""Reinforced leather seams between palm & thumb""]","[""Elevata resistenza al calore da contatto fino a 350 °C"",""Triplo strato sul palmo e doppio strato sul dorso per protezione completa della mano"",""Resistenza alle sollecitazioni meccaniche"",""Salva cuciture in pelle tra palmo e pollice""]","""""","""""",""""""
"products","70ce7549-de8c-4854-9d4b-074d9efb58eb","152-14ml-3l15","applications_locales","[""Designed for glass industry: handling hot objects up to 350 °C & hot-zone operations"",""Hot-plastic printing & thermoforming"",""Handling heated components in ceramic production lines"",""Swabbing and lubricating activities""]","[""Studiato per l’industria del vetro per manipolazione di oggetti caldi fino a 350C e operazioni in zona calda"",""Operazioni di stampa e termoformatura di plastiche calde"",""Movimentazione di componenti riscaldati in linee di produzione ceramica""]","""""","""""",""""""
"products","70ce7549-de8c-4854-9d4b-074d9efb58eb","152-14ml-3l15","industries_locales","[""Glass"",""Ceramic"",""Plastic-molding"",""Cement""]","[""Industria del Vetro"",""Industria ceramica"",""Stampaggio plastico"",""Industria del cemento""]","""""","""""",""""""
"products","70ce7549-de8c-4854-9d4b-074d9efb58eb","152-14ml-3l15","tags_locales","[""Heat‐resistant glove"",""350 °C"",""cotton"",""back‐of‐hand protection"",""high-temperature"",""cut protection""]","[""Guanto anticalore"",""350C"",""cotone"",""protezione dorso mano"",""elevate temperature"",""protezione taglio""]","""""","""""",""""""
"products","70ce7549-de8c-4854-9d4b-074d9efb58eb","152-14ml-3l15","size_locales","One size","Unica","""""","""""",""""""
"products","70ce7549-de8c-4854-9d4b-074d9efb58eb","152-14ml-3l15","materials_locales","[""cotton""]","[""cotone""]","""""","""""",""""""
"products","70ce7549-de8c-4854-9d4b-074d9efb58eb","152-14ml-3l15","eye_face_comfort_features_locales","""""","""""","""""","""""",""""""
"products","70ce7549-de8c-4854-9d4b-074d9efb58eb","152-14ml-3l15","eye_face_equipment_locales","""""","""""","""""","""""",""""""
"products","70ce7549-de8c-4854-9d4b-074d9efb58eb","152-14ml-3l15","head_comfort_features_locales","""""","""""","""""","""""",""""""
"products","70ce7549-de8c-4854-9d4b-074d9efb58eb","152-14ml-3l15","head_other_details_locales","""""","""""","""""","""""",""""""
"products","70ce7549-de8c-4854-9d4b-074d9efb58eb","152-14ml-3l15","head_equipment_locales","""""","""""","""""","""""",""""""
"products","70ce7549-de8c-4854-9d4b-074d9efb58eb","152-14ml-3l15","footwear_comfort_features_locales","""""","""""","""""","""""",""""""
"products","70ce7549-de8c-4854-9d4b-074d9efb58eb","152-14ml-3l15","hearing_comfort_features_locales","""""","""""","""""","""""",""""""
"products","70ce7549-de8c-4854-9d4b-074d9efb58eb","152-14ml-3l15","hearing_other_details_locales","""""","""""","""""","""""",""""""
"products","70ce7549-de8c-4854-9d4b-074d9efb58eb","152-14ml-3l15","hearing_equipment_locales","""""","""""","""""","""""",""""""
"products","70ce7549-de8c-4854-9d4b-074d9efb58eb","152-14ml-3l15","respiratory_comfort_features_locales","""""","""""","""""","""""",""""""
"products","70ce7549-de8c-4854-9d4b-074d9efb58eb","152-14ml-3l15","respiratory_other_details_locales","""""","""""","""""","""""",""""""
"products","70ce7549-de8c-4854-9d4b-074d9efb58eb","152-14ml-3l15","respiratory_equipment_locales","""""","""""","""""","""""",""""""
"products","70ce7549-de8c-4854-9d4b-074d9efb58eb","152-14ml-3l15","clothing_comfort_features_locales","""""","""""","""""","""""",""""""
"products","70ce7549-de8c-4854-9d4b-074d9efb58eb","152-14ml-3l15","clothing_other_details_locales","""""","""""","""""","""""",""""""
"products","70ce7549-de8c-4854-9d4b-074d9efb58eb","152-14ml-3l15","footwear_materials_locales","""""","""""","""""","""""",""""""
"products","70ce7549-de8c-4854-9d4b-074d9efb58eb","152-14ml-3l15","footwear_special_features_locales","""""","""""","""""","""""",""""""
"products","70ce7549-de8c-4854-9d4b-074d9efb58eb","152-14ml-3l15","connections_locales","""""","""""","""""","""""",""""""
"products","70ce7549-de8c-4854-9d4b-074d9efb58eb","152-14ml-3l15","compatible_with_locales","""""","""""","""""","""""",""""""
"products","70ce7549-de8c-4854-9d4b-074d9efb58eb","152-14ml-3l15","coatings_locales","""""","""""","""""","""""",""""""
"products","70ce7549-de8c-4854-9d4b-074d9efb58eb","152-14ml-3l15","eye_face_materials_locales","""""","""""","""""","""""",""""""
"products","70ce7549-de8c-4854-9d4b-074d9efb58eb","152-14ml-3l15","head_tech_specs_locales","""""","""""","""""","""""",""""""
"products","70ce7549-de8c-4854-9d4b-074d9efb58eb","152-14ml-3l15","clothing_attributes_locales","""""","""""","""""","""""",""""""
"products","c2ba947b-7c52-400e-9088-ee250b5a5030","152-14ml-3l20","name_locales","152/14ML-3L20","152/14ML-3L20","""""","""""",""""""
"products","c2ba947b-7c52-400e-9088-ee250b5a5030","152-14ml-3l20","description_locales","Heat-resistant glove protecting up to 350°C. Palm protected by triple-layer and back by double-layer 14 oz cotton knit (brushed inside/outside) plus full knuckle guard. 20 cm double-layered cotton cuff. Guards against molten-material hazards and provides Level 3 cut resistance.","Guanto anticalore con protezione fino a 350°C. Protezione del palmo con triplo strato e del dorso con doppio strato in cotone 14 oz garzato interno/esterno e paranocche intero.
Manichetta in doppio strato di cotone da 20 cm.
Copertura da rischi da materiale fuso e protezione al taglio di livello 3.","""""","""""",""""""
"products","c2ba947b-7c52-400e-9088-ee250b5a5030","152-14ml-3l20","short_description_locales","Heat-resistant glove in cotton (350 °C) with triple layer and back-of-hand reinforcement for high-temperature operations and mechanical hazards","Guanto anticalore in cotone (350°C) con triplo strato e protezione del dorso per operazioni ad elevate temperature e con rischi meccanici","""""","""""",""""""
"products","c2ba947b-7c52-400e-9088-ee250b5a5030","152-14ml-3l20","category_locales","Hand protection","Protezione delle mani","""""","""""",""""""
"products","c2ba947b-7c52-400e-9088-ee250b5a5030","152-14ml-3l20","sub_category_locales","Heat resistant gloves","Guanti anticalore","""""","""""",""""""
"products","c2ba947b-7c52-400e-9088-ee250b5a5030","152-14ml-3l20","features_locales","[""High contact-heat resistance up to 350°C"",""Triple layer on palm & double layer on back for full-hand protection"",""Protection against mechanical hazards"",""Reinforced leather seams between palm & thumb""]","[""Elevata resistenza al calore da contatto fino a 350°C"",""Triplo strato sul palmo e doppio strato sul dorso per protezione completa della mano"",""Resistenza alle sollecitazioni meccaniche"",""Salva cuciture in pelle tra palmo e pollice""]","""""","""""",""""""
"products","c2ba947b-7c52-400e-9088-ee250b5a5030","152-14ml-3l20","applications_locales","[""Designed for glass industry: handling hot objects up to 350 °C & hot-zone operations"",""Hot-plastic printing & thermoforming"",""Handling heated components in ceramic production lines"",""Swabbing and lubricating activities""]","[""Studiato per l’industria del vetro per manipolazione di oggetti caldi fino a 350C e operazioni in zona calda"",""Operazioni di stampa e termoformatura di plastiche calde"",""Movimentazione di componenti riscaldati in linee di produzione ceramica""]","""""","""""",""""""
"products","c2ba947b-7c52-400e-9088-ee250b5a5030","152-14ml-3l20","industries_locales","[""Glass"",""Ceramic"",""Plastic-moulding"",""Cement""]","[""Industria del vetro"",""Stampaggio plastico"",""Industria ceramica"",""Industria del cemento""]","""""","""""",""""""
"products","c2ba947b-7c52-400e-9088-ee250b5a5030","152-14ml-3l20","tags_locales","[""back‐of‐hand protection"",""heat resistant glove"",""350C"",""cut protection""]","[""350°C"",""guanti anticalore"",""protezione meccanica"",""zona calda del vetro""]","""""","""""",""""""
"products","c2ba947b-7c52-400e-9088-ee250b5a5030","152-14ml-3l20","size_locales","One size","Unica","""""","""""",""""""
"products","c2ba947b-7c52-400e-9088-ee250b5a5030","152-14ml-3l20","materials_locales","[""Cotton""]","[""Cotone""]","""""","""""",""""""
"products","c2ba947b-7c52-400e-9088-ee250b5a5030","152-14ml-3l20","eye_face_comfort_features_locales","""""","""""","""""","""""",""""""
"products","c2ba947b-7c52-400e-9088-ee250b5a5030","152-14ml-3l20","eye_face_equipment_locales","""""","""""","""""","""""",""""""
"products","c2ba947b-7c52-400e-9088-ee250b5a5030","152-14ml-3l20","head_comfort_features_locales","""""","""""","""""","""""",""""""
"products","c2ba947b-7c52-400e-9088-ee250b5a5030","152-14ml-3l20","head_other_details_locales","""""","""""","""""","""""",""""""
"products","c2ba947b-7c52-400e-9088-ee250b5a5030","152-14ml-3l20","head_equipment_locales","""""","""""","""""","""""",""""""
"products","c2ba947b-7c52-400e-9088-ee250b5a5030","152-14ml-3l20","footwear_comfort_features_locales","""""","""""","""""","""""",""""""
"products","c2ba947b-7c52-400e-9088-ee250b5a5030","152-14ml-3l20","hearing_comfort_features_locales","""""","""""","""""","""""",""""""
"products","c2ba947b-7c52-400e-9088-ee250b5a5030","152-14ml-3l20","hearing_other_details_locales","""""","""""","""""","""""",""""""
"products","c2ba947b-7c52-400e-9088-ee250b5a5030","152-14ml-3l20","hearing_equipment_locales","""""","""""","""""","""""",""""""
"products","c2ba947b-7c52-400e-9088-ee250b5a5030","152-14ml-3l20","respiratory_comfort_features_locales","""""","""""","""""","""""",""""""
"products","c2ba947b-7c52-400e-9088-ee250b5a5030","152-14ml-3l20","respiratory_other_details_locales","""""","""""","""""","""""",""""""
"products","c2ba947b-7c52-400e-9088-ee250b5a5030","152-14ml-3l20","respiratory_equipment_locales","""""","""""","""""","""""",""""""
"products","c2ba947b-7c52-400e-9088-ee250b5a5030","152-14ml-3l20","clothing_comfort_features_locales","""""","""""","""""","""""",""""""
"products","c2ba947b-7c52-400e-9088-ee250b5a5030","152-14ml-3l20","clothing_other_details_locales","""""","""""","""""","""""",""""""
"products","c2ba947b-7c52-400e-9088-ee250b5a5030","152-14ml-3l20","footwear_materials_locales","""""","""""","""""","""""",""""""
"products","c2ba947b-7c52-400e-9088-ee250b5a5030","152-14ml-3l20","footwear_special_features_locales","""""","""""","""""","""""",""""""
"products","c2ba947b-7c52-400e-9088-ee250b5a5030","152-14ml-3l20","connections_locales","""""","""""","""""","""""",""""""
"products","c2ba947b-7c52-400e-9088-ee250b5a5030","152-14ml-3l20","compatible_with_locales","""""","""""","""""","""""",""""""
"products","c2ba947b-7c52-400e-9088-ee250b5a5030","152-14ml-3l20","coatings_locales","""""","""""","""""","""""",""""""
"products","c2ba947b-7c52-400e-9088-ee250b5a5030","152-14ml-3l20","eye_face_materials_locales","""""","""""","""""","""""",""""""
"products","c2ba947b-7c52-400e-9088-ee250b5a5030","152-14ml-3l20","head_tech_specs_locales","""""","""""","""""","""""",""""""
"products","c2ba947b-7c52-400e-9088-ee250b5a5030","152-14ml-3l20","clothing_attributes_locales","""""","""""","""""","""""",""""""
"products","8d347948-4371-424a-abcb-6a20a5c7ccda","188-s","name_locales","188 S","188 S","""""","""""",""""""
"products","8d347948-4371-424a-abcb-6a20a5c7ccda","188-s","description_locales","Triple-layered heat resistant glove with terry aramid fibre, thermal layer in Nomex and internal fleece protecting up to 500°C for over 15 seconds.  Guards against molten-material hazards and provides Level 5 cut resistance. ","Guanto termoresistente a triplo strato in fibra aramidica spugnata, con strato termico in Nomex e interno in pile, che offre protezione fino a 500°C per oltre 15 secondi.

Protegge dai rischi legati a materiali fusi e garantisce una resistenza al taglio di Livello 5.","""""","""""",""""""
"products","8d347948-4371-424a-abcb-6a20a5c7ccda","188-s","short_description_locales","Heat-resistant glove in aramid fibre protecting above 500C","Guanto in fibra aramidica resistente al calore, per protezione oltre 500°C","""""","""""",""""""
"products","8d347948-4371-424a-abcb-6a20a5c7ccda","188-s","category_locales","Hand protection","Protezione delle mani","""""","""""",""""""
"products","8d347948-4371-424a-abcb-6a20a5c7ccda","188-s","sub_category_locales","Heat resistant gloves","Guanti anticalore","""""","""""",""""""
"products","8d347948-4371-424a-abcb-6a20a5c7ccda","188-s","features_locales","[""High contact-heat resistance over 500°C (Level 4)"",""Triple layer on palm & back for full hand protection"",""High manoeuvrability"",""High cut and high temperature  protection""]","[""Resistenza al calore da contatto fino a oltre 500°C (Livello 4)"",""Triplo strato su palmo e dorso per una protezione totale della mano"",""Ottima maneggevolezza"",""Elevata protezione contro taglio e alte temperature""]","""""","""""",""""""
"products","8d347948-4371-424a-abcb-6a20a5c7ccda","188-s","applications_locales","[""Operations at extreme termperatures (>500C)"",""Designed for handling very hot objects  over 500 °C & hot-zone operations and  furnaces"",""Furnace ring and moulds substitution in  heavy industries"",""Handling heated components in  ceramic production lines""]","[""Utilizzo in condizioni di temperatura estrema (>500°C)"",""Ideale per la manipolazione di materiali molto caldi oltre 500°C, in aree forno e zone ad alta temperatura"",""Adatto alla sostituzione di anelli forno e stampi nelle industrie pesanti"",""Per la movimentazione di componenti caldi nelle linee di produzione ceramica""]","""""","""""",""""""
"products","8d347948-4371-424a-abcb-6a20a5c7ccda","188-s","industries_locales","[""Glass manufacturing"",""Steel manufacturing"",""Metal"",""Ceramics""]","[""Industria del vetro"",""Industria dell'acciaio"",""Metallurgia""]","""""","""""",""""""
"products","8d347948-4371-424a-abcb-6a20a5c7ccda","188-s","tags_locales","[""500C"",""Extreme temperatures"",""Kevlar""]","[""500C"",""Kevlar"",""Temperature estreme""]","""""","""""",""""""
"products","8d347948-4371-424a-abcb-6a20a5c7ccda","188-s","size_locales","One size","Taglia Unica","""""","""""",""""""
"products","8d347948-4371-424a-abcb-6a20a5c7ccda","188-s","materials_locales","[""Aramid fibre"",""Nomex"",""Cotton lining""]","[""Fibra aramidica"",""Nomex"",""Fodera in cotone""]","""""","""""",""""""
"products","8d347948-4371-424a-abcb-6a20a5c7ccda","188-s","eye_face_comfort_features_locales","""""","""""","""""","""""",""""""
"products","8d347948-4371-424a-abcb-6a20a5c7ccda","188-s","eye_face_equipment_locales","""""","""""","""""","""""",""""""
"products","8d347948-4371-424a-abcb-6a20a5c7ccda","188-s","head_comfort_features_locales","""""","""""","""""","""""",""""""
"products","8d347948-4371-424a-abcb-6a20a5c7ccda","188-s","head_other_details_locales","""""","""""","""""","""""",""""""
"products","8d347948-4371-424a-abcb-6a20a5c7ccda","188-s","head_equipment_locales","""""","""""","""""","""""",""""""
"products","8d347948-4371-424a-abcb-6a20a5c7ccda","188-s","footwear_comfort_features_locales","""""","""""","""""","""""",""""""
"products","8d347948-4371-424a-abcb-6a20a5c7ccda","188-s","hearing_comfort_features_locales","""""","""""","""""","""""",""""""
"products","8d347948-4371-424a-abcb-6a20a5c7ccda","188-s","hearing_other_details_locales","""""","""""","""""","""""",""""""
"products","8d347948-4371-424a-abcb-6a20a5c7ccda","188-s","hearing_equipment_locales","""""","""""","""""","""""",""""""
"products","8d347948-4371-424a-abcb-6a20a5c7ccda","188-s","respiratory_comfort_features_locales","""""","""""","""""","""""",""""""
"products","8d347948-4371-424a-abcb-6a20a5c7ccda","188-s","respiratory_other_details_locales","""""","""""","""""","""""",""""""
"products","8d347948-4371-424a-abcb-6a20a5c7ccda","188-s","respiratory_equipment_locales","""""","""""","""""","""""",""""""
"products","8d347948-4371-424a-abcb-6a20a5c7ccda","188-s","clothing_comfort_features_locales","""""","""""","""""","""""",""""""
"products","8d347948-4371-424a-abcb-6a20a5c7ccda","188-s","clothing_other_details_locales","""""","""""","""""","""""",""""""
"products","8d347948-4371-424a-abcb-6a20a5c7ccda","188-s","footwear_materials_locales","""""","""""","""""","""""",""""""
"products","8d347948-4371-424a-abcb-6a20a5c7ccda","188-s","footwear_special_features_locales","""""","""""","""""","""""",""""""
"products","8d347948-4371-424a-abcb-6a20a5c7ccda","188-s","connections_locales","""""","""""","""""","""""",""""""
"products","8d347948-4371-424a-abcb-6a20a5c7ccda","188-s","compatible_with_locales","""""","""""","""""","""""",""""""
"products","8d347948-4371-424a-abcb-6a20a5c7ccda","188-s","coatings_locales","""""","""""","""""","""""",""""""
"products","8d347948-4371-424a-abcb-6a20a5c7ccda","188-s","eye_face_materials_locales","""""","""""","""""","""""",""""""
"products","8d347948-4371-424a-abcb-6a20a5c7ccda","188-s","head_tech_specs_locales","""""","""""","""""","""""",""""""
"products","8d347948-4371-424a-abcb-6a20a5c7ccda","188-s","clothing_attributes_locales","""""","""""","""""","""""",""""""
"products","d4c376c4-18b0-4c89-8c54-98b40b00c91c","1-x-craft-s3","name_locales","1 x-craft (S3)","1 x-craft (S3)","""""","""""",""""""
"products","d4c376c4-18b0-4c89-8c54-98b40b00c91c","1-x-craft-s3","description_locales","Lightweight and flexible safety boot S3 class with rubber sole resistant to heat, cut and chemicals
","Scarpa S3 leggera e flessibile con suola in gomma resistente al calore, taglio e sostanze chimiche
","""""","""""",""""""
"products","d4c376c4-18b0-4c89-8c54-98b40b00c91c","1-x-craft-s3","short_description_locales","Lightweight and flexible safety shoes S3 class with rubber sole","Scarpa S3L leggera e flessibile con suola in gomma","""""","""""",""""""
"products","d4c376c4-18b0-4c89-8c54-98b40b00c91c","1-x-craft-s3","category_locales","Safety Footwear","Calzature di sicurezza","""""","""""",""""""
"products","d4c376c4-18b0-4c89-8c54-98b40b00c91c","1-x-craft-s3","sub_category_locales","Safety boots","Stivali di sicurezza","""""","""""",""""""
"products","d4c376c4-18b0-4c89-8c54-98b40b00c91c","1-x-craft-s3","features_locales","[""Antistatic"",""Short-term heat-resistant up to 120C"",""Oil and fuel resistant (FO)"",""Free of silicones, plasticisers and other substances that interfere with wetting  agents"",""Sporty low-cut S1 PL safety shoes, particularly lightweight""]","[""Scarpe basse antinfortunistiche sportive S1 PL particolarmente leggere"",""Certificazione ESD"",""Resistenza alla penetrazione del tessuto flessibile""]","""""","""""",""""""
"products","d4c376c4-18b0-4c89-8c54-98b40b00c91c","1-x-craft-s3","applications_locales","[""Light-duty applications"",""Activities in indoor and outdoor environments""]","[""Applicazioni leggere"",""Attivita' in ambiente interno ed esterno""]","""""","""""",""""""
"products","d4c376c4-18b0-4c89-8c54-98b40b00c91c","1-x-craft-s3","industries_locales","[""Healthcare"",""Public services""]","[""Servizi pubblici"",""Sanita'""]","""""","""""",""""""
"products","d4c376c4-18b0-4c89-8c54-98b40b00c91c","1-x-craft-s3","tags_locales","[]","[]","""""","""""",""""""
"products","d4c376c4-18b0-4c89-8c54-98b40b00c91c","1-x-craft-s3","size_locales","","","""""","""""",""""""
"products","d4c376c4-18b0-4c89-8c54-98b40b00c91c","1-x-craft-s3","materials_locales","[]","[]","""""","""""",""""""
"products","d4c376c4-18b0-4c89-8c54-98b40b00c91c","1-x-craft-s3","eye_face_comfort_features_locales","""""","""""","""""","""""",""""""
"products","d4c376c4-18b0-4c89-8c54-98b40b00c91c","1-x-craft-s3","eye_face_equipment_locales","""""","""""","""""","""""",""""""
"products","d4c376c4-18b0-4c89-8c54-98b40b00c91c","1-x-craft-s3","head_comfort_features_locales","""""","""""","""""","""""",""""""
"products","d4c376c4-18b0-4c89-8c54-98b40b00c91c","1-x-craft-s3","head_other_details_locales","""""","""""","""""","""""",""""""
"products","d4c376c4-18b0-4c89-8c54-98b40b00c91c","1-x-craft-s3","head_equipment_locales","""""","""""","""""","""""",""""""
"products","d4c376c4-18b0-4c89-8c54-98b40b00c91c","1-x-craft-s3","footwear_comfort_features_locales","[""shock-absorbing and energy-returning midsole"",""ergonomically designed PU outsole"",""Individually adjustable elastic laces with a quick fastening mechanism""]","[""Lacci elastici regolabili individualmente con meccanismo di fissaggio rapido""]","""""","""""",""""""
"products","d4c376c4-18b0-4c89-8c54-98b40b00c91c","1-x-craft-s3","hearing_comfort_features_locales","""""","""""","""""","""""",""""""
"products","d4c376c4-18b0-4c89-8c54-98b40b00c91c","1-x-craft-s3","hearing_other_details_locales","""""","""""","""""","""""",""""""
"products","d4c376c4-18b0-4c89-8c54-98b40b00c91c","1-x-craft-s3","hearing_equipment_locales","""""","""""","""""","""""",""""""
"products","d4c376c4-18b0-4c89-8c54-98b40b00c91c","1-x-craft-s3","respiratory_comfort_features_locales","""""","""""","""""","""""",""""""
"products","d4c376c4-18b0-4c89-8c54-98b40b00c91c","1-x-craft-s3","respiratory_other_details_locales","""""","""""","""""","""""",""""""
"products","d4c376c4-18b0-4c89-8c54-98b40b00c91c","1-x-craft-s3","respiratory_equipment_locales","""""","""""","""""","""""",""""""
"products","d4c376c4-18b0-4c89-8c54-98b40b00c91c","1-x-craft-s3","clothing_comfort_features_locales","""""","""""","""""","""""",""""""
"products","d4c376c4-18b0-4c89-8c54-98b40b00c91c","1-x-craft-s3","clothing_other_details_locales","""""","""""","""""","""""",""""""
"products","d4c376c4-18b0-4c89-8c54-98b40b00c91c","1-x-craft-s3","footwear_materials_locales","""""","""""","""""","""""",""""""
"products","d4c376c4-18b0-4c89-8c54-98b40b00c91c","1-x-craft-s3","footwear_special_features_locales","""""","""""","""""","""""",""""""
"products","d4c376c4-18b0-4c89-8c54-98b40b00c91c","1-x-craft-s3","connections_locales","""""","""""","""""","""""",""""""
"products","d4c376c4-18b0-4c89-8c54-98b40b00c91c","1-x-craft-s3","compatible_with_locales","""""","""""","""""","""""",""""""
"products","d4c376c4-18b0-4c89-8c54-98b40b00c91c","1-x-craft-s3","coatings_locales","""""","""""","""""","""""",""""""
"products","d4c376c4-18b0-4c89-8c54-98b40b00c91c","1-x-craft-s3","eye_face_materials_locales","""""","""""","""""","""""",""""""
"products","d4c376c4-18b0-4c89-8c54-98b40b00c91c","1-x-craft-s3","head_tech_specs_locales","""""","""""","""""","""""",""""""
"products","d4c376c4-18b0-4c89-8c54-98b40b00c91c","1-x-craft-s3","clothing_attributes_locales","""""","""""","""""","""""",""""""
"products","ae930c59-6b8b-4813-8001-bd0c3746c1cf","225","name_locales","225","225","""""","""""",""""""
"products","ae930c59-6b8b-4813-8001-bd0c3746c1cf","225","description_locales","Double-layered heat-resistant cotton terry glove with thermal layer protecting up to 350°C for 17 seconds. 
Long cuff with insulating felt for added protection. Guards against molten-material hazards and provides Level 3 cut resistance. 
","Guanto in spugna di cotone termoresistente a doppio strato, dotato di uno strato termoisolante che offre protezione dal calore da contatto fino a 350°C per 17 secondi.

Il polsino lungo, con inserto isolante in feltro, garantisce una protezione aggiuntiva dell'avambraccio.

Protegge inoltre dai rischi associati a schizzi di materiale fuso e offre una resistenza al taglio di Livello 3.","""""","""""",""""""
"products","ae930c59-6b8b-4813-8001-bd0c3746c1cf","225","short_description_locales","Double-layer cotton terry glove","Guanto in tessuto spugna di cotone a doppio strato","""""","""""",""""""
"products","ae930c59-6b8b-4813-8001-bd0c3746c1cf","225","category_locales","Hand protection","Protezione delle mani","""""","""""",""""""
"products","ae930c59-6b8b-4813-8001-bd0c3746c1cf","225","sub_category_locales","Heat resistant gloves","Guanti anticalore","""""","""""",""""""
"products","ae930c59-6b8b-4813-8001-bd0c3746c1cf","225","features_locales","[""High contact heat resistance, tested for level 3 performing over 17 seconds at 350C"",""Ambidextrous with same composition on both sides to increase durability"",""Double layer throughout and felt-reinforced cuff for complete hand protection""]","[""Protezione avanzata dal calore da contatto, testata secondo il Livello 3 e in grado di resistere per oltre 17 secondi a 350°C"",""Struttura ambidestra con materiali uniformi su entrambi i lati, per incrementare la durabilità del guanto"",""Struttura a doppio strato su tutta la superficie con polsino rinforzato in feltro per una protezione completa della mano""]","""""","""""",""""""
"products","ae930c59-6b8b-4813-8001-bd0c3746c1cf","225","applications_locales","[""Designed for the hot end of glass industry to handle hot moulds"",""Hot-plastic printing & thermoforming"",""Handling heated components in ceramic production lines""]","[""Progettato per la zona calda dell'industria del vetro e dei metalli"",""Sostituzione stampi ad elevate temperature"",""Stampaggio di plastiche""]","""""","""""",""""""
"products","ae930c59-6b8b-4813-8001-bd0c3746c1cf","225","industries_locales","[""Glass manufacturing"",""Steel manufacturing"",""Metal"",""Ceramics""]","[""Industria del vetro"",""Industria dell'acciaio"",""Metallurgia""]","""""","""""",""""""
"products","ae930c59-6b8b-4813-8001-bd0c3746c1cf","225","tags_locales","[""350C"",""Cotton heat-resistant glove"",""500C""]","[""350C"",""Guanto anticalore in cotone""]","""""","""""",""""""
"products","ae930c59-6b8b-4813-8001-bd0c3746c1cf","225","size_locales","One size","Taglia Unica","""""","""""",""""""
"products","ae930c59-6b8b-4813-8001-bd0c3746c1cf","225","materials_locales","[""Cotton""]","[""Cotone""]","""""","""""",""""""
"products","ae930c59-6b8b-4813-8001-bd0c3746c1cf","225","eye_face_comfort_features_locales","""""","""""","""""","""""",""""""
"products","ae930c59-6b8b-4813-8001-bd0c3746c1cf","225","eye_face_equipment_locales","""""","""""","""""","""""",""""""
"products","ae930c59-6b8b-4813-8001-bd0c3746c1cf","225","head_comfort_features_locales","""""","""""","""""","""""",""""""
"products","ae930c59-6b8b-4813-8001-bd0c3746c1cf","225","head_other_details_locales","""""","""""","""""","""""",""""""
"products","ae930c59-6b8b-4813-8001-bd0c3746c1cf","225","head_equipment_locales","""""","""""","""""","""""",""""""
"products","ae930c59-6b8b-4813-8001-bd0c3746c1cf","225","footwear_comfort_features_locales","""""","""""","""""","""""",""""""
"products","ae930c59-6b8b-4813-8001-bd0c3746c1cf","225","hearing_comfort_features_locales","""""","""""","""""","""""",""""""
"products","ae930c59-6b8b-4813-8001-bd0c3746c1cf","225","hearing_other_details_locales","""""","""""","""""","""""",""""""
"products","ae930c59-6b8b-4813-8001-bd0c3746c1cf","225","hearing_equipment_locales","""""","""""","""""","""""",""""""
"products","ae930c59-6b8b-4813-8001-bd0c3746c1cf","225","respiratory_comfort_features_locales","""""","""""","""""","""""",""""""
"products","ae930c59-6b8b-4813-8001-bd0c3746c1cf","225","respiratory_other_details_locales","""""","""""","""""","""""",""""""
"products","ae930c59-6b8b-4813-8001-bd0c3746c1cf","225","respiratory_equipment_locales","""""","""""","""""","""""",""""""
"products","ae930c59-6b8b-4813-8001-bd0c3746c1cf","225","clothing_comfort_features_locales","""""","""""","""""","""""",""""""
"products","ae930c59-6b8b-4813-8001-bd0c3746c1cf","225","clothing_other_details_locales","""""","""""","""""","""""",""""""
"products","ae930c59-6b8b-4813-8001-bd0c3746c1cf","225","footwear_materials_locales","""""","""""","""""","""""",""""""
"products","ae930c59-6b8b-4813-8001-bd0c3746c1cf","225","footwear_special_features_locales","""""","""""","""""","""""",""""""
"products","ae930c59-6b8b-4813-8001-bd0c3746c1cf","225","connections_locales","""""","""""","""""","""""",""""""
"products","ae930c59-6b8b-4813-8001-bd0c3746c1cf","225","compatible_with_locales","""""","""""","""""","""""",""""""
"products","ae930c59-6b8b-4813-8001-bd0c3746c1cf","225","coatings_locales","""""","""""","""""","""""",""""""
"products","ae930c59-6b8b-4813-8001-bd0c3746c1cf","225","eye_face_materials_locales","""""","""""","""""","""""",""""""
"products","ae930c59-6b8b-4813-8001-bd0c3746c1cf","225","head_tech_specs_locales","""""","""""","""""","""""",""""""
"products","ae930c59-6b8b-4813-8001-bd0c3746c1cf","225","clothing_attributes_locales","""""","""""","""""","""""",""""""
"products","9be21dc7-b16d-4024-aefd-3018f4ade557","225-l-bk","name_locales","225 L BK","225 L BK","""""","""""",""""""
"products","9be21dc7-b16d-4024-aefd-3018f4ade557","225-l-bk","description_locales","Double-layered heat-resistant cotton terry glove with thermal layer protecting up to 350°C for 17 seconds. 
Long cuff - available in 15cm and 22cm (L) for added protection. Guards against molten-material hazards and provides Level 3 cut resistance. 
Black colour to help reduce over-usage.

","Guanto in spugna di cotone termoresistente a doppio strato, dotato di uno strato termoisolante che offre protezione dal calore da contatto fino a 350°C per 17 secondi.

Il polsino lungo, disponibile in 15cm e 22cm (L), garantisce una protezione aggiuntiva dell'avambraccio.

Protegge inoltre dai rischi associati a schizzi di materiale fuso e offre una resistenza al taglio di Livello 3.

Colore nero - aiuta a ridurre i consumi.","""""","""""",""""""
"products","9be21dc7-b16d-4024-aefd-3018f4ade557","225-l-bk","short_description_locales","Double-layer cotton terry glove","Guanto in tessuto spugna di cotone a doppio strato","""""","""""",""""""
"products","9be21dc7-b16d-4024-aefd-3018f4ade557","225-l-bk","category_locales","Hand protection","Protezione delle mani","""""","""""",""""""
"products","9be21dc7-b16d-4024-aefd-3018f4ade557","225-l-bk","sub_category_locales","Heat resistant gloves","Guanti anticalore","""""","""""",""""""
"products","9be21dc7-b16d-4024-aefd-3018f4ade557","225-l-bk","features_locales","[""High contact heat resistance, tested for level 3 performing over 17 seconds at 350C"",""Ambidextrous with same composition on both sides to increase durability"",""Double layer throughout and felt-reinforced cuff for complete hand protection"",""Black colour""]","[""Protezione avanzata dal calore da contatto, testata secondo il Livello 3 e in grado di resistere per oltre 17 secondi a 350°C"",""Struttura ambidestra con materiali uniformi su entrambi i lati, per incrementare la durabilità del guanto"",""Struttura a doppio strato su tutta la superficie con polsino rinforzato in feltro per una protezione completa della mano"",""Guanto nero""]","""""","""""",""""""
"products","9be21dc7-b16d-4024-aefd-3018f4ade557","225-l-bk","applications_locales","[""Designed for the hot end of glass industry to handle hot moulds"",""Hot-plastic printing & thermoforming"",""Handling heated components in ceramic production lines""]","[""Progettato per la zona calda dell'industria del vetro e dei metalli"",""Sostituzione stampi ad elevate temperature"",""Stampaggio di plastiche""]","""""","""""",""""""
"products","9be21dc7-b16d-4024-aefd-3018f4ade557","225-l-bk","industries_locales","[""Glass manufacturing"",""Steel manufacturing"",""Metal"",""Ceramics""]","[""Industria del vetro"",""Industria dell'acciaio"",""Metallurgia""]","""""","""""",""""""
"products","9be21dc7-b16d-4024-aefd-3018f4ade557","225-l-bk","tags_locales","[""350C"",""Cotton heat-resistant glove"",""500C"",""Black glove""]","[""350C"",""Guanto anticalore in cotone"",""Guanto nero""]","""""","""""",""""""
"products","9be21dc7-b16d-4024-aefd-3018f4ade557","225-l-bk","size_locales","One size","Taglia Unica","""""","""""",""""""
"products","9be21dc7-b16d-4024-aefd-3018f4ade557","225-l-bk","materials_locales","[""Cotton""]","[""Cotone""]","""""","""""",""""""
"products","9be21dc7-b16d-4024-aefd-3018f4ade557","225-l-bk","eye_face_comfort_features_locales","""""","""""","""""","""""",""""""
"products","9be21dc7-b16d-4024-aefd-3018f4ade557","225-l-bk","eye_face_equipment_locales","""""","""""","""""","""""",""""""
"products","9be21dc7-b16d-4024-aefd-3018f4ade557","225-l-bk","head_comfort_features_locales","""""","""""","""""","""""",""""""
"products","9be21dc7-b16d-4024-aefd-3018f4ade557","225-l-bk","head_other_details_locales","""""","""""","""""","""""",""""""
"products","9be21dc7-b16d-4024-aefd-3018f4ade557","225-l-bk","head_equipment_locales","""""","""""","""""","""""",""""""
"products","9be21dc7-b16d-4024-aefd-3018f4ade557","225-l-bk","footwear_comfort_features_locales","""""","""""","""""","""""",""""""
"products","9be21dc7-b16d-4024-aefd-3018f4ade557","225-l-bk","hearing_comfort_features_locales","""""","""""","""""","""""",""""""
"products","9be21dc7-b16d-4024-aefd-3018f4ade557","225-l-bk","hearing_other_details_locales","""""","""""","""""","""""",""""""
"products","9be21dc7-b16d-4024-aefd-3018f4ade557","225-l-bk","hearing_equipment_locales","""""","""""","""""","""""",""""""
"products","9be21dc7-b16d-4024-aefd-3018f4ade557","225-l-bk","respiratory_comfort_features_locales","""""","""""","""""","""""",""""""
"products","9be21dc7-b16d-4024-aefd-3018f4ade557","225-l-bk","respiratory_other_details_locales","""""","""""","""""","""""",""""""
"products","9be21dc7-b16d-4024-aefd-3018f4ade557","225-l-bk","respiratory_equipment_locales","""""","""""","""""","""""",""""""
"products","9be21dc7-b16d-4024-aefd-3018f4ade557","225-l-bk","clothing_comfort_features_locales","""""","""""","""""","""""",""""""
"products","9be21dc7-b16d-4024-aefd-3018f4ade557","225-l-bk","clothing_other_details_locales","""""","""""","""""","""""",""""""
"products","9be21dc7-b16d-4024-aefd-3018f4ade557","225-l-bk","footwear_materials_locales","""""","""""","""""","""""",""""""
"products","9be21dc7-b16d-4024-aefd-3018f4ade557","225-l-bk","footwear_special_features_locales","""""","""""","""""","""""",""""""
"products","9be21dc7-b16d-4024-aefd-3018f4ade557","225-l-bk","connections_locales","""""","""""","""""","""""",""""""
"products","9be21dc7-b16d-4024-aefd-3018f4ade557","225-l-bk","compatible_with_locales","""""","""""","""""","""""",""""""
"products","9be21dc7-b16d-4024-aefd-3018f4ade557","225-l-bk","coatings_locales","""""","""""","""""","""""",""""""
"products","9be21dc7-b16d-4024-aefd-3018f4ade557","225-l-bk","eye_face_materials_locales","""""","""""","""""","""""",""""""
"products","9be21dc7-b16d-4024-aefd-3018f4ade557","225-l-bk","head_tech_specs_locales","""""","""""","""""","""""",""""""
"products","9be21dc7-b16d-4024-aefd-3018f4ade557","225-l-bk","clothing_attributes_locales","""""","""""","""""","""""",""""""
"products","6f583a03-91ed-43b3-b7ff-f3a2a09bde61","suxxeed-industry-t-shirt-women","name_locales","suXXeed industry T-SHIRT Women","suXXeed industry T-SHIRT DONNA","""""","""""",""""""
"products","6f583a03-91ed-43b3-b7ff-f3a2a09bde61","suxxeed-industry-t-shirt-women","description_locales","Women’s work T-shirt with concealed fastening and premium materials




","T-shirt da lavoro da donna con chiusura a scompara e materiali premium


","""""","""""",""""""
"products","6f583a03-91ed-43b3-b7ff-f3a2a09bde61","suxxeed-industry-t-shirt-women","short_description_locales","Women’s work T-shirt","T-shirt da lavoro da donna","""""","""""",""""""
"products","6f583a03-91ed-43b3-b7ff-f3a2a09bde61","suxxeed-industry-t-shirt-women","category_locales","Protective Clothing","Abbigliamento protettivo","""""","""""",""""""
"products","6f583a03-91ed-43b3-b7ff-f3a2a09bde61","suxxeed-industry-t-shirt-women","sub_category_locales","Workwear shirts","Maglie da lavoro","""""","""""",""""""
"products","6f583a03-91ed-43b3-b7ff-f3a2a09bde61","suxxeed-industry-t-shirt-women","features_locales","[""Contrasting stitching on the left shoulder"",""Forward-positioned side seams"",""Certified in accordance with OEKO-TEX® Standard 100"",""Round neckline"",""Highly breathable"",""Excellent freedom of movement""]","[""Cuciture a contrasto sulla spalla sinistra"",""Cuciture laterali avanzate"",""Certificazione secondo OEKO-TEX® Standard 100"",""Scollatura rotonda"",""Molto traspirante"",""Ottimo movimento""]","""""","""""",""""""
"products","6f583a03-91ed-43b3-b7ff-f3a2a09bde61","suxxeed-industry-t-shirt-women","applications_locales","[""Work and leisure"",""Indoor work""]","[""Lavoro e tempo libero"",""Lavori indoor""]","""""","""""",""""""
"products","6f583a03-91ed-43b3-b7ff-f3a2a09bde61","suxxeed-industry-t-shirt-women","industries_locales","[""Steel production"",""Utilities"",""Automotive"",""Chemicals""]","[""Acciaierie"",""Servizi pubblici"",""Automobilistico""]","""""","""""",""""""
"products","6f583a03-91ed-43b3-b7ff-f3a2a09bde61","suxxeed-industry-t-shirt-women","tags_locales","[""Work shirt""]","[""Maglia da lavoro""]","""""","""""",""""""
"products","6f583a03-91ed-43b3-b7ff-f3a2a09bde61","suxxeed-industry-t-shirt-women","size_locales","","","""""","""""",""""""
"products","6f583a03-91ed-43b3-b7ff-f3a2a09bde61","suxxeed-industry-t-shirt-women","materials_locales","[""50% polyester, 50% cotton""]","[""50% poliestere, 50% cotone""]","""""","""""",""""""
"products","6f583a03-91ed-43b3-b7ff-f3a2a09bde61","suxxeed-industry-t-shirt-women","eye_face_comfort_features_locales","""""","""""","""""","""""",""""""
"products","6f583a03-91ed-43b3-b7ff-f3a2a09bde61","suxxeed-industry-t-shirt-women","eye_face_equipment_locales","""""","""""","""""","""""",""""""
"products","6f583a03-91ed-43b3-b7ff-f3a2a09bde61","suxxeed-industry-t-shirt-women","head_comfort_features_locales","""""","""""","""""","""""",""""""
"products","6f583a03-91ed-43b3-b7ff-f3a2a09bde61","suxxeed-industry-t-shirt-women","head_other_details_locales","""""","""""","""""","""""",""""""
"products","6f583a03-91ed-43b3-b7ff-f3a2a09bde61","suxxeed-industry-t-shirt-women","head_equipment_locales","""""","""""","""""","""""",""""""
"products","6f583a03-91ed-43b3-b7ff-f3a2a09bde61","suxxeed-industry-t-shirt-women","footwear_comfort_features_locales","""""","""""","""""","""""",""""""
"products","6f583a03-91ed-43b3-b7ff-f3a2a09bde61","suxxeed-industry-t-shirt-women","hearing_comfort_features_locales","""""","""""","""""","""""",""""""
"products","6f583a03-91ed-43b3-b7ff-f3a2a09bde61","suxxeed-industry-t-shirt-women","hearing_other_details_locales","""""","""""","""""","""""",""""""
"products","6f583a03-91ed-43b3-b7ff-f3a2a09bde61","suxxeed-industry-t-shirt-women","hearing_equipment_locales","""""","""""","""""","""""",""""""
"products","6f583a03-91ed-43b3-b7ff-f3a2a09bde61","suxxeed-industry-t-shirt-women","respiratory_comfort_features_locales","""""","""""","""""","""""",""""""
"products","6f583a03-91ed-43b3-b7ff-f3a2a09bde61","suxxeed-industry-t-shirt-women","respiratory_other_details_locales","""""","""""","""""","""""",""""""
"products","6f583a03-91ed-43b3-b7ff-f3a2a09bde61","suxxeed-industry-t-shirt-women","respiratory_equipment_locales","""""","""""","""""","""""",""""""
"products","6f583a03-91ed-43b3-b7ff-f3a2a09bde61","suxxeed-industry-t-shirt-women","clothing_comfort_features_locales","[]","[]","""""","""""",""""""
"products","6f583a03-91ed-43b3-b7ff-f3a2a09bde61","suxxeed-industry-t-shirt-women","clothing_other_details_locales","[""Colours: Anthracite, Midnight Blue, Ultramarine Blue, Graphite, Red, White""]","[""Colours: Antracite, Blu notte, Blu ultramarino, Grafite, Rosso, Bianco""]","""""","""""",""""""
"products","6f583a03-91ed-43b3-b7ff-f3a2a09bde61","suxxeed-industry-t-shirt-women","footwear_materials_locales","""""","""""","""""","""""",""""""
"products","6f583a03-91ed-43b3-b7ff-f3a2a09bde61","suxxeed-industry-t-shirt-women","footwear_special_features_locales","""""","""""","""""","""""",""""""
"products","6f583a03-91ed-43b3-b7ff-f3a2a09bde61","suxxeed-industry-t-shirt-women","connections_locales","""""","""""","""""","""""",""""""
"products","6f583a03-91ed-43b3-b7ff-f3a2a09bde61","suxxeed-industry-t-shirt-women","compatible_with_locales","""""","""""","""""","""""",""""""
"products","6f583a03-91ed-43b3-b7ff-f3a2a09bde61","suxxeed-industry-t-shirt-women","coatings_locales","""""","""""","""""","""""",""""""
"products","6f583a03-91ed-43b3-b7ff-f3a2a09bde61","suxxeed-industry-t-shirt-women","eye_face_materials_locales","""""","""""","""""","""""",""""""
"products","6f583a03-91ed-43b3-b7ff-f3a2a09bde61","suxxeed-industry-t-shirt-women","head_tech_specs_locales","""""","""""","""""","""""",""""""
"products","6f583a03-91ed-43b3-b7ff-f3a2a09bde61","suxxeed-industry-t-shirt-women","clothing_attributes_locales","{""fit"":""Regular Fit"",""size_range"":""""}","{""fit"":""Regolare"",""size_range"":""""}","""""","""""",""""""
"products","05da82a6-fb27-47f0-9a1c-95027a84df84","325-hr","name_locales","325 HR","325 HR","""""","""""",""""""
"products","05da82a6-fb27-47f0-9a1c-95027a84df84","325-hr","description_locales","Triple-layered heat-resistant cotton terry glove with thermal layer protecting up to 350°C for over 24 seconds and 13 seconds at 500°C.
Long cuff with insulating felt for added protection. Guards against molten-material hazards and provides Level 5 cut resistance.
","Guanto in spugna di cotone termoresistente a triplo strato, dotato di uno strato termoisolante che offre protezione dal calore da contatto fino a 350°C per oltre 24 secondi e fino a 500°C per 13 secondi.

Il polsino lungo, con inserto isolante in feltro, garantisce una protezione aggiuntiva dell'avambraccio. Protegge inoltre dai rischi associati a schizzi di materiale fuso e offre resistenza al taglio di Livello 5.","""""","""""",""""""
"products","05da82a6-fb27-47f0-9a1c-95027a84df84","325-hr","short_description_locales","Three-layer cotton terry glove for prolonged contact heat","Guanto in tessuto spugna di cotone a triplo strato per la protezione contro il calore da contatto prolungato","""""","""""",""""""
"products","05da82a6-fb27-47f0-9a1c-95027a84df84","325-hr","category_locales","Hand protection","Protezione delle mani","""""","""""",""""""
"products","05da82a6-fb27-47f0-9a1c-95027a84df84","325-hr","sub_category_locales","Heat resistant gloves","Guanti anticalore","""""","""""",""""""
"products","05da82a6-fb27-47f0-9a1c-95027a84df84","325-hr","features_locales","[""Designed for prolonged contact heat resistance with over 24 seconds at 350C and 13 seconds at 500C"",""Ambidextrous, increases durability"",""Very high manoeuvrability"",""High cut and temperature resistance"",""Leather thumbcroth reinforcement""]","[""Specificamente progettato per applicazioni con esposizione prolungata al calore da contatto, offrendo oltre 24 secondi di protezione a 350°C e 13 secondi a 500°C"",""Ambidestro con stessa composizione sul dorso per massimizzare la durabilita'"",""Rinforzo in pelle tra pollice e indice"",""Elevatissima manovrabilita' per operazioni di maggior precisione"",""Alta resistenza sia al taglio che alla temperatura""]","""""","""""",""""""
"products","05da82a6-fb27-47f0-9a1c-95027a84df84","325-hr","applications_locales","[""Designed for the hot end of glass industry to handle hot moulds"",""Hot-plastic printing & thermoforming"",""Handling heated components in ceramic production lines""]","[""Progettato per la zona calda dell'industria del vetro e dei metalli"",""Sostituzione stampi ad elevate temperature"",""Stampaggio di plastiche""]","""""","""""",""""""
"products","05da82a6-fb27-47f0-9a1c-95027a84df84","325-hr","industries_locales","[""Glass manufacturing"",""Steel manufacturing"",""Metal"",""Ceramics""]","[""Industria del vetro"",""Industria dell'acciaio"",""Metallurgia""]","""""","""""",""""""
"products","05da82a6-fb27-47f0-9a1c-95027a84df84","325-hr","tags_locales","[""350C"",""Cotton heat-resistant glove"",""500C""]","[""350C"",""Guanto anticalore in cotone""]","""""","""""",""""""
"products","05da82a6-fb27-47f0-9a1c-95027a84df84","325-hr","size_locales","One size","Taglia Unica","""""","""""",""""""
"products","05da82a6-fb27-47f0-9a1c-95027a84df84","325-hr","materials_locales","[""Cotton""]","[""Cotone""]","""""","""""",""""""
"products","05da82a6-fb27-47f0-9a1c-95027a84df84","325-hr","eye_face_comfort_features_locales","""""","""""","""""","""""",""""""
"products","05da82a6-fb27-47f0-9a1c-95027a84df84","325-hr","eye_face_equipment_locales","""""","""""","""""","""""",""""""
"products","05da82a6-fb27-47f0-9a1c-95027a84df84","325-hr","head_comfort_features_locales","""""","""""","""""","""""",""""""
"products","05da82a6-fb27-47f0-9a1c-95027a84df84","325-hr","head_other_details_locales","""""","""""","""""","""""",""""""
"products","05da82a6-fb27-47f0-9a1c-95027a84df84","325-hr","head_equipment_locales","""""","""""","""""","""""",""""""
"products","05da82a6-fb27-47f0-9a1c-95027a84df84","325-hr","footwear_comfort_features_locales","""""","""""","""""","""""",""""""
"products","05da82a6-fb27-47f0-9a1c-95027a84df84","325-hr","hearing_comfort_features_locales","""""","""""","""""","""""",""""""
"products","05da82a6-fb27-47f0-9a1c-95027a84df84","325-hr","hearing_other_details_locales","""""","""""","""""","""""",""""""
"products","05da82a6-fb27-47f0-9a1c-95027a84df84","325-hr","hearing_equipment_locales","""""","""""","""""","""""",""""""
"products","05da82a6-fb27-47f0-9a1c-95027a84df84","325-hr","respiratory_comfort_features_locales","""""","""""","""""","""""",""""""
"products","05da82a6-fb27-47f0-9a1c-95027a84df84","325-hr","respiratory_other_details_locales","""""","""""","""""","""""",""""""
"products","05da82a6-fb27-47f0-9a1c-95027a84df84","325-hr","respiratory_equipment_locales","""""","""""","""""","""""",""""""
"products","05da82a6-fb27-47f0-9a1c-95027a84df84","325-hr","clothing_comfort_features_locales","""""","""""","""""","""""",""""""
"products","05da82a6-fb27-47f0-9a1c-95027a84df84","325-hr","clothing_other_details_locales","""""","""""","""""","""""",""""""
"products","05da82a6-fb27-47f0-9a1c-95027a84df84","325-hr","footwear_materials_locales","""""","""""","""""","""""",""""""
"products","05da82a6-fb27-47f0-9a1c-95027a84df84","325-hr","footwear_special_features_locales","""""","""""","""""","""""",""""""
"products","05da82a6-fb27-47f0-9a1c-95027a84df84","325-hr","connections_locales","""""","""""","""""","""""",""""""
"products","05da82a6-fb27-47f0-9a1c-95027a84df84","325-hr","compatible_with_locales","""""","""""","""""","""""",""""""
"products","05da82a6-fb27-47f0-9a1c-95027a84df84","325-hr","coatings_locales","""""","""""","""""","""""",""""""
"products","05da82a6-fb27-47f0-9a1c-95027a84df84","325-hr","eye_face_materials_locales","""""","""""","""""","""""",""""""
"products","05da82a6-fb27-47f0-9a1c-95027a84df84","325-hr","head_tech_specs_locales","""""","""""","""""","""""",""""""
"products","05da82a6-fb27-47f0-9a1c-95027a84df84","325-hr","clothing_attributes_locales","""""","""""","""""","""""",""""""
"products","89b55641-ffa6-41b5-b9fc-cf1022c56415","325-hr-l-bk","name_locales","325 HR L BK","325 HR L BK","""""","""""",""""""
"products","89b55641-ffa6-41b5-b9fc-cf1022c56415","325-hr-l-bk","description_locales","Triple-layered heat-resistant cotton terry glove with thermal layer protecting up to 350°C for over 24 seconds and 13 seconds at 500°C.
Longer cuff with insulating felt for added protection. Guards against molten-material hazards and provides Level 5 cut resistance.

Available with 15cm and 22cm cuff. Black colour helps reduce over-usage.
","Guanto in spugna di cotone termoresistente a triplo strato, dotato di uno strato termoisolante che offre protezione dal calore da contatto fino a 350°C per oltre 24 secondi e fino a 500°C per 13 secondi.

Il polsino lungo, disponibile in 15cm e 22cm, garantisce una protezione aggiuntiva dell'avambraccio. Protegge inoltre dai rischi associati a schizzi di materiale fuso e offre resistenza al taglio di Livello 5.

Colore nero - aiuta a ridurre i consumi.","""""","""""",""""""
"products","89b55641-ffa6-41b5-b9fc-cf1022c56415","325-hr-l-bk","short_description_locales","Three-layer cotton terry glove for prolonged contact heat with long sleeve. Black.","Guanto in tessuto spugna di cotone a triplo strato per la protezione contro il calore da contatto prolungato","""""","""""",""""""
"products","89b55641-ffa6-41b5-b9fc-cf1022c56415","325-hr-l-bk","category_locales","Hand protection","Protezione delle mani","""""","""""",""""""
"products","89b55641-ffa6-41b5-b9fc-cf1022c56415","325-hr-l-bk","sub_category_locales","Heat resistant gloves","Guanti anticalore","""""","""""",""""""
"products","89b55641-ffa6-41b5-b9fc-cf1022c56415","325-hr-l-bk","features_locales","[""Designed for prolonged contact heat resistance with over 24 seconds at 350C and 13 seconds at 500C"",""Ambidextrous, increases durability"",""Very high manoeuvrability"",""High cut and temperature resistance"",""Leather thumbcroth reinforcement"",""22cm cuff for forearm protection"",""Black colour""]","[""Specificamente progettato per applicazioni con esposizione prolungata al calore da contatto, offrendo oltre 24 secondi di protezione a 350°C e 13 secondi a 500°C"",""Ambidestro con stessa composizione sul dorso per massimizzare la durabilita'"",""Rinforzo in pelle tra pollice e indice"",""Elevatissima manovrabilita' per operazioni di maggior precisione"",""Alta resistenza sia al taglio che alla temperatura"",""Manichetta da 22cm per protezione avambraccio""]","""""","""""",""""""
"products","89b55641-ffa6-41b5-b9fc-cf1022c56415","325-hr-l-bk","applications_locales","[""Designed for the hot end of glass industry to handle hot moulds"",""Hot-plastic printing & thermoforming"",""Handling heated components in ceramic production lines""]","[""Progettato per la zona calda dell'industria del vetro e dei metalli"",""Sostituzione stampi ad elevate temperature"",""Stampaggio di plastiche""]","""""","""""",""""""
"products","89b55641-ffa6-41b5-b9fc-cf1022c56415","325-hr-l-bk","industries_locales","[""Glass manufacturing"",""Steel manufacturing"",""Metal"",""Ceramics""]","[""Industria del vetro"",""Industria dell'acciaio"",""Metallurgia""]","""""","""""",""""""
"products","89b55641-ffa6-41b5-b9fc-cf1022c56415","325-hr-l-bk","tags_locales","[""350C"",""Cotton heat-resistant glove"",""500C"",""Black glove""]","[""350C"",""Guanto anticalore in cotone"",""Guanto nero""]","""""","""""",""""""
"products","89b55641-ffa6-41b5-b9fc-cf1022c56415","325-hr-l-bk","size_locales","One size","Taglia Unica","""""","""""",""""""
"products","89b55641-ffa6-41b5-b9fc-cf1022c56415","325-hr-l-bk","materials_locales","[""Cotton""]","[""Cotone""]","""""","""""",""""""
"products","89b55641-ffa6-41b5-b9fc-cf1022c56415","325-hr-l-bk","eye_face_comfort_features_locales","""""","""""","""""","""""",""""""
"products","89b55641-ffa6-41b5-b9fc-cf1022c56415","325-hr-l-bk","eye_face_equipment_locales","""""","""""","""""","""""",""""""
"products","89b55641-ffa6-41b5-b9fc-cf1022c56415","325-hr-l-bk","head_comfort_features_locales","""""","""""","""""","""""",""""""
"products","89b55641-ffa6-41b5-b9fc-cf1022c56415","325-hr-l-bk","head_other_details_locales","""""","""""","""""","""""",""""""
"products","89b55641-ffa6-41b5-b9fc-cf1022c56415","325-hr-l-bk","head_equipment_locales","""""","""""","""""","""""",""""""
"products","89b55641-ffa6-41b5-b9fc-cf1022c56415","325-hr-l-bk","footwear_comfort_features_locales","""""","""""","""""","""""",""""""
"products","89b55641-ffa6-41b5-b9fc-cf1022c56415","325-hr-l-bk","hearing_comfort_features_locales","""""","""""","""""","""""",""""""
"products","89b55641-ffa6-41b5-b9fc-cf1022c56415","325-hr-l-bk","hearing_other_details_locales","""""","""""","""""","""""",""""""
"products","89b55641-ffa6-41b5-b9fc-cf1022c56415","325-hr-l-bk","hearing_equipment_locales","""""","""""","""""","""""",""""""
"products","89b55641-ffa6-41b5-b9fc-cf1022c56415","325-hr-l-bk","respiratory_comfort_features_locales","""""","""""","""""","""""",""""""
"products","89b55641-ffa6-41b5-b9fc-cf1022c56415","325-hr-l-bk","respiratory_other_details_locales","""""","""""","""""","""""",""""""
"products","89b55641-ffa6-41b5-b9fc-cf1022c56415","325-hr-l-bk","respiratory_equipment_locales","""""","""""","""""","""""",""""""
"products","89b55641-ffa6-41b5-b9fc-cf1022c56415","325-hr-l-bk","clothing_comfort_features_locales","""""","""""","""""","""""",""""""
"products","89b55641-ffa6-41b5-b9fc-cf1022c56415","325-hr-l-bk","clothing_other_details_locales","""""","""""","""""","""""",""""""
"products","89b55641-ffa6-41b5-b9fc-cf1022c56415","325-hr-l-bk","footwear_materials_locales","""""","""""","""""","""""",""""""
"products","89b55641-ffa6-41b5-b9fc-cf1022c56415","325-hr-l-bk","footwear_special_features_locales","""""","""""","""""","""""",""""""
"products","89b55641-ffa6-41b5-b9fc-cf1022c56415","325-hr-l-bk","connections_locales","""""","""""","""""","""""",""""""
"products","89b55641-ffa6-41b5-b9fc-cf1022c56415","325-hr-l-bk","compatible_with_locales","""""","""""","""""","""""",""""""
"products","89b55641-ffa6-41b5-b9fc-cf1022c56415","325-hr-l-bk","coatings_locales","""""","""""","""""","""""",""""""
"products","89b55641-ffa6-41b5-b9fc-cf1022c56415","325-hr-l-bk","eye_face_materials_locales","""""","""""","""""","""""",""""""
"products","89b55641-ffa6-41b5-b9fc-cf1022c56415","325-hr-l-bk","head_tech_specs_locales","""""","""""","""""","""""",""""""
"products","89b55641-ffa6-41b5-b9fc-cf1022c56415","325-hr-l-bk","clothing_attributes_locales","""""","""""","""""","""""",""""""
"products","04e271ed-8b6d-4489-8bbe-875de9193dcd","49k-c","name_locales","49K-C","49K-C","""""","""""",""""""
"products","04e271ed-8b6d-4489-8bbe-875de9193dcd","49k-c","description_locales","Five‑finger welder’s glove in bovine split leather, fully lined.
Ideal for medium to heavy welding and handling.

Reduced length (27 cm) for improved maneuverability.","Guanto per saldatore a cinque dita in pelle crosta bovina, totalmente foderato.
Ideale per saldature e manipolazione medie/pesanti.

Lunghezza ridotta (27 cm) per migliore manovrabilità.","""""","""""",""""""
"products","04e271ed-8b6d-4489-8bbe-875de9193dcd","49k-c","short_description_locales","Heat‑resistant cowhide‑leather welder’s glove, lined with heat‑resistant fabric on the palm.","Guanto per saldatore in pelle crosta bovina anticalore, foderato con tessuto anticalore sul palmo.","""""","""""",""""""
"products","04e271ed-8b6d-4489-8bbe-875de9193dcd","49k-c","category_locales","Hand protection","Protezione delle mani","""""","""""",""""""
"products","04e271ed-8b6d-4489-8bbe-875de9193dcd","49k-c","sub_category_locales","Welding gloves","Guanti per saldatura","""""","""""",""""""
"products","04e271ed-8b6d-4489-8bbe-875de9193dcd","49k-c","features_locales","[""Excellent contact‑heat protection (250 °C)"",""Excellent flame resistance"",""High tear resistance"",""High puncture resistance""]","[""Ottima protezione calore da contatto (250˚C)"",""Ottima resistenza all’infiammabilità"",""Elevata resistenza allo strappo"",""Elevata resistenza alla perforazione""]","""""","""""",""""""
"products","04e271ed-8b6d-4489-8bbe-875de9193dcd","49k-c","applications_locales","[""Welding of ferrous metals"",""Heavy‑duty construction work"",""Maintenance at thermal plants""]","[""Saldatura di metalli ferrosi"",""Lavorazioni gravose in edilizia pesante"",""Manutenzione presso impianti termici""]","""""","""""",""""""
"products","04e271ed-8b6d-4489-8bbe-875de9193dcd","49k-c","industries_locales","[""Industrial welding"",""Carpentry"",""Metallurgical industry"",""Glass industry""]","[""Saldatura industriale"",""Carpenteria"",""Industria metallurgica"",""Industria del vetro""]","""""","""""",""""""
"products","04e271ed-8b6d-4489-8bbe-875de9193dcd","49k-c","tags_locales","[""Welder’s glove"",""leather glove"",""dexterity"",""250 °C""]","[""Guanto corto per saldatore"",""guanto in pelle"",""destrezza"",""250°C""]","""""","""""",""""""
"products","04e271ed-8b6d-4489-8bbe-875de9193dcd","49k-c","size_locales","One size","Unica","""""","""""",""""""
"products","04e271ed-8b6d-4489-8bbe-875de9193dcd","49k-c","materials_locales","[""leather""]","[""pelle""]","""""","""""",""""""
"products","04e271ed-8b6d-4489-8bbe-875de9193dcd","49k-c","eye_face_comfort_features_locales","""""","""""","""""","""""",""""""
"products","04e271ed-8b6d-4489-8bbe-875de9193dcd","49k-c","eye_face_equipment_locales","""""","""""","""""","""""",""""""
"products","04e271ed-8b6d-4489-8bbe-875de9193dcd","49k-c","head_comfort_features_locales","""""","""""","""""","""""",""""""
"products","04e271ed-8b6d-4489-8bbe-875de9193dcd","49k-c","head_other_details_locales","""""","""""","""""","""""",""""""
"products","04e271ed-8b6d-4489-8bbe-875de9193dcd","49k-c","head_equipment_locales","""""","""""","""""","""""",""""""
"products","04e271ed-8b6d-4489-8bbe-875de9193dcd","49k-c","footwear_comfort_features_locales","""""","""""","""""","""""",""""""
"products","04e271ed-8b6d-4489-8bbe-875de9193dcd","49k-c","hearing_comfort_features_locales","""""","""""","""""","""""",""""""
"products","04e271ed-8b6d-4489-8bbe-875de9193dcd","49k-c","hearing_other_details_locales","""""","""""","""""","""""",""""""
"products","04e271ed-8b6d-4489-8bbe-875de9193dcd","49k-c","hearing_equipment_locales","""""","""""","""""","""""",""""""
"products","04e271ed-8b6d-4489-8bbe-875de9193dcd","49k-c","respiratory_comfort_features_locales","""""","""""","""""","""""",""""""
"products","04e271ed-8b6d-4489-8bbe-875de9193dcd","49k-c","respiratory_other_details_locales","""""","""""","""""","""""",""""""
"products","04e271ed-8b6d-4489-8bbe-875de9193dcd","49k-c","respiratory_equipment_locales","""""","""""","""""","""""",""""""
"products","04e271ed-8b6d-4489-8bbe-875de9193dcd","49k-c","clothing_comfort_features_locales","""""","""""","""""","""""",""""""
"products","04e271ed-8b6d-4489-8bbe-875de9193dcd","49k-c","clothing_other_details_locales","""""","""""","""""","""""",""""""
"products","04e271ed-8b6d-4489-8bbe-875de9193dcd","49k-c","footwear_materials_locales","""""","""""","""""","""""",""""""
"products","04e271ed-8b6d-4489-8bbe-875de9193dcd","49k-c","footwear_special_features_locales","""""","""""","""""","""""",""""""
"products","04e271ed-8b6d-4489-8bbe-875de9193dcd","49k-c","connections_locales","""""","""""","""""","""""",""""""
"products","04e271ed-8b6d-4489-8bbe-875de9193dcd","49k-c","compatible_with_locales","""""","""""","""""","""""",""""""
"products","04e271ed-8b6d-4489-8bbe-875de9193dcd","49k-c","coatings_locales","""""","""""","""""","""""",""""""
"products","04e271ed-8b6d-4489-8bbe-875de9193dcd","49k-c","eye_face_materials_locales","""""","""""","""""","""""",""""""
"products","04e271ed-8b6d-4489-8bbe-875de9193dcd","49k-c","head_tech_specs_locales","""""","""""","""""","""""",""""""
"products","04e271ed-8b6d-4489-8bbe-875de9193dcd","49k-c","clothing_attributes_locales","""""","""""","""""","""""",""""""
"products","e62c1287-6a71-48ad-9f5b-f85828a4a40b","49k-cut5","name_locales","49K-CUT5","49K-CUT5","""""","""""",""""""
"products","e62c1287-6a71-48ad-9f5b-f85828a4a40b","49k-cut5","description_locales","Welder's glove in cowhide leather with full lining and HPPE/steel cut‑resistant internal mesh for Level C cut protection. 
Provides advanced contact‑heat resistance, abrasion, tear and cut protection while maintaining comfort.","Guanto per saldatore in pelle crosta bovina foderato con maglia interna antitaglio in HPPE+acciaio. 
Elevata protezione al taglio e calore da contatto.","""""","""""",""""""
"products","e62c1287-6a71-48ad-9f5b-f85828a4a40b","49k-cut5","short_description_locales","Lined cowhide‑leather welder’s glove with internal HPPE+steel cut‑resistant mesh. High cut and contact‑heat protection.","Guanto per saldatore in pelle crosta bovina foderato con maglia interna antitaglio in HPPE+acciaio. Elevata protezione al taglio e calore da contatto.","""""","""""",""""""
"products","e62c1287-6a71-48ad-9f5b-f85828a4a40b","49k-cut5","category_locales","Hand protection","Protezione delle mani","""""","""""",""""""
"products","e62c1287-6a71-48ad-9f5b-f85828a4a40b","49k-cut5","sub_category_locales","Welding gloves","Guanti per saldatura","""""","""""",""""""
"products","e62c1287-6a71-48ad-9f5b-f85828a4a40b","49k-cut5","features_locales","[""Excellent contact-heat protection (250 °C)"",""High flame resistance"",""High cut resistance"",""High puncture resistance""]","[""Ottima protezione calore da contatto (250˚C)"",""Elevata resistenza all’infiammabilità"",""Elevata resistenza al taglio"",""Elevata resistenza alla perforazione""]","""""","""""",""""""
"products","e62c1287-6a71-48ad-9f5b-f85828a4a40b","49k-cut5","applications_locales","[""Designed for heavy-metal welding operations"",""Heavy-duty operations"",""Handling hot sheet metal""]","[""Guanto disegnato per operazioni di saldatura di metalli pesanti"",""Lavorazioni gravose"",""Manipolazione di lamiere calde""]","""""","""""",""""""
"products","e62c1287-6a71-48ad-9f5b-f85828a4a40b","49k-cut5","industries_locales","[""Industrial welding"",""Carpentry"",""Metallurgical industry"",""Glass industry""]","[""Saldatura industriale"",""Carpenteria"",""Industria metallurgica"",""Industria del vetro""]","""""","""""",""""""
"products","e62c1287-6a71-48ad-9f5b-f85828a4a40b","49k-cut5","tags_locales","[""Welder’s glove"",""leather"",""dexterity"",""250 °C"",""cut-resistant glove""]","[""Guanto per saldatore"",""guanto in pelle"",""destrezza"",""250°C"",""guanto antitaglio""]","""""","""""",""""""
"products","e62c1287-6a71-48ad-9f5b-f85828a4a40b","49k-cut5","size_locales","One size","Unica","""""","""""",""""""
"products","e62c1287-6a71-48ad-9f5b-f85828a4a40b","49k-cut5","materials_locales","[""leather"",""HPPE"",""steel""]","[""pelle"",""HPPE"",""acciaio""]","""""","""""",""""""
"products","e62c1287-6a71-48ad-9f5b-f85828a4a40b","49k-cut5","eye_face_comfort_features_locales","""""","""""","""""","""""",""""""
"products","e62c1287-6a71-48ad-9f5b-f85828a4a40b","49k-cut5","eye_face_equipment_locales","""""","""""","""""","""""",""""""
"products","e62c1287-6a71-48ad-9f5b-f85828a4a40b","49k-cut5","head_comfort_features_locales","""""","""""","""""","""""",""""""
"products","e62c1287-6a71-48ad-9f5b-f85828a4a40b","49k-cut5","head_other_details_locales","""""","""""","""""","""""",""""""
"products","e62c1287-6a71-48ad-9f5b-f85828a4a40b","49k-cut5","head_equipment_locales","""""","""""","""""","""""",""""""
"products","e62c1287-6a71-48ad-9f5b-f85828a4a40b","49k-cut5","footwear_comfort_features_locales","""""","""""","""""","""""",""""""
"products","e62c1287-6a71-48ad-9f5b-f85828a4a40b","49k-cut5","hearing_comfort_features_locales","""""","""""","""""","""""",""""""
"products","e62c1287-6a71-48ad-9f5b-f85828a4a40b","49k-cut5","hearing_other_details_locales","""""","""""","""""","""""",""""""
"products","e62c1287-6a71-48ad-9f5b-f85828a4a40b","49k-cut5","hearing_equipment_locales","""""","""""","""""","""""",""""""
"products","e62c1287-6a71-48ad-9f5b-f85828a4a40b","49k-cut5","respiratory_comfort_features_locales","""""","""""","""""","""""",""""""
"products","e62c1287-6a71-48ad-9f5b-f85828a4a40b","49k-cut5","respiratory_other_details_locales","""""","""""","""""","""""",""""""
"products","e62c1287-6a71-48ad-9f5b-f85828a4a40b","49k-cut5","respiratory_equipment_locales","""""","""""","""""","""""",""""""
"products","e62c1287-6a71-48ad-9f5b-f85828a4a40b","49k-cut5","clothing_comfort_features_locales","""""","""""","""""","""""",""""""
"products","e62c1287-6a71-48ad-9f5b-f85828a4a40b","49k-cut5","clothing_other_details_locales","""""","""""","""""","""""",""""""
"products","e62c1287-6a71-48ad-9f5b-f85828a4a40b","49k-cut5","footwear_materials_locales","""""","""""","""""","""""",""""""
"products","e62c1287-6a71-48ad-9f5b-f85828a4a40b","49k-cut5","footwear_special_features_locales","""""","""""","""""","""""",""""""
"products","e62c1287-6a71-48ad-9f5b-f85828a4a40b","49k-cut5","connections_locales","""""","""""","""""","""""",""""""
"products","e62c1287-6a71-48ad-9f5b-f85828a4a40b","49k-cut5","compatible_with_locales","""""","""""","""""","""""",""""""
"products","e62c1287-6a71-48ad-9f5b-f85828a4a40b","49k-cut5","coatings_locales","""""","""""","""""","""""",""""""
"products","e62c1287-6a71-48ad-9f5b-f85828a4a40b","49k-cut5","eye_face_materials_locales","""""","""""","""""","""""",""""""
"products","e62c1287-6a71-48ad-9f5b-f85828a4a40b","49k-cut5","head_tech_specs_locales","""""","""""","""""","""""",""""""
"products","e62c1287-6a71-48ad-9f5b-f85828a4a40b","49k-cut5","clothing_attributes_locales","""""","""""","""""","""""",""""""
"products","247af0ef-e855-4cff-909e-09e725e904dd","49k-da","name_locales","49K-DA","49K-DA","""""","""""",""""""
"products","247af0ef-e855-4cff-909e-09e725e904dd","49k-da","description_locales","Welder’s glove in bovine split leather with full lining and an aluminized back, offering enhanced protection against radiant and convective heat.
Lined cowhide‑leather welder’s glove. High cut and contact‑heat protection.","Guanto da saldatore in pelle crosta bovina con fodera completa e dorso alluminizzato che offre maggiore protezione da calore radiante e convettivo.
Guanto per saldatore in pelle crosta bovina foderato. Elevata protezione al taglio e calore da contatto.","""""","""""",""""""
"products","247af0ef-e855-4cff-909e-09e725e904dd","49k-da","short_description_locales","Aluminized‑back cowhide welder’s glove; high cut and contact‑heat protection.","Guanto per saldatore in pelle con dorso alluminizzato; elevata protezione al taglio e al calore da contatto.","""""","""""",""""""
"products","247af0ef-e855-4cff-909e-09e725e904dd","49k-da","category_locales","Hand protection","Protezione delle mani","""""","""""",""""""
"products","247af0ef-e855-4cff-909e-09e725e904dd","49k-da","sub_category_locales","Welding gloves","Guanti per saldatura","""""","""""",""""""
"products","247af0ef-e855-4cff-909e-09e725e904dd","49k-da","features_locales","[""Excellent contact-heat protection (250 °C)"",""High flame resistance"",""High cut resistance"",""High puncture resistance""]","[""Ottima protezione calore da contatto (250˚C)"",""Elevata resistenza all’infiammabilità"",""Elevata resistenza al taglio"",""Elevata resistenza alla perforazione""]","""""","""""",""""""
"products","247af0ef-e855-4cff-909e-09e725e904dd","49k-da","applications_locales","[""Designed for heavy-metal welding operations"",""Heavy-duty operations"",""Handling hot sheet metal""]","[""Guanto disegnato per operazioni di saldatura di metalli pesanti"",""Lavorazioni gravose"",""Manipolazione di lamiere calde""]","""""","""""",""""""
"products","247af0ef-e855-4cff-909e-09e725e904dd","49k-da","industries_locales","[""Industrial welding"",""Carpentry"",""Metallurgical industry"",""Glass industry""]","[""Saldatura industriale"",""Carpenteria"",""Industria metallurgica"",""Industria del vetro""]","""""","""""",""""""
"products","247af0ef-e855-4cff-909e-09e725e904dd","49k-da","tags_locales","[""Welder’s glove"",""leather"",""dexterity"",""250 °C"",""cut-resistant glove""]","[""Guanto per saldatore"",""guanto in pelle"",""destrezza"",""250°C"",""guanto antitaglio""]","""""","""""",""""""
"products","247af0ef-e855-4cff-909e-09e725e904dd","49k-da","size_locales","One size","Unica","""""","""""",""""""
"products","247af0ef-e855-4cff-909e-09e725e904dd","49k-da","materials_locales","[""Split Leather"",""Alluminised back""]","[""Pelle crosta"",""Dorso alluminizzato""]","""""","""""",""""""
"products","247af0ef-e855-4cff-909e-09e725e904dd","49k-da","eye_face_comfort_features_locales","""""","""""","""""","""""",""""""
"products","247af0ef-e855-4cff-909e-09e725e904dd","49k-da","eye_face_equipment_locales","""""","""""","""""","""""",""""""
"products","247af0ef-e855-4cff-909e-09e725e904dd","49k-da","head_comfort_features_locales","""""","""""","""""","""""",""""""
"products","247af0ef-e855-4cff-909e-09e725e904dd","49k-da","head_other_details_locales","""""","""""","""""","""""",""""""
"products","247af0ef-e855-4cff-909e-09e725e904dd","49k-da","head_equipment_locales","""""","""""","""""","""""",""""""
"products","247af0ef-e855-4cff-909e-09e725e904dd","49k-da","footwear_comfort_features_locales","""""","""""","""""","""""",""""""
"products","247af0ef-e855-4cff-909e-09e725e904dd","49k-da","hearing_comfort_features_locales","""""","""""","""""","""""",""""""
"products","247af0ef-e855-4cff-909e-09e725e904dd","49k-da","hearing_other_details_locales","""""","""""","""""","""""",""""""
"products","247af0ef-e855-4cff-909e-09e725e904dd","49k-da","hearing_equipment_locales","""""","""""","""""","""""",""""""
"products","247af0ef-e855-4cff-909e-09e725e904dd","49k-da","respiratory_comfort_features_locales","""""","""""","""""","""""",""""""
"products","247af0ef-e855-4cff-909e-09e725e904dd","49k-da","respiratory_other_details_locales","""""","""""","""""","""""",""""""
"products","247af0ef-e855-4cff-909e-09e725e904dd","49k-da","respiratory_equipment_locales","""""","""""","""""","""""",""""""
"products","247af0ef-e855-4cff-909e-09e725e904dd","49k-da","clothing_comfort_features_locales","""""","""""","""""","""""",""""""
"products","247af0ef-e855-4cff-909e-09e725e904dd","49k-da","clothing_other_details_locales","""""","""""","""""","""""",""""""
"products","247af0ef-e855-4cff-909e-09e725e904dd","49k-da","footwear_materials_locales","""""","""""","""""","""""",""""""
"products","247af0ef-e855-4cff-909e-09e725e904dd","49k-da","footwear_special_features_locales","""""","""""","""""","""""",""""""
"products","247af0ef-e855-4cff-909e-09e725e904dd","49k-da","connections_locales","""""","""""","""""","""""",""""""
"products","247af0ef-e855-4cff-909e-09e725e904dd","49k-da","compatible_with_locales","""""","""""","""""","""""",""""""
"products","247af0ef-e855-4cff-909e-09e725e904dd","49k-da","coatings_locales","""""","""""","""""","""""",""""""
"products","247af0ef-e855-4cff-909e-09e725e904dd","49k-da","eye_face_materials_locales","""""","""""","""""","""""",""""""
"products","247af0ef-e855-4cff-909e-09e725e904dd","49k-da","head_tech_specs_locales","""""","""""","""""","""""",""""""
"products","247af0ef-e855-4cff-909e-09e725e904dd","49k-da","clothing_attributes_locales","""""","""""","""""","""""",""""""
"products","815eb38e-75d1-437d-b266-cf3a21bf6d63","49k-r","name_locales","49K-R","49K-R","""""","""""",""""""
"products","815eb38e-75d1-437d-b266-cf3a21bf6d63","49k-r","description_locales","Five‑finger welder’s glove in bovine split leather, fully lined and internally reinforced on the palm.
Ideal for medium to heavy welding and handling.

Available in multiple colors (incl. natural).","Guanto per saldatore a cinque dita in pelle crosta bovina, totalmente foderato e rinforzato internamente sul palmo.
Ideale per saldature e manipolazione medie/pesanti.

Disponibile in diverse colorazioni (incl. naturale).","""""","""""",""""""
"products","815eb38e-75d1-437d-b266-cf3a21bf6d63","49k-r","short_description_locales","Lined cowhide‑leather welder’s glove with a Kevlar back insert and reinforced palm.","Guanto per saldatore in pelle crosta bovina, foderato, con inserto in Kevlar sul dorso e palmo rinforzato.","""""","""""",""""""
"products","815eb38e-75d1-437d-b266-cf3a21bf6d63","49k-r","category_locales","Hand protection","Protezione delle mani","""""","""""",""""""
"products","815eb38e-75d1-437d-b266-cf3a21bf6d63","49k-r","sub_category_locales","Welding gloves","Guanti per saldatura","""""","""""",""""""
"products","815eb38e-75d1-437d-b266-cf3a21bf6d63","49k-r","features_locales","[""High flame resistance"",""High tear resistance"",""Reinforced palm"",""Excellent contact‑heat protection (350 °C)""]","[""Elevata resistenza all’infiammabilità"",""Elevata resistenza allo strappo"",""Palmo rinforzato"",""Ottima protezione calore da contatto (350˚C)""]","""""","""""",""""""
"products","815eb38e-75d1-437d-b266-cf3a21bf6d63","49k-r","applications_locales","[""Glove designed for welding operations"",""Suitable for operations and handling in the glass & steel industry"",""Handling metal slags""]","[""Guanto disegnato per operazioni di saldatura"",""Indicato nelle lavorazioni e manipolazione nell'industria del vetro e dell'acciaio"",""Movimentazione di scorie metalliche""]","""""","""""",""""""
"products","815eb38e-75d1-437d-b266-cf3a21bf6d63","49k-r","industries_locales","[""Industrial welding"",""Carpentry"",""Metallurgical industry"",""Glass industry""]","[""Saldatura industriale"",""Carpenteria"",""Industria metallurgica"",""Industria del vetro""]","""""","""""",""""""
"products","815eb38e-75d1-437d-b266-cf3a21bf6d63","49k-r","tags_locales","[""Welder’s glove"",""leather glove"",""dexterity"",""250 °C""]","[""Guanto corto per saldatore"",""guanto in pelle"",""destrezza"",""250°C""]","""""","""""",""""""
"products","815eb38e-75d1-437d-b266-cf3a21bf6d63","49k-r","size_locales","One size","Unica","""""","""""",""""""
"products","815eb38e-75d1-437d-b266-cf3a21bf6d63","49k-r","materials_locales","[""leather""]","[""pelle""]","""""","""""",""""""
"products","815eb38e-75d1-437d-b266-cf3a21bf6d63","49k-r","eye_face_comfort_features_locales","""""","""""","""""","""""",""""""
"products","815eb38e-75d1-437d-b266-cf3a21bf6d63","49k-r","eye_face_equipment_locales","""""","""""","""""","""""",""""""
"products","815eb38e-75d1-437d-b266-cf3a21bf6d63","49k-r","head_comfort_features_locales","""""","""""","""""","""""",""""""
"products","815eb38e-75d1-437d-b266-cf3a21bf6d63","49k-r","head_other_details_locales","""""","""""","""""","""""",""""""
"products","815eb38e-75d1-437d-b266-cf3a21bf6d63","49k-r","head_equipment_locales","""""","""""","""""","""""",""""""
"products","815eb38e-75d1-437d-b266-cf3a21bf6d63","49k-r","footwear_comfort_features_locales","""""","""""","""""","""""",""""""
"products","815eb38e-75d1-437d-b266-cf3a21bf6d63","49k-r","hearing_comfort_features_locales","""""","""""","""""","""""",""""""
"products","815eb38e-75d1-437d-b266-cf3a21bf6d63","49k-r","hearing_other_details_locales","""""","""""","""""","""""",""""""
"products","815eb38e-75d1-437d-b266-cf3a21bf6d63","49k-r","hearing_equipment_locales","""""","""""","""""","""""",""""""
"products","815eb38e-75d1-437d-b266-cf3a21bf6d63","49k-r","respiratory_comfort_features_locales","""""","""""","""""","""""",""""""
"products","815eb38e-75d1-437d-b266-cf3a21bf6d63","49k-r","respiratory_other_details_locales","""""","""""","""""","""""",""""""
"products","815eb38e-75d1-437d-b266-cf3a21bf6d63","49k-r","respiratory_equipment_locales","""""","""""","""""","""""",""""""
"products","815eb38e-75d1-437d-b266-cf3a21bf6d63","49k-r","clothing_comfort_features_locales","""""","""""","""""","""""",""""""
"products","815eb38e-75d1-437d-b266-cf3a21bf6d63","49k-r","clothing_other_details_locales","""""","""""","""""","""""",""""""
"products","815eb38e-75d1-437d-b266-cf3a21bf6d63","49k-r","footwear_materials_locales","""""","""""","""""","""""",""""""
"products","815eb38e-75d1-437d-b266-cf3a21bf6d63","49k-r","footwear_special_features_locales","""""","""""","""""","""""",""""""
"products","815eb38e-75d1-437d-b266-cf3a21bf6d63","49k-r","connections_locales","""""","""""","""""","""""",""""""
"products","815eb38e-75d1-437d-b266-cf3a21bf6d63","49k-r","compatible_with_locales","""""","""""","""""","""""",""""""
"products","815eb38e-75d1-437d-b266-cf3a21bf6d63","49k-r","coatings_locales","""""","""""","""""","""""",""""""
"products","815eb38e-75d1-437d-b266-cf3a21bf6d63","49k-r","eye_face_materials_locales","""""","""""","""""","""""",""""""
"products","815eb38e-75d1-437d-b266-cf3a21bf6d63","49k-r","head_tech_specs_locales","""""","""""","""""","""""",""""""
"products","815eb38e-75d1-437d-b266-cf3a21bf6d63","49k-r","clothing_attributes_locales","""""","""""","""""","""""",""""""
"products","96bbbd32-343a-4612-b027-3b799764d7ce","suxxeed-construction-jacket","name_locales","suXXeed construction Jacket","suXXeed construction GIACCA","""""","""""",""""""
"products","96bbbd32-343a-4612-b027-3b799764d7ce","suxxeed-construction-jacket","description_locales","High-visibility work jacket with an excellent fit and great freedom of movement.
","Giacca da lavoro alta visibilità con un ottima vestibilità e mobilità.
","""""","""""",""""""
"products","96bbbd32-343a-4612-b027-3b799764d7ce","suxxeed-construction-jacket","short_description_locales","High-visibility work jacket","Giacca da lavoro alta visibilità","""""","""""",""""""
"products","96bbbd32-343a-4612-b027-3b799764d7ce","suxxeed-construction-jacket","category_locales","Protective Clothing","Abbigliamento protettivo","""""","""""",""""""
"products","96bbbd32-343a-4612-b027-3b799764d7ce","suxxeed-construction-jacket","sub_category_locales","Hi-Vis Jackets","Giacca alta visibilità","""""","""""",""""""
"products","96bbbd32-343a-4612-b027-3b799764d7ce","suxxeed-construction-jacket","features_locales","[""Ensures excellent visibility thanks to reflective components"",""Provides UV protection"",""Certified in accordance with OEKO-TEX® Standard 100"",""Excellent fit and freedom of movement"",""Two side pockets"",""Adjustable sleeve hem""]","[""Garantisce ottima visibilità, con componenti reflex"",""Garantisce protezione uv"",""Certificazione secondo OEKO-TEX® Standard 100"",""Ottima vestibilità e mobilità"",""Due tasche laterali"",""Orlo della manica regolabile""]","""""","""""",""""""
"products","96bbbd32-343a-4612-b027-3b799764d7ce","suxxeed-construction-jacket","applications_locales","[""Road works"",""Work in low-visibility conditions""]","[""Lavori stradali"",""Lavori con scarsa visibilità""]","""""","""""",""""""
"products","96bbbd32-343a-4612-b027-3b799764d7ce","suxxeed-construction-jacket","industries_locales","[""Public services"",""roadside assistance"",""construction sites""]","[""Servizi pubblici"",""Assistenza stradale"",""Cantieri""]","""""","""""",""""""
"products","96bbbd32-343a-4612-b027-3b799764d7ce","suxxeed-construction-jacket","tags_locales","[""Work jacket""]","[""Giacca da lavoro""]","""""","""""",""""""
"products","96bbbd32-343a-4612-b027-3b799764d7ce","suxxeed-construction-jacket","size_locales","","","""""","""""",""""""
"products","96bbbd32-343a-4612-b027-3b799764d7ce","suxxeed-construction-jacket","materials_locales","[""50% polyester, 50% cotton""]","[""50% poliestere, 50% cotone""]","""""","""""",""""""
"products","96bbbd32-343a-4612-b027-3b799764d7ce","suxxeed-construction-jacket","eye_face_comfort_features_locales","""""","""""","""""","""""",""""""
"products","96bbbd32-343a-4612-b027-3b799764d7ce","suxxeed-construction-jacket","eye_face_equipment_locales","""""","""""","""""","""""",""""""
"products","96bbbd32-343a-4612-b027-3b799764d7ce","suxxeed-construction-jacket","head_comfort_features_locales","""""","""""","""""","""""",""""""
"products","96bbbd32-343a-4612-b027-3b799764d7ce","suxxeed-construction-jacket","head_other_details_locales","""""","""""","""""","""""",""""""
"products","96bbbd32-343a-4612-b027-3b799764d7ce","suxxeed-construction-jacket","head_equipment_locales","""""","""""","""""","""""",""""""
"products","96bbbd32-343a-4612-b027-3b799764d7ce","suxxeed-construction-jacket","footwear_comfort_features_locales","""""","""""","""""","""""",""""""
"products","96bbbd32-343a-4612-b027-3b799764d7ce","suxxeed-construction-jacket","hearing_comfort_features_locales","""""","""""","""""","""""",""""""
"products","96bbbd32-343a-4612-b027-3b799764d7ce","suxxeed-construction-jacket","hearing_other_details_locales","""""","""""","""""","""""",""""""
"products","96bbbd32-343a-4612-b027-3b799764d7ce","suxxeed-construction-jacket","hearing_equipment_locales","""""","""""","""""","""""",""""""
"products","96bbbd32-343a-4612-b027-3b799764d7ce","suxxeed-construction-jacket","respiratory_comfort_features_locales","""""","""""","""""","""""",""""""
"products","96bbbd32-343a-4612-b027-3b799764d7ce","suxxeed-construction-jacket","respiratory_other_details_locales","""""","""""","""""","""""",""""""
"products","96bbbd32-343a-4612-b027-3b799764d7ce","suxxeed-construction-jacket","respiratory_equipment_locales","""""","""""","""""","""""",""""""
"products","96bbbd32-343a-4612-b027-3b799764d7ce","suxxeed-construction-jacket","clothing_comfort_features_locales","[]","[]","""""","""""",""""""
"products","96bbbd32-343a-4612-b027-3b799764d7ce","suxxeed-construction-jacket","clothing_other_details_locales","[""EN ISO 13688: Yes""]","[]","""""","""""",""""""
"products","96bbbd32-343a-4612-b027-3b799764d7ce","suxxeed-construction-jacket","footwear_materials_locales","""""","""""","""""","""""",""""""
"products","96bbbd32-343a-4612-b027-3b799764d7ce","suxxeed-construction-jacket","footwear_special_features_locales","""""","""""","""""","""""",""""""
"products","96bbbd32-343a-4612-b027-3b799764d7ce","suxxeed-construction-jacket","connections_locales","""""","""""","""""","""""",""""""
"products","96bbbd32-343a-4612-b027-3b799764d7ce","suxxeed-construction-jacket","compatible_with_locales","""""","""""","""""","""""",""""""
"products","96bbbd32-343a-4612-b027-3b799764d7ce","suxxeed-construction-jacket","coatings_locales","""""","""""","""""","""""",""""""
"products","96bbbd32-343a-4612-b027-3b799764d7ce","suxxeed-construction-jacket","eye_face_materials_locales","""""","""""","""""","""""",""""""
"products","96bbbd32-343a-4612-b027-3b799764d7ce","suxxeed-construction-jacket","head_tech_specs_locales","""""","""""","""""","""""",""""""
"products","96bbbd32-343a-4612-b027-3b799764d7ce","suxxeed-construction-jacket","clothing_attributes_locales","{""fit"":""Regular Fit"",""size_range"":""""}","{""fit"":""Regolare"",""size_range"":""""}","""""","""""",""""""
"products","94286eee-9255-4877-9db1-a9d7d5004a02","bls-202","name_locales","BLS 202","BLS 202","""""","""""",""""""
"products","94286eee-9255-4877-9db1-a9d7d5004a02","bls-202","description_locales","Dust filter with b-lock connection and activated carbons","Filtro per Polveri con attacco a baionetta b-lock e carboni attivi","""""","""""",""""""
"products","94286eee-9255-4877-9db1-a9d7d5004a02","bls-202","short_description_locales","Filters with b-lock connection.","Filtro con aggancio b-lock","""""","""""",""""""
"products","94286eee-9255-4877-9db1-a9d7d5004a02","bls-202","category_locales","Respiratory protection","Protezione vie respiratorie","""""","""""",""""""
"products","94286eee-9255-4877-9db1-a9d7d5004a02","bls-202","sub_category_locales","Filters, Cartridges and accessories","Filtri, cartucce e accessori","""""","""""",""""""
"products","94286eee-9255-4877-9db1-a9d7d5004a02","bls-202","features_locales","[""Non deformable ABS filter canister avoids air corridors"",""Dust filtering efficiency 99.99%""]","[""Il contenitore del filtro in ABS non deformabile evita corridoi d’aria"",""Efficienza di filtrazione delle polveri 99,99%""]","""""","""""",""""""
"products","94286eee-9255-4877-9db1-a9d7d5004a02","bls-202","applications_locales","[""Application depends on the filter used (gas, vapor, particulate, combined, etc.)""]","[""L’applicazione dipende dal filtro utilizzato (gas, vapori, particolato, combinato, ecc.)""]","""""","""""",""""""
"products","94286eee-9255-4877-9db1-a9d7d5004a02","bls-202","industries_locales","[""Chemical manufacturing"",""paint/spraying"",""metal working"",""welding"",""pharma""]","[""Produzione chimica"",""verniciatura/spruzzatura"",""lavorazione dei metalli"",""saldatura"",""industria farmaceutica""]","""""","""""",""""""
"products","94286eee-9255-4877-9db1-a9d7d5004a02","bls-202","tags_locales","[]","[]","""""","""""",""""""
"products","94286eee-9255-4877-9db1-a9d7d5004a02","bls-202","size_locales","","","""""","""""",""""""
"products","94286eee-9255-4877-9db1-a9d7d5004a02","bls-202","materials_locales","[""ABS"",""Pleated glass fibre"",""Activated carbons grains""]","[""ABS"",""fibra di vetro plissettata"",""granuli di carbone attivo""]","""""","""""",""""""
"products","94286eee-9255-4877-9db1-a9d7d5004a02","bls-202","eye_face_comfort_features_locales","""""","""""","""""","""""",""""""
"products","94286eee-9255-4877-9db1-a9d7d5004a02","bls-202","eye_face_equipment_locales","""""","""""","""""","""""",""""""
"products","94286eee-9255-4877-9db1-a9d7d5004a02","bls-202","head_comfort_features_locales","""""","""""","""""","""""",""""""
"products","94286eee-9255-4877-9db1-a9d7d5004a02","bls-202","head_other_details_locales","""""","""""","""""","""""",""""""
"products","94286eee-9255-4877-9db1-a9d7d5004a02","bls-202","head_equipment_locales","""""","""""","""""","""""",""""""
"products","94286eee-9255-4877-9db1-a9d7d5004a02","bls-202","footwear_comfort_features_locales","""""","""""","""""","""""",""""""
"products","94286eee-9255-4877-9db1-a9d7d5004a02","bls-202","hearing_comfort_features_locales","""""","""""","""""","""""",""""""
"products","94286eee-9255-4877-9db1-a9d7d5004a02","bls-202","hearing_other_details_locales","""""","""""","""""","""""",""""""
"products","94286eee-9255-4877-9db1-a9d7d5004a02","bls-202","hearing_equipment_locales","""""","""""","""""","""""",""""""
"products","94286eee-9255-4877-9db1-a9d7d5004a02","bls-202","respiratory_comfort_features_locales","""""","""""","""""","""""",""""""
"products","94286eee-9255-4877-9db1-a9d7d5004a02","bls-202","respiratory_other_details_locales","""""","""""","""""","""""",""""""
"products","94286eee-9255-4877-9db1-a9d7d5004a02","bls-202","respiratory_equipment_locales","""""","""""","""""","""""",""""""
"products","94286eee-9255-4877-9db1-a9d7d5004a02","bls-202","clothing_comfort_features_locales","""""","""""","""""","""""",""""""
"products","94286eee-9255-4877-9db1-a9d7d5004a02","bls-202","clothing_other_details_locales","""""","""""","""""","""""",""""""
"products","94286eee-9255-4877-9db1-a9d7d5004a02","bls-202","footwear_materials_locales","""""","""""","""""","""""",""""""
"products","94286eee-9255-4877-9db1-a9d7d5004a02","bls-202","footwear_special_features_locales","""""","""""","""""","""""",""""""
"products","94286eee-9255-4877-9db1-a9d7d5004a02","bls-202","connections_locales","[""B-Lock""]","[""B-Lock""]","""""","""""",""""""
"products","94286eee-9255-4877-9db1-a9d7d5004a02","bls-202","compatible_with_locales","[""Half masks"",""Full masks""]","[""Semimaschere"",""Maschere integrali""]","""""","""""",""""""
"products","94286eee-9255-4877-9db1-a9d7d5004a02","bls-202","coatings_locales","""""","""""","""""","""""",""""""
"products","94286eee-9255-4877-9db1-a9d7d5004a02","bls-202","eye_face_materials_locales","""""","""""","""""","""""",""""""
"products","94286eee-9255-4877-9db1-a9d7d5004a02","bls-202","head_tech_specs_locales","""""","""""","""""","""""",""""""
"products","94286eee-9255-4877-9db1-a9d7d5004a02","bls-202","clothing_attributes_locales","""""","""""","""""","""""",""""""
"products","ed7b00de-d544-4390-9629-064548d8c198","bls-210","name_locales","BLS 210","BLS 210","""""","""""",""""""
"products","ed7b00de-d544-4390-9629-064548d8c198","bls-210","description_locales","Gasses & Vapours filter with b-lock connection and activated carbons","Filtro per Gas & Vapori con attacco a baionetta b-lock e carboni attivi","""""","""""",""""""
"products","ed7b00de-d544-4390-9629-064548d8c198","bls-210","short_description_locales","Filters with b-lock connection.","Filtro con aggancio b-lock","""""","""""",""""""
"products","ed7b00de-d544-4390-9629-064548d8c198","bls-210","category_locales","Respiratory protection","Protezione vie respiratorie","""""","""""",""""""
"products","ed7b00de-d544-4390-9629-064548d8c198","bls-210","sub_category_locales","Filters, Cartridges and accessories","Filtri, cartucce e accessori","""""","""""",""""""
"products","ed7b00de-d544-4390-9629-064548d8c198","bls-210","features_locales","[""Non deformable ABS filter canister avoids air corridors"",""Excellent filtration performance with high-quality activated carbons""]","[""Il contenitore del filtro in ABS non deformabile evita corridoi d’aria"",""Eccellente prestazione di filtrazione grazie a carboni attivi di alta qualità""]","""""","""""",""""""
"products","ed7b00de-d544-4390-9629-064548d8c198","bls-210","applications_locales","[""Application depends on the filter used (gas, vapor, particulate, combined, etc.)""]","[""L’applicazione dipende dal filtro utilizzato (gas, vapori, particolato, combinato, ecc.)""]","""""","""""",""""""
"products","ed7b00de-d544-4390-9629-064548d8c198","bls-210","industries_locales","[""Chemical manufacturing"",""paint/spraying"",""metal working"",""welding"",""pharma""]","[""Produzione chimica"",""verniciatura/spruzzatura"",""lavorazione dei metalli"",""saldatura"",""industria farmaceutica""]","""""","""""",""""""
"products","ed7b00de-d544-4390-9629-064548d8c198","bls-210","tags_locales","[]","[]","""""","""""",""""""
"products","ed7b00de-d544-4390-9629-064548d8c198","bls-210","size_locales","","","""""","""""",""""""
"products","ed7b00de-d544-4390-9629-064548d8c198","bls-210","materials_locales","[""ABS"",""Pleated glass fibre"",""Activated carbons grains""]","[""ABS"",""fibra di vetro plissettata"",""granuli di carbone attivo""]","""""","""""",""""""
"products","ed7b00de-d544-4390-9629-064548d8c198","bls-210","eye_face_comfort_features_locales","""""","""""","""""","""""",""""""
"products","ed7b00de-d544-4390-9629-064548d8c198","bls-210","eye_face_equipment_locales","""""","""""","""""","""""",""""""
"products","ed7b00de-d544-4390-9629-064548d8c198","bls-210","head_comfort_features_locales","""""","""""","""""","""""",""""""
"products","ed7b00de-d544-4390-9629-064548d8c198","bls-210","head_other_details_locales","""""","""""","""""","""""",""""""
"products","ed7b00de-d544-4390-9629-064548d8c198","bls-210","head_equipment_locales","""""","""""","""""","""""",""""""
"products","ed7b00de-d544-4390-9629-064548d8c198","bls-210","footwear_comfort_features_locales","""""","""""","""""","""""",""""""
"products","ed7b00de-d544-4390-9629-064548d8c198","bls-210","hearing_comfort_features_locales","""""","""""","""""","""""",""""""
"products","ed7b00de-d544-4390-9629-064548d8c198","bls-210","hearing_other_details_locales","""""","""""","""""","""""",""""""
"products","ed7b00de-d544-4390-9629-064548d8c198","bls-210","hearing_equipment_locales","""""","""""","""""","""""",""""""
"products","ed7b00de-d544-4390-9629-064548d8c198","bls-210","respiratory_comfort_features_locales","""""","""""","""""","""""",""""""
"products","ed7b00de-d544-4390-9629-064548d8c198","bls-210","respiratory_other_details_locales","""""","""""","""""","""""",""""""
"products","ed7b00de-d544-4390-9629-064548d8c198","bls-210","respiratory_equipment_locales","""""","""""","""""","""""",""""""
"products","ed7b00de-d544-4390-9629-064548d8c198","bls-210","clothing_comfort_features_locales","""""","""""","""""","""""",""""""
"products","ed7b00de-d544-4390-9629-064548d8c198","bls-210","clothing_other_details_locales","""""","""""","""""","""""",""""""
"products","ed7b00de-d544-4390-9629-064548d8c198","bls-210","footwear_materials_locales","""""","""""","""""","""""",""""""
"products","ed7b00de-d544-4390-9629-064548d8c198","bls-210","footwear_special_features_locales","""""","""""","""""","""""",""""""
"products","ed7b00de-d544-4390-9629-064548d8c198","bls-210","connections_locales","[""B-Lock""]","[""B-Lock""]","""""","""""",""""""
"products","ed7b00de-d544-4390-9629-064548d8c198","bls-210","compatible_with_locales","[""Half masks"",""Full masks""]","[""Semimaschere"",""Maschere integrali""]","""""","""""",""""""
"products","ed7b00de-d544-4390-9629-064548d8c198","bls-210","coatings_locales","""""","""""","""""","""""",""""""
"products","ed7b00de-d544-4390-9629-064548d8c198","bls-210","eye_face_materials_locales","""""","""""","""""","""""",""""""
"products","ed7b00de-d544-4390-9629-064548d8c198","bls-210","head_tech_specs_locales","""""","""""","""""","""""",""""""
"products","ed7b00de-d544-4390-9629-064548d8c198","bls-210","clothing_attributes_locales","""""","""""","""""","""""",""""""
"products","a1d419f0-f667-4f13-bb51-658e42535780","bls-211","name_locales","BLS 211","BLS 211","""""","""""",""""""
"products","a1d419f0-f667-4f13-bb51-658e42535780","bls-211","description_locales","Gasses & Vapours filter with b-lock connection and activated carbons","Filtro per Gas & Vapori con attacco a baionetta b-lock e carboni attivi","""""","""""",""""""
"products","a1d419f0-f667-4f13-bb51-658e42535780","bls-211","short_description_locales","Filters with b-lock connection.","Filtro con aggancio b-lock","""""","""""",""""""
"products","a1d419f0-f667-4f13-bb51-658e42535780","bls-211","category_locales","Respiratory protection","Protezione vie respiratorie","""""","""""",""""""
"products","a1d419f0-f667-4f13-bb51-658e42535780","bls-211","sub_category_locales","Filters, Cartridges and accessories","Filtri, cartucce e accessori","""""","""""",""""""
"products","a1d419f0-f667-4f13-bb51-658e42535780","bls-211","features_locales","[""Non deformable ABS filter canister avoids air corridors"",""Excellent filtration performance with high-quality activated carbons""]","[""Il contenitore del filtro in ABS non deformabile evita corridoi d’aria"",""Eccellente prestazione di filtrazione grazie a carboni attivi di alta qualità""]","""""","""""",""""""
"products","a1d419f0-f667-4f13-bb51-658e42535780","bls-211","applications_locales","[""Application depends on the filter used (gas, vapor, particulate, combined, etc.)""]","[""L’applicazione dipende dal filtro utilizzato (gas, vapori, particolato, combinato, ecc.)""]","""""","""""",""""""
"products","a1d419f0-f667-4f13-bb51-658e42535780","bls-211","industries_locales","[""Chemical manufacturing"",""paint/spraying"",""metal working"",""welding"",""pharma""]","[""Produzione chimica"",""verniciatura/spruzzatura"",""lavorazione dei metalli"",""saldatura"",""industria farmaceutica""]","""""","""""",""""""
"products","a1d419f0-f667-4f13-bb51-658e42535780","bls-211","tags_locales","[]","[]","""""","""""",""""""
"products","a1d419f0-f667-4f13-bb51-658e42535780","bls-211","size_locales","","","""""","""""",""""""
"products","a1d419f0-f667-4f13-bb51-658e42535780","bls-211","materials_locales","[""ABS"",""Pleated glass fibre"",""Activated carbons grains""]","[""ABS"",""fibra di vetro plissettata"",""granuli di carbone attivo""]","""""","""""",""""""
"products","a1d419f0-f667-4f13-bb51-658e42535780","bls-211","eye_face_comfort_features_locales","""""","""""","""""","""""",""""""
"products","a1d419f0-f667-4f13-bb51-658e42535780","bls-211","eye_face_equipment_locales","""""","""""","""""","""""",""""""
"products","a1d419f0-f667-4f13-bb51-658e42535780","bls-211","head_comfort_features_locales","""""","""""","""""","""""",""""""
"products","a1d419f0-f667-4f13-bb51-658e42535780","bls-211","head_other_details_locales","""""","""""","""""","""""",""""""
"products","a1d419f0-f667-4f13-bb51-658e42535780","bls-211","head_equipment_locales","""""","""""","""""","""""",""""""
"products","a1d419f0-f667-4f13-bb51-658e42535780","bls-211","footwear_comfort_features_locales","""""","""""","""""","""""",""""""
"products","a1d419f0-f667-4f13-bb51-658e42535780","bls-211","hearing_comfort_features_locales","""""","""""","""""","""""",""""""
"products","a1d419f0-f667-4f13-bb51-658e42535780","bls-211","hearing_other_details_locales","""""","""""","""""","""""",""""""
"products","a1d419f0-f667-4f13-bb51-658e42535780","bls-211","hearing_equipment_locales","""""","""""","""""","""""",""""""
"products","a1d419f0-f667-4f13-bb51-658e42535780","bls-211","respiratory_comfort_features_locales","""""","""""","""""","""""",""""""
"products","a1d419f0-f667-4f13-bb51-658e42535780","bls-211","respiratory_other_details_locales","""""","""""","""""","""""",""""""
"products","a1d419f0-f667-4f13-bb51-658e42535780","bls-211","respiratory_equipment_locales","""""","""""","""""","""""",""""""
"products","a1d419f0-f667-4f13-bb51-658e42535780","bls-211","clothing_comfort_features_locales","""""","""""","""""","""""",""""""
"products","a1d419f0-f667-4f13-bb51-658e42535780","bls-211","clothing_other_details_locales","""""","""""","""""","""""",""""""
"products","a1d419f0-f667-4f13-bb51-658e42535780","bls-211","footwear_materials_locales","""""","""""","""""","""""",""""""
"products","a1d419f0-f667-4f13-bb51-658e42535780","bls-211","footwear_special_features_locales","""""","""""","""""","""""",""""""
"products","a1d419f0-f667-4f13-bb51-658e42535780","bls-211","connections_locales","[""B-Lock""]","[""B-Lock""]","""""","""""",""""""
"products","a1d419f0-f667-4f13-bb51-658e42535780","bls-211","compatible_with_locales","[""Half masks"",""Full masks""]","[""Semimaschere"",""Maschere integrali""]","""""","""""",""""""
"products","a1d419f0-f667-4f13-bb51-658e42535780","bls-211","coatings_locales","""""","""""","""""","""""",""""""
"products","a1d419f0-f667-4f13-bb51-658e42535780","bls-211","eye_face_materials_locales","""""","""""","""""","""""",""""""
"products","a1d419f0-f667-4f13-bb51-658e42535780","bls-211","head_tech_specs_locales","""""","""""","""""","""""",""""""
"products","a1d419f0-f667-4f13-bb51-658e42535780","bls-211","clothing_attributes_locales","""""","""""","""""","""""",""""""
"products","65569ef7-76dc-4634-b3c5-efea47cc7eab","bls-212","name_locales","BLS 212","BLS 212","""""","""""",""""""
"products","65569ef7-76dc-4634-b3c5-efea47cc7eab","bls-212","description_locales","Gasses & Vapours filter with b-lock connection and activated carbons","Filtro per Gas & Vapori con attacco a baionetta b-lock e carboni attivi","""""","""""",""""""
"products","65569ef7-76dc-4634-b3c5-efea47cc7eab","bls-212","short_description_locales","Filters with b-lock connection.","Filtro con aggancio b-lock","""""","""""",""""""
"products","65569ef7-76dc-4634-b3c5-efea47cc7eab","bls-212","category_locales","Respiratory protection","Protezione vie respiratorie","""""","""""",""""""
"products","65569ef7-76dc-4634-b3c5-efea47cc7eab","bls-212","sub_category_locales","Filters, Cartridges and accessories","Filtri, cartucce e accessori","""""","""""",""""""
"products","65569ef7-76dc-4634-b3c5-efea47cc7eab","bls-212","features_locales","[""Non deformable ABS filter canister avoids air corridors"",""Excellent filtration performance with high-quality activated carbons""]","[""Il contenitore del filtro in ABS non deformabile evita corridoi d’aria"",""Eccellente prestazione di filtrazione grazie a carboni attivi di alta qualità""]","""""","""""",""""""
"products","65569ef7-76dc-4634-b3c5-efea47cc7eab","bls-212","applications_locales","[""Application depends on the filter used (gas, vapor, particulate, combined, etc.)""]","[""L’applicazione dipende dal filtro utilizzato (gas, vapori, particolato, combinato, ecc.)""]","""""","""""",""""""
"products","65569ef7-76dc-4634-b3c5-efea47cc7eab","bls-212","industries_locales","[""Chemical manufacturing"",""paint/spraying"",""metal working"",""welding"",""pharma""]","[""Produzione chimica"",""verniciatura/spruzzatura"",""lavorazione dei metalli"",""saldatura"",""industria farmaceutica""]","""""","""""",""""""
"products","65569ef7-76dc-4634-b3c5-efea47cc7eab","bls-212","tags_locales","[]","[]","""""","""""",""""""
"products","65569ef7-76dc-4634-b3c5-efea47cc7eab","bls-212","size_locales","","","""""","""""",""""""
"products","65569ef7-76dc-4634-b3c5-efea47cc7eab","bls-212","materials_locales","[""ABS"",""Pleated glass fibre"",""Activated carbons grains""]","[""ABS"",""fibra di vetro plissettata"",""granuli di carbone attivo""]","""""","""""",""""""
"products","65569ef7-76dc-4634-b3c5-efea47cc7eab","bls-212","eye_face_comfort_features_locales","""""","""""","""""","""""",""""""
"products","65569ef7-76dc-4634-b3c5-efea47cc7eab","bls-212","eye_face_equipment_locales","""""","""""","""""","""""",""""""
"products","65569ef7-76dc-4634-b3c5-efea47cc7eab","bls-212","head_comfort_features_locales","""""","""""","""""","""""",""""""
"products","65569ef7-76dc-4634-b3c5-efea47cc7eab","bls-212","head_other_details_locales","""""","""""","""""","""""",""""""
"products","65569ef7-76dc-4634-b3c5-efea47cc7eab","bls-212","head_equipment_locales","""""","""""","""""","""""",""""""
"products","65569ef7-76dc-4634-b3c5-efea47cc7eab","bls-212","footwear_comfort_features_locales","""""","""""","""""","""""",""""""
"products","65569ef7-76dc-4634-b3c5-efea47cc7eab","bls-212","hearing_comfort_features_locales","""""","""""","""""","""""",""""""
"products","65569ef7-76dc-4634-b3c5-efea47cc7eab","bls-212","hearing_other_details_locales","""""","""""","""""","""""",""""""
"products","65569ef7-76dc-4634-b3c5-efea47cc7eab","bls-212","hearing_equipment_locales","""""","""""","""""","""""",""""""
"products","65569ef7-76dc-4634-b3c5-efea47cc7eab","bls-212","respiratory_comfort_features_locales","""""","""""","""""","""""",""""""
"products","65569ef7-76dc-4634-b3c5-efea47cc7eab","bls-212","respiratory_other_details_locales","""""","""""","""""","""""",""""""
"products","65569ef7-76dc-4634-b3c5-efea47cc7eab","bls-212","respiratory_equipment_locales","""""","""""","""""","""""",""""""
"products","65569ef7-76dc-4634-b3c5-efea47cc7eab","bls-212","clothing_comfort_features_locales","""""","""""","""""","""""",""""""
"products","65569ef7-76dc-4634-b3c5-efea47cc7eab","bls-212","clothing_other_details_locales","""""","""""","""""","""""",""""""
"products","65569ef7-76dc-4634-b3c5-efea47cc7eab","bls-212","footwear_materials_locales","""""","""""","""""","""""",""""""
"products","65569ef7-76dc-4634-b3c5-efea47cc7eab","bls-212","footwear_special_features_locales","""""","""""","""""","""""",""""""
"products","65569ef7-76dc-4634-b3c5-efea47cc7eab","bls-212","connections_locales","[""B-Lock""]","[""B-Lock""]","""""","""""",""""""
"products","65569ef7-76dc-4634-b3c5-efea47cc7eab","bls-212","compatible_with_locales","[""Half masks"",""Full masks""]","[""Semimaschere"",""Maschere integrali""]","""""","""""",""""""
"products","65569ef7-76dc-4634-b3c5-efea47cc7eab","bls-212","coatings_locales","""""","""""","""""","""""",""""""
"products","65569ef7-76dc-4634-b3c5-efea47cc7eab","bls-212","eye_face_materials_locales","""""","""""","""""","""""",""""""
"products","65569ef7-76dc-4634-b3c5-efea47cc7eab","bls-212","head_tech_specs_locales","""""","""""","""""","""""",""""""
"products","65569ef7-76dc-4634-b3c5-efea47cc7eab","bls-212","clothing_attributes_locales","""""","""""","""""","""""",""""""
"products","4051672d-3615-4fed-8339-44e4d0e8738f","bls-213","name_locales","BLS 213","BLS 213","""""","""""",""""""
"products","4051672d-3615-4fed-8339-44e4d0e8738f","bls-213","description_locales","Gasses & Vapours filter with b-lock connection and activated carbons","Filtro per Gas & Vapori con attacco a baionetta b-lock e carboni attivi","""""","""""",""""""
"products","4051672d-3615-4fed-8339-44e4d0e8738f","bls-213","short_description_locales","Filters with b-lock connection.","Filtro con aggancio b-lock","""""","""""",""""""
"products","4051672d-3615-4fed-8339-44e4d0e8738f","bls-213","category_locales","Respiratory protection","Protezione vie respiratorie","""""","""""",""""""
"products","4051672d-3615-4fed-8339-44e4d0e8738f","bls-213","sub_category_locales","Filters, Cartridges and accessories","Filtri, cartucce e accessori","""""","""""",""""""
"products","4051672d-3615-4fed-8339-44e4d0e8738f","bls-213","features_locales","[""Non deformable ABS filter canister avoids air corridors"",""Excellent filtration performance with high-quality activated carbons""]","[""Il contenitore del filtro in ABS non deformabile evita corridoi d’aria"",""Eccellente prestazione di filtrazione grazie a carboni attivi di alta qualità""]","""""","""""",""""""
"products","4051672d-3615-4fed-8339-44e4d0e8738f","bls-213","applications_locales","[""Application depends on the filter used (gas, vapor, particulate, combined, etc.)""]","[""L’applicazione dipende dal filtro utilizzato (gas, vapori, particolato, combinato, ecc.)""]","""""","""""",""""""
"products","4051672d-3615-4fed-8339-44e4d0e8738f","bls-213","industries_locales","[""Chemical manufacturing"",""paint/spraying"",""metal working"",""welding"",""pharma""]","[""Produzione chimica"",""verniciatura/spruzzatura"",""lavorazione dei metalli"",""saldatura"",""industria farmaceutica""]","""""","""""",""""""
"products","4051672d-3615-4fed-8339-44e4d0e8738f","bls-213","tags_locales","[]","[]","""""","""""",""""""
"products","4051672d-3615-4fed-8339-44e4d0e8738f","bls-213","size_locales","","","""""","""""",""""""
"products","4051672d-3615-4fed-8339-44e4d0e8738f","bls-213","materials_locales","[""ABS"",""Pleated glass fibre"",""Activated carbons grains""]","[""ABS"",""fibra di vetro plissettata"",""granuli di carbone attivo""]","""""","""""",""""""
"products","4051672d-3615-4fed-8339-44e4d0e8738f","bls-213","eye_face_comfort_features_locales","""""","""""","""""","""""",""""""
"products","4051672d-3615-4fed-8339-44e4d0e8738f","bls-213","eye_face_equipment_locales","""""","""""","""""","""""",""""""
"products","4051672d-3615-4fed-8339-44e4d0e8738f","bls-213","head_comfort_features_locales","""""","""""","""""","""""",""""""
"products","4051672d-3615-4fed-8339-44e4d0e8738f","bls-213","head_other_details_locales","""""","""""","""""","""""",""""""
"products","4051672d-3615-4fed-8339-44e4d0e8738f","bls-213","head_equipment_locales","""""","""""","""""","""""",""""""
"products","4051672d-3615-4fed-8339-44e4d0e8738f","bls-213","footwear_comfort_features_locales","""""","""""","""""","""""",""""""
"products","4051672d-3615-4fed-8339-44e4d0e8738f","bls-213","hearing_comfort_features_locales","""""","""""","""""","""""",""""""
"products","4051672d-3615-4fed-8339-44e4d0e8738f","bls-213","hearing_other_details_locales","""""","""""","""""","""""",""""""
"products","4051672d-3615-4fed-8339-44e4d0e8738f","bls-213","hearing_equipment_locales","""""","""""","""""","""""",""""""
"products","4051672d-3615-4fed-8339-44e4d0e8738f","bls-213","respiratory_comfort_features_locales","""""","""""","""""","""""",""""""
"products","4051672d-3615-4fed-8339-44e4d0e8738f","bls-213","respiratory_other_details_locales","""""","""""","""""","""""",""""""
"products","4051672d-3615-4fed-8339-44e4d0e8738f","bls-213","respiratory_equipment_locales","""""","""""","""""","""""",""""""
"products","4051672d-3615-4fed-8339-44e4d0e8738f","bls-213","clothing_comfort_features_locales","""""","""""","""""","""""",""""""
"products","4051672d-3615-4fed-8339-44e4d0e8738f","bls-213","clothing_other_details_locales","""""","""""","""""","""""",""""""
"products","4051672d-3615-4fed-8339-44e4d0e8738f","bls-213","footwear_materials_locales","""""","""""","""""","""""",""""""
"products","4051672d-3615-4fed-8339-44e4d0e8738f","bls-213","footwear_special_features_locales","""""","""""","""""","""""",""""""
"products","4051672d-3615-4fed-8339-44e4d0e8738f","bls-213","connections_locales","[""B-Lock""]","[""B-Lock""]","""""","""""",""""""
"products","4051672d-3615-4fed-8339-44e4d0e8738f","bls-213","compatible_with_locales","[""Half masks"",""Full masks""]","[""Semimaschere"",""Maschere integrali""]","""""","""""",""""""
"products","4051672d-3615-4fed-8339-44e4d0e8738f","bls-213","coatings_locales","""""","""""","""""","""""",""""""
"products","4051672d-3615-4fed-8339-44e4d0e8738f","bls-213","eye_face_materials_locales","""""","""""","""""","""""",""""""
"products","4051672d-3615-4fed-8339-44e4d0e8738f","bls-213","head_tech_specs_locales","""""","""""","""""","""""",""""""
"products","4051672d-3615-4fed-8339-44e4d0e8738f","bls-213","clothing_attributes_locales","""""","""""","""""","""""",""""""
"products","955d3036-f803-44a9-9491-692747e24569","bls-214","name_locales","BLS 214","BLS 214","""""","""""",""""""
"products","955d3036-f803-44a9-9491-692747e24569","bls-214","description_locales","Gasses & Vapours filter with b-lock connection and activated carbons","Filtro per Gas & Vapori con attacco a baionetta b-lock e carboni attivi","""""","""""",""""""
"products","955d3036-f803-44a9-9491-692747e24569","bls-214","short_description_locales","Filters with b-lock connection.","Filtro con aggancio b-lock","""""","""""",""""""
"products","955d3036-f803-44a9-9491-692747e24569","bls-214","category_locales","Respiratory protection","Protezione vie respiratorie","""""","""""",""""""
"products","955d3036-f803-44a9-9491-692747e24569","bls-214","sub_category_locales","Filters, Cartridges and accessories","Filtri, cartucce e accessori","""""","""""",""""""
"products","955d3036-f803-44a9-9491-692747e24569","bls-214","features_locales","[""Non deformable ABS filter canister avoids air corridors"",""Excellent filtration performance with high-quality activated carbons""]","[""Il contenitore del filtro in ABS non deformabile evita corridoi d’aria"",""Eccellente prestazione di filtrazione grazie a carboni attivi di alta qualità""]","""""","""""",""""""
"products","955d3036-f803-44a9-9491-692747e24569","bls-214","applications_locales","[""Application depends on the filter used (gas, vapor, particulate, combined, etc.)""]","[""L’applicazione dipende dal filtro utilizzato (gas, vapori, particolato, combinato, ecc.)""]","""""","""""",""""""
"products","955d3036-f803-44a9-9491-692747e24569","bls-214","industries_locales","[""Chemical manufacturing"",""paint/spraying"",""metal working"",""welding"",""pharma""]","[""Produzione chimica"",""verniciatura/spruzzatura"",""lavorazione dei metalli"",""saldatura"",""industria farmaceutica""]","""""","""""",""""""
"products","955d3036-f803-44a9-9491-692747e24569","bls-214","tags_locales","[]","[]","""""","""""",""""""
"products","955d3036-f803-44a9-9491-692747e24569","bls-214","size_locales","","","""""","""""",""""""
"products","955d3036-f803-44a9-9491-692747e24569","bls-214","materials_locales","[""ABS"",""Pleated glass fibre"",""Activated carbons grains""]","[""ABS"",""fibra di vetro plissettata"",""granuli di carbone attivo""]","""""","""""",""""""
"products","955d3036-f803-44a9-9491-692747e24569","bls-214","eye_face_comfort_features_locales","""""","""""","""""","""""",""""""
"products","955d3036-f803-44a9-9491-692747e24569","bls-214","eye_face_equipment_locales","""""","""""","""""","""""",""""""
"products","955d3036-f803-44a9-9491-692747e24569","bls-214","head_comfort_features_locales","""""","""""","""""","""""",""""""
"products","955d3036-f803-44a9-9491-692747e24569","bls-214","head_other_details_locales","""""","""""","""""","""""",""""""
"products","955d3036-f803-44a9-9491-692747e24569","bls-214","head_equipment_locales","""""","""""","""""","""""",""""""
"products","955d3036-f803-44a9-9491-692747e24569","bls-214","footwear_comfort_features_locales","""""","""""","""""","""""",""""""
"products","955d3036-f803-44a9-9491-692747e24569","bls-214","hearing_comfort_features_locales","""""","""""","""""","""""",""""""
"products","955d3036-f803-44a9-9491-692747e24569","bls-214","hearing_other_details_locales","""""","""""","""""","""""",""""""
"products","955d3036-f803-44a9-9491-692747e24569","bls-214","hearing_equipment_locales","""""","""""","""""","""""",""""""
"products","955d3036-f803-44a9-9491-692747e24569","bls-214","respiratory_comfort_features_locales","""""","""""","""""","""""",""""""
"products","955d3036-f803-44a9-9491-692747e24569","bls-214","respiratory_other_details_locales","""""","""""","""""","""""",""""""
"products","955d3036-f803-44a9-9491-692747e24569","bls-214","respiratory_equipment_locales","""""","""""","""""","""""",""""""
"products","955d3036-f803-44a9-9491-692747e24569","bls-214","clothing_comfort_features_locales","""""","""""","""""","""""",""""""
"products","955d3036-f803-44a9-9491-692747e24569","bls-214","clothing_other_details_locales","""""","""""","""""","""""",""""""
"products","955d3036-f803-44a9-9491-692747e24569","bls-214","footwear_materials_locales","""""","""""","""""","""""",""""""
"products","955d3036-f803-44a9-9491-692747e24569","bls-214","footwear_special_features_locales","""""","""""","""""","""""",""""""
"products","955d3036-f803-44a9-9491-692747e24569","bls-214","connections_locales","[""B-Lock""]","[""B-Lock""]","""""","""""",""""""
"products","955d3036-f803-44a9-9491-692747e24569","bls-214","compatible_with_locales","[""Half masks"",""Full masks""]","[""Semimaschere"",""Maschere integrali""]","""""","""""",""""""
"products","955d3036-f803-44a9-9491-692747e24569","bls-214","coatings_locales","""""","""""","""""","""""",""""""
"products","955d3036-f803-44a9-9491-692747e24569","bls-214","eye_face_materials_locales","""""","""""","""""","""""",""""""
"products","955d3036-f803-44a9-9491-692747e24569","bls-214","head_tech_specs_locales","""""","""""","""""","""""",""""""
"products","955d3036-f803-44a9-9491-692747e24569","bls-214","clothing_attributes_locales","""""","""""","""""","""""",""""""
"products","0779e5cc-1b02-487c-b4e2-cd505bd4a7ae","bls-221","name_locales","BLS 221","BLS 221","""""","""""",""""""
"products","0779e5cc-1b02-487c-b4e2-cd505bd4a7ae","bls-221","description_locales","Combined filter with b-lock connection and activated carbons","Filtro per Combinati con attacco a baionetta b-lock e carboni attivi","""""","""""",""""""
"products","0779e5cc-1b02-487c-b4e2-cd505bd4a7ae","bls-221","short_description_locales","Filters with b-lock connection.","Filtro con aggancio b-lock","""""","""""",""""""
"products","0779e5cc-1b02-487c-b4e2-cd505bd4a7ae","bls-221","category_locales","Respiratory protection","Protezione vie respiratorie","""""","""""",""""""
"products","0779e5cc-1b02-487c-b4e2-cd505bd4a7ae","bls-221","sub_category_locales","Filters, Cartridges and accessories","Filtri, cartucce e accessori","""""","""""",""""""
"products","0779e5cc-1b02-487c-b4e2-cd505bd4a7ae","bls-221","features_locales","[""Non deformable ABS filter canister avoids air corridors"",""Excellent filtration performance with high-quality activated carbons""]","[""Il contenitore del filtro in ABS non deformabile evita corridoi d’aria"",""Eccellente prestazione di filtrazione grazie a carboni attivi di alta qualità""]","""""","""""",""""""
"products","0779e5cc-1b02-487c-b4e2-cd505bd4a7ae","bls-221","applications_locales","[""Application depends on the filter used (gas, vapor, particulate, combined, etc.)""]","[""L’applicazione dipende dal filtro utilizzato (gas, vapori, particolato, combinato, ecc.)""]","""""","""""",""""""
"products","0779e5cc-1b02-487c-b4e2-cd505bd4a7ae","bls-221","industries_locales","[""Chemical manufacturing"",""paint/spraying"",""metal working"",""welding"",""pharma""]","[""Produzione chimica"",""verniciatura/spruzzatura"",""lavorazione dei metalli"",""saldatura"",""industria farmaceutica""]","""""","""""",""""""
"products","0779e5cc-1b02-487c-b4e2-cd505bd4a7ae","bls-221","tags_locales","[]","[]","""""","""""",""""""
"products","0779e5cc-1b02-487c-b4e2-cd505bd4a7ae","bls-221","size_locales","","","""""","""""",""""""
"products","0779e5cc-1b02-487c-b4e2-cd505bd4a7ae","bls-221","materials_locales","[""ABS"",""Pleated glass fibre"",""Activated carbons grains""]","[""ABS"",""fibra di vetro plissettata"",""granuli di carbone attivo""]","""""","""""",""""""
"products","0779e5cc-1b02-487c-b4e2-cd505bd4a7ae","bls-221","eye_face_comfort_features_locales","""""","""""","""""","""""",""""""
"products","0779e5cc-1b02-487c-b4e2-cd505bd4a7ae","bls-221","eye_face_equipment_locales","""""","""""","""""","""""",""""""
"products","0779e5cc-1b02-487c-b4e2-cd505bd4a7ae","bls-221","head_comfort_features_locales","""""","""""","""""","""""",""""""
"products","0779e5cc-1b02-487c-b4e2-cd505bd4a7ae","bls-221","head_other_details_locales","""""","""""","""""","""""",""""""
"products","0779e5cc-1b02-487c-b4e2-cd505bd4a7ae","bls-221","head_equipment_locales","""""","""""","""""","""""",""""""
"products","0779e5cc-1b02-487c-b4e2-cd505bd4a7ae","bls-221","footwear_comfort_features_locales","""""","""""","""""","""""",""""""
"products","0779e5cc-1b02-487c-b4e2-cd505bd4a7ae","bls-221","hearing_comfort_features_locales","""""","""""","""""","""""",""""""
"products","0779e5cc-1b02-487c-b4e2-cd505bd4a7ae","bls-221","hearing_other_details_locales","""""","""""","""""","""""",""""""
"products","0779e5cc-1b02-487c-b4e2-cd505bd4a7ae","bls-221","hearing_equipment_locales","""""","""""","""""","""""",""""""
"products","0779e5cc-1b02-487c-b4e2-cd505bd4a7ae","bls-221","respiratory_comfort_features_locales","""""","""""","""""","""""",""""""
"products","0779e5cc-1b02-487c-b4e2-cd505bd4a7ae","bls-221","respiratory_other_details_locales","""""","""""","""""","""""",""""""
"products","0779e5cc-1b02-487c-b4e2-cd505bd4a7ae","bls-221","respiratory_equipment_locales","""""","""""","""""","""""",""""""
"products","0779e5cc-1b02-487c-b4e2-cd505bd4a7ae","bls-221","clothing_comfort_features_locales","""""","""""","""""","""""",""""""
"products","0779e5cc-1b02-487c-b4e2-cd505bd4a7ae","bls-221","clothing_other_details_locales","""""","""""","""""","""""",""""""
"products","0779e5cc-1b02-487c-b4e2-cd505bd4a7ae","bls-221","footwear_materials_locales","""""","""""","""""","""""",""""""
"products","0779e5cc-1b02-487c-b4e2-cd505bd4a7ae","bls-221","footwear_special_features_locales","""""","""""","""""","""""",""""""
"products","0779e5cc-1b02-487c-b4e2-cd505bd4a7ae","bls-221","connections_locales","[""B-Lock""]","[""B-Lock""]","""""","""""",""""""
"products","0779e5cc-1b02-487c-b4e2-cd505bd4a7ae","bls-221","compatible_with_locales","[""Half masks"",""Full masks""]","[""Semimaschere"",""Maschere integrali""]","""""","""""",""""""
"products","0779e5cc-1b02-487c-b4e2-cd505bd4a7ae","bls-221","coatings_locales","""""","""""","""""","""""",""""""
"products","0779e5cc-1b02-487c-b4e2-cd505bd4a7ae","bls-221","eye_face_materials_locales","""""","""""","""""","""""",""""""
"products","0779e5cc-1b02-487c-b4e2-cd505bd4a7ae","bls-221","head_tech_specs_locales","""""","""""","""""","""""",""""""
"products","0779e5cc-1b02-487c-b4e2-cd505bd4a7ae","bls-221","clothing_attributes_locales","""""","""""","""""","""""",""""""
"products","f96da228-9d82-4b55-9ec5-42ff752ea6c7","bls-222","name_locales","BLS 222","BLS 222","""""","""""",""""""
"products","f96da228-9d82-4b55-9ec5-42ff752ea6c7","bls-222","description_locales","Combined filter with b-lock connection and activated carbons","Filtro per Combinati con attacco a baionetta b-lock e carboni attivi","""""","""""",""""""
"products","f96da228-9d82-4b55-9ec5-42ff752ea6c7","bls-222","short_description_locales","Filters with b-lock connection.","Filtro con aggancio b-lock","""""","""""",""""""
"products","f96da228-9d82-4b55-9ec5-42ff752ea6c7","bls-222","category_locales","Respiratory protection","Protezione vie respiratorie","""""","""""",""""""
"products","f96da228-9d82-4b55-9ec5-42ff752ea6c7","bls-222","sub_category_locales","Filters, Cartridges and accessories","Filtri, cartucce e accessori","""""","""""",""""""
"products","f96da228-9d82-4b55-9ec5-42ff752ea6c7","bls-222","features_locales","[""Non deformable ABS filter canister avoids air corridors"",""Excellent filtration performance with high-quality activated carbons""]","[""Il contenitore del filtro in ABS non deformabile evita corridoi d’aria"",""Eccellente prestazione di filtrazione grazie a carboni attivi di alta qualità""]","""""","""""",""""""
"products","f96da228-9d82-4b55-9ec5-42ff752ea6c7","bls-222","applications_locales","[""Application depends on the filter used (gas, vapor, particulate, combined, etc.)""]","[""L’applicazione dipende dal filtro utilizzato (gas, vapori, particolato, combinato, ecc.)""]","""""","""""",""""""
"products","f96da228-9d82-4b55-9ec5-42ff752ea6c7","bls-222","industries_locales","[""Chemical manufacturing"",""paint/spraying"",""metal working"",""welding"",""pharma""]","[""Produzione chimica"",""verniciatura/spruzzatura"",""lavorazione dei metalli"",""saldatura"",""industria farmaceutica""]","""""","""""",""""""
"products","f96da228-9d82-4b55-9ec5-42ff752ea6c7","bls-222","tags_locales","[]","[]","""""","""""",""""""
"products","f96da228-9d82-4b55-9ec5-42ff752ea6c7","bls-222","size_locales","","","""""","""""",""""""
"products","f96da228-9d82-4b55-9ec5-42ff752ea6c7","bls-222","materials_locales","[""ABS"",""Pleated glass fibre"",""Activated carbons grains""]","[""ABS"",""fibra di vetro plissettata"",""granuli di carbone attivo""]","""""","""""",""""""
"products","f96da228-9d82-4b55-9ec5-42ff752ea6c7","bls-222","eye_face_comfort_features_locales","""""","""""","""""","""""",""""""
"products","f96da228-9d82-4b55-9ec5-42ff752ea6c7","bls-222","eye_face_equipment_locales","""""","""""","""""","""""",""""""
"products","f96da228-9d82-4b55-9ec5-42ff752ea6c7","bls-222","head_comfort_features_locales","""""","""""","""""","""""",""""""
"products","f96da228-9d82-4b55-9ec5-42ff752ea6c7","bls-222","head_other_details_locales","""""","""""","""""","""""",""""""
"products","f96da228-9d82-4b55-9ec5-42ff752ea6c7","bls-222","head_equipment_locales","""""","""""","""""","""""",""""""
"products","f96da228-9d82-4b55-9ec5-42ff752ea6c7","bls-222","footwear_comfort_features_locales","""""","""""","""""","""""",""""""
"products","f96da228-9d82-4b55-9ec5-42ff752ea6c7","bls-222","hearing_comfort_features_locales","""""","""""","""""","""""",""""""
"products","f96da228-9d82-4b55-9ec5-42ff752ea6c7","bls-222","hearing_other_details_locales","""""","""""","""""","""""",""""""
"products","f96da228-9d82-4b55-9ec5-42ff752ea6c7","bls-222","hearing_equipment_locales","""""","""""","""""","""""",""""""
"products","f96da228-9d82-4b55-9ec5-42ff752ea6c7","bls-222","respiratory_comfort_features_locales","""""","""""","""""","""""",""""""
"products","f96da228-9d82-4b55-9ec5-42ff752ea6c7","bls-222","respiratory_other_details_locales","""""","""""","""""","""""",""""""
"products","f96da228-9d82-4b55-9ec5-42ff752ea6c7","bls-222","respiratory_equipment_locales","""""","""""","""""","""""",""""""
"products","f96da228-9d82-4b55-9ec5-42ff752ea6c7","bls-222","clothing_comfort_features_locales","""""","""""","""""","""""",""""""
"products","f96da228-9d82-4b55-9ec5-42ff752ea6c7","bls-222","clothing_other_details_locales","""""","""""","""""","""""",""""""
"products","f96da228-9d82-4b55-9ec5-42ff752ea6c7","bls-222","footwear_materials_locales","""""","""""","""""","""""",""""""
"products","f96da228-9d82-4b55-9ec5-42ff752ea6c7","bls-222","footwear_special_features_locales","""""","""""","""""","""""",""""""
"products","f96da228-9d82-4b55-9ec5-42ff752ea6c7","bls-222","connections_locales","[""B-Lock""]","[""B-Lock""]","""""","""""",""""""
"products","f96da228-9d82-4b55-9ec5-42ff752ea6c7","bls-222","compatible_with_locales","[""Half masks"",""Full masks""]","[""Semimaschere"",""Maschere integrali""]","""""","""""",""""""
"products","f96da228-9d82-4b55-9ec5-42ff752ea6c7","bls-222","coatings_locales","""""","""""","""""","""""",""""""
"products","f96da228-9d82-4b55-9ec5-42ff752ea6c7","bls-222","eye_face_materials_locales","""""","""""","""""","""""",""""""
"products","f96da228-9d82-4b55-9ec5-42ff752ea6c7","bls-222","head_tech_specs_locales","""""","""""","""""","""""",""""""
"products","f96da228-9d82-4b55-9ec5-42ff752ea6c7","bls-222","clothing_attributes_locales","""""","""""","""""","""""",""""""
"products","3ca418fd-d279-4aff-bbcd-f47a952da88d","bls-225","name_locales","BLS 225","BLS 225","""""","""""",""""""
"products","3ca418fd-d279-4aff-bbcd-f47a952da88d","bls-225","description_locales","Combined filter with b-lock connection and activated carbons","Filtro per Combinati con attacco a baionetta b-lock e carboni attivi","""""","""""",""""""
"products","3ca418fd-d279-4aff-bbcd-f47a952da88d","bls-225","short_description_locales","Filters with b-lock connection.","Filtro con aggancio b-lock","""""","""""",""""""
"products","3ca418fd-d279-4aff-bbcd-f47a952da88d","bls-225","category_locales","Respiratory protection","Protezione vie respiratorie","""""","""""",""""""
"products","3ca418fd-d279-4aff-bbcd-f47a952da88d","bls-225","sub_category_locales","Filters, Cartridges and accessories","Filtri, cartucce e accessori","""""","""""",""""""
"products","3ca418fd-d279-4aff-bbcd-f47a952da88d","bls-225","features_locales","[""Non deformable ABS filter canister avoids air corridors"",""Excellent filtration performance with high-quality activated carbons""]","[""Il contenitore del filtro in ABS non deformabile evita corridoi d’aria"",""Eccellente prestazione di filtrazione grazie a carboni attivi di alta qualità""]","""""","""""",""""""
"products","3ca418fd-d279-4aff-bbcd-f47a952da88d","bls-225","applications_locales","[""Application depends on the filter used (gas, vapor, particulate, combined, etc.)""]","[""L’applicazione dipende dal filtro utilizzato (gas, vapori, particolato, combinato, ecc.)""]","""""","""""",""""""
"products","3ca418fd-d279-4aff-bbcd-f47a952da88d","bls-225","industries_locales","[""Chemical manufacturing"",""paint/spraying"",""metal working"",""welding"",""pharma""]","[""Produzione chimica"",""verniciatura/spruzzatura"",""lavorazione dei metalli"",""saldatura"",""industria farmaceutica""]","""""","""""",""""""
"products","3ca418fd-d279-4aff-bbcd-f47a952da88d","bls-225","tags_locales","[]","[]","""""","""""",""""""
"products","3ca418fd-d279-4aff-bbcd-f47a952da88d","bls-225","size_locales","","","""""","""""",""""""
"products","3ca418fd-d279-4aff-bbcd-f47a952da88d","bls-225","materials_locales","[""ABS"",""Pleated glass fibre"",""Activated carbons grains""]","[""ABS"",""fibra di vetro plissettata"",""granuli di carbone attivo""]","""""","""""",""""""
"products","3ca418fd-d279-4aff-bbcd-f47a952da88d","bls-225","eye_face_comfort_features_locales","""""","""""","""""","""""",""""""
"products","3ca418fd-d279-4aff-bbcd-f47a952da88d","bls-225","eye_face_equipment_locales","""""","""""","""""","""""",""""""
"products","3ca418fd-d279-4aff-bbcd-f47a952da88d","bls-225","head_comfort_features_locales","""""","""""","""""","""""",""""""
"products","3ca418fd-d279-4aff-bbcd-f47a952da88d","bls-225","head_other_details_locales","""""","""""","""""","""""",""""""
"products","3ca418fd-d279-4aff-bbcd-f47a952da88d","bls-225","head_equipment_locales","""""","""""","""""","""""",""""""
"products","3ca418fd-d279-4aff-bbcd-f47a952da88d","bls-225","footwear_comfort_features_locales","""""","""""","""""","""""",""""""
"products","3ca418fd-d279-4aff-bbcd-f47a952da88d","bls-225","hearing_comfort_features_locales","""""","""""","""""","""""",""""""
"products","3ca418fd-d279-4aff-bbcd-f47a952da88d","bls-225","hearing_other_details_locales","""""","""""","""""","""""",""""""
"products","3ca418fd-d279-4aff-bbcd-f47a952da88d","bls-225","hearing_equipment_locales","""""","""""","""""","""""",""""""
"products","3ca418fd-d279-4aff-bbcd-f47a952da88d","bls-225","respiratory_comfort_features_locales","[""test""]","[""testa""]","""""","""""",""""""
"products","3ca418fd-d279-4aff-bbcd-f47a952da88d","bls-225","respiratory_other_details_locales","[""test""]","[""testa""]","""""","""""",""""""
"products","3ca418fd-d279-4aff-bbcd-f47a952da88d","bls-225","respiratory_equipment_locales","[""test""]","[""testa""]","""""","""""",""""""
"products","3ca418fd-d279-4aff-bbcd-f47a952da88d","bls-225","clothing_comfort_features_locales","""""","""""","""""","""""",""""""
"products","3ca418fd-d279-4aff-bbcd-f47a952da88d","bls-225","clothing_other_details_locales","""""","""""","""""","""""",""""""
"products","3ca418fd-d279-4aff-bbcd-f47a952da88d","bls-225","footwear_materials_locales","""""","""""","""""","""""",""""""
"products","3ca418fd-d279-4aff-bbcd-f47a952da88d","bls-225","footwear_special_features_locales","""""","""""","""""","""""",""""""
"products","3ca418fd-d279-4aff-bbcd-f47a952da88d","bls-225","connections_locales","[""B-Lock""]","[""B-Lock""]","""""","""""",""""""
"products","3ca418fd-d279-4aff-bbcd-f47a952da88d","bls-225","compatible_with_locales","[""Half masks"",""Full masks""]","[""Semimaschere"",""Maschere integrali""]","""""","""""",""""""
"products","3ca418fd-d279-4aff-bbcd-f47a952da88d","bls-225","coatings_locales","""""","""""","""""","""""",""""""
"products","3ca418fd-d279-4aff-bbcd-f47a952da88d","bls-225","eye_face_materials_locales","""""","""""","""""","""""",""""""
"products","3ca418fd-d279-4aff-bbcd-f47a952da88d","bls-225","head_tech_specs_locales","""""","""""","""""","""""",""""""
"products","3ca418fd-d279-4aff-bbcd-f47a952da88d","bls-225","clothing_attributes_locales","""""","""""","""""","""""",""""""
"products","11cadd2e-05ac-480b-a2de-786d2729611f","bls-226","name_locales","BLS 226","BLS 226","""""","""""",""""""
"products","11cadd2e-05ac-480b-a2de-786d2729611f","bls-226","description_locales","Combined filter with b-lock connection and activated carbons","Filtro per Combinati con attacco a baionetta b-lock e carboni attivi","""""","""""",""""""
"products","11cadd2e-05ac-480b-a2de-786d2729611f","bls-226","short_description_locales","Filters with b-lock connection.","Filtro con aggancio b-lock","""""","""""",""""""
"products","11cadd2e-05ac-480b-a2de-786d2729611f","bls-226","category_locales","Respiratory protection","Protezione vie respiratorie","""""","""""",""""""
"products","11cadd2e-05ac-480b-a2de-786d2729611f","bls-226","sub_category_locales","Filters, Cartridges and accessories","Filtri, cartucce e accessori","""""","""""",""""""
"products","11cadd2e-05ac-480b-a2de-786d2729611f","bls-226","features_locales","[""Non deformable ABS filter canister avoids air corridors"",""Excellent filtration performance with high-quality activated carbons""]","[""Il contenitore del filtro in ABS non deformabile evita corridoi d’aria"",""Eccellente prestazione di filtrazione grazie a carboni attivi di alta qualità""]","""""","""""",""""""
"products","11cadd2e-05ac-480b-a2de-786d2729611f","bls-226","applications_locales","[""Application depends on the filter used (gas, vapor, particulate, combined, etc.)""]","[""L’applicazione dipende dal filtro utilizzato (gas, vapori, particolato, combinato, ecc.)""]","""""","""""",""""""
"products","11cadd2e-05ac-480b-a2de-786d2729611f","bls-226","industries_locales","[""Chemical manufacturing"",""paint/spraying"",""metal working"",""welding"",""pharma""]","[""Produzione chimica"",""verniciatura/spruzzatura"",""lavorazione dei metalli"",""saldatura"",""industria farmaceutica""]","""""","""""",""""""
"products","11cadd2e-05ac-480b-a2de-786d2729611f","bls-226","tags_locales","[]","[]","""""","""""",""""""
"products","11cadd2e-05ac-480b-a2de-786d2729611f","bls-226","size_locales","","","""""","""""",""""""
"products","11cadd2e-05ac-480b-a2de-786d2729611f","bls-226","materials_locales","[""ABS"",""Pleated glass fibre"",""Activated carbons grains""]","[""ABS"",""fibra di vetro plissettata"",""granuli di carbone attivo""]","""""","""""",""""""
"products","11cadd2e-05ac-480b-a2de-786d2729611f","bls-226","eye_face_comfort_features_locales","""""","""""","""""","""""",""""""
"products","11cadd2e-05ac-480b-a2de-786d2729611f","bls-226","eye_face_equipment_locales","""""","""""","""""","""""",""""""
"products","11cadd2e-05ac-480b-a2de-786d2729611f","bls-226","head_comfort_features_locales","""""","""""","""""","""""",""""""
"products","11cadd2e-05ac-480b-a2de-786d2729611f","bls-226","head_other_details_locales","""""","""""","""""","""""",""""""
"products","11cadd2e-05ac-480b-a2de-786d2729611f","bls-226","head_equipment_locales","""""","""""","""""","""""",""""""
"products","11cadd2e-05ac-480b-a2de-786d2729611f","bls-226","footwear_comfort_features_locales","""""","""""","""""","""""",""""""
"products","11cadd2e-05ac-480b-a2de-786d2729611f","bls-226","hearing_comfort_features_locales","""""","""""","""""","""""",""""""
"products","11cadd2e-05ac-480b-a2de-786d2729611f","bls-226","hearing_other_details_locales","""""","""""","""""","""""",""""""
"products","11cadd2e-05ac-480b-a2de-786d2729611f","bls-226","hearing_equipment_locales","""""","""""","""""","""""",""""""
"products","11cadd2e-05ac-480b-a2de-786d2729611f","bls-226","respiratory_comfort_features_locales","""""","""""","""""","""""",""""""
"products","11cadd2e-05ac-480b-a2de-786d2729611f","bls-226","respiratory_other_details_locales","""""","""""","""""","""""",""""""
"products","11cadd2e-05ac-480b-a2de-786d2729611f","bls-226","respiratory_equipment_locales","""""","""""","""""","""""",""""""
"products","11cadd2e-05ac-480b-a2de-786d2729611f","bls-226","clothing_comfort_features_locales","""""","""""","""""","""""",""""""
"products","11cadd2e-05ac-480b-a2de-786d2729611f","bls-226","clothing_other_details_locales","""""","""""","""""","""""",""""""
"products","11cadd2e-05ac-480b-a2de-786d2729611f","bls-226","footwear_materials_locales","""""","""""","""""","""""",""""""
"products","11cadd2e-05ac-480b-a2de-786d2729611f","bls-226","footwear_special_features_locales","""""","""""","""""","""""",""""""
"products","11cadd2e-05ac-480b-a2de-786d2729611f","bls-226","connections_locales","[""B-Lock""]","[""B-Lock""]","""""","""""",""""""
"products","11cadd2e-05ac-480b-a2de-786d2729611f","bls-226","compatible_with_locales","[""Half masks"",""Full masks""]","[""Semimaschere"",""Maschere integrali""]","""""","""""",""""""
"products","11cadd2e-05ac-480b-a2de-786d2729611f","bls-226","coatings_locales","""""","""""","""""","""""",""""""
"products","11cadd2e-05ac-480b-a2de-786d2729611f","bls-226","eye_face_materials_locales","""""","""""","""""","""""",""""""
"products","11cadd2e-05ac-480b-a2de-786d2729611f","bls-226","head_tech_specs_locales","""""","""""","""""","""""",""""""
"products","11cadd2e-05ac-480b-a2de-786d2729611f","bls-226","clothing_attributes_locales","""""","""""","""""","""""",""""""
"products","ec096311-7603-45a2-a63f-6934f040faf9","bls-227","name_locales","BLS 227","BLS 227","""""","""""",""""""
"products","ec096311-7603-45a2-a63f-6934f040faf9","bls-227","description_locales","Combined filter with b-lock connection and activated carbons","Filtro per Combinati con attacco a baionetta b-lock e carboni attivi","""""","""""",""""""
"products","ec096311-7603-45a2-a63f-6934f040faf9","bls-227","short_description_locales","Filters with b-lock connection.","Filtro con aggancio b-lock","""""","""""",""""""
"products","ec096311-7603-45a2-a63f-6934f040faf9","bls-227","category_locales","Respiratory protection","Protezione vie respiratorie","""""","""""",""""""
"products","ec096311-7603-45a2-a63f-6934f040faf9","bls-227","sub_category_locales","Filters, Cartridges and accessories","Filtri, cartucce e accessori","""""","""""",""""""
"products","ec096311-7603-45a2-a63f-6934f040faf9","bls-227","features_locales","[""Non deformable ABS filter canister avoids air corridors"",""Excellent filtration performance with high-quality activated carbons""]","[""Il contenitore del filtro in ABS non deformabile evita corridoi d’aria"",""Eccellente prestazione di filtrazione grazie a carboni attivi di alta qualità""]","""""","""""",""""""
"products","ec096311-7603-45a2-a63f-6934f040faf9","bls-227","applications_locales","[""Application depends on the filter used (gas, vapor, particulate, combined, etc.)""]","[""L’applicazione dipende dal filtro utilizzato (gas, vapori, particolato, combinato, ecc.)""]","""""","""""",""""""
"products","ec096311-7603-45a2-a63f-6934f040faf9","bls-227","industries_locales","[""Chemical manufacturing"",""paint/spraying"",""metal working"",""welding"",""pharma""]","[""Produzione chimica"",""verniciatura/spruzzatura"",""lavorazione dei metalli"",""saldatura"",""industria farmaceutica""]","""""","""""",""""""
"products","ec096311-7603-45a2-a63f-6934f040faf9","bls-227","tags_locales","[]","[]","""""","""""",""""""
"products","ec096311-7603-45a2-a63f-6934f040faf9","bls-227","size_locales","","","""""","""""",""""""
"products","ec096311-7603-45a2-a63f-6934f040faf9","bls-227","materials_locales","[""ABS"",""Pleated glass fibre"",""Activated carbons grains""]","[""ABS"",""fibra di vetro plissettata"",""granuli di carbone attivo""]","""""","""""",""""""
"products","ec096311-7603-45a2-a63f-6934f040faf9","bls-227","eye_face_comfort_features_locales","""""","""""","""""","""""",""""""
"products","ec096311-7603-45a2-a63f-6934f040faf9","bls-227","eye_face_equipment_locales","""""","""""","""""","""""",""""""
"products","ec096311-7603-45a2-a63f-6934f040faf9","bls-227","head_comfort_features_locales","""""","""""","""""","""""",""""""
"products","ec096311-7603-45a2-a63f-6934f040faf9","bls-227","head_other_details_locales","""""","""""","""""","""""",""""""
"products","ec096311-7603-45a2-a63f-6934f040faf9","bls-227","head_equipment_locales","""""","""""","""""","""""",""""""
"products","ec096311-7603-45a2-a63f-6934f040faf9","bls-227","footwear_comfort_features_locales","""""","""""","""""","""""",""""""
"products","ec096311-7603-45a2-a63f-6934f040faf9","bls-227","hearing_comfort_features_locales","""""","""""","""""","""""",""""""
"products","ec096311-7603-45a2-a63f-6934f040faf9","bls-227","hearing_other_details_locales","""""","""""","""""","""""",""""""
"products","ec096311-7603-45a2-a63f-6934f040faf9","bls-227","hearing_equipment_locales","""""","""""","""""","""""",""""""
"products","ec096311-7603-45a2-a63f-6934f040faf9","bls-227","respiratory_comfort_features_locales","[]","""""","""""","""""",""""""
"products","ec096311-7603-45a2-a63f-6934f040faf9","bls-227","respiratory_other_details_locales","""""","""""","""""","""""",""""""
"products","ec096311-7603-45a2-a63f-6934f040faf9","bls-227","respiratory_equipment_locales","""""","""""","""""","""""",""""""
"products","ec096311-7603-45a2-a63f-6934f040faf9","bls-227","clothing_comfort_features_locales","""""","""""","""""","""""",""""""
"products","ec096311-7603-45a2-a63f-6934f040faf9","bls-227","clothing_other_details_locales","""""","""""","""""","""""",""""""
"products","ec096311-7603-45a2-a63f-6934f040faf9","bls-227","footwear_materials_locales","""""","""""","""""","""""",""""""
"products","ec096311-7603-45a2-a63f-6934f040faf9","bls-227","footwear_special_features_locales","""""","""""","""""","""""",""""""
"products","ec096311-7603-45a2-a63f-6934f040faf9","bls-227","connections_locales","[""B-Lock""]","[""B-Lock""]","""""","""""",""""""
"products","ec096311-7603-45a2-a63f-6934f040faf9","bls-227","compatible_with_locales","[""Half masks"",""Full masks""]","[""Semimaschere"",""Maschere integrali""]","""""","""""",""""""
"products","ec096311-7603-45a2-a63f-6934f040faf9","bls-227","coatings_locales","""""","""""","""""","""""",""""""
"products","ec096311-7603-45a2-a63f-6934f040faf9","bls-227","eye_face_materials_locales","""""","""""","""""","""""",""""""
"products","ec096311-7603-45a2-a63f-6934f040faf9","bls-227","head_tech_specs_locales","""""","""""","""""","""""",""""""
"products","ec096311-7603-45a2-a63f-6934f040faf9","bls-227","clothing_attributes_locales","""""","""""","""""","""""",""""""
"products","b8fcfe3e-5a90-4168-8713-038a93a7d444","bls-242","name_locales","BLS 242","BLS 242","""""","""""",""""""
"products","b8fcfe3e-5a90-4168-8713-038a93a7d444","bls-242","description_locales","""Combined filter with b-lock connection and activated carbons.\nTested on Fluoridric acid""","""Filtro per Combinati con attacco a baionetta b-lock e carboni attivi.\nTestato con acido fluoridrico""","""""","""""",""""""
"products","b8fcfe3e-5a90-4168-8713-038a93a7d444","bls-242","short_description_locales","Combined filter with b-lock connection and activated carbons","Filtro per Combinati con attacco a baionetta b-lock e carboni attivi","""""","""""",""""""
"products","b8fcfe3e-5a90-4168-8713-038a93a7d444","bls-242","category_locales","Respiratory protection","Protezione vie respiratorie","""""","""""",""""""
"products","b8fcfe3e-5a90-4168-8713-038a93a7d444","bls-242","sub_category_locales","Filters, Cartridges and accessories","Filtri, cartucce e accessori","""""","""""",""""""
"products","b8fcfe3e-5a90-4168-8713-038a93a7d444","bls-242","features_locales","[""Non deformable ABS filter canister avoids air corridors"",""Excellent filtration performance with high-quality activated carbons""]","[""Il contenitore del filtro in ABS non deformabile evita corridoi d’aria"",""Eccellente prestazione di filtrazione grazie a carboni attivi di alta qualità""]","""""","""""",""""""
"products","b8fcfe3e-5a90-4168-8713-038a93a7d444","bls-242","applications_locales","[""Application depends on the filter used (gas, vapor, particulate, combined, etc.)""]","[""L’applicazione dipende dal filtro utilizzato (gas, vapori, particolato, combinato, ecc.)""]","""""","""""",""""""
"products","b8fcfe3e-5a90-4168-8713-038a93a7d444","bls-242","industries_locales","[""Chemical manufacturing"",""paint/spraying"",""metal working"",""welding"",""pharma""]","[""Produzione chimica"",""verniciatura/spruzzatura"",""lavorazione dei metalli"",""saldatura"",""industria farmaceutica""]","""""","""""",""""""
"products","b8fcfe3e-5a90-4168-8713-038a93a7d444","bls-242","tags_locales","[]","[]","""""","""""",""""""
"products","b8fcfe3e-5a90-4168-8713-038a93a7d444","bls-242","size_locales","","","""""","""""",""""""
"products","b8fcfe3e-5a90-4168-8713-038a93a7d444","bls-242","materials_locales","[""ABS"",""Pleated glass fibre"",""Activated carbons grains""]","[""ABS"",""fibra di vetro plissettata"",""granuli di carbone attivo""]","""""","""""",""""""
"products","b8fcfe3e-5a90-4168-8713-038a93a7d444","bls-242","eye_face_comfort_features_locales","""""","""""","""""","""""",""""""
"products","b8fcfe3e-5a90-4168-8713-038a93a7d444","bls-242","eye_face_equipment_locales","""""","""""","""""","""""",""""""
"products","b8fcfe3e-5a90-4168-8713-038a93a7d444","bls-242","head_comfort_features_locales","""""","""""","""""","""""",""""""
"products","b8fcfe3e-5a90-4168-8713-038a93a7d444","bls-242","head_other_details_locales","""""","""""","""""","""""",""""""
"products","b8fcfe3e-5a90-4168-8713-038a93a7d444","bls-242","head_equipment_locales","""""","""""","""""","""""",""""""
"products","b8fcfe3e-5a90-4168-8713-038a93a7d444","bls-242","footwear_comfort_features_locales","""""","""""","""""","""""",""""""
"products","b8fcfe3e-5a90-4168-8713-038a93a7d444","bls-242","hearing_comfort_features_locales","""""","""""","""""","""""",""""""
"products","b8fcfe3e-5a90-4168-8713-038a93a7d444","bls-242","hearing_other_details_locales","""""","""""","""""","""""",""""""
"products","b8fcfe3e-5a90-4168-8713-038a93a7d444","bls-242","hearing_equipment_locales","""""","""""","""""","""""",""""""
"products","b8fcfe3e-5a90-4168-8713-038a93a7d444","bls-242","respiratory_comfort_features_locales","""""","""""","""""","""""",""""""
"products","b8fcfe3e-5a90-4168-8713-038a93a7d444","bls-242","respiratory_other_details_locales","""""","""""","""""","""""",""""""
"products","b8fcfe3e-5a90-4168-8713-038a93a7d444","bls-242","respiratory_equipment_locales","""""","""""","""""","""""",""""""
"products","b8fcfe3e-5a90-4168-8713-038a93a7d444","bls-242","clothing_comfort_features_locales","""""","""""","""""","""""",""""""
"products","b8fcfe3e-5a90-4168-8713-038a93a7d444","bls-242","clothing_other_details_locales","""""","""""","""""","""""",""""""
"products","b8fcfe3e-5a90-4168-8713-038a93a7d444","bls-242","footwear_materials_locales","""""","""""","""""","""""",""""""
"products","b8fcfe3e-5a90-4168-8713-038a93a7d444","bls-242","footwear_special_features_locales","""""","""""","""""","""""",""""""
"products","b8fcfe3e-5a90-4168-8713-038a93a7d444","bls-242","connections_locales","[""B-Lock""]","[""B-Lock""]","""""","""""",""""""
"products","b8fcfe3e-5a90-4168-8713-038a93a7d444","bls-242","compatible_with_locales","[""Half masks"",""Full masks""]","[""Semimaschere"",""Maschere integrali""]","""""","""""",""""""
"products","b8fcfe3e-5a90-4168-8713-038a93a7d444","bls-242","coatings_locales","""""","""""","""""","""""",""""""
"products","b8fcfe3e-5a90-4168-8713-038a93a7d444","bls-242","eye_face_materials_locales","""""","""""","""""","""""",""""""
"products","b8fcfe3e-5a90-4168-8713-038a93a7d444","bls-242","head_tech_specs_locales","""""","""""","""""","""""",""""""
"products","b8fcfe3e-5a90-4168-8713-038a93a7d444","bls-242","clothing_attributes_locales","""""","""""","""""","""""",""""""
"products","dbf7dc9b-84d9-41f2-8e3e-95e674c50020","bls-243","name_locales","BLS 243","BLS 243","""""","""""",""""""
"products","dbf7dc9b-84d9-41f2-8e3e-95e674c50020","bls-243","description_locales","""Gasses & Vapours filter with b-lock connection and activated carbons.\nTested on formaldehyde""","""Filtro per Gas & Vapori con attacco a baionetta b-lock e carboni attivi.\nTestato con formaldeide""","""""","""""",""""""
"products","dbf7dc9b-84d9-41f2-8e3e-95e674c50020","bls-243","short_description_locales","Gasses & Vapours filter with b-lock connection and activated carbons.","Filtro per Gas & Vapori con attacco a baionetta b-lock e carboni attivi","""""","""""",""""""
"products","dbf7dc9b-84d9-41f2-8e3e-95e674c50020","bls-243","category_locales","Respiratory protection","Protezione vie respiratorie","""""","""""",""""""
"products","dbf7dc9b-84d9-41f2-8e3e-95e674c50020","bls-243","sub_category_locales","Filters, Cartridges and accessories","Filtri, cartucce e accessori","""""","""""",""""""
"products","dbf7dc9b-84d9-41f2-8e3e-95e674c50020","bls-243","features_locales","[""Non deformable ABS filter canister avoids air corridors"",""Excellent filtration performance with high-quality activated carbons""]","[""Il contenitore del filtro in ABS non deformabile evita corridoi d’aria"",""Eccellente prestazione di filtrazione grazie a carboni attivi di alta qualità""]","""""","""""",""""""
"products","dbf7dc9b-84d9-41f2-8e3e-95e674c50020","bls-243","applications_locales","[""Application depends on the filter used (gas, vapor, particulate, combined, etc.)""]","[""L’applicazione dipende dal filtro utilizzato (gas, vapori, particolato, combinato, ecc.)""]","""""","""""",""""""
"products","dbf7dc9b-84d9-41f2-8e3e-95e674c50020","bls-243","industries_locales","[""Chemical manufacturing"",""paint/spraying"",""metal working"",""welding"",""pharma""]","[""Produzione chimica"",""verniciatura/spruzzatura"",""lavorazione dei metalli"",""saldatura"",""industria farmaceutica""]","""""","""""",""""""
"products","dbf7dc9b-84d9-41f2-8e3e-95e674c50020","bls-243","tags_locales","[]","[]","""""","""""",""""""
"products","dbf7dc9b-84d9-41f2-8e3e-95e674c50020","bls-243","size_locales","","","""""","""""",""""""
"products","dbf7dc9b-84d9-41f2-8e3e-95e674c50020","bls-243","materials_locales","[""ABS"",""Pleated glass fibre"",""Activated carbons grains""]","[""ABS"",""fibra di vetro plissettata"",""granuli di carbone attivo""]","""""","""""",""""""
"products","dbf7dc9b-84d9-41f2-8e3e-95e674c50020","bls-243","eye_face_comfort_features_locales","""""","""""","""""","""""",""""""
"products","dbf7dc9b-84d9-41f2-8e3e-95e674c50020","bls-243","eye_face_equipment_locales","""""","""""","""""","""""",""""""
"products","dbf7dc9b-84d9-41f2-8e3e-95e674c50020","bls-243","head_comfort_features_locales","""""","""""","""""","""""",""""""
"products","dbf7dc9b-84d9-41f2-8e3e-95e674c50020","bls-243","head_other_details_locales","""""","""""","""""","""""",""""""
"products","dbf7dc9b-84d9-41f2-8e3e-95e674c50020","bls-243","head_equipment_locales","""""","""""","""""","""""",""""""
"products","dbf7dc9b-84d9-41f2-8e3e-95e674c50020","bls-243","footwear_comfort_features_locales","""""","""""","""""","""""",""""""
"products","dbf7dc9b-84d9-41f2-8e3e-95e674c50020","bls-243","hearing_comfort_features_locales","""""","""""","""""","""""",""""""
"products","dbf7dc9b-84d9-41f2-8e3e-95e674c50020","bls-243","hearing_other_details_locales","""""","""""","""""","""""",""""""
"products","dbf7dc9b-84d9-41f2-8e3e-95e674c50020","bls-243","hearing_equipment_locales","""""","""""","""""","""""",""""""
"products","dbf7dc9b-84d9-41f2-8e3e-95e674c50020","bls-243","respiratory_comfort_features_locales","""""","""""","""""","""""",""""""
"products","dbf7dc9b-84d9-41f2-8e3e-95e674c50020","bls-243","respiratory_other_details_locales","""""","""""","""""","""""",""""""
"products","dbf7dc9b-84d9-41f2-8e3e-95e674c50020","bls-243","respiratory_equipment_locales","""""","""""","""""","""""",""""""
"products","dbf7dc9b-84d9-41f2-8e3e-95e674c50020","bls-243","clothing_comfort_features_locales","""""","""""","""""","""""",""""""
"products","dbf7dc9b-84d9-41f2-8e3e-95e674c50020","bls-243","clothing_other_details_locales","""""","""""","""""","""""",""""""
"products","dbf7dc9b-84d9-41f2-8e3e-95e674c50020","bls-243","footwear_materials_locales","""""","""""","""""","""""",""""""
"products","dbf7dc9b-84d9-41f2-8e3e-95e674c50020","bls-243","footwear_special_features_locales","""""","""""","""""","""""",""""""
"products","dbf7dc9b-84d9-41f2-8e3e-95e674c50020","bls-243","connections_locales","[""B-Lock""]","[""B-Lock""]","""""","""""",""""""
"products","dbf7dc9b-84d9-41f2-8e3e-95e674c50020","bls-243","compatible_with_locales","[""Half masks"",""Full masks""]","[""Semimaschere"",""Maschere integrali""]","""""","""""",""""""
"products","dbf7dc9b-84d9-41f2-8e3e-95e674c50020","bls-243","coatings_locales","""""","""""","""""","""""",""""""
"products","dbf7dc9b-84d9-41f2-8e3e-95e674c50020","bls-243","eye_face_materials_locales","""""","""""","""""","""""",""""""
"products","dbf7dc9b-84d9-41f2-8e3e-95e674c50020","bls-243","head_tech_specs_locales","""""","""""","""""","""""",""""""
"products","dbf7dc9b-84d9-41f2-8e3e-95e674c50020","bls-243","clothing_attributes_locales","""""","""""","""""","""""",""""""
"products","2f232f95-e329-4837-b565-15f7bcfe77c8","bls-244","name_locales","BLS 244","BLS 244","""""","""""",""""""
"products","2f232f95-e329-4837-b565-15f7bcfe77c8","bls-244","description_locales","""Gasses & Vapours filter with b-lock connection and activated carbons.\nTested on formaldehyde""","""Filtro per Gas & Vapori con attacco a baionetta b-lock e carboni attivi.\nTestato con formaldeide""","""""","""""",""""""
"products","2f232f95-e329-4837-b565-15f7bcfe77c8","bls-244","short_description_locales","Gasses & Vapours filter with b-lock connection and activated carbons.","Filtro per Gas & Vapori con attacco a baionetta b-lock e carboni attivi","""""","""""",""""""
"products","2f232f95-e329-4837-b565-15f7bcfe77c8","bls-244","category_locales","Respiratory protection","Protezione vie respiratorie","""""","""""",""""""
"products","2f232f95-e329-4837-b565-15f7bcfe77c8","bls-244","sub_category_locales","Filters, Cartridges and accessories","Filtri, cartucce e accessori","""""","""""",""""""
"products","2f232f95-e329-4837-b565-15f7bcfe77c8","bls-244","features_locales","[""Non deformable ABS filter canister avoids air corridors"",""Excellent filtration performance with high-quality activated carbons""]","[""Il contenitore del filtro in ABS non deformabile evita corridoi d’aria"",""Eccellente prestazione di filtrazione grazie a carboni attivi di alta qualità""]","""""","""""",""""""
"products","2f232f95-e329-4837-b565-15f7bcfe77c8","bls-244","applications_locales","[""Application depends on the filter used (gas, vapor, particulate, combined, etc.)""]","[""L’applicazione dipende dal filtro utilizzato (gas, vapori, particolato, combinato, ecc.)""]","""""","""""",""""""
"products","2f232f95-e329-4837-b565-15f7bcfe77c8","bls-244","industries_locales","[""Chemical manufacturing"",""paint/spraying"",""metal working"",""welding"",""pharma""]","[""Produzione chimica"",""verniciatura/spruzzatura"",""lavorazione dei metalli"",""saldatura"",""industria farmaceutica""]","""""","""""",""""""
"products","2f232f95-e329-4837-b565-15f7bcfe77c8","bls-244","tags_locales","[]","[]","""""","""""",""""""
"products","2f232f95-e329-4837-b565-15f7bcfe77c8","bls-244","size_locales","","","""""","""""",""""""
"products","2f232f95-e329-4837-b565-15f7bcfe77c8","bls-244","materials_locales","[""ABS"",""Pleated glass fibre"",""Activated carbons grains""]","[""ABS"",""fibra di vetro plissettata"",""granuli di carbone attivo""]","""""","""""",""""""
"products","2f232f95-e329-4837-b565-15f7bcfe77c8","bls-244","eye_face_comfort_features_locales","""""","""""","""""","""""",""""""
"products","2f232f95-e329-4837-b565-15f7bcfe77c8","bls-244","eye_face_equipment_locales","""""","""""","""""","""""",""""""
"products","2f232f95-e329-4837-b565-15f7bcfe77c8","bls-244","head_comfort_features_locales","""""","""""","""""","""""",""""""
"products","2f232f95-e329-4837-b565-15f7bcfe77c8","bls-244","head_other_details_locales","""""","""""","""""","""""",""""""
"products","2f232f95-e329-4837-b565-15f7bcfe77c8","bls-244","head_equipment_locales","""""","""""","""""","""""",""""""
"products","2f232f95-e329-4837-b565-15f7bcfe77c8","bls-244","footwear_comfort_features_locales","""""","""""","""""","""""",""""""
"products","2f232f95-e329-4837-b565-15f7bcfe77c8","bls-244","hearing_comfort_features_locales","""""","""""","""""","""""",""""""
"products","2f232f95-e329-4837-b565-15f7bcfe77c8","bls-244","hearing_other_details_locales","""""","""""","""""","""""",""""""
"products","2f232f95-e329-4837-b565-15f7bcfe77c8","bls-244","hearing_equipment_locales","""""","""""","""""","""""",""""""
"products","2f232f95-e329-4837-b565-15f7bcfe77c8","bls-244","respiratory_comfort_features_locales","""""","""""","""""","""""",""""""
"products","2f232f95-e329-4837-b565-15f7bcfe77c8","bls-244","respiratory_other_details_locales","""""","""""","""""","""""",""""""
"products","2f232f95-e329-4837-b565-15f7bcfe77c8","bls-244","respiratory_equipment_locales","""""","""""","""""","""""",""""""
"products","2f232f95-e329-4837-b565-15f7bcfe77c8","bls-244","clothing_comfort_features_locales","""""","""""","""""","""""",""""""
"products","2f232f95-e329-4837-b565-15f7bcfe77c8","bls-244","clothing_other_details_locales","""""","""""","""""","""""",""""""
"products","2f232f95-e329-4837-b565-15f7bcfe77c8","bls-244","footwear_materials_locales","""""","""""","""""","""""",""""""
"products","2f232f95-e329-4837-b565-15f7bcfe77c8","bls-244","footwear_special_features_locales","""""","""""","""""","""""",""""""
"products","2f232f95-e329-4837-b565-15f7bcfe77c8","bls-244","connections_locales","[""B-Lock""]","[""B-Lock""]","""""","""""",""""""
"products","2f232f95-e329-4837-b565-15f7bcfe77c8","bls-244","compatible_with_locales","[""Half masks"",""Full masks""]","[""Semimaschere"",""Maschere integrali""]","""""","""""",""""""
"products","2f232f95-e329-4837-b565-15f7bcfe77c8","bls-244","coatings_locales","""""","""""","""""","""""",""""""
"products","2f232f95-e329-4837-b565-15f7bcfe77c8","bls-244","eye_face_materials_locales","""""","""""","""""","""""",""""""
"products","2f232f95-e329-4837-b565-15f7bcfe77c8","bls-244","head_tech_specs_locales","""""","""""","""""","""""",""""""
"products","2f232f95-e329-4837-b565-15f7bcfe77c8","bls-244","clothing_attributes_locales","""""","""""","""""","""""",""""""
"products","3bf24510-1f6e-45bc-94d1-daef3bfed67e","bls-253","name_locales","BLS 253","BLS 253","""""","""""",""""""
"products","3bf24510-1f6e-45bc-94d1-daef3bfed67e","bls-253","description_locales","Combined filter with b-lock connection and activated carbons","Filtro per Combinati con attacco a baionetta b-lock e carboni attivi","""""","""""",""""""
"products","3bf24510-1f6e-45bc-94d1-daef3bfed67e","bls-253","short_description_locales","Combined filter with b-lock connection and activated carbons.","Filtro per Combinati con attacco a baionetta b-lock e carboni attivi","""""","""""",""""""
"products","3bf24510-1f6e-45bc-94d1-daef3bfed67e","bls-253","category_locales","Respiratory protection","Protezione vie respiratorie","""""","""""",""""""
"products","3bf24510-1f6e-45bc-94d1-daef3bfed67e","bls-253","sub_category_locales","Filters, Cartridges and accessories","Filtri, cartucce e accessori","""""","""""",""""""
"products","3bf24510-1f6e-45bc-94d1-daef3bfed67e","bls-253","features_locales","[""Non deformable ABS filter canister avoids air corridors"",""Excellent filtration performance with high-quality activated carbons""]","[""Il contenitore del filtro in ABS non deformabile evita corridoi d’aria"",""Eccellente prestazione di filtrazione grazie a carboni attivi di alta qualità""]","""""","""""",""""""
"products","3bf24510-1f6e-45bc-94d1-daef3bfed67e","bls-253","applications_locales","[""Application depends on the filter used (gas, vapor, particulate, combined, etc.)""]","[""L’applicazione dipende dal filtro utilizzato (gas, vapori, particolato, combinato, ecc.)""]","""""","""""",""""""
"products","3bf24510-1f6e-45bc-94d1-daef3bfed67e","bls-253","industries_locales","[""Chemical manufacturing"",""paint/spraying"",""metal working"",""welding"",""pharma""]","[""Produzione chimica"",""verniciatura/spruzzatura"",""lavorazione dei metalli"",""saldatura"",""industria farmaceutica""]","""""","""""",""""""
"products","3bf24510-1f6e-45bc-94d1-daef3bfed67e","bls-253","tags_locales","[]","[]","""""","""""",""""""
"products","3bf24510-1f6e-45bc-94d1-daef3bfed67e","bls-253","size_locales","","","""""","""""",""""""
"products","3bf24510-1f6e-45bc-94d1-daef3bfed67e","bls-253","materials_locales","[""ABS"",""Pleated glass fibre"",""Activated carbons grains""]","[""ABS"",""fibra di vetro plissettata"",""granuli di carbone attivo""]","""""","""""",""""""
"products","3bf24510-1f6e-45bc-94d1-daef3bfed67e","bls-253","eye_face_comfort_features_locales","""""","""""","""""","""""",""""""
"products","3bf24510-1f6e-45bc-94d1-daef3bfed67e","bls-253","eye_face_equipment_locales","""""","""""","""""","""""",""""""
"products","3bf24510-1f6e-45bc-94d1-daef3bfed67e","bls-253","head_comfort_features_locales","""""","""""","""""","""""",""""""
"products","3bf24510-1f6e-45bc-94d1-daef3bfed67e","bls-253","head_other_details_locales","""""","""""","""""","""""",""""""
"products","3bf24510-1f6e-45bc-94d1-daef3bfed67e","bls-253","head_equipment_locales","""""","""""","""""","""""",""""""
"products","3bf24510-1f6e-45bc-94d1-daef3bfed67e","bls-253","footwear_comfort_features_locales","""""","""""","""""","""""",""""""
"products","3bf24510-1f6e-45bc-94d1-daef3bfed67e","bls-253","hearing_comfort_features_locales","""""","""""","""""","""""",""""""
"products","3bf24510-1f6e-45bc-94d1-daef3bfed67e","bls-253","hearing_other_details_locales","""""","""""","""""","""""",""""""
"products","3bf24510-1f6e-45bc-94d1-daef3bfed67e","bls-253","hearing_equipment_locales","""""","""""","""""","""""",""""""
"products","3bf24510-1f6e-45bc-94d1-daef3bfed67e","bls-253","respiratory_comfort_features_locales","""""","""""","""""","""""",""""""
"products","3bf24510-1f6e-45bc-94d1-daef3bfed67e","bls-253","respiratory_other_details_locales","""""","""""","""""","""""",""""""
"products","3bf24510-1f6e-45bc-94d1-daef3bfed67e","bls-253","respiratory_equipment_locales","""""","""""","""""","""""",""""""
"products","3bf24510-1f6e-45bc-94d1-daef3bfed67e","bls-253","clothing_comfort_features_locales","""""","""""","""""","""""",""""""
"products","3bf24510-1f6e-45bc-94d1-daef3bfed67e","bls-253","clothing_other_details_locales","""""","""""","""""","""""",""""""
"products","3bf24510-1f6e-45bc-94d1-daef3bfed67e","bls-253","footwear_materials_locales","""""","""""","""""","""""",""""""
"products","3bf24510-1f6e-45bc-94d1-daef3bfed67e","bls-253","footwear_special_features_locales","""""","""""","""""","""""",""""""
"products","3bf24510-1f6e-45bc-94d1-daef3bfed67e","bls-253","connections_locales","[""B-Lock""]","[""B-Lock""]","""""","""""",""""""
"products","3bf24510-1f6e-45bc-94d1-daef3bfed67e","bls-253","compatible_with_locales","[""Half masks"",""Full masks""]","[""Semimaschere"",""Maschere integrali""]","""""","""""",""""""
"products","3bf24510-1f6e-45bc-94d1-daef3bfed67e","bls-253","coatings_locales","""""","""""","""""","""""",""""""
"products","3bf24510-1f6e-45bc-94d1-daef3bfed67e","bls-253","eye_face_materials_locales","""""","""""","""""","""""",""""""
"products","3bf24510-1f6e-45bc-94d1-daef3bfed67e","bls-253","head_tech_specs_locales","""""","""""","""""","""""",""""""
"products","3bf24510-1f6e-45bc-94d1-daef3bfed67e","bls-253","clothing_attributes_locales","""""","""""","""""","""""",""""""
"products","11637dbb-5ce2-4b10-9d51-cad8cdaea0fb","bls-254","name_locales","BLS 254","BLS 254","""""","""""",""""""
"products","11637dbb-5ce2-4b10-9d51-cad8cdaea0fb","bls-254","description_locales","Combined filter with b-lock connection and activated carbons","Filtro per Combinati con attacco a baionetta b-lock e carboni attivi","""""","""""",""""""
"products","11637dbb-5ce2-4b10-9d51-cad8cdaea0fb","bls-254","short_description_locales","Combined filter with b-lock connection and activated carbons.","Filtro per Combinati con attacco a baionetta b-lock e carboni attivi","""""","""""",""""""
"products","11637dbb-5ce2-4b10-9d51-cad8cdaea0fb","bls-254","category_locales","Respiratory protection","Protezione vie respiratorie","""""","""""",""""""
"products","11637dbb-5ce2-4b10-9d51-cad8cdaea0fb","bls-254","sub_category_locales","Filters, Cartridges and accessories","Filtri, cartucce e accessori","""""","""""",""""""
"products","11637dbb-5ce2-4b10-9d51-cad8cdaea0fb","bls-254","features_locales","[""Non deformable ABS filter canister avoids air corridors"",""Excellent filtration performance with high-quality activated carbons""]","[""Il contenitore del filtro in ABS non deformabile evita corridoi d’aria"",""Eccellente prestazione di filtrazione grazie a carboni attivi di alta qualità""]","""""","""""",""""""
"products","11637dbb-5ce2-4b10-9d51-cad8cdaea0fb","bls-254","applications_locales","[""Application depends on the filter used (gas, vapor, particulate, combined, etc.)""]","[""L’applicazione dipende dal filtro utilizzato (gas, vapori, particolato, combinato, ecc.)""]","""""","""""",""""""
"products","11637dbb-5ce2-4b10-9d51-cad8cdaea0fb","bls-254","industries_locales","[""Chemical manufacturing"",""paint/spraying"",""metal working"",""welding"",""pharma""]","[""Produzione chimica"",""verniciatura/spruzzatura"",""lavorazione dei metalli"",""saldatura"",""industria farmaceutica""]","""""","""""",""""""
"products","11637dbb-5ce2-4b10-9d51-cad8cdaea0fb","bls-254","tags_locales","[]","[]","""""","""""",""""""
"products","11637dbb-5ce2-4b10-9d51-cad8cdaea0fb","bls-254","size_locales","","","""""","""""",""""""
"products","11637dbb-5ce2-4b10-9d51-cad8cdaea0fb","bls-254","materials_locales","[""ABS"",""Pleated glass fibre"",""Activated carbons grains""]","[""ABS"",""fibra di vetro plissettata"",""granuli di carbone attivo""]","""""","""""",""""""
"products","11637dbb-5ce2-4b10-9d51-cad8cdaea0fb","bls-254","eye_face_comfort_features_locales","""""","""""","""""","""""",""""""
"products","11637dbb-5ce2-4b10-9d51-cad8cdaea0fb","bls-254","eye_face_equipment_locales","""""","""""","""""","""""",""""""
"products","11637dbb-5ce2-4b10-9d51-cad8cdaea0fb","bls-254","head_comfort_features_locales","""""","""""","""""","""""",""""""
"products","11637dbb-5ce2-4b10-9d51-cad8cdaea0fb","bls-254","head_other_details_locales","""""","""""","""""","""""",""""""
"products","11637dbb-5ce2-4b10-9d51-cad8cdaea0fb","bls-254","head_equipment_locales","""""","""""","""""","""""",""""""
"products","11637dbb-5ce2-4b10-9d51-cad8cdaea0fb","bls-254","footwear_comfort_features_locales","""""","""""","""""","""""",""""""
"products","11637dbb-5ce2-4b10-9d51-cad8cdaea0fb","bls-254","hearing_comfort_features_locales","""""","""""","""""","""""",""""""
"products","11637dbb-5ce2-4b10-9d51-cad8cdaea0fb","bls-254","hearing_other_details_locales","""""","""""","""""","""""",""""""
"products","11637dbb-5ce2-4b10-9d51-cad8cdaea0fb","bls-254","hearing_equipment_locales","""""","""""","""""","""""",""""""
"products","11637dbb-5ce2-4b10-9d51-cad8cdaea0fb","bls-254","respiratory_comfort_features_locales","""""","""""","""""","""""",""""""
"products","11637dbb-5ce2-4b10-9d51-cad8cdaea0fb","bls-254","respiratory_other_details_locales","""""","""""","""""","""""",""""""
"products","11637dbb-5ce2-4b10-9d51-cad8cdaea0fb","bls-254","respiratory_equipment_locales","""""","""""","""""","""""",""""""
"products","11637dbb-5ce2-4b10-9d51-cad8cdaea0fb","bls-254","clothing_comfort_features_locales","""""","""""","""""","""""",""""""
"products","11637dbb-5ce2-4b10-9d51-cad8cdaea0fb","bls-254","clothing_other_details_locales","""""","""""","""""","""""",""""""
"products","11637dbb-5ce2-4b10-9d51-cad8cdaea0fb","bls-254","footwear_materials_locales","""""","""""","""""","""""",""""""
"products","11637dbb-5ce2-4b10-9d51-cad8cdaea0fb","bls-254","footwear_special_features_locales","""""","""""","""""","""""",""""""
"products","11637dbb-5ce2-4b10-9d51-cad8cdaea0fb","bls-254","connections_locales","[""B-Lock""]","[""B-Lock""]","""""","""""",""""""
"products","11637dbb-5ce2-4b10-9d51-cad8cdaea0fb","bls-254","compatible_with_locales","[""Half masks"",""Full masks""]","[""Semimaschere"",""Maschere integrali""]","""""","""""",""""""
"products","11637dbb-5ce2-4b10-9d51-cad8cdaea0fb","bls-254","coatings_locales","""""","""""","""""","""""",""""""
"products","11637dbb-5ce2-4b10-9d51-cad8cdaea0fb","bls-254","eye_face_materials_locales","""""","""""","""""","""""",""""""
"products","11637dbb-5ce2-4b10-9d51-cad8cdaea0fb","bls-254","head_tech_specs_locales","""""","""""","""""","""""",""""""
"products","11637dbb-5ce2-4b10-9d51-cad8cdaea0fb","bls-254","clothing_attributes_locales","""""","""""","""""","""""",""""""
"products","3dbde19c-6ef2-4154-9729-94fbc57e11fb","bls-4000-next-s","name_locales","BLS 4000 next S","","""""","""""",""""""
"products","3dbde19c-6ef2-4154-9729-94fbc57e11fb","bls-4000-next-s","description_locales","b-lock half mask compatible BLS 200 and BLS 400 Filters","","""""","""""",""""""
"products","3dbde19c-6ef2-4154-9729-94fbc57e11fb","bls-4000-next-s","short_description_locales","Half mask","","""""","""""",""""""
"products","3dbde19c-6ef2-4154-9729-94fbc57e11fb","bls-4000-next-s","category_locales","Respiratory Protection","Protezione respiratoria","""""","""""",""""""
"products","3dbde19c-6ef2-4154-9729-94fbc57e11fb","bls-4000-next-s","sub_category_locales","Half masks","","""""","""""",""""""
"products","3dbde19c-6ef2-4154-9729-94fbc57e11fb","bls-4000-next-s","features_locales","[""Protection against all contaminants in combination with appropriate filter""]","[]","""""","""""",""""""
"products","3dbde19c-6ef2-4154-9729-94fbc57e11fb","bls-4000-next-s","applications_locales","[]","[]","""""","""""",""""""
"products","3dbde19c-6ef2-4154-9729-94fbc57e11fb","bls-4000-next-s","industries_locales","[]","[]","""""","""""",""""""
"products","3dbde19c-6ef2-4154-9729-94fbc57e11fb","bls-4000-next-s","tags_locales","[]","[]","""""","""""",""""""
"products","3dbde19c-6ef2-4154-9729-94fbc57e11fb","bls-4000-next-s","size_locales","S/M - M/L","","""""","""""",""""""
"products","3dbde19c-6ef2-4154-9729-94fbc57e11fb","bls-4000-next-s","materials_locales","[""Silicone""]","[]","""""","""""",""""""
"products","3dbde19c-6ef2-4154-9729-94fbc57e11fb","bls-4000-next-s","eye_face_comfort_features_locales","""""","""""","""""","""""",""""""
"products","3dbde19c-6ef2-4154-9729-94fbc57e11fb","bls-4000-next-s","eye_face_equipment_locales","""""","""""","""""","""""",""""""
"products","3dbde19c-6ef2-4154-9729-94fbc57e11fb","bls-4000-next-s","head_comfort_features_locales","""""","""""","""""","""""",""""""
"products","3dbde19c-6ef2-4154-9729-94fbc57e11fb","bls-4000-next-s","head_other_details_locales","""""","""""","""""","""""",""""""
"products","3dbde19c-6ef2-4154-9729-94fbc57e11fb","bls-4000-next-s","head_equipment_locales","""""","""""","""""","""""",""""""
"products","3dbde19c-6ef2-4154-9729-94fbc57e11fb","bls-4000-next-s","footwear_comfort_features_locales","""""","""""","""""","""""",""""""
"products","3dbde19c-6ef2-4154-9729-94fbc57e11fb","bls-4000-next-s","hearing_comfort_features_locales","""""","""""","""""","""""",""""""
"products","3dbde19c-6ef2-4154-9729-94fbc57e11fb","bls-4000-next-s","hearing_other_details_locales","""""","""""","""""","""""",""""""
"products","3dbde19c-6ef2-4154-9729-94fbc57e11fb","bls-4000-next-s","hearing_equipment_locales","""""","""""","""""","""""",""""""
"products","3dbde19c-6ef2-4154-9729-94fbc57e11fb","bls-4000-next-s","respiratory_comfort_features_locales","[""Available in two sizes (S/M and M/L)"",""Drop-off mask with quick attachment and release system""]","[]","""""","""""",""""""
"products","3dbde19c-6ef2-4154-9729-94fbc57e11fb","bls-4000-next-s","respiratory_other_details_locales","[""Easy and fast maintenance""]","[]","""""","""""",""""""
"products","3dbde19c-6ef2-4154-9729-94fbc57e11fb","bls-4000-next-s","respiratory_equipment_locales","[""Drop-off lace""]","[]","""""","""""",""""""
"products","3dbde19c-6ef2-4154-9729-94fbc57e11fb","bls-4000-next-s","clothing_comfort_features_locales","""""","""""","""""","""""",""""""
"products","3dbde19c-6ef2-4154-9729-94fbc57e11fb","bls-4000-next-s","clothing_other_details_locales","""""","""""","""""","""""",""""""
"products","3dbde19c-6ef2-4154-9729-94fbc57e11fb","bls-4000-next-s","footwear_materials_locales","""""","""""","""""","""""",""""""
"products","3dbde19c-6ef2-4154-9729-94fbc57e11fb","bls-4000-next-s","footwear_special_features_locales","""""","""""","""""","""""",""""""
"products","3dbde19c-6ef2-4154-9729-94fbc57e11fb","bls-4000-next-s","connections_locales","[""B-Lock""]","[""B-Lock""]","""""","""""",""""""
"products","3dbde19c-6ef2-4154-9729-94fbc57e11fb","bls-4000-next-s","compatible_with_locales","[""BLS 200 Filters""]","[""Filtri BLS 200""]","""""","""""",""""""
"products","3dbde19c-6ef2-4154-9729-94fbc57e11fb","bls-4000-next-s","coatings_locales","""""","""""","""""","""""",""""""
"products","3dbde19c-6ef2-4154-9729-94fbc57e11fb","bls-4000-next-s","eye_face_materials_locales","""""","""""","""""","""""",""""""
"products","3dbde19c-6ef2-4154-9729-94fbc57e11fb","bls-4000-next-s","head_tech_specs_locales","""""","""""","""""","""""",""""""
"products","3dbde19c-6ef2-4154-9729-94fbc57e11fb","bls-4000-next-s","clothing_attributes_locales","""""","""""","""""","""""",""""""
"products","98f0e0c0-2ca7-40d0-ae05-9a4cb701c10d","bls-411","name_locales","BLS 411","BLS 411","""""","""""",""""""
"products","98f0e0c0-2ca7-40d0-ae05-9a4cb701c10d","bls-411","description_locales","Gasses & Vapours filter with universal RD40 connection and activated carbons","Filtro per Gas & Vapori con attacco universale RD40 e carboni attivi","""""","""""",""""""
"products","98f0e0c0-2ca7-40d0-ae05-9a4cb701c10d","bls-411","short_description_locales","Universal RD40 filter","Filtro con aggancio universale RD40","""""","""""",""""""
"products","98f0e0c0-2ca7-40d0-ae05-9a4cb701c10d","bls-411","category_locales","Respiratory protection","Protezione vie respiratorie","""""","""""",""""""
"products","98f0e0c0-2ca7-40d0-ae05-9a4cb701c10d","bls-411","sub_category_locales","Filters, Cartridges and accessories","Filtri, cartucce e accessori","""""","""""",""""""
"products","98f0e0c0-2ca7-40d0-ae05-9a4cb701c10d","bls-411","features_locales","[""Standard thread connection according to EN 148-1, universal across all respiratory protection devices""]","[""Connessione filettata standard secondo EN 148-1, universale per tutti i dispositivi di protezione respiratoria""]","""""","""""",""""""
"products","98f0e0c0-2ca7-40d0-ae05-9a4cb701c10d","bls-411","applications_locales","[""Application depends on the filter used (gas, vapour, particulate, combined, etc.)""]","[""L’applicazione dipende dal filtro utilizzato (gas, vapori, particolato, combinato, ecc.)""]","""""","""""",""""""
"products","98f0e0c0-2ca7-40d0-ae05-9a4cb701c10d","bls-411","industries_locales","[""Chemical manufacturing"",""paint/spraying"",""metal working"",""welding"",""pharma""]","[""Produzione chimica"",""verniciatura/spruzzatura"",""lavorazione dei metalli"",""saldatura"",""industria farmaceutica""]","""""","""""",""""""
"products","98f0e0c0-2ca7-40d0-ae05-9a4cb701c10d","bls-411","tags_locales","[]","[]","""""","""""",""""""
"products","98f0e0c0-2ca7-40d0-ae05-9a4cb701c10d","bls-411","size_locales","","","""""","""""",""""""
"products","98f0e0c0-2ca7-40d0-ae05-9a4cb701c10d","bls-411","materials_locales","[""ABS"",""Pleated fiber mesh"",""Activated carbons grains""]","[""ABS"",""rete a fibre plissettate"",""granuli di carbone attivo""]","""""","""""",""""""
"products","98f0e0c0-2ca7-40d0-ae05-9a4cb701c10d","bls-411","eye_face_comfort_features_locales","""""","""""","""""","""""",""""""
"products","98f0e0c0-2ca7-40d0-ae05-9a4cb701c10d","bls-411","eye_face_equipment_locales","""""","""""","""""","""""",""""""
"products","98f0e0c0-2ca7-40d0-ae05-9a4cb701c10d","bls-411","head_comfort_features_locales","""""","""""","""""","""""",""""""
"products","98f0e0c0-2ca7-40d0-ae05-9a4cb701c10d","bls-411","head_other_details_locales","""""","""""","""""","""""",""""""
"products","98f0e0c0-2ca7-40d0-ae05-9a4cb701c10d","bls-411","head_equipment_locales","""""","""""","""""","""""",""""""
"products","98f0e0c0-2ca7-40d0-ae05-9a4cb701c10d","bls-411","footwear_comfort_features_locales","""""","""""","""""","""""",""""""
"products","98f0e0c0-2ca7-40d0-ae05-9a4cb701c10d","bls-411","hearing_comfort_features_locales","""""","""""","""""","""""",""""""
"products","98f0e0c0-2ca7-40d0-ae05-9a4cb701c10d","bls-411","hearing_other_details_locales","""""","""""","""""","""""",""""""
"products","98f0e0c0-2ca7-40d0-ae05-9a4cb701c10d","bls-411","hearing_equipment_locales","""""","""""","""""","""""",""""""
"products","98f0e0c0-2ca7-40d0-ae05-9a4cb701c10d","bls-411","respiratory_comfort_features_locales","""""","""""","""""","""""",""""""
"products","98f0e0c0-2ca7-40d0-ae05-9a4cb701c10d","bls-411","respiratory_other_details_locales","""""","""""","""""","""""",""""""
"products","98f0e0c0-2ca7-40d0-ae05-9a4cb701c10d","bls-411","respiratory_equipment_locales","""""","""""","""""","""""",""""""
"products","98f0e0c0-2ca7-40d0-ae05-9a4cb701c10d","bls-411","clothing_comfort_features_locales","""""","""""","""""","""""",""""""
"products","98f0e0c0-2ca7-40d0-ae05-9a4cb701c10d","bls-411","clothing_other_details_locales","""""","""""","""""","""""",""""""
"products","98f0e0c0-2ca7-40d0-ae05-9a4cb701c10d","bls-411","footwear_materials_locales","""""","""""","""""","""""",""""""
"products","98f0e0c0-2ca7-40d0-ae05-9a4cb701c10d","bls-411","footwear_special_features_locales","""""","""""","""""","""""",""""""
"products","98f0e0c0-2ca7-40d0-ae05-9a4cb701c10d","bls-411","connections_locales","[""Universal (RD40)""]","[""Universal (RD40)""]","""""","""""",""""""
"products","98f0e0c0-2ca7-40d0-ae05-9a4cb701c10d","bls-411","compatible_with_locales","[""Half masks"",""Full masks""]","[""Semimaschere"",""Maschere integrali""]","""""","""""",""""""
"products","98f0e0c0-2ca7-40d0-ae05-9a4cb701c10d","bls-411","coatings_locales","""""","""""","""""","""""",""""""
"products","98f0e0c0-2ca7-40d0-ae05-9a4cb701c10d","bls-411","eye_face_materials_locales","""""","""""","""""","""""",""""""
"products","98f0e0c0-2ca7-40d0-ae05-9a4cb701c10d","bls-411","head_tech_specs_locales","""""","""""","""""","""""",""""""
"products","98f0e0c0-2ca7-40d0-ae05-9a4cb701c10d","bls-411","clothing_attributes_locales","""""","""""","""""","""""",""""""
"products","5989b386-e80b-4d52-aa1c-3d36f9102836","bls-412","name_locales","BLS 412","BLS 412","""""","""""",""""""
"products","5989b386-e80b-4d52-aa1c-3d36f9102836","bls-412","description_locales","Gasses & Vapours filter with universal RD40 connection and activated carbons","Filtro per Gas & Vapori con attacco universale RD40 b-lock e carboni attivi","""""","""""",""""""
"products","5989b386-e80b-4d52-aa1c-3d36f9102836","bls-412","short_description_locales","Universal RD40 filter","Filtro con aggancio universale RD40","""""","""""",""""""
"products","5989b386-e80b-4d52-aa1c-3d36f9102836","bls-412","category_locales","Respiratory protection","Protezione vie respiratorie","""""","""""",""""""
"products","5989b386-e80b-4d52-aa1c-3d36f9102836","bls-412","sub_category_locales","Filters, Cartridges and accessories","Filtri, cartucce e accessori","""""","""""",""""""
"products","5989b386-e80b-4d52-aa1c-3d36f9102836","bls-412","features_locales","[""Standard thread connection according to EN 148-1, universal across all respiratory protection devices""]","[""Connessione filettata standard secondo EN 148-1, universale per tutti i dispositivi di protezione respiratoria""]","""""","""""",""""""
"products","5989b386-e80b-4d52-aa1c-3d36f9102836","bls-412","applications_locales","[""Application depends on the filter used (gas, vapour, particulate, combined, etc.)""]","[""L’applicazione dipende dal filtro utilizzato (gas, vapori, particolato, combinato, ecc.)""]","""""","""""",""""""
"products","5989b386-e80b-4d52-aa1c-3d36f9102836","bls-412","industries_locales","[""Chemical manufacturing"",""paint/spraying"",""metal working"",""welding"",""pharma""]","[""Produzione chimica"",""verniciatura/spruzzatura"",""lavorazione dei metalli"",""saldatura"",""industria farmaceutica""]","""""","""""",""""""
"products","5989b386-e80b-4d52-aa1c-3d36f9102836","bls-412","tags_locales","[]","[]","""""","""""",""""""
"products","5989b386-e80b-4d52-aa1c-3d36f9102836","bls-412","size_locales","","","""""","""""",""""""
"products","5989b386-e80b-4d52-aa1c-3d36f9102836","bls-412","materials_locales","[""ABS"",""Pleated fiber mesh"",""Activated carbons grains""]","[""ABS"",""rete a fibre plissettate"",""granuli di carbone attivo""]","""""","""""",""""""
"products","5989b386-e80b-4d52-aa1c-3d36f9102836","bls-412","eye_face_comfort_features_locales","""""","""""","""""","""""",""""""
"products","5989b386-e80b-4d52-aa1c-3d36f9102836","bls-412","eye_face_equipment_locales","""""","""""","""""","""""",""""""
"products","5989b386-e80b-4d52-aa1c-3d36f9102836","bls-412","head_comfort_features_locales","""""","""""","""""","""""",""""""
"products","5989b386-e80b-4d52-aa1c-3d36f9102836","bls-412","head_other_details_locales","""""","""""","""""","""""",""""""
"products","5989b386-e80b-4d52-aa1c-3d36f9102836","bls-412","head_equipment_locales","""""","""""","""""","""""",""""""
"products","5989b386-e80b-4d52-aa1c-3d36f9102836","bls-412","footwear_comfort_features_locales","""""","""""","""""","""""",""""""
"products","5989b386-e80b-4d52-aa1c-3d36f9102836","bls-412","hearing_comfort_features_locales","""""","""""","""""","""""",""""""
"products","5989b386-e80b-4d52-aa1c-3d36f9102836","bls-412","hearing_other_details_locales","""""","""""","""""","""""",""""""
"products","5989b386-e80b-4d52-aa1c-3d36f9102836","bls-412","hearing_equipment_locales","""""","""""","""""","""""",""""""
"products","5989b386-e80b-4d52-aa1c-3d36f9102836","bls-412","respiratory_comfort_features_locales","""""","""""","""""","""""",""""""
"products","5989b386-e80b-4d52-aa1c-3d36f9102836","bls-412","respiratory_other_details_locales","""""","""""","""""","""""",""""""
"products","5989b386-e80b-4d52-aa1c-3d36f9102836","bls-412","respiratory_equipment_locales","""""","""""","""""","""""",""""""
"products","5989b386-e80b-4d52-aa1c-3d36f9102836","bls-412","clothing_comfort_features_locales","""""","""""","""""","""""",""""""
"products","5989b386-e80b-4d52-aa1c-3d36f9102836","bls-412","clothing_other_details_locales","""""","""""","""""","""""",""""""
"products","5989b386-e80b-4d52-aa1c-3d36f9102836","bls-412","footwear_materials_locales","""""","""""","""""","""""",""""""
"products","5989b386-e80b-4d52-aa1c-3d36f9102836","bls-412","footwear_special_features_locales","""""","""""","""""","""""",""""""
"products","5989b386-e80b-4d52-aa1c-3d36f9102836","bls-412","connections_locales","[""Universal (RD40)""]","[""Universal (RD40)""]","""""","""""",""""""
"products","5989b386-e80b-4d52-aa1c-3d36f9102836","bls-412","compatible_with_locales","[""Half masks"",""Full masks""]","[""Semimaschere"",""Maschere integrali""]","""""","""""",""""""
"products","5989b386-e80b-4d52-aa1c-3d36f9102836","bls-412","coatings_locales","""""","""""","""""","""""",""""""
"products","5989b386-e80b-4d52-aa1c-3d36f9102836","bls-412","eye_face_materials_locales","""""","""""","""""","""""",""""""
"products","5989b386-e80b-4d52-aa1c-3d36f9102836","bls-412","head_tech_specs_locales","""""","""""","""""","""""",""""""
"products","5989b386-e80b-4d52-aa1c-3d36f9102836","bls-412","clothing_attributes_locales","""""","""""","""""","""""",""""""
"products","5b0231d0-5b00-4b9e-be89-a68ee6fa2444","bls-413","name_locales","BLS 413","BLS 413","""""","""""",""""""
"products","5b0231d0-5b00-4b9e-be89-a68ee6fa2444","bls-413","description_locales","Gasses & Vapours filter with universal RD40 connection and activated carbons","Filtro per Gas & Vapori con attacco universale RD40 e carboni attivi","""""","""""",""""""
"products","5b0231d0-5b00-4b9e-be89-a68ee6fa2444","bls-413","short_description_locales","Universal RD40 filter","Filtro con aggancio universale RD40","""""","""""",""""""
"products","5b0231d0-5b00-4b9e-be89-a68ee6fa2444","bls-413","category_locales","Respiratory protection","Protezione vie respiratorie","""""","""""",""""""
"products","5b0231d0-5b00-4b9e-be89-a68ee6fa2444","bls-413","sub_category_locales","Filters, Cartridges and accessories","Filtri, cartucce e accessori","""""","""""",""""""
"products","5b0231d0-5b00-4b9e-be89-a68ee6fa2444","bls-413","features_locales","[""Standard thread connection according to EN 148-1, universal across all respiratory protection devices""]","[""Connessione filettata standard secondo EN 148-1, universale per tutti i dispositivi di protezione respiratoria""]","""""","""""",""""""
"products","5b0231d0-5b00-4b9e-be89-a68ee6fa2444","bls-413","applications_locales","[""Application depends on the filter used (gas, vapour, particulate, combined, etc.)""]","[""L’applicazione dipende dal filtro utilizzato (gas, vapori, particolato, combinato, ecc.)""]","""""","""""",""""""
"products","5b0231d0-5b00-4b9e-be89-a68ee6fa2444","bls-413","industries_locales","[""Chemical manufacturing"",""paint/spraying"",""metal working"",""welding"",""pharma""]","[""Produzione chimica"",""verniciatura/spruzzatura"",""lavorazione dei metalli"",""saldatura"",""industria farmaceutica""]","""""","""""",""""""
"products","5b0231d0-5b00-4b9e-be89-a68ee6fa2444","bls-413","tags_locales","[]","[]","""""","""""",""""""
"products","5b0231d0-5b00-4b9e-be89-a68ee6fa2444","bls-413","size_locales","","","""""","""""",""""""
"products","5b0231d0-5b00-4b9e-be89-a68ee6fa2444","bls-413","materials_locales","[""ABS"",""Pleated fiber mesh"",""Activated carbons grains""]","[""ABS"",""rete a fibre plissettate"",""granuli di carbone attivo""]","""""","""""",""""""
"products","5b0231d0-5b00-4b9e-be89-a68ee6fa2444","bls-413","eye_face_comfort_features_locales","""""","""""","""""","""""",""""""
"products","5b0231d0-5b00-4b9e-be89-a68ee6fa2444","bls-413","eye_face_equipment_locales","""""","""""","""""","""""",""""""
"products","5b0231d0-5b00-4b9e-be89-a68ee6fa2444","bls-413","head_comfort_features_locales","""""","""""","""""","""""",""""""
"products","5b0231d0-5b00-4b9e-be89-a68ee6fa2444","bls-413","head_other_details_locales","""""","""""","""""","""""",""""""
"products","5b0231d0-5b00-4b9e-be89-a68ee6fa2444","bls-413","head_equipment_locales","""""","""""","""""","""""",""""""
"products","5b0231d0-5b00-4b9e-be89-a68ee6fa2444","bls-413","footwear_comfort_features_locales","""""","""""","""""","""""",""""""
"products","5b0231d0-5b00-4b9e-be89-a68ee6fa2444","bls-413","hearing_comfort_features_locales","""""","""""","""""","""""",""""""
"products","5b0231d0-5b00-4b9e-be89-a68ee6fa2444","bls-413","hearing_other_details_locales","""""","""""","""""","""""",""""""
"products","5b0231d0-5b00-4b9e-be89-a68ee6fa2444","bls-413","hearing_equipment_locales","""""","""""","""""","""""",""""""
"products","5b0231d0-5b00-4b9e-be89-a68ee6fa2444","bls-413","respiratory_comfort_features_locales","""""","""""","""""","""""",""""""
"products","5b0231d0-5b00-4b9e-be89-a68ee6fa2444","bls-413","respiratory_other_details_locales","""""","""""","""""","""""",""""""
"products","5b0231d0-5b00-4b9e-be89-a68ee6fa2444","bls-413","respiratory_equipment_locales","""""","""""","""""","""""",""""""
"products","5b0231d0-5b00-4b9e-be89-a68ee6fa2444","bls-413","clothing_comfort_features_locales","""""","""""","""""","""""",""""""
"products","5b0231d0-5b00-4b9e-be89-a68ee6fa2444","bls-413","clothing_other_details_locales","""""","""""","""""","""""",""""""
"products","5b0231d0-5b00-4b9e-be89-a68ee6fa2444","bls-413","footwear_materials_locales","""""","""""","""""","""""",""""""
"products","5b0231d0-5b00-4b9e-be89-a68ee6fa2444","bls-413","footwear_special_features_locales","""""","""""","""""","""""",""""""
"products","5b0231d0-5b00-4b9e-be89-a68ee6fa2444","bls-413","connections_locales","[""Universal (RD40)""]","[""Universal (RD40)""]","""""","""""",""""""
"products","5b0231d0-5b00-4b9e-be89-a68ee6fa2444","bls-413","compatible_with_locales","[""Half masks"",""Full masks""]","[""Semimaschere"",""Maschere integrali""]","""""","""""",""""""
"products","5b0231d0-5b00-4b9e-be89-a68ee6fa2444","bls-413","coatings_locales","""""","""""","""""","""""",""""""
"products","5b0231d0-5b00-4b9e-be89-a68ee6fa2444","bls-413","eye_face_materials_locales","""""","""""","""""","""""",""""""
"products","5b0231d0-5b00-4b9e-be89-a68ee6fa2444","bls-413","head_tech_specs_locales","""""","""""","""""","""""",""""""
"products","5b0231d0-5b00-4b9e-be89-a68ee6fa2444","bls-413","clothing_attributes_locales","""""","""""","""""","""""",""""""
"products","ac2c29c8-5a77-4376-9906-8db2063a14ee","bls-414","name_locales","BLS 414","BLS 414","""""","""""",""""""
"products","ac2c29c8-5a77-4376-9906-8db2063a14ee","bls-414","description_locales","Gasses & Vapours filter with universal RD40 connection and activated carbons","Filtro per Gas & Vapori con attacco universale RD40 e carboni attivi","""""","""""",""""""
"products","ac2c29c8-5a77-4376-9906-8db2063a14ee","bls-414","short_description_locales","Universal RD40 filter","Filtro con aggancio universale RD40","""""","""""",""""""
"products","ac2c29c8-5a77-4376-9906-8db2063a14ee","bls-414","category_locales","Respiratory protection","Protezione vie respiratorie","""""","""""",""""""
"products","ac2c29c8-5a77-4376-9906-8db2063a14ee","bls-414","sub_category_locales","Filters, Cartridges and accessories","Filtri, cartucce e accessori","""""","""""",""""""
"products","ac2c29c8-5a77-4376-9906-8db2063a14ee","bls-414","features_locales","[""Standard thread connection according to EN 148-1, universal across all respiratory protection devices""]","[""Connessione filettata standard secondo EN 148-1, universale per tutti i dispositivi di protezione respiratoria""]","""""","""""",""""""
"products","ac2c29c8-5a77-4376-9906-8db2063a14ee","bls-414","applications_locales","[""Application depends on the filter used (gas, vapour, particulate, combined, etc.)""]","[""L’applicazione dipende dal filtro utilizzato (gas, vapori, particolato, combinato, ecc.)""]","""""","""""",""""""
"products","ac2c29c8-5a77-4376-9906-8db2063a14ee","bls-414","industries_locales","[""Chemical manufacturing"",""paint/spraying"",""metal working"",""welding"",""pharma""]","[""Produzione chimica"",""verniciatura/spruzzatura"",""lavorazione dei metalli"",""saldatura"",""industria farmaceutica""]","""""","""""",""""""
"products","ac2c29c8-5a77-4376-9906-8db2063a14ee","bls-414","tags_locales","[]","[]","""""","""""",""""""
"products","ac2c29c8-5a77-4376-9906-8db2063a14ee","bls-414","size_locales","","","""""","""""",""""""
"products","ac2c29c8-5a77-4376-9906-8db2063a14ee","bls-414","materials_locales","[""ABS"",""Pleated fiber mesh"",""Activated carbons grains""]","[""ABS"",""rete a fibre plissettate"",""granuli di carbone attivo""]","""""","""""",""""""
"products","ac2c29c8-5a77-4376-9906-8db2063a14ee","bls-414","eye_face_comfort_features_locales","""""","""""","""""","""""",""""""
"products","ac2c29c8-5a77-4376-9906-8db2063a14ee","bls-414","eye_face_equipment_locales","""""","""""","""""","""""",""""""
"products","ac2c29c8-5a77-4376-9906-8db2063a14ee","bls-414","head_comfort_features_locales","""""","""""","""""","""""",""""""
"products","ac2c29c8-5a77-4376-9906-8db2063a14ee","bls-414","head_other_details_locales","""""","""""","""""","""""",""""""
"products","ac2c29c8-5a77-4376-9906-8db2063a14ee","bls-414","head_equipment_locales","""""","""""","""""","""""",""""""
"products","ac2c29c8-5a77-4376-9906-8db2063a14ee","bls-414","footwear_comfort_features_locales","""""","""""","""""","""""",""""""
"products","ac2c29c8-5a77-4376-9906-8db2063a14ee","bls-414","hearing_comfort_features_locales","""""","""""","""""","""""",""""""
"products","ac2c29c8-5a77-4376-9906-8db2063a14ee","bls-414","hearing_other_details_locales","""""","""""","""""","""""",""""""
"products","ac2c29c8-5a77-4376-9906-8db2063a14ee","bls-414","hearing_equipment_locales","""""","""""","""""","""""",""""""
"products","ac2c29c8-5a77-4376-9906-8db2063a14ee","bls-414","respiratory_comfort_features_locales","""""","""""","""""","""""",""""""
"products","ac2c29c8-5a77-4376-9906-8db2063a14ee","bls-414","respiratory_other_details_locales","""""","""""","""""","""""",""""""
"products","ac2c29c8-5a77-4376-9906-8db2063a14ee","bls-414","respiratory_equipment_locales","""""","""""","""""","""""",""""""
"products","ac2c29c8-5a77-4376-9906-8db2063a14ee","bls-414","clothing_comfort_features_locales","""""","""""","""""","""""",""""""
"products","ac2c29c8-5a77-4376-9906-8db2063a14ee","bls-414","clothing_other_details_locales","""""","""""","""""","""""",""""""
"products","ac2c29c8-5a77-4376-9906-8db2063a14ee","bls-414","footwear_materials_locales","""""","""""","""""","""""",""""""
"products","ac2c29c8-5a77-4376-9906-8db2063a14ee","bls-414","footwear_special_features_locales","""""","""""","""""","""""",""""""
"products","ac2c29c8-5a77-4376-9906-8db2063a14ee","bls-414","connections_locales","[""Universal (RD40)""]","[""Universal (RD40)""]","""""","""""",""""""
"products","ac2c29c8-5a77-4376-9906-8db2063a14ee","bls-414","compatible_with_locales","[""Half masks"",""Full masks""]","[""Semimaschere"",""Maschere integrali""]","""""","""""",""""""
"products","ac2c29c8-5a77-4376-9906-8db2063a14ee","bls-414","coatings_locales","""""","""""","""""","""""",""""""
"products","ac2c29c8-5a77-4376-9906-8db2063a14ee","bls-414","eye_face_materials_locales","""""","""""","""""","""""",""""""
"products","ac2c29c8-5a77-4376-9906-8db2063a14ee","bls-414","head_tech_specs_locales","""""","""""","""""","""""",""""""
"products","ac2c29c8-5a77-4376-9906-8db2063a14ee","bls-414","clothing_attributes_locales","""""","""""","""""","""""",""""""
"products","a55ed9be-cf59-4daa-b3b8-004feb998008","bls-415","name_locales","BLS 415","BLS 415","""""","""""",""""""
"products","a55ed9be-cf59-4daa-b3b8-004feb998008","bls-415","description_locales","Gasses & Vapours filter with universal RD40 connection and activated carbons","Filtro per Gas & Vapori con attacco universale RD40 e carboni attivi","""""","""""",""""""
"products","a55ed9be-cf59-4daa-b3b8-004feb998008","bls-415","short_description_locales","Universal RD40 filter","Filtro con aggancio universale RD40","""""","""""",""""""
"products","a55ed9be-cf59-4daa-b3b8-004feb998008","bls-415","category_locales","Respiratory protection","Protezione vie respiratorie","""""","""""",""""""
"products","a55ed9be-cf59-4daa-b3b8-004feb998008","bls-415","sub_category_locales","Filters, Cartridges and accessories","Filtri, cartucce e accessori","""""","""""",""""""
"products","a55ed9be-cf59-4daa-b3b8-004feb998008","bls-415","features_locales","[""Standard thread connection according to EN 148-1, universal across all respiratory protection devices""]","[""Connessione filettata standard secondo EN 148-1, universale per tutti i dispositivi di protezione respiratoria""]","""""","""""",""""""
"products","a55ed9be-cf59-4daa-b3b8-004feb998008","bls-415","applications_locales","[""Application depends on the filter used (gas, vapour, particulate, combined, etc.)""]","[""L’applicazione dipende dal filtro utilizzato (gas, vapori, particolato, combinato, ecc.)""]","""""","""""",""""""
"products","a55ed9be-cf59-4daa-b3b8-004feb998008","bls-415","industries_locales","[""Chemical manufacturing"",""paint/spraying"",""metal working"",""welding"",""pharma""]","[""Produzione chimica"",""verniciatura/spruzzatura"",""lavorazione dei metalli"",""saldatura"",""industria farmaceutica""]","""""","""""",""""""
"products","a55ed9be-cf59-4daa-b3b8-004feb998008","bls-415","tags_locales","[]","[]","""""","""""",""""""
"products","a55ed9be-cf59-4daa-b3b8-004feb998008","bls-415","size_locales","","","""""","""""",""""""
"products","a55ed9be-cf59-4daa-b3b8-004feb998008","bls-415","materials_locales","[""ABS"",""Pleated fiber mesh"",""Activated carbons grains""]","[""ABS"",""rete a fibre plissettate"",""granuli di carbone attivo""]","""""","""""",""""""
"products","a55ed9be-cf59-4daa-b3b8-004feb998008","bls-415","eye_face_comfort_features_locales","""""","""""","""""","""""",""""""
"products","a55ed9be-cf59-4daa-b3b8-004feb998008","bls-415","eye_face_equipment_locales","""""","""""","""""","""""",""""""
"products","a55ed9be-cf59-4daa-b3b8-004feb998008","bls-415","head_comfort_features_locales","""""","""""","""""","""""",""""""
"products","a55ed9be-cf59-4daa-b3b8-004feb998008","bls-415","head_other_details_locales","""""","""""","""""","""""",""""""
"products","a55ed9be-cf59-4daa-b3b8-004feb998008","bls-415","head_equipment_locales","""""","""""","""""","""""",""""""
"products","a55ed9be-cf59-4daa-b3b8-004feb998008","bls-415","footwear_comfort_features_locales","""""","""""","""""","""""",""""""
"products","a55ed9be-cf59-4daa-b3b8-004feb998008","bls-415","hearing_comfort_features_locales","""""","""""","""""","""""",""""""
"products","a55ed9be-cf59-4daa-b3b8-004feb998008","bls-415","hearing_other_details_locales","""""","""""","""""","""""",""""""
"products","a55ed9be-cf59-4daa-b3b8-004feb998008","bls-415","hearing_equipment_locales","""""","""""","""""","""""",""""""
"products","a55ed9be-cf59-4daa-b3b8-004feb998008","bls-415","respiratory_comfort_features_locales","""""","""""","""""","""""",""""""
"products","a55ed9be-cf59-4daa-b3b8-004feb998008","bls-415","respiratory_other_details_locales","""""","""""","""""","""""",""""""
"products","a55ed9be-cf59-4daa-b3b8-004feb998008","bls-415","respiratory_equipment_locales","""""","""""","""""","""""",""""""
"products","a55ed9be-cf59-4daa-b3b8-004feb998008","bls-415","clothing_comfort_features_locales","""""","""""","""""","""""",""""""
"products","a55ed9be-cf59-4daa-b3b8-004feb998008","bls-415","clothing_other_details_locales","""""","""""","""""","""""",""""""
"products","a55ed9be-cf59-4daa-b3b8-004feb998008","bls-415","footwear_materials_locales","""""","""""","""""","""""",""""""
"products","a55ed9be-cf59-4daa-b3b8-004feb998008","bls-415","footwear_special_features_locales","""""","""""","""""","""""",""""""
"products","a55ed9be-cf59-4daa-b3b8-004feb998008","bls-415","connections_locales","[""Universal (RD40)""]","[""Universal (RD40)""]","""""","""""",""""""
"products","a55ed9be-cf59-4daa-b3b8-004feb998008","bls-415","compatible_with_locales","[""Half masks"",""Full masks""]","[""Semimaschere"",""Maschere integrali""]","""""","""""",""""""
"products","a55ed9be-cf59-4daa-b3b8-004feb998008","bls-415","coatings_locales","""""","""""","""""","""""",""""""
"products","a55ed9be-cf59-4daa-b3b8-004feb998008","bls-415","eye_face_materials_locales","""""","""""","""""","""""",""""""
"products","a55ed9be-cf59-4daa-b3b8-004feb998008","bls-415","head_tech_specs_locales","""""","""""","""""","""""",""""""
"products","a55ed9be-cf59-4daa-b3b8-004feb998008","bls-415","clothing_attributes_locales","""""","""""","""""","""""",""""""
"products","238715b9-c13d-49e8-b9f0-645560523cc3","bls-421","name_locales","BLS 421","BLS 421","""""","""""",""""""
"products","238715b9-c13d-49e8-b9f0-645560523cc3","bls-421","description_locales","Combined filter with universal RD40 connection and activated carbons","Filtro combinato con attacco universale RD40 b-lock e carboni attivi","""""","""""",""""""
"products","238715b9-c13d-49e8-b9f0-645560523cc3","bls-421","short_description_locales","Universal RD40 filter","Filtro con aggancio universale RD40","""""","""""",""""""
"products","238715b9-c13d-49e8-b9f0-645560523cc3","bls-421","category_locales","Respiratory protection","Protezione vie respiratorie","""""","""""",""""""
"products","238715b9-c13d-49e8-b9f0-645560523cc3","bls-421","sub_category_locales","Filters, Cartridges and accessories","Filtri, cartucce e accessori","""""","""""",""""""
"products","238715b9-c13d-49e8-b9f0-645560523cc3","bls-421","features_locales","[""Standard thread connection according to EN 148-1, universal across all respiratory protection devices""]","[""Connessione filettata standard secondo EN 148-1, universale per tutti i dispositivi di protezione respiratoria""]","""""","""""",""""""
"products","238715b9-c13d-49e8-b9f0-645560523cc3","bls-421","applications_locales","[""Application depends on the filter used (gas, vapour, particulate, combined, etc.)""]","[""L’applicazione dipende dal filtro utilizzato (gas, vapori, particolato, combinato, ecc.)""]","""""","""""",""""""
"products","238715b9-c13d-49e8-b9f0-645560523cc3","bls-421","industries_locales","[""Chemical manufacturing"",""paint/spraying"",""metal working"",""welding"",""pharma""]","[""Produzione chimica"",""verniciatura/spruzzatura"",""lavorazione dei metalli"",""saldatura"",""industria farmaceutica""]","""""","""""",""""""
"products","238715b9-c13d-49e8-b9f0-645560523cc3","bls-421","tags_locales","[]","[]","""""","""""",""""""
"products","238715b9-c13d-49e8-b9f0-645560523cc3","bls-421","size_locales","","","""""","""""",""""""
"products","238715b9-c13d-49e8-b9f0-645560523cc3","bls-421","materials_locales","[""ABS"",""Pleated fiber mesh"",""Activated carbons grains""]","[""ABS"",""rete a fibre plissettate"",""granuli di carbone attivo""]","""""","""""",""""""
"products","238715b9-c13d-49e8-b9f0-645560523cc3","bls-421","eye_face_comfort_features_locales","""""","""""","""""","""""",""""""
"products","238715b9-c13d-49e8-b9f0-645560523cc3","bls-421","eye_face_equipment_locales","""""","""""","""""","""""",""""""
"products","238715b9-c13d-49e8-b9f0-645560523cc3","bls-421","head_comfort_features_locales","""""","""""","""""","""""",""""""
"products","238715b9-c13d-49e8-b9f0-645560523cc3","bls-421","head_other_details_locales","""""","""""","""""","""""",""""""
"products","238715b9-c13d-49e8-b9f0-645560523cc3","bls-421","head_equipment_locales","""""","""""","""""","""""",""""""
"products","238715b9-c13d-49e8-b9f0-645560523cc3","bls-421","footwear_comfort_features_locales","""""","""""","""""","""""",""""""
"products","238715b9-c13d-49e8-b9f0-645560523cc3","bls-421","hearing_comfort_features_locales","""""","""""","""""","""""",""""""
"products","238715b9-c13d-49e8-b9f0-645560523cc3","bls-421","hearing_other_details_locales","""""","""""","""""","""""",""""""
"products","238715b9-c13d-49e8-b9f0-645560523cc3","bls-421","hearing_equipment_locales","""""","""""","""""","""""",""""""
"products","238715b9-c13d-49e8-b9f0-645560523cc3","bls-421","respiratory_comfort_features_locales","""""","""""","""""","""""",""""""
"products","238715b9-c13d-49e8-b9f0-645560523cc3","bls-421","respiratory_other_details_locales","""""","""""","""""","""""",""""""
"products","238715b9-c13d-49e8-b9f0-645560523cc3","bls-421","respiratory_equipment_locales","""""","""""","""""","""""",""""""
"products","238715b9-c13d-49e8-b9f0-645560523cc3","bls-421","clothing_comfort_features_locales","""""","""""","""""","""""",""""""
"products","238715b9-c13d-49e8-b9f0-645560523cc3","bls-421","clothing_other_details_locales","""""","""""","""""","""""",""""""
"products","238715b9-c13d-49e8-b9f0-645560523cc3","bls-421","footwear_materials_locales","""""","""""","""""","""""",""""""
"products","238715b9-c13d-49e8-b9f0-645560523cc3","bls-421","footwear_special_features_locales","""""","""""","""""","""""",""""""
"products","238715b9-c13d-49e8-b9f0-645560523cc3","bls-421","connections_locales","[""Universal (RD40)""]","[""Universal (RD40)""]","""""","""""",""""""
"products","238715b9-c13d-49e8-b9f0-645560523cc3","bls-421","compatible_with_locales","[""Half masks"",""Full masks""]","[""Semimaschere"",""Maschere integrali""]","""""","""""",""""""
"products","238715b9-c13d-49e8-b9f0-645560523cc3","bls-421","coatings_locales","""""","""""","""""","""""",""""""
"products","238715b9-c13d-49e8-b9f0-645560523cc3","bls-421","eye_face_materials_locales","""""","""""","""""","""""",""""""
"products","238715b9-c13d-49e8-b9f0-645560523cc3","bls-421","head_tech_specs_locales","""""","""""","""""","""""",""""""
"products","238715b9-c13d-49e8-b9f0-645560523cc3","bls-421","clothing_attributes_locales","""""","""""","""""","""""",""""""
"products","c736af79-7d80-4741-95ca-d16bfeb3526f","bls-422","name_locales","BLS 422","BLS 422","""""","""""",""""""
"products","c736af79-7d80-4741-95ca-d16bfeb3526f","bls-422","description_locales","Combined filter with universal RD40 connection and activated carbons","Filtro combinato con attacco universale RD40 b-lock e carboni attivi","""""","""""",""""""
"products","c736af79-7d80-4741-95ca-d16bfeb3526f","bls-422","short_description_locales","Universal RD40 filter","Filtro con aggancio universale RD40","""""","""""",""""""
"products","c736af79-7d80-4741-95ca-d16bfeb3526f","bls-422","category_locales","Respiratory protection","Protezione vie respiratorie","""""","""""",""""""
"products","c736af79-7d80-4741-95ca-d16bfeb3526f","bls-422","sub_category_locales","Filters, Cartridges and accessories","Filtri, cartucce e accessori","""""","""""",""""""
"products","c736af79-7d80-4741-95ca-d16bfeb3526f","bls-422","features_locales","[""Standard thread connection according to EN 148-1, universal across all respiratory protection devices""]","[""Connessione filettata standard secondo EN 148-1, universale per tutti i dispositivi di protezione respiratoria""]","""""","""""",""""""
"products","c736af79-7d80-4741-95ca-d16bfeb3526f","bls-422","applications_locales","[""Application depends on the filter used (gas, vapour, particulate, combined, etc.)""]","[""L’applicazione dipende dal filtro utilizzato (gas, vapori, particolato, combinato, ecc.)""]","""""","""""",""""""
"products","c736af79-7d80-4741-95ca-d16bfeb3526f","bls-422","industries_locales","[""Chemical manufacturing"",""paint/spraying"",""metal working"",""welding"",""pharma""]","[""Produzione chimica"",""verniciatura/spruzzatura"",""lavorazione dei metalli"",""saldatura"",""industria farmaceutica""]","""""","""""",""""""
"products","c736af79-7d80-4741-95ca-d16bfeb3526f","bls-422","tags_locales","[]","[]","""""","""""",""""""
"products","c736af79-7d80-4741-95ca-d16bfeb3526f","bls-422","size_locales","","","""""","""""",""""""
"products","c736af79-7d80-4741-95ca-d16bfeb3526f","bls-422","materials_locales","[""ABS"",""Pleated fiber mesh"",""Activated carbons grains""]","[""ABS"",""rete a fibre plissettate"",""granuli di carbone attivo""]","""""","""""",""""""
"products","c736af79-7d80-4741-95ca-d16bfeb3526f","bls-422","eye_face_comfort_features_locales","""""","""""","""""","""""",""""""
"products","c736af79-7d80-4741-95ca-d16bfeb3526f","bls-422","eye_face_equipment_locales","""""","""""","""""","""""",""""""
"products","c736af79-7d80-4741-95ca-d16bfeb3526f","bls-422","head_comfort_features_locales","""""","""""","""""","""""",""""""
"products","c736af79-7d80-4741-95ca-d16bfeb3526f","bls-422","head_other_details_locales","""""","""""","""""","""""",""""""
"products","c736af79-7d80-4741-95ca-d16bfeb3526f","bls-422","head_equipment_locales","""""","""""","""""","""""",""""""
"products","c736af79-7d80-4741-95ca-d16bfeb3526f","bls-422","footwear_comfort_features_locales","""""","""""","""""","""""",""""""
"products","c736af79-7d80-4741-95ca-d16bfeb3526f","bls-422","hearing_comfort_features_locales","""""","""""","""""","""""",""""""
"products","c736af79-7d80-4741-95ca-d16bfeb3526f","bls-422","hearing_other_details_locales","""""","""""","""""","""""",""""""
"products","c736af79-7d80-4741-95ca-d16bfeb3526f","bls-422","hearing_equipment_locales","""""","""""","""""","""""",""""""
"products","c736af79-7d80-4741-95ca-d16bfeb3526f","bls-422","respiratory_comfort_features_locales","""""","""""","""""","""""",""""""
"products","c736af79-7d80-4741-95ca-d16bfeb3526f","bls-422","respiratory_other_details_locales","""""","""""","""""","""""",""""""
"products","c736af79-7d80-4741-95ca-d16bfeb3526f","bls-422","respiratory_equipment_locales","""""","""""","""""","""""",""""""
"products","c736af79-7d80-4741-95ca-d16bfeb3526f","bls-422","clothing_comfort_features_locales","""""","""""","""""","""""",""""""
"products","c736af79-7d80-4741-95ca-d16bfeb3526f","bls-422","clothing_other_details_locales","""""","""""","""""","""""",""""""
"products","c736af79-7d80-4741-95ca-d16bfeb3526f","bls-422","footwear_materials_locales","""""","""""","""""","""""",""""""
"products","c736af79-7d80-4741-95ca-d16bfeb3526f","bls-422","footwear_special_features_locales","""""","""""","""""","""""",""""""
"products","c736af79-7d80-4741-95ca-d16bfeb3526f","bls-422","connections_locales","[""Universal (RD40)""]","[""Universal (RD40)""]","""""","""""",""""""
"products","c736af79-7d80-4741-95ca-d16bfeb3526f","bls-422","compatible_with_locales","[""Half masks"",""Full masks""]","[""Semimaschere"",""Maschere integrali""]","""""","""""",""""""
"products","c736af79-7d80-4741-95ca-d16bfeb3526f","bls-422","coatings_locales","""""","""""","""""","""""",""""""
"products","c736af79-7d80-4741-95ca-d16bfeb3526f","bls-422","eye_face_materials_locales","""""","""""","""""","""""",""""""
"products","c736af79-7d80-4741-95ca-d16bfeb3526f","bls-422","head_tech_specs_locales","""""","""""","""""","""""",""""""
"products","c736af79-7d80-4741-95ca-d16bfeb3526f","bls-422","clothing_attributes_locales","""""","""""","""""","""""",""""""
"products","dc88fbbd-00ca-4c5a-8ab6-f79029e46aec","bls-423","name_locales","BLS 423","BLS 423","""""","""""",""""""
"products","dc88fbbd-00ca-4c5a-8ab6-f79029e46aec","bls-423","description_locales","Combined filter with universal RD40 connection and activated carbons","Filtro combinato con attacco universale RD40 per maschere facciali integrali","""""","""""",""""""
"products","dc88fbbd-00ca-4c5a-8ab6-f79029e46aec","bls-423","short_description_locales","Universal RD40 filter","Filtro con aggancio universale RD40","""""","""""",""""""
"products","dc88fbbd-00ca-4c5a-8ab6-f79029e46aec","bls-423","category_locales","Respiratory protection","Protezione vie respiratorie","""""","""""",""""""
"products","dc88fbbd-00ca-4c5a-8ab6-f79029e46aec","bls-423","sub_category_locales","Filters, Cartridges and accessories","Filtri, cartucce e accessori","""""","""""",""""""
"products","dc88fbbd-00ca-4c5a-8ab6-f79029e46aec","bls-423","features_locales","[""Standard thread connection according to EN 148-1, universal across all respiratory protection devices""]","[""Connessione filettata standard secondo EN 148-1, universale per tutti i dispositivi di protezione respiratoria""]","""""","""""",""""""
"products","dc88fbbd-00ca-4c5a-8ab6-f79029e46aec","bls-423","applications_locales","[""Application depends on the filter used (gas, vapour, particulate, combined, etc.)""]","[""L’applicazione dipende dal filtro utilizzato (gas, vapori, particolato, combinato, ecc.)""]","""""","""""",""""""
"products","dc88fbbd-00ca-4c5a-8ab6-f79029e46aec","bls-423","industries_locales","[""Chemical manufacturing"",""paint/spraying"",""metal working"",""welding"",""pharma""]","[""Produzione chimica"",""verniciatura/spruzzatura"",""lavorazione dei metalli"",""saldatura"",""industria farmaceutica""]","""""","""""",""""""
"products","dc88fbbd-00ca-4c5a-8ab6-f79029e46aec","bls-423","tags_locales","[]","[]","""""","""""",""""""
"products","dc88fbbd-00ca-4c5a-8ab6-f79029e46aec","bls-423","size_locales","","","""""","""""",""""""
"products","dc88fbbd-00ca-4c5a-8ab6-f79029e46aec","bls-423","materials_locales","[""ABS"",""Pleated fiber mesh"",""Activated carbons grains""]","[""ABS"",""rete a fibre plissettate"",""granuli di carbone attivo""]","""""","""""",""""""
"products","dc88fbbd-00ca-4c5a-8ab6-f79029e46aec","bls-423","eye_face_comfort_features_locales","""""","""""","""""","""""",""""""
"products","dc88fbbd-00ca-4c5a-8ab6-f79029e46aec","bls-423","eye_face_equipment_locales","""""","""""","""""","""""",""""""
"products","dc88fbbd-00ca-4c5a-8ab6-f79029e46aec","bls-423","head_comfort_features_locales","""""","""""","""""","""""",""""""
"products","dc88fbbd-00ca-4c5a-8ab6-f79029e46aec","bls-423","head_other_details_locales","""""","""""","""""","""""",""""""
"products","dc88fbbd-00ca-4c5a-8ab6-f79029e46aec","bls-423","head_equipment_locales","""""","""""","""""","""""",""""""
"products","dc88fbbd-00ca-4c5a-8ab6-f79029e46aec","bls-423","footwear_comfort_features_locales","""""","""""","""""","""""",""""""
"products","dc88fbbd-00ca-4c5a-8ab6-f79029e46aec","bls-423","hearing_comfort_features_locales","""""","""""","""""","""""",""""""
"products","dc88fbbd-00ca-4c5a-8ab6-f79029e46aec","bls-423","hearing_other_details_locales","""""","""""","""""","""""",""""""
"products","dc88fbbd-00ca-4c5a-8ab6-f79029e46aec","bls-423","hearing_equipment_locales","""""","""""","""""","""""",""""""
"products","dc88fbbd-00ca-4c5a-8ab6-f79029e46aec","bls-423","respiratory_comfort_features_locales","""""","""""","""""","""""",""""""
"products","dc88fbbd-00ca-4c5a-8ab6-f79029e46aec","bls-423","respiratory_other_details_locales","""""","""""","""""","""""",""""""
"products","dc88fbbd-00ca-4c5a-8ab6-f79029e46aec","bls-423","respiratory_equipment_locales","""""","""""","""""","""""",""""""
"products","dc88fbbd-00ca-4c5a-8ab6-f79029e46aec","bls-423","clothing_comfort_features_locales","""""","""""","""""","""""",""""""
"products","dc88fbbd-00ca-4c5a-8ab6-f79029e46aec","bls-423","clothing_other_details_locales","""""","""""","""""","""""",""""""
"products","dc88fbbd-00ca-4c5a-8ab6-f79029e46aec","bls-423","footwear_materials_locales","""""","""""","""""","""""",""""""
"products","dc88fbbd-00ca-4c5a-8ab6-f79029e46aec","bls-423","footwear_special_features_locales","""""","""""","""""","""""",""""""
"products","dc88fbbd-00ca-4c5a-8ab6-f79029e46aec","bls-423","connections_locales","[""Universal (RD40)""]","[""Universal (RD40)""]","""""","""""",""""""
"products","dc88fbbd-00ca-4c5a-8ab6-f79029e46aec","bls-423","compatible_with_locales","[""Full masks""]","[""Maschere integrali""]","""""","""""",""""""
"products","dc88fbbd-00ca-4c5a-8ab6-f79029e46aec","bls-423","coatings_locales","""""","""""","""""","""""",""""""
"products","dc88fbbd-00ca-4c5a-8ab6-f79029e46aec","bls-423","eye_face_materials_locales","""""","""""","""""","""""",""""""
"products","dc88fbbd-00ca-4c5a-8ab6-f79029e46aec","bls-423","head_tech_specs_locales","""""","""""","""""","""""",""""""
"products","dc88fbbd-00ca-4c5a-8ab6-f79029e46aec","bls-423","clothing_attributes_locales","""""","""""","""""","""""",""""""
"products","35ad5070-bf2c-4fd5-a06f-d1236398ef47","bls-424","name_locales","BLS 424","BLS 424","""""","""""",""""""
"products","35ad5070-bf2c-4fd5-a06f-d1236398ef47","bls-424","description_locales","Combined filter with universal RD40 connection and activated carbons","Filtro combinato con attacco universale RD40 per maschere facciali integrali","""""","""""",""""""
"products","35ad5070-bf2c-4fd5-a06f-d1236398ef47","bls-424","short_description_locales","Universal RD40 filter","Filtro con aggancio universale RD40","""""","""""",""""""
"products","35ad5070-bf2c-4fd5-a06f-d1236398ef47","bls-424","category_locales","Respiratory protection","Protezione vie respiratorie","""""","""""",""""""
"products","35ad5070-bf2c-4fd5-a06f-d1236398ef47","bls-424","sub_category_locales","Filters, Cartridges and accessories","Filtri, cartucce e accessori","""""","""""",""""""
"products","35ad5070-bf2c-4fd5-a06f-d1236398ef47","bls-424","features_locales","[""Standard thread connection according to EN 148-1, universal across all respiratory protection devices""]","[""Connessione filettata standard secondo EN 148-1, universale per tutti i dispositivi di protezione respiratoria""]","""""","""""",""""""
"products","35ad5070-bf2c-4fd5-a06f-d1236398ef47","bls-424","applications_locales","[""Application depends on the filter used (gas, vapour, particulate, combined, etc.)""]","[""L’applicazione dipende dal filtro utilizzato (gas, vapori, particolato, combinato, ecc.)""]","""""","""""",""""""
"products","35ad5070-bf2c-4fd5-a06f-d1236398ef47","bls-424","industries_locales","[""Chemical manufacturing"",""paint/spraying"",""metal working"",""welding"",""pharma""]","[""Produzione chimica"",""verniciatura/spruzzatura"",""lavorazione dei metalli"",""saldatura"",""industria farmaceutica""]","""""","""""",""""""
"products","35ad5070-bf2c-4fd5-a06f-d1236398ef47","bls-424","tags_locales","[]","[]","""""","""""",""""""
"products","35ad5070-bf2c-4fd5-a06f-d1236398ef47","bls-424","size_locales","","","""""","""""",""""""
"products","35ad5070-bf2c-4fd5-a06f-d1236398ef47","bls-424","materials_locales","[""ABS"",""Pleated fiber mesh"",""Activated carbons grains""]","[""ABS"",""rete a fibre plissettate"",""granuli di carbone attivo""]","""""","""""",""""""
"products","35ad5070-bf2c-4fd5-a06f-d1236398ef47","bls-424","eye_face_comfort_features_locales","""""","""""","""""","""""",""""""
"products","35ad5070-bf2c-4fd5-a06f-d1236398ef47","bls-424","eye_face_equipment_locales","""""","""""","""""","""""",""""""
"products","35ad5070-bf2c-4fd5-a06f-d1236398ef47","bls-424","head_comfort_features_locales","""""","""""","""""","""""",""""""
"products","35ad5070-bf2c-4fd5-a06f-d1236398ef47","bls-424","head_other_details_locales","""""","""""","""""","""""",""""""
"products","35ad5070-bf2c-4fd5-a06f-d1236398ef47","bls-424","head_equipment_locales","""""","""""","""""","""""",""""""
"products","35ad5070-bf2c-4fd5-a06f-d1236398ef47","bls-424","footwear_comfort_features_locales","""""","""""","""""","""""",""""""
"products","35ad5070-bf2c-4fd5-a06f-d1236398ef47","bls-424","hearing_comfort_features_locales","""""","""""","""""","""""",""""""
"products","35ad5070-bf2c-4fd5-a06f-d1236398ef47","bls-424","hearing_other_details_locales","""""","""""","""""","""""",""""""
"products","35ad5070-bf2c-4fd5-a06f-d1236398ef47","bls-424","hearing_equipment_locales","""""","""""","""""","""""",""""""
"products","35ad5070-bf2c-4fd5-a06f-d1236398ef47","bls-424","respiratory_comfort_features_locales","""""","""""","""""","""""",""""""
"products","35ad5070-bf2c-4fd5-a06f-d1236398ef47","bls-424","respiratory_other_details_locales","""""","""""","""""","""""",""""""
"products","35ad5070-bf2c-4fd5-a06f-d1236398ef47","bls-424","respiratory_equipment_locales","""""","""""","""""","""""",""""""
"products","35ad5070-bf2c-4fd5-a06f-d1236398ef47","bls-424","clothing_comfort_features_locales","""""","""""","""""","""""",""""""
"products","35ad5070-bf2c-4fd5-a06f-d1236398ef47","bls-424","clothing_other_details_locales","""""","""""","""""","""""",""""""
"products","35ad5070-bf2c-4fd5-a06f-d1236398ef47","bls-424","footwear_materials_locales","""""","""""","""""","""""",""""""
"products","35ad5070-bf2c-4fd5-a06f-d1236398ef47","bls-424","footwear_special_features_locales","""""","""""","""""","""""",""""""
"products","35ad5070-bf2c-4fd5-a06f-d1236398ef47","bls-424","connections_locales","[""Universal (RD40)""]","[""Universal (RD40)""]","""""","""""",""""""
"products","35ad5070-bf2c-4fd5-a06f-d1236398ef47","bls-424","compatible_with_locales","[""Full masks""]","[""Maschere integrali""]","""""","""""",""""""
"products","35ad5070-bf2c-4fd5-a06f-d1236398ef47","bls-424","coatings_locales","""""","""""","""""","""""",""""""
"products","35ad5070-bf2c-4fd5-a06f-d1236398ef47","bls-424","eye_face_materials_locales","""""","""""","""""","""""",""""""
"products","35ad5070-bf2c-4fd5-a06f-d1236398ef47","bls-424","head_tech_specs_locales","""""","""""","""""","""""",""""""
"products","35ad5070-bf2c-4fd5-a06f-d1236398ef47","bls-424","clothing_attributes_locales","""""","""""","""""","""""",""""""
"products","1e30fd92-6bf2-41ff-b759-50c54a6ba413","bls-425","name_locales","BLS 425","BLS 425","""""","""""",""""""
"products","1e30fd92-6bf2-41ff-b759-50c54a6ba413","bls-425","description_locales","Combined filter with universal RD40 connection and activated carbons","Filtro combinato con attacco universale RD40 per maschere facciali integrali","""""","""""",""""""
"products","1e30fd92-6bf2-41ff-b759-50c54a6ba413","bls-425","short_description_locales","Combined filter with universal RD40 connection and activated carbons.","Filtro combinato con attacco universale RD40 per maschere facciali integrali","""""","""""",""""""
"products","1e30fd92-6bf2-41ff-b759-50c54a6ba413","bls-425","category_locales","Respiratory protection","Protezione vie respiratorie","""""","""""",""""""
"products","1e30fd92-6bf2-41ff-b759-50c54a6ba413","bls-425","sub_category_locales","Filters, Cartridges and accessories","Filtri, cartucce e accessori","""""","""""",""""""
"products","1e30fd92-6bf2-41ff-b759-50c54a6ba413","bls-425","features_locales","[""Standard thread connection according to EN 148-1, universal across all respiratory protection devices""]","[""Connessione filettata standard secondo EN 148-1, universale per tutti i dispositivi di protezione respiratoria""]","""""","""""",""""""
"products","1e30fd92-6bf2-41ff-b759-50c54a6ba413","bls-425","applications_locales","[""Application depends on the filter used (gas, vapour, particulate, combined, etc.)""]","[""L’applicazione dipende dal filtro utilizzato (gas, vapori, particolato, combinato, ecc.)""]","""""","""""",""""""
"products","1e30fd92-6bf2-41ff-b759-50c54a6ba413","bls-425","industries_locales","[""Chemical manufacturing"",""paint/spraying"",""metal working"",""welding"",""pharma""]","[""Produzione chimica"",""verniciatura/spruzzatura"",""lavorazione dei metalli"",""saldatura"",""industria farmaceutica""]","""""","""""",""""""
"products","1e30fd92-6bf2-41ff-b759-50c54a6ba413","bls-425","tags_locales","[]","[]","""""","""""",""""""
"products","1e30fd92-6bf2-41ff-b759-50c54a6ba413","bls-425","size_locales","","","""""","""""",""""""
"products","1e30fd92-6bf2-41ff-b759-50c54a6ba413","bls-425","materials_locales","[""Alluminium with plastic caps"",""Pleated fiber mesh"",""Activated carbons grains""]","[""Alluminio con copertura in plastica"",""rete a fibre plissettate"",""granuli di carbone attivo""]","""""","""""",""""""
"products","1e30fd92-6bf2-41ff-b759-50c54a6ba413","bls-425","eye_face_comfort_features_locales","""""","""""","""""","""""",""""""
"products","1e30fd92-6bf2-41ff-b759-50c54a6ba413","bls-425","eye_face_equipment_locales","""""","""""","""""","""""",""""""
"products","1e30fd92-6bf2-41ff-b759-50c54a6ba413","bls-425","head_comfort_features_locales","""""","""""","""""","""""",""""""
"products","1e30fd92-6bf2-41ff-b759-50c54a6ba413","bls-425","head_other_details_locales","""""","""""","""""","""""",""""""
"products","1e30fd92-6bf2-41ff-b759-50c54a6ba413","bls-425","head_equipment_locales","""""","""""","""""","""""",""""""
"products","1e30fd92-6bf2-41ff-b759-50c54a6ba413","bls-425","footwear_comfort_features_locales","""""","""""","""""","""""",""""""
"products","1e30fd92-6bf2-41ff-b759-50c54a6ba413","bls-425","hearing_comfort_features_locales","""""","""""","""""","""""",""""""
"products","1e30fd92-6bf2-41ff-b759-50c54a6ba413","bls-425","hearing_other_details_locales","""""","""""","""""","""""",""""""
"products","1e30fd92-6bf2-41ff-b759-50c54a6ba413","bls-425","hearing_equipment_locales","""""","""""","""""","""""",""""""
"products","1e30fd92-6bf2-41ff-b759-50c54a6ba413","bls-425","respiratory_comfort_features_locales","""""","""""","""""","""""",""""""
"products","1e30fd92-6bf2-41ff-b759-50c54a6ba413","bls-425","respiratory_other_details_locales","""""","""""","""""","""""",""""""
"products","1e30fd92-6bf2-41ff-b759-50c54a6ba413","bls-425","respiratory_equipment_locales","""""","""""","""""","""""",""""""
"products","1e30fd92-6bf2-41ff-b759-50c54a6ba413","bls-425","clothing_comfort_features_locales","""""","""""","""""","""""",""""""
"products","1e30fd92-6bf2-41ff-b759-50c54a6ba413","bls-425","clothing_other_details_locales","""""","""""","""""","""""",""""""
"products","1e30fd92-6bf2-41ff-b759-50c54a6ba413","bls-425","footwear_materials_locales","""""","""""","""""","""""",""""""
"products","1e30fd92-6bf2-41ff-b759-50c54a6ba413","bls-425","footwear_special_features_locales","""""","""""","""""","""""",""""""
"products","1e30fd92-6bf2-41ff-b759-50c54a6ba413","bls-425","connections_locales","[""Universal (RD40)""]","[""Universal (RD40)""]","""""","""""",""""""
"products","1e30fd92-6bf2-41ff-b759-50c54a6ba413","bls-425","compatible_with_locales","[""Full masks""]","[""Maschere integrali""]","""""","""""",""""""
"products","1e30fd92-6bf2-41ff-b759-50c54a6ba413","bls-425","coatings_locales","""""","""""","""""","""""",""""""
"products","1e30fd92-6bf2-41ff-b759-50c54a6ba413","bls-425","eye_face_materials_locales","""""","""""","""""","""""",""""""
"products","1e30fd92-6bf2-41ff-b759-50c54a6ba413","bls-425","head_tech_specs_locales","""""","""""","""""","""""",""""""
"products","1e30fd92-6bf2-41ff-b759-50c54a6ba413","bls-425","clothing_attributes_locales","""""","""""","""""","""""",""""""
"products","eba7e505-193a-402c-a330-8a2e4d4ad6c1","bls-430","name_locales","BLS 430","BLS 430","""""","""""",""""""
"products","eba7e505-193a-402c-a330-8a2e4d4ad6c1","bls-430","description_locales","Combined filter with universal RD40 connection for full masks","Filtro combinato con aggancio universale RD40 per maschere facciali integrali","""""","""""",""""""
"products","eba7e505-193a-402c-a330-8a2e4d4ad6c1","bls-430","short_description_locales","Universal RD40 filter","Filtro con aggancio universale RD40","""""","""""",""""""
"products","eba7e505-193a-402c-a330-8a2e4d4ad6c1","bls-430","category_locales","Respiratory protection","Protezione vie respiratorie","""""","""""",""""""
"products","eba7e505-193a-402c-a330-8a2e4d4ad6c1","bls-430","sub_category_locales","Filters, Cartridges and accessories","Filtri, cartucce e accessori","""""","""""",""""""
"products","eba7e505-193a-402c-a330-8a2e4d4ad6c1","bls-430","features_locales","[""Standard thread connection according to EN 148-1, universal across all respiratory protection devices""]","[""Connessione filettata standard secondo EN 148-1, universale per tutti i dispositivi di protezione respiratoria""]","""""","""""",""""""
"products","eba7e505-193a-402c-a330-8a2e4d4ad6c1","bls-430","applications_locales","[""Application depends on the filter used (gas, vapour, particulate, combined, etc.)""]","[""L’applicazione dipende dal filtro utilizzato (gas, vapori, particolato, combinato, ecc.)""]","""""","""""",""""""
"products","eba7e505-193a-402c-a330-8a2e4d4ad6c1","bls-430","industries_locales","[""Chemical manufacturing"",""paint/spraying"",""metal working"",""welding"",""pharma""]","[""Produzione chimica"",""verniciatura/spruzzatura"",""lavorazione dei metalli"",""saldatura"",""industria farmaceutica""]","""""","""""",""""""
"products","eba7e505-193a-402c-a330-8a2e4d4ad6c1","bls-430","tags_locales","[]","[]","""""","""""",""""""
"products","eba7e505-193a-402c-a330-8a2e4d4ad6c1","bls-430","size_locales","","","""""","""""",""""""
"products","eba7e505-193a-402c-a330-8a2e4d4ad6c1","bls-430","materials_locales","[""Aluminium with plastic caps"",""Pleated fibre mesh"",""Activated carbons grains""]","[""Alluminio con copertura in plastica"",""rete a fibre plissettate"",""granuli di carbone attivo""]","""""","""""",""""""
"products","eba7e505-193a-402c-a330-8a2e4d4ad6c1","bls-430","eye_face_comfort_features_locales","""""","""""","""""","""""",""""""
"products","eba7e505-193a-402c-a330-8a2e4d4ad6c1","bls-430","eye_face_equipment_locales","""""","""""","""""","""""",""""""
"products","eba7e505-193a-402c-a330-8a2e4d4ad6c1","bls-430","head_comfort_features_locales","""""","""""","""""","""""",""""""
"products","eba7e505-193a-402c-a330-8a2e4d4ad6c1","bls-430","head_other_details_locales","""""","""""","""""","""""",""""""
"products","eba7e505-193a-402c-a330-8a2e4d4ad6c1","bls-430","head_equipment_locales","""""","""""","""""","""""",""""""
"products","eba7e505-193a-402c-a330-8a2e4d4ad6c1","bls-430","footwear_comfort_features_locales","""""","""""","""""","""""",""""""
"products","eba7e505-193a-402c-a330-8a2e4d4ad6c1","bls-430","hearing_comfort_features_locales","""""","""""","""""","""""",""""""
"products","eba7e505-193a-402c-a330-8a2e4d4ad6c1","bls-430","hearing_other_details_locales","""""","""""","""""","""""",""""""
"products","eba7e505-193a-402c-a330-8a2e4d4ad6c1","bls-430","hearing_equipment_locales","""""","""""","""""","""""",""""""
"products","eba7e505-193a-402c-a330-8a2e4d4ad6c1","bls-430","respiratory_comfort_features_locales","""""","""""","""""","""""",""""""
"products","eba7e505-193a-402c-a330-8a2e4d4ad6c1","bls-430","respiratory_other_details_locales","""""","""""","""""","""""",""""""
"products","eba7e505-193a-402c-a330-8a2e4d4ad6c1","bls-430","respiratory_equipment_locales","""""","""""","""""","""""",""""""
"products","eba7e505-193a-402c-a330-8a2e4d4ad6c1","bls-430","clothing_comfort_features_locales","""""","""""","""""","""""",""""""
"products","eba7e505-193a-402c-a330-8a2e4d4ad6c1","bls-430","clothing_other_details_locales","""""","""""","""""","""""",""""""
"products","eba7e505-193a-402c-a330-8a2e4d4ad6c1","bls-430","footwear_materials_locales","""""","""""","""""","""""",""""""
"products","eba7e505-193a-402c-a330-8a2e4d4ad6c1","bls-430","footwear_special_features_locales","""""","""""","""""","""""",""""""
"products","eba7e505-193a-402c-a330-8a2e4d4ad6c1","bls-430","connections_locales","[""Universal (RD40)""]","[""Universal (RD40)""]","""""","""""",""""""
"products","eba7e505-193a-402c-a330-8a2e4d4ad6c1","bls-430","compatible_with_locales","[""Full masks""]","[""Maschere integrali""]","""""","""""",""""""
"products","eba7e505-193a-402c-a330-8a2e4d4ad6c1","bls-430","coatings_locales","""""","""""","""""","""""",""""""
"products","eba7e505-193a-402c-a330-8a2e4d4ad6c1","bls-430","eye_face_materials_locales","""""","""""","""""","""""",""""""
"products","eba7e505-193a-402c-a330-8a2e4d4ad6c1","bls-430","head_tech_specs_locales","""""","""""","""""","""""",""""""
"products","eba7e505-193a-402c-a330-8a2e4d4ad6c1","bls-430","clothing_attributes_locales","""""","""""","""""","""""",""""""
"products","ce1e8616-ccf4-4385-b1a3-6bae68f3333f","bls-441","name_locales","BLS 441","BLS 441","""""","""""",""""""
"products","ce1e8616-ccf4-4385-b1a3-6bae68f3333f","bls-441","description_locales","Dust filter with universal RD40 connection and activated carbons","Filtro per Polveri con attacco universale RD40 e carboni attivi","""""","""""",""""""
"products","ce1e8616-ccf4-4385-b1a3-6bae68f3333f","bls-441","short_description_locales","Dust filter with universal RD40 connection and activated carbons","Filtro per Polveri con attacco universale RD40 e carboni attivi","""""","""""",""""""
"products","ce1e8616-ccf4-4385-b1a3-6bae68f3333f","bls-441","category_locales","Respiratory protection","Protezione vie respiratorie","""""","""""",""""""
"products","ce1e8616-ccf4-4385-b1a3-6bae68f3333f","bls-441","sub_category_locales","Filters, Cartridges and accessories","Filtri, cartucce e accessori","""""","""""",""""""
"products","ce1e8616-ccf4-4385-b1a3-6bae68f3333f","bls-441","features_locales","[""Standard thread connection according to EN 148-1, universal across all respiratory protection devices"",""Aluminium casing to ensure mechanical and heat resistence""]","[""Connessione filettata standard secondo EN 148-1, universale per tutti i dispositivi di protezione respiratoria"",""Contenitore in alluminio per garantire resistenza meccanica e al calore""]","""""","""""",""""""
"products","ce1e8616-ccf4-4385-b1a3-6bae68f3333f","bls-441","applications_locales","[""Application depends on the filter used (gas, vapour, particulate, combined, etc.)""]","[""L’applicazione dipende dal filtro utilizzato (gas, vapori, particolato, combinato, ecc.)""]","""""","""""",""""""
"products","ce1e8616-ccf4-4385-b1a3-6bae68f3333f","bls-441","industries_locales","[""Chemical manufacturing"",""paint/spraying"",""metal working"",""welding"",""pharma""]","[""Produzione chimica"",""verniciatura/spruzzatura"",""lavorazione dei metalli"",""saldatura"",""industria farmaceutica""]","""""","""""",""""""
"products","ce1e8616-ccf4-4385-b1a3-6bae68f3333f","bls-441","tags_locales","[]","[]","""""","""""",""""""
"products","ce1e8616-ccf4-4385-b1a3-6bae68f3333f","bls-441","size_locales","","","""""","""""",""""""
"products","ce1e8616-ccf4-4385-b1a3-6bae68f3333f","bls-441","materials_locales","[""Alluminium with plastic caps"",""Pleated fiber mesh"",""Activated carbons grains""]","[""Alluminio con copertura in plastica"",""rete a fibre plissettate"",""granuli di carbone attivo""]","""""","""""",""""""
"products","ce1e8616-ccf4-4385-b1a3-6bae68f3333f","bls-441","eye_face_comfort_features_locales","""""","""""","""""","""""",""""""
"products","ce1e8616-ccf4-4385-b1a3-6bae68f3333f","bls-441","eye_face_equipment_locales","""""","""""","""""","""""",""""""
"products","ce1e8616-ccf4-4385-b1a3-6bae68f3333f","bls-441","head_comfort_features_locales","""""","""""","""""","""""",""""""
"products","ce1e8616-ccf4-4385-b1a3-6bae68f3333f","bls-441","head_other_details_locales","""""","""""","""""","""""",""""""
"products","ce1e8616-ccf4-4385-b1a3-6bae68f3333f","bls-441","head_equipment_locales","""""","""""","""""","""""",""""""
"products","ce1e8616-ccf4-4385-b1a3-6bae68f3333f","bls-441","footwear_comfort_features_locales","""""","""""","""""","""""",""""""
"products","ce1e8616-ccf4-4385-b1a3-6bae68f3333f","bls-441","hearing_comfort_features_locales","""""","""""","""""","""""",""""""
"products","ce1e8616-ccf4-4385-b1a3-6bae68f3333f","bls-441","hearing_other_details_locales","""""","""""","""""","""""",""""""
"products","ce1e8616-ccf4-4385-b1a3-6bae68f3333f","bls-441","hearing_equipment_locales","""""","""""","""""","""""",""""""
"products","ce1e8616-ccf4-4385-b1a3-6bae68f3333f","bls-441","respiratory_comfort_features_locales","""""","""""","""""","""""",""""""
"products","ce1e8616-ccf4-4385-b1a3-6bae68f3333f","bls-441","respiratory_other_details_locales","""""","""""","""""","""""",""""""
"products","ce1e8616-ccf4-4385-b1a3-6bae68f3333f","bls-441","respiratory_equipment_locales","""""","""""","""""","""""",""""""
"products","ce1e8616-ccf4-4385-b1a3-6bae68f3333f","bls-441","clothing_comfort_features_locales","""""","""""","""""","""""",""""""
"products","ce1e8616-ccf4-4385-b1a3-6bae68f3333f","bls-441","clothing_other_details_locales","""""","""""","""""","""""",""""""
"products","ce1e8616-ccf4-4385-b1a3-6bae68f3333f","bls-441","footwear_materials_locales","""""","""""","""""","""""",""""""
"products","ce1e8616-ccf4-4385-b1a3-6bae68f3333f","bls-441","footwear_special_features_locales","""""","""""","""""","""""",""""""
"products","ce1e8616-ccf4-4385-b1a3-6bae68f3333f","bls-441","connections_locales","[""Universal (RD40)""]","[""Universal (RD40)""]","""""","""""",""""""
"products","ce1e8616-ccf4-4385-b1a3-6bae68f3333f","bls-441","compatible_with_locales","[""Full masks""]","[""Maschere integrali""]","""""","""""",""""""
"products","ce1e8616-ccf4-4385-b1a3-6bae68f3333f","bls-441","coatings_locales","""""","""""","""""","""""",""""""
"products","ce1e8616-ccf4-4385-b1a3-6bae68f3333f","bls-441","eye_face_materials_locales","""""","""""","""""","""""",""""""
"products","ce1e8616-ccf4-4385-b1a3-6bae68f3333f","bls-441","head_tech_specs_locales","""""","""""","""""","""""",""""""
"products","ce1e8616-ccf4-4385-b1a3-6bae68f3333f","bls-441","clothing_attributes_locales","""""","""""","""""","""""",""""""
"products","24972c1c-0e10-4e97-b2dc-c3538674dfd6","bls-442","name_locales","BLS 442","BLS 442","""""","""""",""""""
"products","24972c1c-0e10-4e97-b2dc-c3538674dfd6","bls-442","description_locales","Gasses & Vapours filter with universal RD40 connection and activated carbons","Filtro per Gas & Vapori con attacco universale RD40 e carboni attivi","""""","""""",""""""
"products","24972c1c-0e10-4e97-b2dc-c3538674dfd6","bls-442","short_description_locales","Universal RD40 filter","Filtro con aggancio universale RD40","""""","""""",""""""
"products","24972c1c-0e10-4e97-b2dc-c3538674dfd6","bls-442","category_locales","Respiratory protection","Protezione vie respiratorie","""""","""""",""""""
"products","24972c1c-0e10-4e97-b2dc-c3538674dfd6","bls-442","sub_category_locales","Filters, Cartridges and accessories","Filtri, cartucce e accessori","""""","""""",""""""
"products","24972c1c-0e10-4e97-b2dc-c3538674dfd6","bls-442","features_locales","[""Standard thread connection according to EN 148-1, universal across all respiratory protection devices"",""Aluminium casing to ensure mechanical and heat resistence""]","[""Connessione filettata standard secondo EN 148-1, universale per tutti i dispositivi di protezione respiratoria"",""Contenitore in alluminio per garantire resistenza meccanica e al calore""]","""""","""""",""""""
"products","24972c1c-0e10-4e97-b2dc-c3538674dfd6","bls-442","applications_locales","[""Application depends on the filter used (gas, vapour, particulate, combined, etc.)""]","[""L’applicazione dipende dal filtro utilizzato (gas, vapori, particolato, combinato, ecc.)""]","""""","""""",""""""
"products","24972c1c-0e10-4e97-b2dc-c3538674dfd6","bls-442","industries_locales","[""Chemical manufacturing"",""paint/spraying"",""metal working"",""welding"",""pharma""]","[""Produzione chimica"",""verniciatura/spruzzatura"",""lavorazione dei metalli"",""saldatura"",""industria farmaceutica""]","""""","""""",""""""
"products","24972c1c-0e10-4e97-b2dc-c3538674dfd6","bls-442","tags_locales","[]","[]","""""","""""",""""""
"products","24972c1c-0e10-4e97-b2dc-c3538674dfd6","bls-442","size_locales","","","""""","""""",""""""
"products","24972c1c-0e10-4e97-b2dc-c3538674dfd6","bls-442","materials_locales","[""Alluminium with plastic caps"",""Pleated fiber mesh"",""Activated carbons grains""]","[""Alluminio con copertura in plastica"",""rete a fibre plissettate"",""granuli di carbone attivo""]","""""","""""",""""""
"products","24972c1c-0e10-4e97-b2dc-c3538674dfd6","bls-442","eye_face_comfort_features_locales","""""","""""","""""","""""",""""""
"products","24972c1c-0e10-4e97-b2dc-c3538674dfd6","bls-442","eye_face_equipment_locales","""""","""""","""""","""""",""""""
"products","24972c1c-0e10-4e97-b2dc-c3538674dfd6","bls-442","head_comfort_features_locales","""""","""""","""""","""""",""""""
"products","24972c1c-0e10-4e97-b2dc-c3538674dfd6","bls-442","head_other_details_locales","""""","""""","""""","""""",""""""
"products","24972c1c-0e10-4e97-b2dc-c3538674dfd6","bls-442","head_equipment_locales","""""","""""","""""","""""",""""""
"products","24972c1c-0e10-4e97-b2dc-c3538674dfd6","bls-442","footwear_comfort_features_locales","""""","""""","""""","""""",""""""
"products","24972c1c-0e10-4e97-b2dc-c3538674dfd6","bls-442","hearing_comfort_features_locales","""""","""""","""""","""""",""""""
"products","24972c1c-0e10-4e97-b2dc-c3538674dfd6","bls-442","hearing_other_details_locales","""""","""""","""""","""""",""""""
"products","24972c1c-0e10-4e97-b2dc-c3538674dfd6","bls-442","hearing_equipment_locales","""""","""""","""""","""""",""""""
"products","24972c1c-0e10-4e97-b2dc-c3538674dfd6","bls-442","respiratory_comfort_features_locales","""""","""""","""""","""""",""""""
"products","24972c1c-0e10-4e97-b2dc-c3538674dfd6","bls-442","respiratory_other_details_locales","""""","""""","""""","""""",""""""
"products","24972c1c-0e10-4e97-b2dc-c3538674dfd6","bls-442","respiratory_equipment_locales","""""","""""","""""","""""",""""""
"products","24972c1c-0e10-4e97-b2dc-c3538674dfd6","bls-442","clothing_comfort_features_locales","""""","""""","""""","""""",""""""
"products","24972c1c-0e10-4e97-b2dc-c3538674dfd6","bls-442","clothing_other_details_locales","""""","""""","""""","""""",""""""
"products","24972c1c-0e10-4e97-b2dc-c3538674dfd6","bls-442","footwear_materials_locales","""""","""""","""""","""""",""""""
"products","24972c1c-0e10-4e97-b2dc-c3538674dfd6","bls-442","footwear_special_features_locales","""""","""""","""""","""""",""""""
"products","24972c1c-0e10-4e97-b2dc-c3538674dfd6","bls-442","connections_locales","[""Universal (RD40)""]","[""Universal (RD40)""]","""""","""""",""""""
"products","24972c1c-0e10-4e97-b2dc-c3538674dfd6","bls-442","compatible_with_locales","[""Full masks""]","[""Maschere integrali""]","""""","""""",""""""
"products","24972c1c-0e10-4e97-b2dc-c3538674dfd6","bls-442","coatings_locales","""""","""""","""""","""""",""""""
"products","24972c1c-0e10-4e97-b2dc-c3538674dfd6","bls-442","eye_face_materials_locales","""""","""""","""""","""""",""""""
"products","24972c1c-0e10-4e97-b2dc-c3538674dfd6","bls-442","head_tech_specs_locales","""""","""""","""""","""""",""""""
"products","24972c1c-0e10-4e97-b2dc-c3538674dfd6","bls-442","clothing_attributes_locales","""""","""""","""""","""""",""""""
"products","5d0e1e01-5fc2-45f3-a88c-f1714190a9d6","bls-5600","name_locales","BLS 5600","BLS 5600","""""","""""",""""""
"products","5d0e1e01-5fc2-45f3-a88c-f1714190a9d6","bls-5600","description_locales","Full-face masks with thermoplastic rubber face seal and B-lock bayonet connection. Compatible with the BLS 200 filter range, for protection against gases/vapors and toxic particulates","Maschere intera con guarnizione facciale in gomma termoplastica e raccordo a baionetta b-lock. Compatibili con la gamma di filtri BLS 200, per protezione da gas/vapori e particolati tossici","""""","""""",""""""
"products","5d0e1e01-5fc2-45f3-a88c-f1714190a9d6","bls-5600","short_description_locales","Full-face mask with b-lock connection","Maschera intera facciale con connessione a baionetta b-lock","""""","""""",""""""
"products","5d0e1e01-5fc2-45f3-a88c-f1714190a9d6","bls-5600","category_locales","Respiratory protection","Protezione vie respiratorie","""""","""""",""""""
"products","5d0e1e01-5fc2-45f3-a88c-f1714190a9d6","bls-5600","sub_category_locales","Full face masks","Maschere integrali","""""","""""",""""""
"products","5d0e1e01-5fc2-45f3-a88c-f1714190a9d6","bls-5600","features_locales","[""Scratch resistant visor (Live visor), optical class 1 (EN166)"",""Wide range of spare parts to extend use and lifespan of the mask"",""6-point harness for precise adjustment and pressure distribution on the face"",""Anallergic"",""Thermoplastic face seal for added comfort"",""Anti-fog visor""]","[""Visiera antigraffio (Live visor), classe ottica 1 (EN166)"",""Ampia gamma di ricambi per prolungare l’uso e la durata della maschera"",""Bardatura a 6 punti per una regolazione precisa e una distribuzione uniforme della pressione sul viso"",""Anallergico"",""Guarnizione facciale in termoplastica per maggiore comfort"",""Visiera antiappannamento""]","""""","""""",""""""
"products","5d0e1e01-5fc2-45f3-a88c-f1714190a9d6","bls-5600","applications_locales","[""Protection against aerial contaminants and particles combined with eye protection"",""Application depends on the filter used (gas, vapor, particulate, combined, etc.)""]","[""Protezione contro contaminanti e particelle presenti nell’aria, combinata con protezione degli occhi"",""L’applicazione dipende dal filtro utilizzato (gas, vapori, particolato, combinato, ecc.)""]","""""","""""",""""""
"products","5d0e1e01-5fc2-45f3-a88c-f1714190a9d6","bls-5600","industries_locales","[""Chemical manufacturing"",""paint/spraying"",""metal working"",""welding"",""pharma""]","[""Produzione chimica"",""verniciatura/spruzzatura"",""lavorazione dei metalli"",""saldatura"",""industria farmaceutica""]","""""","""""",""""""
"products","5d0e1e01-5fc2-45f3-a88c-f1714190a9d6","bls-5600","tags_locales","[""full-face mask"",""B-Lock""]","[""maschera intera facciale"",""B-lock""]","""""","""""",""""""
"products","5d0e1e01-5fc2-45f3-a88c-f1714190a9d6","bls-5600","size_locales","S - M - L","S - M - L","""""","""""",""""""
"products","5d0e1e01-5fc2-45f3-a88c-f1714190a9d6","bls-5600","materials_locales","[""Thermoplasticelastomer (TPE)"",""Polycarbonate (PC)"",""Other""]","[""Elastomero termoplastico (TPE)"",""Policarbonato (PC)"",""Altro""]","""""","""""",""""""
"products","5d0e1e01-5fc2-45f3-a88c-f1714190a9d6","bls-5600","eye_face_comfort_features_locales","""""","""""","""""","""""",""""""
"products","5d0e1e01-5fc2-45f3-a88c-f1714190a9d6","bls-5600","eye_face_equipment_locales","""""","""""","""""","""""",""""""
"products","5d0e1e01-5fc2-45f3-a88c-f1714190a9d6","bls-5600","head_comfort_features_locales","""""","""""","""""","""""",""""""
"products","5d0e1e01-5fc2-45f3-a88c-f1714190a9d6","bls-5600","head_other_details_locales","""""","""""","""""","""""",""""""
"products","5d0e1e01-5fc2-45f3-a88c-f1714190a9d6","bls-5600","head_equipment_locales","""""","""""","""""","""""",""""""
"products","5d0e1e01-5fc2-45f3-a88c-f1714190a9d6","bls-5600","footwear_comfort_features_locales","""""","""""","""""","""""",""""""
"products","5d0e1e01-5fc2-45f3-a88c-f1714190a9d6","bls-5600","hearing_comfort_features_locales","""""","""""","""""","""""",""""""
"products","5d0e1e01-5fc2-45f3-a88c-f1714190a9d6","bls-5600","hearing_other_details_locales","""""","""""","""""","""""",""""""
"products","5d0e1e01-5fc2-45f3-a88c-f1714190a9d6","bls-5600","hearing_equipment_locales","""""","""""","""""","""""",""""""
"products","5d0e1e01-5fc2-45f3-a88c-f1714190a9d6","bls-5600","respiratory_comfort_features_locales","[]","""""","""""","""""",""""""
"products","5d0e1e01-5fc2-45f3-a88c-f1714190a9d6","bls-5600","respiratory_other_details_locales","""""","""""","""""","""""",""""""
"products","5d0e1e01-5fc2-45f3-a88c-f1714190a9d6","bls-5600","respiratory_equipment_locales","""""","""""","""""","""""",""""""
"products","5d0e1e01-5fc2-45f3-a88c-f1714190a9d6","bls-5600","clothing_comfort_features_locales","""""","""""","""""","""""",""""""
"products","5d0e1e01-5fc2-45f3-a88c-f1714190a9d6","bls-5600","clothing_other_details_locales","""""","""""","""""","""""",""""""
"products","5d0e1e01-5fc2-45f3-a88c-f1714190a9d6","bls-5600","footwear_materials_locales","""""","""""","""""","""""",""""""
"products","5d0e1e01-5fc2-45f3-a88c-f1714190a9d6","bls-5600","footwear_special_features_locales","""""","""""","""""","""""",""""""
"products","5d0e1e01-5fc2-45f3-a88c-f1714190a9d6","bls-5600","connections_locales","[""B-Lock""]","[""B-Lock""]","""""","""""",""""""
"products","5d0e1e01-5fc2-45f3-a88c-f1714190a9d6","bls-5600","compatible_with_locales","[""BLS 200 Filters"",""BLS 201 Filters""]","[""Filtri BLS 200"",""Filtri BLS 201""]","""""","""""",""""""
"products","5d0e1e01-5fc2-45f3-a88c-f1714190a9d6","bls-5600","coatings_locales","""""","""""","""""","""""",""""""
"products","5d0e1e01-5fc2-45f3-a88c-f1714190a9d6","bls-5600","eye_face_materials_locales","""""","""""","""""","""""",""""""
"products","5d0e1e01-5fc2-45f3-a88c-f1714190a9d6","bls-5600","head_tech_specs_locales","""""","""""","""""","""""",""""""
"products","5d0e1e01-5fc2-45f3-a88c-f1714190a9d6","bls-5600","clothing_attributes_locales","""""","""""","""""","""""",""""""
"products","8a464614-1343-4b2f-a728-2416d196cffc","bls-5700","name_locales","BLS 5700","BLS 5700","""""","""""",""""""
"products","8a464614-1343-4b2f-a728-2416d196cffc","bls-5700","description_locales","Full-face masks with silicone face seal and B-lock bayonet connection. Compatible with the BLS 200 filter range, for protection against gases/vapors and toxic particulates","Maschere intera con guarnizione facciale in silicone e raccordo a baionetta b-lock. Compatibili con la gamma di filtri BLS 200, per protezione da gas/vapori e particolati tossici","""""","""""",""""""
"products","8a464614-1343-4b2f-a728-2416d196cffc","bls-5700","short_description_locales","Full-face mask with b-lock connection","Maschera intera facciale con connessione a baionetta b-lock","""""","""""",""""""
"products","8a464614-1343-4b2f-a728-2416d196cffc","bls-5700","category_locales","Respiratory protection","Protezione vie respiratorie","""""","""""",""""""
"products","8a464614-1343-4b2f-a728-2416d196cffc","bls-5700","sub_category_locales","Full face masks","Maschere integrali","""""","""""",""""""
"products","8a464614-1343-4b2f-a728-2416d196cffc","bls-5700","features_locales","[""Scratch resistant visor (Live visor), optical class 1 (EN166)"",""Wide range of spare parts to extend use and lifespan of the mask"",""6-point harness for precise adjustment and pressure distribution on the face"",""Anallergic"",""Silicone face seal for added comfort"",""Available in three sizes"",""Anti-fog visor"",""Transmission of vocal sound with aluminium layer inside the breathing unit""]","[""Visiera antigraffio (Live visor), classe ottica 1 (EN166)"",""Ampia gamma di ricambi per prolungare l’uso e la durata della maschera"",""Bardatura a 6 punti per una regolazione precisa e una distribuzione uniforme della pressione sul viso"",""Anallergico"",""Guarnizione facciale in silicone per maggiore comfort"",""Disponibile in tre misure"",""Visiera antiappannamento"",""Trasmissione del suono vocale con strato di alluminio all’interno dell’unità respiratoria""]","""""","""""",""""""
"products","8a464614-1343-4b2f-a728-2416d196cffc","bls-5700","applications_locales","[""Protection against aerial contaminants and particles combined with eye protection"",""Application depends on the filter used (gas, vapor, particulate, combined, etc.)""]","[""Protezione contro contaminanti e particelle presenti nell’aria, combinata con protezione degli occhi"",""L’applicazione dipende dal filtro utilizzato (gas, vapori, particolato, combinato, ecc.)""]","""""","""""",""""""
"products","8a464614-1343-4b2f-a728-2416d196cffc","bls-5700","industries_locales","[""Chemical manufacturing"",""paint/spraying"",""metal working"",""welding"",""pharma""]","[""Produzione chimica"",""verniciatura/spruzzatura"",""lavorazione dei metalli"",""saldatura"",""industria farmaceutica""]","""""","""""",""""""
"products","8a464614-1343-4b2f-a728-2416d196cffc","bls-5700","tags_locales","[""full-face mask"",""B-Lock""]","[""maschera intera facciale"",""B-lock""]","""""","""""",""""""
"products","8a464614-1343-4b2f-a728-2416d196cffc","bls-5700","size_locales","Universal","Unica","""""","""""",""""""
"products","8a464614-1343-4b2f-a728-2416d196cffc","bls-5700","materials_locales","[""Silicone"",""Polycarbonate (PC)"",""Other""]","[""Silicone"",""Policarbonato (PC)"",""Altro""]","""""","""""",""""""
"products","8a464614-1343-4b2f-a728-2416d196cffc","bls-5700","eye_face_comfort_features_locales","""""","""""","""""","""""",""""""
"products","8a464614-1343-4b2f-a728-2416d196cffc","bls-5700","eye_face_equipment_locales","""""","""""","""""","""""",""""""
"products","8a464614-1343-4b2f-a728-2416d196cffc","bls-5700","head_comfort_features_locales","""""","""""","""""","""""",""""""
"products","8a464614-1343-4b2f-a728-2416d196cffc","bls-5700","head_other_details_locales","""""","""""","""""","""""",""""""
"products","8a464614-1343-4b2f-a728-2416d196cffc","bls-5700","head_equipment_locales","""""","""""","""""","""""",""""""
"products","8a464614-1343-4b2f-a728-2416d196cffc","bls-5700","footwear_comfort_features_locales","""""","""""","""""","""""",""""""
"products","8a464614-1343-4b2f-a728-2416d196cffc","bls-5700","hearing_comfort_features_locales","""""","""""","""""","""""",""""""
"products","8a464614-1343-4b2f-a728-2416d196cffc","bls-5700","hearing_other_details_locales","""""","""""","""""","""""",""""""
"products","8a464614-1343-4b2f-a728-2416d196cffc","bls-5700","hearing_equipment_locales","""""","""""","""""","""""",""""""
"products","8a464614-1343-4b2f-a728-2416d196cffc","bls-5700","respiratory_comfort_features_locales","""""","""""","""""","""""",""""""
"products","8a464614-1343-4b2f-a728-2416d196cffc","bls-5700","respiratory_other_details_locales","""""","""""","""""","""""",""""""
"products","8a464614-1343-4b2f-a728-2416d196cffc","bls-5700","respiratory_equipment_locales","""""","""""","""""","""""",""""""
"products","8a464614-1343-4b2f-a728-2416d196cffc","bls-5700","clothing_comfort_features_locales","""""","""""","""""","""""",""""""
"products","8a464614-1343-4b2f-a728-2416d196cffc","bls-5700","clothing_other_details_locales","""""","""""","""""","""""",""""""
"products","8a464614-1343-4b2f-a728-2416d196cffc","bls-5700","footwear_materials_locales","""""","""""","""""","""""",""""""
"products","8a464614-1343-4b2f-a728-2416d196cffc","bls-5700","footwear_special_features_locales","""""","""""","""""","""""",""""""
"products","8a464614-1343-4b2f-a728-2416d196cffc","bls-5700","connections_locales","[""B-Lock""]","[""B-Lock""]","""""","""""",""""""
"products","8a464614-1343-4b2f-a728-2416d196cffc","bls-5700","compatible_with_locales","[""BLS 200 Filters"",""BLS 201 Filters""]","[""Filtri BLS 200"",""Filtri BLS 201""]","""""","""""",""""""
"products","8a464614-1343-4b2f-a728-2416d196cffc","bls-5700","coatings_locales","""""","""""","""""","""""",""""""
"products","8a464614-1343-4b2f-a728-2416d196cffc","bls-5700","eye_face_materials_locales","""""","""""","""""","""""",""""""
"products","8a464614-1343-4b2f-a728-2416d196cffc","bls-5700","head_tech_specs_locales","""""","""""","""""","""""",""""""
"products","8a464614-1343-4b2f-a728-2416d196cffc","bls-5700","clothing_attributes_locales","""""","""""","""""","""""",""""""
"products","b60c1fad-532e-4bfb-af0c-e6a0bc363f98","bls-680next","name_locales","BLS 680next","","""""","""""",""""""
"products","b60c1fad-532e-4bfb-af0c-e6a0bc363f98","bls-680next","description_locales","","","""""","""""",""""""
"products","b60c1fad-532e-4bfb-af0c-e6a0bc363f98","bls-680next","short_description_locales","FFP2 three-flap flat filtering disposable mask","","""""","""""",""""""
"products","b60c1fad-532e-4bfb-af0c-e6a0bc363f98","bls-680next","category_locales","Respiratory Protection","Protezione respiratoria","""""","""""",""""""
"products","b60c1fad-532e-4bfb-af0c-e6a0bc363f98","bls-680next","sub_category_locales","","","""""","""""",""""""
"products","b60c1fad-532e-4bfb-af0c-e6a0bc363f98","bls-680next","features_locales","[]","[]","""""","""""",""""""
"products","b60c1fad-532e-4bfb-af0c-e6a0bc363f98","bls-680next","applications_locales","[]","[]","""""","""""",""""""
"products","b60c1fad-532e-4bfb-af0c-e6a0bc363f98","bls-680next","industries_locales","[]","[]","""""","""""",""""""
"products","b60c1fad-532e-4bfb-af0c-e6a0bc363f98","bls-680next","tags_locales","[]","[]","""""","""""",""""""
"products","b60c1fad-532e-4bfb-af0c-e6a0bc363f98","bls-680next","size_locales","S - M/L","","""""","""""",""""""
"products","b60c1fad-532e-4bfb-af0c-e6a0bc363f98","bls-680next","materials_locales","[""ELASTICS: synthetic polysoprene"",""NOSE CLIP: PP reinforced with metal"",""GASKET: PE"",""FILTERS: PP""]","[]","""""","""""",""""""
"products","b60c1fad-532e-4bfb-af0c-e6a0bc363f98","bls-680next","eye_face_comfort_features_locales","""""","""""","""""","""""",""""""
"products","b60c1fad-532e-4bfb-af0c-e6a0bc363f98","bls-680next","eye_face_equipment_locales","""""","""""","""""","""""",""""""
"products","b60c1fad-532e-4bfb-af0c-e6a0bc363f98","bls-680next","head_comfort_features_locales","""""","""""","""""","""""",""""""
"products","b60c1fad-532e-4bfb-af0c-e6a0bc363f98","bls-680next","head_other_details_locales","""""","""""","""""","""""",""""""
"products","b60c1fad-532e-4bfb-af0c-e6a0bc363f98","bls-680next","head_equipment_locales","""""","""""","""""","""""",""""""
"products","b60c1fad-532e-4bfb-af0c-e6a0bc363f98","bls-680next","footwear_comfort_features_locales","""""","""""","""""","""""",""""""
"products","b60c1fad-532e-4bfb-af0c-e6a0bc363f98","bls-680next","hearing_comfort_features_locales","""""","""""","""""","""""",""""""
"products","b60c1fad-532e-4bfb-af0c-e6a0bc363f98","bls-680next","hearing_other_details_locales","""""","""""","""""","""""",""""""
"products","b60c1fad-532e-4bfb-af0c-e6a0bc363f98","bls-680next","hearing_equipment_locales","""""","""""","""""","""""",""""""
"products","b60c1fad-532e-4bfb-af0c-e6a0bc363f98","bls-680next","respiratory_comfort_features_locales","[]","[]","""""","""""",""""""
"products","b60c1fad-532e-4bfb-af0c-e6a0bc363f98","bls-680next","respiratory_other_details_locales","[]","[]","""""","""""",""""""
"products","b60c1fad-532e-4bfb-af0c-e6a0bc363f98","bls-680next","respiratory_equipment_locales","[]","[]","""""","""""",""""""
"products","b60c1fad-532e-4bfb-af0c-e6a0bc363f98","bls-680next","clothing_comfort_features_locales","""""","""""","""""","""""",""""""
"products","b60c1fad-532e-4bfb-af0c-e6a0bc363f98","bls-680next","clothing_other_details_locales","""""","""""","""""","""""",""""""
"products","b60c1fad-532e-4bfb-af0c-e6a0bc363f98","bls-680next","footwear_materials_locales","""""","""""","""""","""""",""""""
"products","b60c1fad-532e-4bfb-af0c-e6a0bc363f98","bls-680next","footwear_special_features_locales","""""","""""","""""","""""",""""""
"products","b60c1fad-532e-4bfb-af0c-e6a0bc363f98","bls-680next","connections_locales","[]","[]","""""","""""",""""""
"products","b60c1fad-532e-4bfb-af0c-e6a0bc363f98","bls-680next","compatible_with_locales","[]","[]","""""","""""",""""""
"products","b60c1fad-532e-4bfb-af0c-e6a0bc363f98","bls-680next","coatings_locales","""""","""""","""""","""""",""""""
"products","b60c1fad-532e-4bfb-af0c-e6a0bc363f98","bls-680next","eye_face_materials_locales","""""","""""","""""","""""",""""""
"products","b60c1fad-532e-4bfb-af0c-e6a0bc363f98","bls-680next","head_tech_specs_locales","""""","""""","""""","""""",""""""
"products","b60c1fad-532e-4bfb-af0c-e6a0bc363f98","bls-680next","clothing_attributes_locales","""""","""""","""""","""""",""""""
"products","1710d73c-769c-43fe-bc0e-afcecf8f386a","bls-zer032-active","name_locales","BLS Zer032 Active","BLS Zer032 Active","""""","""""",""""""
"products","1710d73c-769c-43fe-bc0e-afcecf8f386a","bls-zer032-active","description_locales","FFP3 cup shaped filtering facepieces with Active Shield electronic valve","Facciali filtranti FFP3 a coppa con valvola elettronica Active Shield","""""","""""",""""""
"products","1710d73c-769c-43fe-bc0e-afcecf8f386a","bls-zer032-active","short_description_locales","FFP3 cup shaped filtering facepieces with Active Shield electronic valve","Facciali filtranti FFP3 a coppa con valvola elettronica Active Shield","""""","""""",""""""
"products","1710d73c-769c-43fe-bc0e-afcecf8f386a","bls-zer032-active","category_locales","Respiratory protection","Protezione vie respiratorie","""""","""""",""""""
"products","1710d73c-769c-43fe-bc0e-afcecf8f386a","bls-zer032-active","sub_category_locales","Disposable masks","Mascherine monouso","""""","""""",""""""
"products","1710d73c-769c-43fe-bc0e-afcecf8f386a","bls-zer032-active","features_locales","[""Smart breathing valve (Narvalo Active Shield) with adaptive fan to enhance comfort and lithium battery"",""External protective layer against dirt, dust, and liquids"",""Nano filtration (tested down to 0.001 micron)"",""Usage and safety monitoring via IoT"",""Anatomical mask"",""High comfort thanks to soft gasket ensuring fit on all face shapes"",""Internal nose clip"",""Adjustable straps""]","[""Valvola di respirazione intelligente (Narvalo Active Shield) con ventola adattiva che incrementa il comfort e batteria al litio"",""Strato protettivo esterno di protezione verso sporco, polveri e liquidi"",""Nano filtrazione (testato fino 0.001 micron)"",""Monitoraggio uso e sicurezza tramite IoT"",""Mascherina anatomica"",""Elevato comfort grazie a guarnizione morbida che garantisce fit su tutti i volti"",""Barretta stringinaso interna"",""Elastici regolabili""]","""""","""""",""""""
"products","1710d73c-769c-43fe-bc0e-afcecf8f386a","bls-zer032-active","applications_locales","[""Protection against medicines and active pharmaceutical ingredients in pharmaceutical and laboratory environments"",""Protection against dusts and particles in construction"",""Protection during sanding activities"",""Protection against emulsions of fertilizers or other chemical or biological agents""]","[""Protezione da medicinali e principi attivi in farmaceutico e laboratori"",""Protezione da polveri e particelle in edilizia"",""Protezione durante attivita' di carteggiatura"",""Protezione da emulsioni di fertilizzanti o altri agenti chimici o biologici""]","""""","""""",""""""
"products","1710d73c-769c-43fe-bc0e-afcecf8f386a","bls-zer032-active","industries_locales","[""Pharmaceutical"",""research"",""construction"",""automotive"",""manufacturing"",""agriculture""]","[""Farmaceutico"",""ricerca"",""edilizio"",""automobilistico"",""manufatturiero"",""agricolo""]","""""","""""",""""""
"products","1710d73c-769c-43fe-bc0e-afcecf8f386a","bls-zer032-active","tags_locales","[""disposable mask"",""smart"",""IoT"",""FFP3""]","[""mascherina monouso"",""smart"",""IoT"",""FFP3""]","""""","""""",""""""
"products","1710d73c-769c-43fe-bc0e-afcecf8f386a","bls-zer032-active","size_locales","Universal","Unica","""""","""""",""""""
"products","1710d73c-769c-43fe-bc0e-afcecf8f386a","bls-zer032-active","materials_locales","[""Polypropylene (PP)"",""Polyethylene (PE)"",""Other""]","[""Polipropilene (PP)"",""Polietilene (PE)"",""Altro""]","""""","""""",""""""
"products","1710d73c-769c-43fe-bc0e-afcecf8f386a","bls-zer032-active","eye_face_comfort_features_locales","""""","""""","""""","""""",""""""
"products","1710d73c-769c-43fe-bc0e-afcecf8f386a","bls-zer032-active","eye_face_equipment_locales","""""","""""","""""","""""",""""""
"products","1710d73c-769c-43fe-bc0e-afcecf8f386a","bls-zer032-active","head_comfort_features_locales","""""","""""","""""","""""",""""""
"products","1710d73c-769c-43fe-bc0e-afcecf8f386a","bls-zer032-active","head_other_details_locales","""""","""""","""""","""""",""""""
"products","1710d73c-769c-43fe-bc0e-afcecf8f386a","bls-zer032-active","head_equipment_locales","""""","""""","""""","""""",""""""
"products","1710d73c-769c-43fe-bc0e-afcecf8f386a","bls-zer032-active","footwear_comfort_features_locales","""""","""""","""""","""""",""""""
"products","1710d73c-769c-43fe-bc0e-afcecf8f386a","bls-zer032-active","hearing_comfort_features_locales","""""","""""","""""","""""",""""""
"products","1710d73c-769c-43fe-bc0e-afcecf8f386a","bls-zer032-active","hearing_other_details_locales","""""","""""","""""","""""",""""""
"products","1710d73c-769c-43fe-bc0e-afcecf8f386a","bls-zer032-active","hearing_equipment_locales","""""","""""","""""","""""",""""""
"products","1710d73c-769c-43fe-bc0e-afcecf8f386a","bls-zer032-active","respiratory_comfort_features_locales","""""","""""","""""","""""",""""""
"products","1710d73c-769c-43fe-bc0e-afcecf8f386a","bls-zer032-active","respiratory_other_details_locales","""""","""""","""""","""""",""""""
"products","1710d73c-769c-43fe-bc0e-afcecf8f386a","bls-zer032-active","respiratory_equipment_locales","""""","""""","""""","""""",""""""
"products","1710d73c-769c-43fe-bc0e-afcecf8f386a","bls-zer032-active","clothing_comfort_features_locales","""""","""""","""""","""""",""""""
"products","1710d73c-769c-43fe-bc0e-afcecf8f386a","bls-zer032-active","clothing_other_details_locales","""""","""""","""""","""""",""""""
"products","1710d73c-769c-43fe-bc0e-afcecf8f386a","bls-zer032-active","footwear_materials_locales","""""","""""","""""","""""",""""""
"products","1710d73c-769c-43fe-bc0e-afcecf8f386a","bls-zer032-active","footwear_special_features_locales","""""","""""","""""","""""",""""""
"products","1710d73c-769c-43fe-bc0e-afcecf8f386a","bls-zer032-active","connections_locales","[]","[]","""""","""""",""""""
"products","1710d73c-769c-43fe-bc0e-afcecf8f386a","bls-zer032-active","compatible_with_locales","[]","[]","""""","""""",""""""
"products","1710d73c-769c-43fe-bc0e-afcecf8f386a","bls-zer032-active","coatings_locales","""""","""""","""""","""""",""""""
"products","1710d73c-769c-43fe-bc0e-afcecf8f386a","bls-zer032-active","eye_face_materials_locales","""""","""""","""""","""""",""""""
"products","1710d73c-769c-43fe-bc0e-afcecf8f386a","bls-zer032-active","head_tech_specs_locales","""""","""""","""""","""""",""""""
"products","1710d73c-769c-43fe-bc0e-afcecf8f386a","bls-zer032-active","clothing_attributes_locales","""""","""""","""""","""""",""""""
"products","8fd49263-957a-4b5d-bfd0-3528b89c381c","bls-zer032-c-active","name_locales","BLS Zer032 C Active","BLS Zer032 C Active","""""","""""",""""""
"products","8fd49263-957a-4b5d-bfd0-3528b89c381c","bls-zer032-c-active","description_locales","FFP3 cup shaped filtering facepieces with Active Shield electronic valve and active carbon layer","Facciali filtranti FFP3 a coppa con valvola elettronica Active Shield e strato di Carboni Attivi","""""","""""",""""""
"products","8fd49263-957a-4b5d-bfd0-3528b89c381c","bls-zer032-c-active","short_description_locales","FFP3 cup shaped filtering facepieces with Active Shield electronic valve","Facciali filtranti FFP3 a coppa con valvola elettronica Active Shield","""""","""""",""""""
"products","8fd49263-957a-4b5d-bfd0-3528b89c381c","bls-zer032-c-active","category_locales","Respiratory protection","Protezione vie respiratorie","""""","""""",""""""
"products","8fd49263-957a-4b5d-bfd0-3528b89c381c","bls-zer032-c-active","sub_category_locales","Disposable masks","Mascherine monouso","""""","""""",""""""
"products","8fd49263-957a-4b5d-bfd0-3528b89c381c","bls-zer032-c-active","features_locales","[""Smart breathing valve (Narvalo Active Shield) with adaptive fan to enhance comfort and lithium battery. Usage and safety monitoring via IoT."",""Activated carbon layer to remove unpleasant odours"",""External protective layer against dirt, dust, and liquids"",""Nano filtration (tested down to 0.001 micron)"",""Anatomical mask"",""High comfort thanks to soft gasket ensuring fit on all face shapes"",""Internal nose clip"",""Adjustable straps""]","[""Valvola di respirazione intelligente (Narvalo Active Shield) con ventola adattiva che incrementa il comfort e batteria al litio. Monitoraggio uso e sicurezza tramite IoT."",""Strato di carbone attivo per rimuovere odori fastidiosi"",""Strato protettivo esterno di protezione verso sporco, polveri e liquidi"",""Nano filtrazione (testato fino 0.001 micron)"",""Mascherina anatomica"",""Elevato comfort grazie a guarnizione morbida che garantisce fit su tutti i volti"",""Barretta stringinaso interna"",""Elastici regolabili""]","""""","""""",""""""
"products","8fd49263-957a-4b5d-bfd0-3528b89c381c","bls-zer032-c-active","applications_locales","[""Protection against medicines and active pharmaceutical ingredients in pharmaceutical and laboratory environments"",""Protection against dusts and particles in construction"",""Protection during sanding activities"",""Protection against emulsions of fertilizers or other chemical or biological agents""]","[""Protezione da medicinali e principi attivi in farmaceutico e laboratori"",""Protezione da polveri e particelle in edilizia"",""Protezione durante attivita' di carteggiatura"",""Protezione da emulsioni di fertilizzanti o altri agenti chimici o biologici""]","""""","""""",""""""
"products","8fd49263-957a-4b5d-bfd0-3528b89c381c","bls-zer032-c-active","industries_locales","[""Pharmaceutical"",""research"",""construction"",""automotive"",""manufacturing"",""agriculture""]","[""Farmaceutico"",""ricerca"",""edilizio"",""automobilistico"",""manufatturiero"",""agricolo""]","""""","""""",""""""
"products","8fd49263-957a-4b5d-bfd0-3528b89c381c","bls-zer032-c-active","tags_locales","[""disposable mask"",""smart"",""IoT"",""FFP3""]","[""mascherina monouso"",""smart"",""IoT"",""FFP3""]","""""","""""",""""""
"products","8fd49263-957a-4b5d-bfd0-3528b89c381c","bls-zer032-c-active","size_locales","Universal","Unica","""""","""""",""""""
"products","8fd49263-957a-4b5d-bfd0-3528b89c381c","bls-zer032-c-active","materials_locales","[""Polypropylene (PP)"",""Polyethylene (PE)"",""Other""]","[""Polipropilene (PP)"",""Polietilene (PE)"",""Altro""]","""""","""""",""""""
"products","8fd49263-957a-4b5d-bfd0-3528b89c381c","bls-zer032-c-active","eye_face_comfort_features_locales","""""","""""","""""","""""",""""""
"products","8fd49263-957a-4b5d-bfd0-3528b89c381c","bls-zer032-c-active","eye_face_equipment_locales","""""","""""","""""","""""",""""""
"products","8fd49263-957a-4b5d-bfd0-3528b89c381c","bls-zer032-c-active","head_comfort_features_locales","""""","""""","""""","""""",""""""
"products","8fd49263-957a-4b5d-bfd0-3528b89c381c","bls-zer032-c-active","head_other_details_locales","""""","""""","""""","""""",""""""
"products","8fd49263-957a-4b5d-bfd0-3528b89c381c","bls-zer032-c-active","head_equipment_locales","""""","""""","""""","""""",""""""
"products","8fd49263-957a-4b5d-bfd0-3528b89c381c","bls-zer032-c-active","footwear_comfort_features_locales","""""","""""","""""","""""",""""""
"products","8fd49263-957a-4b5d-bfd0-3528b89c381c","bls-zer032-c-active","hearing_comfort_features_locales","""""","""""","""""","""""",""""""
"products","8fd49263-957a-4b5d-bfd0-3528b89c381c","bls-zer032-c-active","hearing_other_details_locales","""""","""""","""""","""""",""""""
"products","8fd49263-957a-4b5d-bfd0-3528b89c381c","bls-zer032-c-active","hearing_equipment_locales","""""","""""","""""","""""",""""""
"products","8fd49263-957a-4b5d-bfd0-3528b89c381c","bls-zer032-c-active","respiratory_comfort_features_locales","""""","""""","""""","""""",""""""
"products","8fd49263-957a-4b5d-bfd0-3528b89c381c","bls-zer032-c-active","respiratory_other_details_locales","""""","""""","""""","""""",""""""
"products","8fd49263-957a-4b5d-bfd0-3528b89c381c","bls-zer032-c-active","respiratory_equipment_locales","""""","""""","""""","""""",""""""
"products","8fd49263-957a-4b5d-bfd0-3528b89c381c","bls-zer032-c-active","clothing_comfort_features_locales","""""","""""","""""","""""",""""""
"products","8fd49263-957a-4b5d-bfd0-3528b89c381c","bls-zer032-c-active","clothing_other_details_locales","""""","""""","""""","""""",""""""
"products","8fd49263-957a-4b5d-bfd0-3528b89c381c","bls-zer032-c-active","footwear_materials_locales","""""","""""","""""","""""",""""""
"products","8fd49263-957a-4b5d-bfd0-3528b89c381c","bls-zer032-c-active","footwear_special_features_locales","""""","""""","""""","""""",""""""
"products","8fd49263-957a-4b5d-bfd0-3528b89c381c","bls-zer032-c-active","connections_locales","[]","[]","""""","""""",""""""
"products","8fd49263-957a-4b5d-bfd0-3528b89c381c","bls-zer032-c-active","compatible_with_locales","[]","[]","""""","""""",""""""
"products","8fd49263-957a-4b5d-bfd0-3528b89c381c","bls-zer032-c-active","coatings_locales","""""","""""","""""","""""",""""""
"products","8fd49263-957a-4b5d-bfd0-3528b89c381c","bls-zer032-c-active","eye_face_materials_locales","""""","""""","""""","""""",""""""
"products","8fd49263-957a-4b5d-bfd0-3528b89c381c","bls-zer032-c-active","head_tech_specs_locales","""""","""""","""""","""""",""""""
"products","8fd49263-957a-4b5d-bfd0-3528b89c381c","bls-zer032-c-active","clothing_attributes_locales","""""","""""","""""","""""",""""""
"products","76ad7afe-9d46-4a8e-a13d-1f6a36c4619a","c500","name_locales","C500","","""""","""""",""""""
"products","76ad7afe-9d46-4a8e-a13d-1f6a36c4619a","c500","description_locales","Cut-resistant sleeve for arm protection. Cut protection fibre on the outside and bamboo comfort fibre on the inside, to give excellent comfort and climate characteristics and extremely good cut protection","","""""","""""",""""""
"products","76ad7afe-9d46-4a8e-a13d-1f6a36c4619a","c500","short_description_locales","Lower arm protection with good cut protection","","""""","""""",""""""
"products","76ad7afe-9d46-4a8e-a13d-1f6a36c4619a","c500","category_locales","Arm protection","Protezione braccia","""""","""""",""""""
"products","76ad7afe-9d46-4a8e-a13d-1f6a36c4619a","c500","sub_category_locales","Cut-resistant sleeves","","""""","""""",""""""
"products","76ad7afe-9d46-4a8e-a13d-1f6a36c4619a","c500","features_locales","[""Very good breathability"",""Long service life"",""Cut protection level 5/C""]","[]","""""","""""",""""""
"products","76ad7afe-9d46-4a8e-a13d-1f6a36c4619a","c500","applications_locales","[""arm protection with medium cut risks"",""Suitable for dry and slightly damp work environments""]","[]","""""","""""",""""""
"products","76ad7afe-9d46-4a8e-a13d-1f6a36c4619a","c500","industries_locales","[""Glass manufacturing""]","[]","""""","""""",""""""
"products","76ad7afe-9d46-4a8e-a13d-1f6a36c4619a","c500","tags_locales","[]","[]","""""","""""",""""""
"products","76ad7afe-9d46-4a8e-a13d-1f6a36c4619a","c500","size_locales","M, L","","""""","""""",""""""
"products","76ad7afe-9d46-4a8e-a13d-1f6a36c4619a","c500","materials_locales","[""Bamboo viscose"",""Fibreglass"",""HPPE""]","[]","""""","""""",""""""
"products","76ad7afe-9d46-4a8e-a13d-1f6a36c4619a","c500","eye_face_comfort_features_locales","""""","""""","""""","""""",""""""
"products","76ad7afe-9d46-4a8e-a13d-1f6a36c4619a","c500","eye_face_equipment_locales","""""","""""","""""","""""",""""""
"products","76ad7afe-9d46-4a8e-a13d-1f6a36c4619a","c500","head_comfort_features_locales","""""","""""","""""","""""",""""""
"products","76ad7afe-9d46-4a8e-a13d-1f6a36c4619a","c500","head_other_details_locales","""""","""""","""""","""""",""""""
"products","76ad7afe-9d46-4a8e-a13d-1f6a36c4619a","c500","head_equipment_locales","""""","""""","""""","""""",""""""
"products","76ad7afe-9d46-4a8e-a13d-1f6a36c4619a","c500","footwear_comfort_features_locales","""""","""""","""""","""""",""""""
"products","76ad7afe-9d46-4a8e-a13d-1f6a36c4619a","c500","hearing_comfort_features_locales","""""","""""","""""","""""",""""""
"products","76ad7afe-9d46-4a8e-a13d-1f6a36c4619a","c500","hearing_other_details_locales","""""","""""","""""","""""",""""""
"products","76ad7afe-9d46-4a8e-a13d-1f6a36c4619a","c500","hearing_equipment_locales","""""","""""","""""","""""",""""""
"products","76ad7afe-9d46-4a8e-a13d-1f6a36c4619a","c500","respiratory_comfort_features_locales","""""","""""","""""","""""",""""""
"products","76ad7afe-9d46-4a8e-a13d-1f6a36c4619a","c500","respiratory_other_details_locales","""""","""""","""""","""""",""""""
"products","76ad7afe-9d46-4a8e-a13d-1f6a36c4619a","c500","respiratory_equipment_locales","""""","""""","""""","""""",""""""
"products","76ad7afe-9d46-4a8e-a13d-1f6a36c4619a","c500","clothing_comfort_features_locales","""""","""""","""""","""""",""""""
"products","76ad7afe-9d46-4a8e-a13d-1f6a36c4619a","c500","clothing_other_details_locales","""""","""""","""""","""""",""""""
"products","76ad7afe-9d46-4a8e-a13d-1f6a36c4619a","c500","footwear_materials_locales","""""","""""","""""","""""",""""""
"products","76ad7afe-9d46-4a8e-a13d-1f6a36c4619a","c500","footwear_special_features_locales","""""","""""","""""","""""",""""""
"products","76ad7afe-9d46-4a8e-a13d-1f6a36c4619a","c500","connections_locales","""""","""""","""""","""""",""""""
"products","76ad7afe-9d46-4a8e-a13d-1f6a36c4619a","c500","compatible_with_locales","""""","""""","""""","""""",""""""
"products","76ad7afe-9d46-4a8e-a13d-1f6a36c4619a","c500","coatings_locales","""""","""""","""""","""""",""""""
"products","76ad7afe-9d46-4a8e-a13d-1f6a36c4619a","c500","eye_face_materials_locales","""""","""""","""""","""""",""""""
"products","76ad7afe-9d46-4a8e-a13d-1f6a36c4619a","c500","head_tech_specs_locales","""""","""""","""""","""""",""""""
"products","76ad7afe-9d46-4a8e-a13d-1f6a36c4619a","c500","clothing_attributes_locales","""""","""""","""""","""""",""""""
"products","59b938cb-6d1f-4aef-9aab-7d8afcb53f97","ear-plugs","name_locales","Ear Plugs","Tappi auricolari","""""","""""",""""""
"products","59b938cb-6d1f-4aef-9aab-7d8afcb53f97","ear-plugs","description_locales","Preformed, single-use protective earplugs with ergonomic design provide very high levels of noise isolation, suitable for high-noise environments. Made from soft expanded polyurethane foam for exceptional comfort during extended use.","Tappi auricolari protettivi monouso preformati dal design ergonomico offrono livelli molto alti di isolamento, adatti per ambienti con elevata rumorosità. Realizzati in morbida schiuma espansa di poliuretano, offrono comfort straordinario anche in caso di uso prolungato.","""""","""""",""""""
"products","59b938cb-6d1f-4aef-9aab-7d8afcb53f97","ear-plugs","short_description_locales","Disposable protective ear plugs","Tappi auricolari protettivi monouso","""""","""""",""""""
"products","59b938cb-6d1f-4aef-9aab-7d8afcb53f97","ear-plugs","category_locales","Hearing protection","Protezione uditiva","""""","""""",""""""
"products","59b938cb-6d1f-4aef-9aab-7d8afcb53f97","ear-plugs","sub_category_locales","Ear plugs","Tappi per le orecchie","""""","""""",""""""
"products","59b938cb-6d1f-4aef-9aab-7d8afcb53f97","ear-plugs","features_locales","[""Noise attenuation of 37 dB (H:36, M:35, L:34)"",""Compliant with EN 352-2 and additional requirements (S,V,W,E1)"",""Bright lime colour improves visibility in production areas"",""Sealed surface prevents ingress of foreign bodies""]","[""Attenuazione del rumore di 37 dB (H:36, M:35, L:34)"",""Conforme a EN 352-2 e requisiti aggiuntivi (S,V,W,E1)"",""Colore lime brillante migliora la visibilità nelle aree di produzione"",""Superficie sigillata previene l'ingresso di corpi estranei""]","""""","""""",""""""
"products","59b938cb-6d1f-4aef-9aab-7d8afcb53f97","ear-plugs","applications_locales","[""Best suited for very loud environments""]","[""Indicato per ambienti molto rumorosi""]","""""","""""",""""""
"products","59b938cb-6d1f-4aef-9aab-7d8afcb53f97","ear-plugs","industries_locales","[""Glass manufacturing"",""Steel manufacturing"",""Automotive"",""Assembly""]","[""Produzione vetro"",""Produzione acciaio"",""Automotive"",""Assemblaggio""]","""""","""""",""""""
"products","59b938cb-6d1f-4aef-9aab-7d8afcb53f97","ear-plugs","tags_locales","[""single use ear plugs""]","[""monouso"",""tappi auricolari""]","""""","""""",""""""
"products","59b938cb-6d1f-4aef-9aab-7d8afcb53f97","ear-plugs","size_locales","M","M","""""","""""",""""""
"products","59b938cb-6d1f-4aef-9aab-7d8afcb53f97","ear-plugs","materials_locales","[""PU""]","[""PU""]","""""","""""",""""""
"products","59b938cb-6d1f-4aef-9aab-7d8afcb53f97","ear-plugs","eye_face_comfort_features_locales","""""","""""","""""","""""",""""""
"products","59b938cb-6d1f-4aef-9aab-7d8afcb53f97","ear-plugs","eye_face_equipment_locales","""""","""""","""""","""""",""""""
"products","59b938cb-6d1f-4aef-9aab-7d8afcb53f97","ear-plugs","head_comfort_features_locales","""""","""""","""""","""""",""""""
"products","59b938cb-6d1f-4aef-9aab-7d8afcb53f97","ear-plugs","head_other_details_locales","""""","""""","""""","""""",""""""
"products","59b938cb-6d1f-4aef-9aab-7d8afcb53f97","ear-plugs","head_equipment_locales","""""","""""","""""","""""",""""""
"products","59b938cb-6d1f-4aef-9aab-7d8afcb53f97","ear-plugs","footwear_comfort_features_locales","""""","""""","""""","""""",""""""
"products","59b938cb-6d1f-4aef-9aab-7d8afcb53f97","ear-plugs","hearing_comfort_features_locales","[""test""]","[""testa""]","""""","""""",""""""
"products","59b938cb-6d1f-4aef-9aab-7d8afcb53f97","ear-plugs","hearing_other_details_locales","[""test""]","[""testa""]","""""","""""",""""""
"products","59b938cb-6d1f-4aef-9aab-7d8afcb53f97","ear-plugs","hearing_equipment_locales","[""test""]","[""testa""]","""""","""""",""""""
"products","59b938cb-6d1f-4aef-9aab-7d8afcb53f97","ear-plugs","respiratory_comfort_features_locales","""""","""""","""""","""""",""""""
"products","59b938cb-6d1f-4aef-9aab-7d8afcb53f97","ear-plugs","respiratory_other_details_locales","""""","""""","""""","""""",""""""
"products","59b938cb-6d1f-4aef-9aab-7d8afcb53f97","ear-plugs","respiratory_equipment_locales","""""","""""","""""","""""",""""""
"products","59b938cb-6d1f-4aef-9aab-7d8afcb53f97","ear-plugs","clothing_comfort_features_locales","""""","""""","""""","""""",""""""
"products","59b938cb-6d1f-4aef-9aab-7d8afcb53f97","ear-plugs","clothing_other_details_locales","""""","""""","""""","""""",""""""
"products","59b938cb-6d1f-4aef-9aab-7d8afcb53f97","ear-plugs","footwear_materials_locales","""""","""""","""""","""""",""""""
"products","59b938cb-6d1f-4aef-9aab-7d8afcb53f97","ear-plugs","footwear_special_features_locales","""""","""""","""""","""""",""""""
"products","59b938cb-6d1f-4aef-9aab-7d8afcb53f97","ear-plugs","connections_locales","""""","""""","""""","""""",""""""
"products","59b938cb-6d1f-4aef-9aab-7d8afcb53f97","ear-plugs","compatible_with_locales","""""","""""","""""","""""",""""""
"products","59b938cb-6d1f-4aef-9aab-7d8afcb53f97","ear-plugs","coatings_locales","""""","""""","""""","""""",""""""
"products","59b938cb-6d1f-4aef-9aab-7d8afcb53f97","ear-plugs","eye_face_materials_locales","""""","""""","""""","""""",""""""
"products","59b938cb-6d1f-4aef-9aab-7d8afcb53f97","ear-plugs","head_tech_specs_locales","""""","""""","""""","""""",""""""
"products","59b938cb-6d1f-4aef-9aab-7d8afcb53f97","ear-plugs","clothing_attributes_locales","""""","""""","""""","""""",""""""
"products","4027f97e-fa2a-4eaa-8d8d-ff6a87f3ab84","gw7500acsc5","name_locales","GW7500ACSC5","GW7500ACSC5","""""","""""",""""""
"products","4027f97e-fa2a-4eaa-8d8d-ff6a87f3ab84","gw7500acsc5","description_locales","“Cut- and heat-resistant glove in flame-retardant cowhide; split-leather palm, aluminized back, fully lined with Kevlar® knit.”","Guanto antitaglio in pelle bovina ignifugo anticalore, palmo in crosta, dorso alluminizzato, totalmente foderato in maglia Kevlar®. ","""""","""""",""""""
"products","4027f97e-fa2a-4eaa-8d8d-ff6a87f3ab84","gw7500acsc5","short_description_locales","Flame-retardant cowhide leather cut-&-heat glove with aluminized back and Kevlar® lining","Guanto antitaglio e termico in pelle bovina ignifugo con dorso alluminizzato e fodera Kevlar.","""""","""""",""""""
"products","4027f97e-fa2a-4eaa-8d8d-ff6a87f3ab84","gw7500acsc5","category_locales","Hand protection","Protezione delle mani","""""","""""",""""""
"products","4027f97e-fa2a-4eaa-8d8d-ff6a87f3ab84","gw7500acsc5","sub_category_locales","Welding gloves","Guanti per saldatura","""""","""""",""""""
"products","4027f97e-fa2a-4eaa-8d8d-ff6a87f3ab84","gw7500acsc5","features_locales","[""High flame-resistance"",""High molten-metal splash protection"",""High abrasion resistance"",""Excellent tear resistance""]","[""Elevata resistenza all’infiammabilità"",""Elevata protezione da spruzzi metallo fuso"",""Elevata resistenza all’abrasione"",""Elevata resistenza strappo""]","""""","""""",""""""
"products","4027f97e-fa2a-4eaa-8d8d-ff6a87f3ab84","gw7500acsc5","applications_locales","[""Heavy-metal welding"",""Handling of slags & molten-metal splashes"",""Heavy-duty operations"",""Maintenance in thermo-mechanical risk environments""]","[""Saldatura di metalli pesanti"",""Movimentazione di scorie e spruzzi di metallo fuso"",""Lavorazioni gravose"",""Manutenzione in ambienti a rischio termico e meccanico""]","""""","""""",""""""
"products","4027f97e-fa2a-4eaa-8d8d-ff6a87f3ab84","gw7500acsc5","industries_locales","[""Industrial welding"",""Foundry"",""Metallurgical industry""]","[""Saldatura industriale"",""Fonderia"",""Industria metallurgica""]","""""","""""",""""""
"products","4027f97e-fa2a-4eaa-8d8d-ff6a87f3ab84","gw7500acsc5","tags_locales","[""Heat-resistant"",""cut-resistant"",""leather glove"",""Kevlar""]","[""Guanto anticalore"",""guanto antitaglio"",""guanto in pelle"",""Kevlar""]","""""","""""",""""""
"products","4027f97e-fa2a-4eaa-8d8d-ff6a87f3ab84","gw7500acsc5","size_locales","9–11","9–11","""""","""""",""""""
"products","4027f97e-fa2a-4eaa-8d8d-ff6a87f3ab84","gw7500acsc5","materials_locales","[""leather"",""Kevlar""]","[""pelle"",""Kevlar""]","""""","""""",""""""
"products","4027f97e-fa2a-4eaa-8d8d-ff6a87f3ab84","gw7500acsc5","eye_face_comfort_features_locales","""""","""""","""""","""""",""""""
"products","4027f97e-fa2a-4eaa-8d8d-ff6a87f3ab84","gw7500acsc5","eye_face_equipment_locales","""""","""""","""""","""""",""""""
"products","4027f97e-fa2a-4eaa-8d8d-ff6a87f3ab84","gw7500acsc5","head_comfort_features_locales","""""","""""","""""","""""",""""""
"products","4027f97e-fa2a-4eaa-8d8d-ff6a87f3ab84","gw7500acsc5","head_other_details_locales","""""","""""","""""","""""",""""""
"products","4027f97e-fa2a-4eaa-8d8d-ff6a87f3ab84","gw7500acsc5","head_equipment_locales","""""","""""","""""","""""",""""""
"products","4027f97e-fa2a-4eaa-8d8d-ff6a87f3ab84","gw7500acsc5","footwear_comfort_features_locales","""""","""""","""""","""""",""""""
"products","4027f97e-fa2a-4eaa-8d8d-ff6a87f3ab84","gw7500acsc5","hearing_comfort_features_locales","""""","""""","""""","""""",""""""
"products","4027f97e-fa2a-4eaa-8d8d-ff6a87f3ab84","gw7500acsc5","hearing_other_details_locales","""""","""""","""""","""""",""""""
"products","4027f97e-fa2a-4eaa-8d8d-ff6a87f3ab84","gw7500acsc5","hearing_equipment_locales","""""","""""","""""","""""",""""""
"products","4027f97e-fa2a-4eaa-8d8d-ff6a87f3ab84","gw7500acsc5","respiratory_comfort_features_locales","""""","""""","""""","""""",""""""
"products","4027f97e-fa2a-4eaa-8d8d-ff6a87f3ab84","gw7500acsc5","respiratory_other_details_locales","""""","""""","""""","""""",""""""
"products","4027f97e-fa2a-4eaa-8d8d-ff6a87f3ab84","gw7500acsc5","respiratory_equipment_locales","""""","""""","""""","""""",""""""
"products","4027f97e-fa2a-4eaa-8d8d-ff6a87f3ab84","gw7500acsc5","clothing_comfort_features_locales","""""","""""","""""","""""",""""""
"products","4027f97e-fa2a-4eaa-8d8d-ff6a87f3ab84","gw7500acsc5","clothing_other_details_locales","""""","""""","""""","""""",""""""
"products","4027f97e-fa2a-4eaa-8d8d-ff6a87f3ab84","gw7500acsc5","footwear_materials_locales","""""","""""","""""","""""",""""""
"products","4027f97e-fa2a-4eaa-8d8d-ff6a87f3ab84","gw7500acsc5","footwear_special_features_locales","""""","""""","""""","""""",""""""
"products","4027f97e-fa2a-4eaa-8d8d-ff6a87f3ab84","gw7500acsc5","connections_locales","""""","""""","""""","""""",""""""
"products","4027f97e-fa2a-4eaa-8d8d-ff6a87f3ab84","gw7500acsc5","compatible_with_locales","""""","""""","""""","""""",""""""
"products","4027f97e-fa2a-4eaa-8d8d-ff6a87f3ab84","gw7500acsc5","coatings_locales","""""","""""","""""","""""",""""""
"products","4027f97e-fa2a-4eaa-8d8d-ff6a87f3ab84","gw7500acsc5","eye_face_materials_locales","""""","""""","""""","""""",""""""
"products","4027f97e-fa2a-4eaa-8d8d-ff6a87f3ab84","gw7500acsc5","head_tech_specs_locales","""""","""""","""""","""""",""""""
"products","4027f97e-fa2a-4eaa-8d8d-ff6a87f3ab84","gw7500acsc5","clothing_attributes_locales","""""","""""","""""","""""",""""""
"products","70e457d3-5fac-42c7-970d-7fa034125811","hl-099","name_locales","HL 099","HL 099","""""","""""",""""""
"products","70e457d3-5fac-42c7-970d-7fa034125811","hl-099","description_locales","Driver glove in full‑grain bovine leather, lined, with an 8 cm cuff. Offers high abrasion, tear and puncture resistance for medium‑duty general‑purpose tasks.","Guanto Driver in pelle fiore di bovino, foderato e con manichetta da 8 cm. Offre elevata resistenza ad abrasione, strappo e perforazione per impieghi generici di media gravosità.","""""","""""",""""""
"products","70e457d3-5fac-42c7-970d-7fa034125811","hl-099","short_description_locales","Full‑grain bovine leather Driver glove, lined, with 8 cm split‑leather cuff.","Guanto in pelle fiore di bovino con palmo foderato e manichetta in crosta da 8 cm.","""""","""""",""""""
"products","70e457d3-5fac-42c7-970d-7fa034125811","hl-099","category_locales","Hand protection","Protezione delle mani","""""","""""",""""""
"products","70e457d3-5fac-42c7-970d-7fa034125811","hl-099","sub_category_locales","Gloves for general use","Guanti per uso generico","""""","""""",""""""
"products","70e457d3-5fac-42c7-970d-7fa034125811","hl-099","features_locales","[""Excellent abrasion resistance"",""Excellent tear resistance"",""Excellent puncture resistance""]","[""Ottima resistenza all’abrasione"",""Eccellente tenuta allo strappo"",""Ottima tenuta alla perforazione""]","""""","""""",""""""
"products","70e457d3-5fac-42c7-970d-7fa034125811","hl-099","applications_locales","[""Construction & building activities"",""General assembly"",""General-purpose medium-duty operations"",""Handling hot parts up to 100 °C""]","[""Attività edilizie e costruzioni"",""Montaggi generali"",""Operazioni generiche di media gravosità""]","""""","""""",""""""
"products","70e457d3-5fac-42c7-970d-7fa034125811","hl-099","industries_locales","[""Construction"",""Plant maintenance"",""Carpentry""]","[""Edilizia"",""Manutenzione impianti"",""Carpenteria""]","""""","""""",""""""
"products","70e457d3-5fac-42c7-970d-7fa034125811","hl-099","tags_locales","[""Leather glove"",""high dexterity"",""general‑purpose uses""]","[""Guanto in pelle"",""elevata destrezza"",""usi generici""]","""""","""""",""""""
"products","70e457d3-5fac-42c7-970d-7fa034125811","hl-099","size_locales","10","10","""""","""""",""""""
"products","70e457d3-5fac-42c7-970d-7fa034125811","hl-099","materials_locales","[""leather""]","[""pelle""]","""""","""""",""""""
"products","70e457d3-5fac-42c7-970d-7fa034125811","hl-099","eye_face_comfort_features_locales","""""","""""","""""","""""",""""""
"products","70e457d3-5fac-42c7-970d-7fa034125811","hl-099","eye_face_equipment_locales","""""","""""","""""","""""",""""""
"products","70e457d3-5fac-42c7-970d-7fa034125811","hl-099","head_comfort_features_locales","""""","""""","""""","""""",""""""
"products","70e457d3-5fac-42c7-970d-7fa034125811","hl-099","head_other_details_locales","""""","""""","""""","""""",""""""
"products","70e457d3-5fac-42c7-970d-7fa034125811","hl-099","head_equipment_locales","""""","""""","""""","""""",""""""
"products","70e457d3-5fac-42c7-970d-7fa034125811","hl-099","footwear_comfort_features_locales","""""","""""","""""","""""",""""""
"products","70e457d3-5fac-42c7-970d-7fa034125811","hl-099","hearing_comfort_features_locales","""""","""""","""""","""""",""""""
"products","70e457d3-5fac-42c7-970d-7fa034125811","hl-099","hearing_other_details_locales","""""","""""","""""","""""",""""""
"products","70e457d3-5fac-42c7-970d-7fa034125811","hl-099","hearing_equipment_locales","""""","""""","""""","""""",""""""
"products","70e457d3-5fac-42c7-970d-7fa034125811","hl-099","respiratory_comfort_features_locales","""""","""""","""""","""""",""""""
"products","70e457d3-5fac-42c7-970d-7fa034125811","hl-099","respiratory_other_details_locales","""""","""""","""""","""""",""""""
"products","70e457d3-5fac-42c7-970d-7fa034125811","hl-099","respiratory_equipment_locales","""""","""""","""""","""""",""""""
"products","70e457d3-5fac-42c7-970d-7fa034125811","hl-099","clothing_comfort_features_locales","""""","""""","""""","""""",""""""
"products","70e457d3-5fac-42c7-970d-7fa034125811","hl-099","clothing_other_details_locales","""""","""""","""""","""""",""""""
"products","70e457d3-5fac-42c7-970d-7fa034125811","hl-099","footwear_materials_locales","""""","""""","""""","""""",""""""
"products","70e457d3-5fac-42c7-970d-7fa034125811","hl-099","footwear_special_features_locales","""""","""""","""""","""""",""""""
"products","70e457d3-5fac-42c7-970d-7fa034125811","hl-099","connections_locales","""""","""""","""""","""""",""""""
"products","70e457d3-5fac-42c7-970d-7fa034125811","hl-099","compatible_with_locales","""""","""""","""""","""""",""""""
"products","70e457d3-5fac-42c7-970d-7fa034125811","hl-099","coatings_locales","""""","""""","""""","""""",""""""
"products","70e457d3-5fac-42c7-970d-7fa034125811","hl-099","eye_face_materials_locales","""""","""""","""""","""""",""""""
"products","70e457d3-5fac-42c7-970d-7fa034125811","hl-099","head_tech_specs_locales","""""","""""","""""","""""",""""""
"products","70e457d3-5fac-42c7-970d-7fa034125811","hl-099","clothing_attributes_locales","""""","""""","""""","""""",""""""
"products","2cf03055-046f-4a8c-8e0d-5401dab26422","hl-1001b","name_locales","HL 1001B","HL 1001B","""""","""""",""""""
"products","2cf03055-046f-4a8c-8e0d-5401dab26422","hl-1001b","description_locales","13-needle seamless black PU-coated polyester glove. Outstanding dexterity and dry grip; excellent abrasion & tear resistance.","Guanto in poliestere spalmato in PU 13 Aghi senza cuciture.
Elevatissima destrezza, presa in ambiente asciutto, ottima resistenza all'abrasione e strappo.","""""","""""",""""""
"products","2cf03055-046f-4a8c-8e0d-5401dab26422","hl-1001b","short_description_locales","Black PU-coated polyester glove, seamless 13-needle knit; exceptional dexterity, dry-grip performance, very high abrasion & tear resistance","Guanto in poliestere spalmato in PU nero, senza cuciture, 13 aghi","""""","""""",""""""
"products","2cf03055-046f-4a8c-8e0d-5401dab26422","hl-1001b","category_locales","Hand protection","Protezione delle mani","""""","""""",""""""
"products","2cf03055-046f-4a8c-8e0d-5401dab26422","hl-1001b","sub_category_locales","Mechanical hazards gloves","Guanti per rischi meccanici","""""","""""",""""""
"products","2cf03055-046f-4a8c-8e0d-5401dab26422","hl-1001b","features_locales","[""Touch-screen compatible"",""Superior dry-grip dexterity"",""Excellent abrasion resistance"",""Excellent tear resistance""]","[""Compatibile con touch screen"",""Massima destrezza e ottima presa sull’asciutto"",""Eccellente resistenza all’abrasione"",""Ottima resistenza allo strappo""]","""""","""""",""""""
"products","2cf03055-046f-4a8c-8e0d-5401dab26422","hl-1001b","applications_locales","[""Precision-mechanics industry: excellent grip"",""General light mechanical hazards""]","[""Industria meccanica in operazione di precisione. Presa eccellente."",""Operazioni generiche con rischi meccanici non gravosi"",""Movimentazione di componentistica in ambienti asciutti"",""Assemblaggio industriale""]","""""","""""",""""""
"products","2cf03055-046f-4a8c-8e0d-5401dab26422","hl-1001b","industries_locales","[""Automotive"",""Logistics"",""Manufacturing""]","[""Automotive"",""Logistica"",""Manifatturiero""]","""""","""""",""""""
"products","2cf03055-046f-4a8c-8e0d-5401dab26422","hl-1001b","tags_locales","[""Anti-abrasion glove"",""touchscreen-compatible"",""assembly"",""dexterity""]","[""Guanto anti abrasione"",""touch screen"",""assemblaggio"",""destrezza""]","""""","""""",""""""
"products","2cf03055-046f-4a8c-8e0d-5401dab26422","hl-1001b","size_locales","7-11","7-11","""""","""""",""""""
"products","2cf03055-046f-4a8c-8e0d-5401dab26422","hl-1001b","materials_locales","[""polyester"",""PU""]","[""poliestere"",""PU""]","""""","""""",""""""
"products","2cf03055-046f-4a8c-8e0d-5401dab26422","hl-1001b","eye_face_comfort_features_locales","""""","""""","""""","""""",""""""
"products","2cf03055-046f-4a8c-8e0d-5401dab26422","hl-1001b","eye_face_equipment_locales","""""","""""","""""","""""",""""""
"products","2cf03055-046f-4a8c-8e0d-5401dab26422","hl-1001b","head_comfort_features_locales","""""","""""","""""","""""",""""""
"products","2cf03055-046f-4a8c-8e0d-5401dab26422","hl-1001b","head_other_details_locales","""""","""""","""""","""""",""""""
"products","2cf03055-046f-4a8c-8e0d-5401dab26422","hl-1001b","head_equipment_locales","""""","""""","""""","""""",""""""
"products","2cf03055-046f-4a8c-8e0d-5401dab26422","hl-1001b","footwear_comfort_features_locales","""""","""""","""""","""""",""""""
"products","2cf03055-046f-4a8c-8e0d-5401dab26422","hl-1001b","hearing_comfort_features_locales","""""","""""","""""","""""",""""""
"products","2cf03055-046f-4a8c-8e0d-5401dab26422","hl-1001b","hearing_other_details_locales","""""","""""","""""","""""",""""""
"products","2cf03055-046f-4a8c-8e0d-5401dab26422","hl-1001b","hearing_equipment_locales","""""","""""","""""","""""",""""""
"products","2cf03055-046f-4a8c-8e0d-5401dab26422","hl-1001b","respiratory_comfort_features_locales","""""","""""","""""","""""",""""""
"products","2cf03055-046f-4a8c-8e0d-5401dab26422","hl-1001b","respiratory_other_details_locales","""""","""""","""""","""""",""""""
"products","2cf03055-046f-4a8c-8e0d-5401dab26422","hl-1001b","respiratory_equipment_locales","""""","""""","""""","""""",""""""
"products","2cf03055-046f-4a8c-8e0d-5401dab26422","hl-1001b","clothing_comfort_features_locales","""""","""""","""""","""""",""""""
"products","2cf03055-046f-4a8c-8e0d-5401dab26422","hl-1001b","clothing_other_details_locales","""""","""""","""""","""""",""""""
"products","2cf03055-046f-4a8c-8e0d-5401dab26422","hl-1001b","footwear_materials_locales","""""","""""","""""","""""",""""""
"products","2cf03055-046f-4a8c-8e0d-5401dab26422","hl-1001b","footwear_special_features_locales","""""","""""","""""","""""",""""""
"products","2cf03055-046f-4a8c-8e0d-5401dab26422","hl-1001b","connections_locales","""""","""""","""""","""""",""""""
"products","2cf03055-046f-4a8c-8e0d-5401dab26422","hl-1001b","compatible_with_locales","""""","""""","""""","""""",""""""
"products","2cf03055-046f-4a8c-8e0d-5401dab26422","hl-1001b","coatings_locales","""""","""""","""""","""""",""""""
"products","2cf03055-046f-4a8c-8e0d-5401dab26422","hl-1001b","eye_face_materials_locales","""""","""""","""""","""""",""""""
"products","2cf03055-046f-4a8c-8e0d-5401dab26422","hl-1001b","head_tech_specs_locales","""""","""""","""""","""""",""""""
"products","2cf03055-046f-4a8c-8e0d-5401dab26422","hl-1001b","clothing_attributes_locales","""""","""""","""""","""""",""""""
"products","000066f4-47cc-4417-a062-a5b4e105ff56","hl-103-d","name_locales","HL 103 D","HL 103 D","""""","""""",""""""
"products","000066f4-47cc-4417-a062-a5b4e105ff56","hl-103-d","description_locales","“Driver glove in full-grain bovine leather with split-leather back. High comfort & protection for continuous use in construction and light mechanical work.”","""Guanto Driver in Pelle Fior di Bovino e dorso in crosta. 
Elevato comfort e protezione per uso continuo in edilizia e meccanica leggera.""","""""","""""",""""""
"products","000066f4-47cc-4417-a062-a5b4e105ff56","hl-103-d","short_description_locales","Full-grain leather palm, split-leather back – Driver model","Guanto in pelle palmo fiore, dorso crosta di bovino modello Driver","""""","""""",""""""
"products","000066f4-47cc-4417-a062-a5b4e105ff56","hl-103-d","category_locales","Hand protection","Protezione delle mani","""""","""""",""""""
"products","000066f4-47cc-4417-a062-a5b4e105ff56","hl-103-d","sub_category_locales","General use gloves","Guanti per uso generico","""""","""""",""""""
"products","000066f4-47cc-4417-a062-a5b4e105ff56","hl-103-d","features_locales","[""Good abrasion resistance"",""Excellent tear resistance"",""Good puncture resistance"",""Driver model""]","[""Buona resistenza all’abrasione"",""Ottima resistenza allo strappo"",""Buona resistenza alla perforazione"",""Driver model""]","""""","""""",""""""
"products","000066f4-47cc-4417-a062-a5b4e105ff56","hl-103-d","applications_locales","[""Construction & building activities"",""General mechanical operations"",""Dry-materials handling""]","[""Attività edili e costruzioni"",""Operazioni meccaniche generiche"",""Movimentazione materiali secchi""]","""""","""""",""""""
"products","000066f4-47cc-4417-a062-a5b4e105ff56","hl-103-d","industries_locales","[""Construction"",""Manufacturing"",""Carpentry"",""Mechanical engineering"",""Automotive"",""Glass"",""Steel""]","[""Edile"",""Manufatturiero"",""Carpenteria"",""Meccanica"",""Automotive"",""Industria del vetro"",""Industria dell'acciaio""]","""""","""""",""""""
"products","000066f4-47cc-4417-a062-a5b4e105ff56","hl-103-d","tags_locales","[""Leather Driver glove"",""mechanical-hazard protection""]","[""Guanto in pelle"",""Driver"",""resistenza meccanica""]","""""","""""",""""""
"products","000066f4-47cc-4417-a062-a5b4e105ff56","hl-103-d","size_locales","9-11","9-11","""""","""""",""""""
"products","000066f4-47cc-4417-a062-a5b4e105ff56","hl-103-d","materials_locales","[""leather""]","[""pelle""]","""""","""""",""""""
"products","000066f4-47cc-4417-a062-a5b4e105ff56","hl-103-d","eye_face_comfort_features_locales","""""","""""","""""","""""",""""""
"products","000066f4-47cc-4417-a062-a5b4e105ff56","hl-103-d","eye_face_equipment_locales","""""","""""","""""","""""",""""""
"products","000066f4-47cc-4417-a062-a5b4e105ff56","hl-103-d","head_comfort_features_locales","""""","""""","""""","""""",""""""
"products","000066f4-47cc-4417-a062-a5b4e105ff56","hl-103-d","head_other_details_locales","""""","""""","""""","""""",""""""
"products","000066f4-47cc-4417-a062-a5b4e105ff56","hl-103-d","head_equipment_locales","""""","""""","""""","""""",""""""
"products","000066f4-47cc-4417-a062-a5b4e105ff56","hl-103-d","footwear_comfort_features_locales","""""","""""","""""","""""",""""""
"products","000066f4-47cc-4417-a062-a5b4e105ff56","hl-103-d","hearing_comfort_features_locales","""""","""""","""""","""""",""""""
"products","000066f4-47cc-4417-a062-a5b4e105ff56","hl-103-d","hearing_other_details_locales","""""","""""","""""","""""",""""""
"products","000066f4-47cc-4417-a062-a5b4e105ff56","hl-103-d","hearing_equipment_locales","""""","""""","""""","""""",""""""
"products","000066f4-47cc-4417-a062-a5b4e105ff56","hl-103-d","respiratory_comfort_features_locales","""""","""""","""""","""""",""""""
"products","000066f4-47cc-4417-a062-a5b4e105ff56","hl-103-d","respiratory_other_details_locales","""""","""""","""""","""""",""""""
"products","000066f4-47cc-4417-a062-a5b4e105ff56","hl-103-d","respiratory_equipment_locales","""""","""""","""""","""""",""""""
"products","000066f4-47cc-4417-a062-a5b4e105ff56","hl-103-d","clothing_comfort_features_locales","""""","""""","""""","""""",""""""
"products","000066f4-47cc-4417-a062-a5b4e105ff56","hl-103-d","clothing_other_details_locales","""""","""""","""""","""""",""""""
"products","000066f4-47cc-4417-a062-a5b4e105ff56","hl-103-d","footwear_materials_locales","""""","""""","""""","""""",""""""
"products","000066f4-47cc-4417-a062-a5b4e105ff56","hl-103-d","footwear_special_features_locales","""""","""""","""""","""""",""""""
"products","000066f4-47cc-4417-a062-a5b4e105ff56","hl-103-d","connections_locales","""""","""""","""""","""""",""""""
"products","000066f4-47cc-4417-a062-a5b4e105ff56","hl-103-d","compatible_with_locales","""""","""""","""""","""""",""""""
"products","000066f4-47cc-4417-a062-a5b4e105ff56","hl-103-d","coatings_locales","""""","""""","""""","""""",""""""
"products","000066f4-47cc-4417-a062-a5b4e105ff56","hl-103-d","eye_face_materials_locales","""""","""""","""""","""""",""""""
"products","000066f4-47cc-4417-a062-a5b4e105ff56","hl-103-d","head_tech_specs_locales","""""","""""","""""","""""",""""""
"products","000066f4-47cc-4417-a062-a5b4e105ff56","hl-103-d","clothing_attributes_locales","""""","""""","""""","""""",""""""
"products","fdaaee9d-e9ca-4863-b9b0-f3424f2c84f8","hl-1370","name_locales","HL 1370","HL 1370","""""","""""",""""""
"products","fdaaee9d-e9ca-4863-b9b0-f3424f2c84f8","hl-1370","description_locales","13‑gauge nylon glove with nitrile‑coated palm. Offers superior dexterity, breathability, excellent grip and abrasion resistance—ideal for precision tasks and small‑component handling.","Guanto in Nylon costruito con maglia a 13 aghi e palmo in nitrile.
Offre destrezza e traspirabilità superiori, ottima presa e resistenza all’abrasione, ideale per lavori di precisione e manipolazione di piccoli componenti.","""""","""""",""""""
"products","fdaaee9d-e9ca-4863-b9b0-f3424f2c84f8","hl-1370","short_description_locales","13-gauge nylon glove with nitrile-coated palm; superior dexterity and dry-grip.","Guanto in nylon 13 aghi con palmo spalmato in nitrile; elevata destrezza e presa.","""""","""""",""""""
"products","fdaaee9d-e9ca-4863-b9b0-f3424f2c84f8","hl-1370","category_locales","Hand protection","Protezione delle mani","""""","""""",""""""
"products","fdaaee9d-e9ca-4863-b9b0-f3424f2c84f8","hl-1370","sub_category_locales","Gloves for general use","Guanti per uso generico","""""","""""",""""""
"products","fdaaee9d-e9ca-4863-b9b0-f3424f2c84f8","hl-1370","features_locales","[""Excellent tactile feel"",""Excellent grip"",""Excellent abrasion resistance"",""Oil resistant""]","[""Eccellente presa tattile"",""Eccellente destrezza"",""Ottima resistenza all’abrasione"",""Resistente agli oli""]","""""","""""",""""""
"products","fdaaee9d-e9ca-4863-b9b0-f3424f2c84f8","hl-1370","applications_locales","[""Electronics assembly & micro-component work"",""Precision work in glass & steel"",""Maintenance tasks with abrasion risk"",""Precision-machine operations (high-tactile sensitivity)""]","[""Montaggio elettronico e assemblaggio di microcomponenti"",""Lavorazioni di precisione in vetro e acciaio"",""Lavori di manutenzione con rischio di abrasione""]","""""","""""",""""""
"products","fdaaee9d-e9ca-4863-b9b0-f3424f2c84f8","hl-1370","industries_locales","[""Electronics"",""Glass industry"",""Pharmaceutical sector""]","[""Elettronica"",""Vetrario"",""Settore farmaceutico""]","""""","""""",""""""
"products","fdaaee9d-e9ca-4863-b9b0-f3424f2c84f8","hl-1370","tags_locales","[""Cut-resistant glove"",""high dexterity"",""nitrile palm"",""13-gauge""]","[""Guanto antitaglio"",""elevata destrezza"",""palmo in nitrile"",""13 aghi""]","""""","""""",""""""
"products","fdaaee9d-e9ca-4863-b9b0-f3424f2c84f8","hl-1370","size_locales","7-11","7-11","""""","""""",""""""
"products","fdaaee9d-e9ca-4863-b9b0-f3424f2c84f8","hl-1370","materials_locales","[""nylon"",""nitrile""]","[""nylon"",""nitrile""]","""""","""""",""""""
"products","fdaaee9d-e9ca-4863-b9b0-f3424f2c84f8","hl-1370","eye_face_comfort_features_locales","""""","""""","""""","""""",""""""
"products","fdaaee9d-e9ca-4863-b9b0-f3424f2c84f8","hl-1370","eye_face_equipment_locales","""""","""""","""""","""""",""""""
"products","fdaaee9d-e9ca-4863-b9b0-f3424f2c84f8","hl-1370","head_comfort_features_locales","""""","""""","""""","""""",""""""
"products","fdaaee9d-e9ca-4863-b9b0-f3424f2c84f8","hl-1370","head_other_details_locales","""""","""""","""""","""""",""""""
"products","fdaaee9d-e9ca-4863-b9b0-f3424f2c84f8","hl-1370","head_equipment_locales","""""","""""","""""","""""",""""""
"products","fdaaee9d-e9ca-4863-b9b0-f3424f2c84f8","hl-1370","footwear_comfort_features_locales","""""","""""","""""","""""",""""""
"products","fdaaee9d-e9ca-4863-b9b0-f3424f2c84f8","hl-1370","hearing_comfort_features_locales","""""","""""","""""","""""",""""""
"products","fdaaee9d-e9ca-4863-b9b0-f3424f2c84f8","hl-1370","hearing_other_details_locales","""""","""""","""""","""""",""""""
"products","fdaaee9d-e9ca-4863-b9b0-f3424f2c84f8","hl-1370","hearing_equipment_locales","""""","""""","""""","""""",""""""
"products","fdaaee9d-e9ca-4863-b9b0-f3424f2c84f8","hl-1370","respiratory_comfort_features_locales","""""","""""","""""","""""",""""""
"products","fdaaee9d-e9ca-4863-b9b0-f3424f2c84f8","hl-1370","respiratory_other_details_locales","""""","""""","""""","""""",""""""
"products","fdaaee9d-e9ca-4863-b9b0-f3424f2c84f8","hl-1370","respiratory_equipment_locales","""""","""""","""""","""""",""""""
"products","fdaaee9d-e9ca-4863-b9b0-f3424f2c84f8","hl-1370","clothing_comfort_features_locales","""""","""""","""""","""""",""""""
"products","fdaaee9d-e9ca-4863-b9b0-f3424f2c84f8","hl-1370","clothing_other_details_locales","""""","""""","""""","""""",""""""
"products","fdaaee9d-e9ca-4863-b9b0-f3424f2c84f8","hl-1370","footwear_materials_locales","""""","""""","""""","""""",""""""
"products","fdaaee9d-e9ca-4863-b9b0-f3424f2c84f8","hl-1370","footwear_special_features_locales","""""","""""","""""","""""",""""""
"products","fdaaee9d-e9ca-4863-b9b0-f3424f2c84f8","hl-1370","connections_locales","""""","""""","""""","""""",""""""
"products","fdaaee9d-e9ca-4863-b9b0-f3424f2c84f8","hl-1370","compatible_with_locales","""""","""""","""""","""""",""""""
"products","fdaaee9d-e9ca-4863-b9b0-f3424f2c84f8","hl-1370","coatings_locales","""""","""""","""""","""""",""""""
"products","fdaaee9d-e9ca-4863-b9b0-f3424f2c84f8","hl-1370","eye_face_materials_locales","""""","""""","""""","""""",""""""
"products","fdaaee9d-e9ca-4863-b9b0-f3424f2c84f8","hl-1370","head_tech_specs_locales","""""","""""","""""","""""",""""""
"products","fdaaee9d-e9ca-4863-b9b0-f3424f2c84f8","hl-1370","clothing_attributes_locales","""""","""""","""""","""""",""""""
"products","6431b065-85e8-4369-bc41-f5aa187eadbc","hl-231","name_locales","HL 231","HL 231","""""","""""",""""""
"products","6431b065-85e8-4369-bc41-f5aa187eadbc","hl-231","description_locales","100% cotton, continuous-yarn glove, five fingers with elasticated wrist for maintenance, assembly & delicate handling of dry, clean items.","Guanto in cotone 100% a filo continuo, cinque dita con polso elasticizzato per uso in manutenzione, assemblaggio e manipolazioni delicate di oggetti asciutti e puliti.","""""","""""",""""""
"products","6431b065-85e8-4369-bc41-f5aa187eadbc","hl-231","short_description_locales","100% continuous-yarn cotton glove, five fingers, elasticated wrist","Guanto in cotone 100% a filo continuo, cinque dita con polso elasticizzato.","""""","""""",""""""
"products","6431b065-85e8-4369-bc41-f5aa187eadbc","hl-231","category_locales","Hand protection","Protezione delle mani","""""","""""",""""""
"products","6431b065-85e8-4369-bc41-f5aa187eadbc","hl-231","sub_category_locales","Gloves for general use","Guanti per uso generico","""""","""""",""""""
"products","6431b065-85e8-4369-bc41-f5aa187eadbc","hl-231","features_locales","[""Seamless glove"",""Excellent dexterity in low-risk environments"",""High comfort for prolonged use""]","[""Privo di cuciture"",""Ottima destrezza in ambienti a minimi rischi"",""Elevato comfort per uso prolungato""]","""""","""""",""""""
"products","6431b065-85e8-4369-bc41-f5aa187eadbc","hl-231","applications_locales","[""Assembly and general maintenance in clean environments"",""Packaging & packing"",""Delicate handling of dry items""]","[""Montaggio, assemblaggio, manutenzione"",""Manipolazioni delicate oggetti asciutti e puliti"",""Confezionamento, imballaggio"",""Industria elettronica e farmaceutica""]","""""","""""",""""""
"products","6431b065-85e8-4369-bc41-f5aa187eadbc","hl-231","industries_locales","[""Logistics"",""Packaging"",""Data-center/server maintenance""]","[""Logistica"",""Imballaggio"",""Manutenzione server""]","""""","""""",""""""
"products","6431b065-85e8-4369-bc41-f5aa187eadbc","hl-231","tags_locales","[""Minimal hazards"",""high dexterity"",""comfort""]","[""rischi minimi"",""elevata destrezza"",""comfort""]","""""","""""",""""""
"products","6431b065-85e8-4369-bc41-f5aa187eadbc","hl-231","size_locales","7–9","7–9","""""","""""",""""""
"products","6431b065-85e8-4369-bc41-f5aa187eadbc","hl-231","materials_locales","[""cotton""]","[""cotone""]","""""","""""",""""""
"products","6431b065-85e8-4369-bc41-f5aa187eadbc","hl-231","eye_face_comfort_features_locales","""""","""""","""""","""""",""""""
"products","6431b065-85e8-4369-bc41-f5aa187eadbc","hl-231","eye_face_equipment_locales","""""","""""","""""","""""",""""""
"products","6431b065-85e8-4369-bc41-f5aa187eadbc","hl-231","head_comfort_features_locales","""""","""""","""""","""""",""""""
"products","6431b065-85e8-4369-bc41-f5aa187eadbc","hl-231","head_other_details_locales","""""","""""","""""","""""",""""""
"products","6431b065-85e8-4369-bc41-f5aa187eadbc","hl-231","head_equipment_locales","""""","""""","""""","""""",""""""
"products","6431b065-85e8-4369-bc41-f5aa187eadbc","hl-231","footwear_comfort_features_locales","""""","""""","""""","""""",""""""
"products","6431b065-85e8-4369-bc41-f5aa187eadbc","hl-231","hearing_comfort_features_locales","""""","""""","""""","""""",""""""
"products","6431b065-85e8-4369-bc41-f5aa187eadbc","hl-231","hearing_other_details_locales","""""","""""","""""","""""",""""""
"products","6431b065-85e8-4369-bc41-f5aa187eadbc","hl-231","hearing_equipment_locales","""""","""""","""""","""""",""""""
"products","6431b065-85e8-4369-bc41-f5aa187eadbc","hl-231","respiratory_comfort_features_locales","""""","""""","""""","""""",""""""
"products","6431b065-85e8-4369-bc41-f5aa187eadbc","hl-231","respiratory_other_details_locales","""""","""""","""""","""""",""""""
"products","6431b065-85e8-4369-bc41-f5aa187eadbc","hl-231","respiratory_equipment_locales","""""","""""","""""","""""",""""""
"products","6431b065-85e8-4369-bc41-f5aa187eadbc","hl-231","clothing_comfort_features_locales","""""","""""","""""","""""",""""""
"products","6431b065-85e8-4369-bc41-f5aa187eadbc","hl-231","clothing_other_details_locales","""""","""""","""""","""""",""""""
"products","6431b065-85e8-4369-bc41-f5aa187eadbc","hl-231","footwear_materials_locales","""""","""""","""""","""""",""""""
"products","6431b065-85e8-4369-bc41-f5aa187eadbc","hl-231","footwear_special_features_locales","""""","""""","""""","""""",""""""
"products","6431b065-85e8-4369-bc41-f5aa187eadbc","hl-231","connections_locales","""""","""""","""""","""""",""""""
"products","6431b065-85e8-4369-bc41-f5aa187eadbc","hl-231","compatible_with_locales","""""","""""","""""","""""",""""""
"products","6431b065-85e8-4369-bc41-f5aa187eadbc","hl-231","coatings_locales","""""","""""","""""","""""",""""""
"products","6431b065-85e8-4369-bc41-f5aa187eadbc","hl-231","eye_face_materials_locales","""""","""""","""""","""""",""""""
"products","6431b065-85e8-4369-bc41-f5aa187eadbc","hl-231","head_tech_specs_locales","""""","""""","""""","""""",""""""
"products","6431b065-85e8-4369-bc41-f5aa187eadbc","hl-231","clothing_attributes_locales","""""","""""","""""","""""",""""""
"products","4a70b316-5ad1-45f9-abbe-2a123edac332","hl-231-3","name_locales","HL 231/3","HL 231/3","""""","""""",""""""
"products","4a70b316-5ad1-45f9-abbe-2a123edac332","hl-231-3","description_locales","100% cotton, 3-ply continuous-yarn glove, five fingers with elasticated wrist. Provides excellent dexterity for assembly & delicate handling.","Guanto in cotone 100% a 3 capi a filo continuo, cinque dita con polso elasticizzato. 
Garantisce ottima destrezza, ideale per montaggi e manipolazioni delicate.","""""","""""",""""""
"products","4a70b316-5ad1-45f9-abbe-2a123edac332","hl-231-3","short_description_locales","100% 3-ply continuous-yarn cotton glove, five fingers, elasticated wrist","Guanto in cotone 100% a 3 capi a filo continuo, cinque dita con polso elasticizzato.","""""","""""",""""""
"products","4a70b316-5ad1-45f9-abbe-2a123edac332","hl-231-3","category_locales","Hand protection","Protezione delle mani","""""","""""",""""""
"products","4a70b316-5ad1-45f9-abbe-2a123edac332","hl-231-3","sub_category_locales","Gloves for general use","Guanti per uso generico","""""","""""",""""""
"products","4a70b316-5ad1-45f9-abbe-2a123edac332","hl-231-3","features_locales","[""3-ply seamless glove"",""Excellent dexterity in low-risk environments"",""High comfort for prolonged use""]","[""Guanto a 3 capi privo di cuciture"",""Ottima destrezza in ambienti a minimi rischi"",""Elevato comfort per uso prolungato""]","""""","""""",""""""
"products","4a70b316-5ad1-45f9-abbe-2a123edac332","hl-231-3","applications_locales","[""Assembly and general maintenance in clean environments"",""Packaging & packing"",""Delicate handling of dry items""]","[""Montaggio, assemblaggio, manutenzione"",""Confezionamento, imballaggio"",""Manipolazioni delicate oggetti asciutti e puliti"",""Industria elettronica e farmaceutica""]","""""","""""",""""""
"products","4a70b316-5ad1-45f9-abbe-2a123edac332","hl-231-3","industries_locales","[""Electronics"",""Assembly"",""Pharmaceutical""]","[""Elettronica"",""Assemblaggio"",""Farmaceutico""]","""""","""""",""""""
"products","4a70b316-5ad1-45f9-abbe-2a123edac332","hl-231-3","tags_locales","[""Minimal hazards"",""high dexterity"",""comfort""]","[""rischi minimi"",""elevata destrezza"",""comfort""]","""""","""""",""""""
"products","4a70b316-5ad1-45f9-abbe-2a123edac332","hl-231-3","size_locales","7–9","7–9","""""","""""",""""""
"products","4a70b316-5ad1-45f9-abbe-2a123edac332","hl-231-3","materials_locales","[""cotton""]","[""cotone""]","""""","""""",""""""
"products","4a70b316-5ad1-45f9-abbe-2a123edac332","hl-231-3","eye_face_comfort_features_locales","""""","""""","""""","""""",""""""
"products","4a70b316-5ad1-45f9-abbe-2a123edac332","hl-231-3","eye_face_equipment_locales","""""","""""","""""","""""",""""""
"products","4a70b316-5ad1-45f9-abbe-2a123edac332","hl-231-3","head_comfort_features_locales","""""","""""","""""","""""",""""""
"products","4a70b316-5ad1-45f9-abbe-2a123edac332","hl-231-3","head_other_details_locales","""""","""""","""""","""""",""""""
"products","4a70b316-5ad1-45f9-abbe-2a123edac332","hl-231-3","head_equipment_locales","""""","""""","""""","""""",""""""
"products","4a70b316-5ad1-45f9-abbe-2a123edac332","hl-231-3","footwear_comfort_features_locales","""""","""""","""""","""""",""""""
"products","4a70b316-5ad1-45f9-abbe-2a123edac332","hl-231-3","hearing_comfort_features_locales","""""","""""","""""","""""",""""""
"products","4a70b316-5ad1-45f9-abbe-2a123edac332","hl-231-3","hearing_other_details_locales","""""","""""","""""","""""",""""""
"products","4a70b316-5ad1-45f9-abbe-2a123edac332","hl-231-3","hearing_equipment_locales","""""","""""","""""","""""",""""""
"products","4a70b316-5ad1-45f9-abbe-2a123edac332","hl-231-3","respiratory_comfort_features_locales","""""","""""","""""","""""",""""""
"products","4a70b316-5ad1-45f9-abbe-2a123edac332","hl-231-3","respiratory_other_details_locales","""""","""""","""""","""""",""""""
"products","4a70b316-5ad1-45f9-abbe-2a123edac332","hl-231-3","respiratory_equipment_locales","""""","""""","""""","""""",""""""
"products","4a70b316-5ad1-45f9-abbe-2a123edac332","hl-231-3","clothing_comfort_features_locales","""""","""""","""""","""""",""""""
"products","4a70b316-5ad1-45f9-abbe-2a123edac332","hl-231-3","clothing_other_details_locales","""""","""""","""""","""""",""""""
"products","4a70b316-5ad1-45f9-abbe-2a123edac332","hl-231-3","footwear_materials_locales","""""","""""","""""","""""",""""""
"products","4a70b316-5ad1-45f9-abbe-2a123edac332","hl-231-3","footwear_special_features_locales","""""","""""","""""","""""",""""""
"products","4a70b316-5ad1-45f9-abbe-2a123edac332","hl-231-3","connections_locales","""""","""""","""""","""""",""""""
"products","4a70b316-5ad1-45f9-abbe-2a123edac332","hl-231-3","compatible_with_locales","""""","""""","""""","""""",""""""
"products","4a70b316-5ad1-45f9-abbe-2a123edac332","hl-231-3","coatings_locales","""""","""""","""""","""""",""""""
"products","4a70b316-5ad1-45f9-abbe-2a123edac332","hl-231-3","eye_face_materials_locales","""""","""""","""""","""""",""""""
"products","4a70b316-5ad1-45f9-abbe-2a123edac332","hl-231-3","head_tech_specs_locales","""""","""""","""""","""""",""""""
"products","4a70b316-5ad1-45f9-abbe-2a123edac332","hl-231-3","clothing_attributes_locales","""""","""""","""""","""""",""""""
"products","2195bb6d-f063-47e5-bbe6-b3f46936a80b","hl-3801-d","name_locales","HL 3801-D","HL 3801-D","""""","""""",""""""
"products","2195bb6d-f063-47e5-bbe6-b3f46936a80b","hl-3801-d","description_locales","HPPE knit glove with PU-coated palm, 13-gauge. Delivers outstanding tactile sensitivity and abrasion resistance, ideal for handling sharp mechanical, glass or steel components.","Guanto anti-taglio ad elevata destrezza lavorato in HPPE con palmo spalmato in PU, 13 aghi.
Garantisce eccellente sensibilità tattile e resistenza all’abrasione, ideale per manipolazione componenti taglienti.","""""","""""",""""""
"products","2195bb6d-f063-47e5-bbe6-b3f46936a80b","hl-3801-d","short_description_locales","HPPE & PU palm cut glove (13-gauge); outstanding dexterity and abrasion resistance.","Guanto antitaglio HPPE con palmo spalmato PU, 13 aghi; elevata destrezza e resistenza all’abrasione.","""""","""""",""""""
"products","2195bb6d-f063-47e5-bbe6-b3f46936a80b","hl-3801-d","category_locales","Hand protection","Protezione delle mani","""""","""""",""""""
"products","2195bb6d-f063-47e5-bbe6-b3f46936a80b","hl-3801-d","sub_category_locales","Cut-resistant gloves","Guanti antitaglio","""""","""""",""""""
"products","2195bb6d-f063-47e5-bbe6-b3f46936a80b","hl-3801-d","features_locales","[""Maximum dexterity & sensitivity"",""Superior dry-grip performance"",""Excellent mechanical resistance"",""Breathable back to ensure comfort during prolonged use""]","[""Massima destrezza e sensibilità"",""Presa superiore in asciutto"",""Eccellente resistenza meccanica"",""Dorso traspirante per comfort in uso prolungato""]","""""","""""",""""""
"products","2195bb6d-f063-47e5-bbe6-b3f46936a80b","hl-3801-d","applications_locales","[""Handling sharp mechanical, glass & steel components"",""Mechanical-shop assembly"",""Precision work in dry environments""]","[""Manipolazione componenti taglienti nell'industria meccanica, del vetro, dell'acciaio"",""Assemblaggio in officina meccanica"",""Lavori di precisione in ambienti secchi""]","""""","""""",""""""
"products","2195bb6d-f063-47e5-bbe6-b3f46936a80b","hl-3801-d","industries_locales","[""General mechanical"",""Assembly"",""Logistics""]","[""Meccanica generale"",""Assemblaggio"",""Logistica""]","""""","""""",""""""
"products","2195bb6d-f063-47e5-bbe6-b3f46936a80b","hl-3801-d","tags_locales","[""Cut-resistant glove"",""high dexterity"",""HPPE"",""PU palm"",""13-gauge""]","[""Guanto antitaglio"",""elevata destrezza"",""HPPE"",""palmo PU"",""13 aghi""]","""""","""""",""""""
"products","2195bb6d-f063-47e5-bbe6-b3f46936a80b","hl-3801-d","size_locales","7-11","7-11","""""","""""",""""""
"products","2195bb6d-f063-47e5-bbe6-b3f46936a80b","hl-3801-d","materials_locales","[""HPPE"",""PU""]","[""HPPE"",""PU""]","""""","""""",""""""
"products","2195bb6d-f063-47e5-bbe6-b3f46936a80b","hl-3801-d","eye_face_comfort_features_locales","""""","""""","""""","""""",""""""
"products","2195bb6d-f063-47e5-bbe6-b3f46936a80b","hl-3801-d","eye_face_equipment_locales","""""","""""","""""","""""",""""""
"products","2195bb6d-f063-47e5-bbe6-b3f46936a80b","hl-3801-d","head_comfort_features_locales","""""","""""","""""","""""",""""""
"products","2195bb6d-f063-47e5-bbe6-b3f46936a80b","hl-3801-d","head_other_details_locales","""""","""""","""""","""""",""""""
"products","2195bb6d-f063-47e5-bbe6-b3f46936a80b","hl-3801-d","head_equipment_locales","""""","""""","""""","""""",""""""
"products","2195bb6d-f063-47e5-bbe6-b3f46936a80b","hl-3801-d","footwear_comfort_features_locales","""""","""""","""""","""""",""""""
"products","2195bb6d-f063-47e5-bbe6-b3f46936a80b","hl-3801-d","hearing_comfort_features_locales","""""","""""","""""","""""",""""""
"products","2195bb6d-f063-47e5-bbe6-b3f46936a80b","hl-3801-d","hearing_other_details_locales","""""","""""","""""","""""",""""""
"products","2195bb6d-f063-47e5-bbe6-b3f46936a80b","hl-3801-d","hearing_equipment_locales","""""","""""","""""","""""",""""""
"products","2195bb6d-f063-47e5-bbe6-b3f46936a80b","hl-3801-d","respiratory_comfort_features_locales","""""","""""","""""","""""",""""""
"products","2195bb6d-f063-47e5-bbe6-b3f46936a80b","hl-3801-d","respiratory_other_details_locales","""""","""""","""""","""""",""""""
"products","2195bb6d-f063-47e5-bbe6-b3f46936a80b","hl-3801-d","respiratory_equipment_locales","""""","""""","""""","""""",""""""
"products","2195bb6d-f063-47e5-bbe6-b3f46936a80b","hl-3801-d","clothing_comfort_features_locales","""""","""""","""""","""""",""""""
"products","2195bb6d-f063-47e5-bbe6-b3f46936a80b","hl-3801-d","clothing_other_details_locales","""""","""""","""""","""""",""""""
"products","2195bb6d-f063-47e5-bbe6-b3f46936a80b","hl-3801-d","footwear_materials_locales","""""","""""","""""","""""",""""""
"products","2195bb6d-f063-47e5-bbe6-b3f46936a80b","hl-3801-d","footwear_special_features_locales","""""","""""","""""","""""",""""""
"products","2195bb6d-f063-47e5-bbe6-b3f46936a80b","hl-3801-d","connections_locales","""""","""""","""""","""""",""""""
"products","2195bb6d-f063-47e5-bbe6-b3f46936a80b","hl-3801-d","compatible_with_locales","""""","""""","""""","""""",""""""
"products","2195bb6d-f063-47e5-bbe6-b3f46936a80b","hl-3801-d","coatings_locales","""""","""""","""""","""""",""""""
"products","2195bb6d-f063-47e5-bbe6-b3f46936a80b","hl-3801-d","eye_face_materials_locales","""""","""""","""""","""""",""""""
"products","2195bb6d-f063-47e5-bbe6-b3f46936a80b","hl-3801-d","head_tech_specs_locales","""""","""""","""""","""""",""""""
"products","2195bb6d-f063-47e5-bbe6-b3f46936a80b","hl-3801-d","clothing_attributes_locales","""""","""""","""""","""""",""""""
"products","c5c04483-1872-4067-bb20-4e6b52bdacaf","hl-3808-d","name_locales","HL 3808-D","HL 3808-D","""""","""""",""""""
"products","c5c04483-1872-4067-bb20-4e6b52bdacaf","hl-3808-d","description_locales","Cut-resistant glove with PU-coated palm, 18-gauge construction using tungsten, HPPE, nylon & spandex. Provides superior dexterity and maximum cut & abrasion protection in dry and slightly oily environments.","Guanto antitaglio con palmo spalmato in poliuretano, 18 aghi costruito con filati di tungsteno, HPPE, nylon e spandex.
Fornisce destrezza superiore e massima protezione da taglio e abrasione anche in ambienti lievemente oleosi.","""""","""""",""""""
"products","c5c04483-1872-4067-bb20-4e6b52bdacaf","hl-3808-d","short_description_locales","18-gauge HPPE/tungsten cut glove with PU palm; superior dexterity and dry/light‑oil grip.","Guanto antitaglio 18 aghi con palmo spalmato PU; destrezza superiore e presa in asciutto/olio leggero.","""""","""""",""""""
"products","c5c04483-1872-4067-bb20-4e6b52bdacaf","hl-3808-d","category_locales","Hand protection","Protezione delle mani","""""","""""",""""""
"products","c5c04483-1872-4067-bb20-4e6b52bdacaf","hl-3808-d","sub_category_locales","Cut-resistant gloves","Guanti antitaglio","""""","""""",""""""
"products","c5c04483-1872-4067-bb20-4e6b52bdacaf","hl-3808-d","features_locales","[""Superior dexterity & sensitivity"",""Excellent dry-grip performance"",""Excellent abrasion resistance"",""Breathable back to ensure comfort during prolonged use""]","[""Destrezza e sensibilità superiore"",""Presa ottima in asciutto"",""Eccellente resistenza all’abrasione"",""Dorso traspirante per comfort in uso prolungato""]","""""","""""",""""""
"products","c5c04483-1872-4067-bb20-4e6b52bdacaf","hl-3808-d","applications_locales","[""Handling high-cut-risk components"",""Mechanical, glass & steel industry"",""Maintenance in oily environments"",""High-precision mechanical work; maximum tactile sensitivity""]","[""Manipolazione componenti ad alto rischio taglio"",""Industria meccanica, vetro, acciaio"",""Manutenzione in ambienti oleosi"",""Lavorazioni meccaniche di alta precisione; massima sensibilità tattile""]","""""","""""",""""""
"products","c5c04483-1872-4067-bb20-4e6b52bdacaf","hl-3808-d","industries_locales","[""Petrochemical"",""Machinery maintenance"",""Chemical industry""]","[""Settore petrolchimico"",""Manutenzione macchinari"",""Industria chimica""]","""""","""""",""""""
"products","c5c04483-1872-4067-bb20-4e6b52bdacaf","hl-3808-d","tags_locales","[""Cut-resistant glove"",""high dexterity"",""light-oil environment"",""PU palm"",""18-gauge"",""HPPE"",""tungsten""]","[""Guanto antitaglio"",""elevata destrezza"",""ambiente oleoso leggero"",""palmo PU"",""18 aghi"",""HPPE"",""tungsteno""]","""""","""""",""""""
"products","c5c04483-1872-4067-bb20-4e6b52bdacaf","hl-3808-d","size_locales","7–11","7–11","""""","""""",""""""
"products","c5c04483-1872-4067-bb20-4e6b52bdacaf","hl-3808-d","materials_locales","[""PU"",""tungsten"",""HPPE"",""nylon"",""spandex""]","[""PU"",""tungsteno"",""HPPE"",""nylon"",""spandex""]","""""","""""",""""""
"products","c5c04483-1872-4067-bb20-4e6b52bdacaf","hl-3808-d","eye_face_comfort_features_locales","""""","""""","""""","""""",""""""
"products","c5c04483-1872-4067-bb20-4e6b52bdacaf","hl-3808-d","eye_face_equipment_locales","""""","""""","""""","""""",""""""
"products","c5c04483-1872-4067-bb20-4e6b52bdacaf","hl-3808-d","head_comfort_features_locales","""""","""""","""""","""""",""""""
"products","c5c04483-1872-4067-bb20-4e6b52bdacaf","hl-3808-d","head_other_details_locales","""""","""""","""""","""""",""""""
"products","c5c04483-1872-4067-bb20-4e6b52bdacaf","hl-3808-d","head_equipment_locales","""""","""""","""""","""""",""""""
"products","c5c04483-1872-4067-bb20-4e6b52bdacaf","hl-3808-d","footwear_comfort_features_locales","""""","""""","""""","""""",""""""
"products","c5c04483-1872-4067-bb20-4e6b52bdacaf","hl-3808-d","hearing_comfort_features_locales","""""","""""","""""","""""",""""""
"products","c5c04483-1872-4067-bb20-4e6b52bdacaf","hl-3808-d","hearing_other_details_locales","""""","""""","""""","""""",""""""
"products","c5c04483-1872-4067-bb20-4e6b52bdacaf","hl-3808-d","hearing_equipment_locales","""""","""""","""""","""""",""""""
"products","c5c04483-1872-4067-bb20-4e6b52bdacaf","hl-3808-d","respiratory_comfort_features_locales","""""","""""","""""","""""",""""""
"products","c5c04483-1872-4067-bb20-4e6b52bdacaf","hl-3808-d","respiratory_other_details_locales","""""","""""","""""","""""",""""""
"products","c5c04483-1872-4067-bb20-4e6b52bdacaf","hl-3808-d","respiratory_equipment_locales","""""","""""","""""","""""",""""""
"products","c5c04483-1872-4067-bb20-4e6b52bdacaf","hl-3808-d","clothing_comfort_features_locales","""""","""""","""""","""""",""""""
"products","c5c04483-1872-4067-bb20-4e6b52bdacaf","hl-3808-d","clothing_other_details_locales","""""","""""","""""","""""",""""""
"products","c5c04483-1872-4067-bb20-4e6b52bdacaf","hl-3808-d","footwear_materials_locales","""""","""""","""""","""""",""""""
"products","c5c04483-1872-4067-bb20-4e6b52bdacaf","hl-3808-d","footwear_special_features_locales","""""","""""","""""","""""",""""""
"products","c5c04483-1872-4067-bb20-4e6b52bdacaf","hl-3808-d","connections_locales","""""","""""","""""","""""",""""""
"products","c5c04483-1872-4067-bb20-4e6b52bdacaf","hl-3808-d","compatible_with_locales","""""","""""","""""","""""",""""""
"products","c5c04483-1872-4067-bb20-4e6b52bdacaf","hl-3808-d","coatings_locales","""""","""""","""""","""""",""""""
"products","c5c04483-1872-4067-bb20-4e6b52bdacaf","hl-3808-d","eye_face_materials_locales","""""","""""","""""","""""",""""""
"products","c5c04483-1872-4067-bb20-4e6b52bdacaf","hl-3808-d","head_tech_specs_locales","""""","""""","""""","""""",""""""
"products","c5c04483-1872-4067-bb20-4e6b52bdacaf","hl-3808-d","clothing_attributes_locales","""""","""""","""""","""""",""""""
"products","34107be2-b906-4086-a80f-458a8f861d4b","hl-4101gfrb","name_locales","HL 4101GFRB","HL 4101GFRB","""""","""""",""""""
"products","34107be2-b906-4086-a80f-458a8f861d4b","hl-4101gfrb","description_locales","HPPE fibre & stainless-steel cut-resistant glove with PU-coated palm and nitrile reinforcement between thumb & index. Exceptional dexterity & sensitivity for handling sharp objects. Certified for maximum cut protection.","Guanto antitaglio in fibra HPPE e filo di acciaio inossidabile spalmato in poliuretano e dotato di rinforzo in nitrile tra pollice e indice. Elevata destrezza e sensibilità per componenti taglienti. Certificato per il massimo livello di protezione al taglio e la manipolazione di oggetti taglienti.","""""","""""",""""""
"products","34107be2-b906-4086-a80f-458a8f861d4b","hl-4101gfrb","short_description_locales","HPPE & stainless-steel cut glove, PU-coated palm","Guanto antitaglio di livello F in HPPE e acciaio, palmo spalmato PU","""""","""""",""""""
"products","34107be2-b906-4086-a80f-458a8f861d4b","hl-4101gfrb","category_locales","Hand protection","Protezione delle mani","""""","""""",""""""
"products","34107be2-b906-4086-a80f-458a8f861d4b","hl-4101gfrb","sub_category_locales","Cut-resistant gloves","Guanti antitaglio","""""","""""",""""""
"products","34107be2-b906-4086-a80f-458a8f861d4b","hl-4101gfrb","features_locales","[""Superior dexterity, sensitivity and dry-grip performance"",""Reinforced between palm thumb and index"",""Maximum cut protection"",""Breathable back to ensure comfort during prolonged use""]","[""Destrezza, sensibilità e presa in asciutto superiore"",""Rinforzo tra pollice ed indice"",""Massima protezione da taglio"",""Ottima resistenza allo strappo""]","""""","""""",""""""
"products","34107be2-b906-4086-a80f-458a8f861d4b","hl-4101gfrb","applications_locales","[""Handling sharp parts & components"",""Precision engineering, glassworks & automotive (blade-cut protection essential)"",""Cutting-room & workshop operations""]","[""Manipolazione componenti taglienti"",""Industria meccanica, vetro, acciaio dove è indispensabile la massima protezione al taglio da lama"",""Operazioni in reparto taglio e officina""]","""""","""""",""""""
"products","34107be2-b906-4086-a80f-458a8f861d4b","hl-4101gfrb","industries_locales","[""Precision engineering"",""Glassworks"",""Automotive""]","[""Meccanica di precisione"",""Vetreria"",""Automotive""]","""""","""""",""""""
"products","34107be2-b906-4086-a80f-458a8f861d4b","hl-4101gfrb","tags_locales","[""Cut-resistance level F"",""dexterity""]","[""Antitaglio livello F"",""destrezza""]","""""","""""",""""""
"products","34107be2-b906-4086-a80f-458a8f861d4b","hl-4101gfrb","size_locales","7-11","7-11","""""","""""",""""""
"products","34107be2-b906-4086-a80f-458a8f861d4b","hl-4101gfrb","materials_locales","[""HPPE"",""stainless-steel"",""PU"",""nitrile""]","[""HPPE"",""acciaio inox"",""PU"",""nitrile""]","""""","""""",""""""
"products","34107be2-b906-4086-a80f-458a8f861d4b","hl-4101gfrb","eye_face_comfort_features_locales","""""","""""","""""","""""",""""""
"products","34107be2-b906-4086-a80f-458a8f861d4b","hl-4101gfrb","eye_face_equipment_locales","""""","""""","""""","""""",""""""
"products","34107be2-b906-4086-a80f-458a8f861d4b","hl-4101gfrb","head_comfort_features_locales","""""","""""","""""","""""",""""""
"products","34107be2-b906-4086-a80f-458a8f861d4b","hl-4101gfrb","head_other_details_locales","""""","""""","""""","""""",""""""
"products","34107be2-b906-4086-a80f-458a8f861d4b","hl-4101gfrb","head_equipment_locales","""""","""""","""""","""""",""""""
"products","34107be2-b906-4086-a80f-458a8f861d4b","hl-4101gfrb","footwear_comfort_features_locales","""""","""""","""""","""""",""""""
"products","34107be2-b906-4086-a80f-458a8f861d4b","hl-4101gfrb","hearing_comfort_features_locales","""""","""""","""""","""""",""""""
"products","34107be2-b906-4086-a80f-458a8f861d4b","hl-4101gfrb","hearing_other_details_locales","""""","""""","""""","""""",""""""
"products","34107be2-b906-4086-a80f-458a8f861d4b","hl-4101gfrb","hearing_equipment_locales","""""","""""","""""","""""",""""""
"products","34107be2-b906-4086-a80f-458a8f861d4b","hl-4101gfrb","respiratory_comfort_features_locales","""""","""""","""""","""""",""""""
"products","34107be2-b906-4086-a80f-458a8f861d4b","hl-4101gfrb","respiratory_other_details_locales","""""","""""","""""","""""",""""""
"products","34107be2-b906-4086-a80f-458a8f861d4b","hl-4101gfrb","respiratory_equipment_locales","""""","""""","""""","""""",""""""
"products","34107be2-b906-4086-a80f-458a8f861d4b","hl-4101gfrb","clothing_comfort_features_locales","""""","""""","""""","""""",""""""
"products","34107be2-b906-4086-a80f-458a8f861d4b","hl-4101gfrb","clothing_other_details_locales","""""","""""","""""","""""",""""""
"products","34107be2-b906-4086-a80f-458a8f861d4b","hl-4101gfrb","footwear_materials_locales","""""","""""","""""","""""",""""""
"products","34107be2-b906-4086-a80f-458a8f861d4b","hl-4101gfrb","footwear_special_features_locales","""""","""""","""""","""""",""""""
"products","34107be2-b906-4086-a80f-458a8f861d4b","hl-4101gfrb","connections_locales","""""","""""","""""","""""",""""""
"products","34107be2-b906-4086-a80f-458a8f861d4b","hl-4101gfrb","compatible_with_locales","""""","""""","""""","""""",""""""
"products","34107be2-b906-4086-a80f-458a8f861d4b","hl-4101gfrb","coatings_locales","""""","""""","""""","""""",""""""
"products","34107be2-b906-4086-a80f-458a8f861d4b","hl-4101gfrb","eye_face_materials_locales","""""","""""","""""","""""",""""""
"products","34107be2-b906-4086-a80f-458a8f861d4b","hl-4101gfrb","head_tech_specs_locales","""""","""""","""""","""""",""""""
"products","34107be2-b906-4086-a80f-458a8f861d4b","hl-4101gfrb","clothing_attributes_locales","""""","""""","""""","""""",""""""
"products","9e1f43c2-9bd6-4074-85a6-e0b802a38ff9","hl-5301-d","name_locales","HL 5301-D","HL 5301-D","""""","""""",""""""
"products","9e1f43c2-9bd6-4074-85a6-e0b802a38ff9","hl-5301-d","description_locales","Cut-protection glove with double micro‑foam nitrile palm coating, 13‑gauge. Composition: fiberglass, HPPE, nylon, spandex with NBR finish. Ideal for grip in oily conditions, abrasion resistance and mechanical protection.","Guanto antitaglio con palmo in doppia spalmatura di microschiuma di nitrile, 13 aghi. Composizione: fibra di vetro, HPPE, nylon, spandex spalmato NBR. Indicato per presa in oli, resistenza all’abrasione e protezione meccanica.","""""","""""",""""""
"products","9e1f43c2-9bd6-4074-85a6-e0b802a38ff9","hl-5301-d","short_description_locales","HPPE/glass‑fiber cut glove with double micro‑foam nitrile palm; excellent grip in oils.","Guanto antitaglio HPPE/fibra di vetro con doppia microschiuma di nitrile sul palmo; ottima presa in oli.","""""","""""",""""""
"products","9e1f43c2-9bd6-4074-85a6-e0b802a38ff9","hl-5301-d","category_locales","Hand protection","Protezione delle mani","""""","""""",""""""
"products","9e1f43c2-9bd6-4074-85a6-e0b802a38ff9","hl-5301-d","sub_category_locales","Cut-resistant gloves","Guanti antitaglio","""""","""""",""""""
"products","9e1f43c2-9bd6-4074-85a6-e0b802a38ff9","hl-5301-d","features_locales","[""Superior dexterity & sensitivity"",""Excellent dry-grip performance"",""Excellent abrasion resistance"",""Breathable back to ensure comfort during prolonged use""]","[""Destrezza e sensibilità superiore"",""Presa ottima in asciutto"",""Eccellente resistenza all’abrasione"",""Dorso traspirante per comfort in uso prolungato""]","""""","""""",""""""
"products","9e1f43c2-9bd6-4074-85a6-e0b802a38ff9","hl-5301-d","applications_locales","[""Handling high-cut-risk components in mechanical, glass & steel industries"",""Handling oily parts"",""Industrial assembly"",""Quality-control operations""]","[""Manipolazione componenti ad alto rischio taglio in industria meccanica, vetro, acciaio"",""Movimentazione pezzi oleosi"",""Assemblaggio industriale"",""Operazioni di controllo qualità""]","""""","""""",""""""
"products","9e1f43c2-9bd6-4074-85a6-e0b802a38ff9","hl-5301-d","industries_locales","[""Automotive"",""Metallurgical industry"",""Logistics""]","[""Automotive"",""Industria metallurgica"",""Logistica""]","""""","""""",""""""
"products","9e1f43c2-9bd6-4074-85a6-e0b802a38ff9","hl-5301-d","tags_locales","[""cut-protection glove"",""oily environment"",""HPPE"",""glass fiber"",""nitrile palm"",""13-gauge""]","[""guanto antitaglio"",""ambiente oleoso"",""HPPE"",""fibra di vetro"",""palmo nitrile"",""13 aghi""]","""""","""""",""""""
"products","9e1f43c2-9bd6-4074-85a6-e0b802a38ff9","hl-5301-d","size_locales","7–11","7–11","""""","""""",""""""
"products","9e1f43c2-9bd6-4074-85a6-e0b802a38ff9","hl-5301-d","materials_locales","[""fiberglass"",""HPPE"",""nylon""]","[""fibra di vetro"",""HPPE"",""nylon""]","""""","""""",""""""
"products","9e1f43c2-9bd6-4074-85a6-e0b802a38ff9","hl-5301-d","eye_face_comfort_features_locales","""""","""""","""""","""""",""""""
"products","9e1f43c2-9bd6-4074-85a6-e0b802a38ff9","hl-5301-d","eye_face_equipment_locales","""""","""""","""""","""""",""""""
"products","9e1f43c2-9bd6-4074-85a6-e0b802a38ff9","hl-5301-d","head_comfort_features_locales","""""","""""","""""","""""",""""""
"products","9e1f43c2-9bd6-4074-85a6-e0b802a38ff9","hl-5301-d","head_other_details_locales","""""","""""","""""","""""",""""""
"products","9e1f43c2-9bd6-4074-85a6-e0b802a38ff9","hl-5301-d","head_equipment_locales","""""","""""","""""","""""",""""""
"products","9e1f43c2-9bd6-4074-85a6-e0b802a38ff9","hl-5301-d","footwear_comfort_features_locales","""""","""""","""""","""""",""""""
"products","9e1f43c2-9bd6-4074-85a6-e0b802a38ff9","hl-5301-d","hearing_comfort_features_locales","""""","""""","""""","""""",""""""
"products","9e1f43c2-9bd6-4074-85a6-e0b802a38ff9","hl-5301-d","hearing_other_details_locales","""""","""""","""""","""""",""""""
"products","9e1f43c2-9bd6-4074-85a6-e0b802a38ff9","hl-5301-d","hearing_equipment_locales","""""","""""","""""","""""",""""""
"products","9e1f43c2-9bd6-4074-85a6-e0b802a38ff9","hl-5301-d","respiratory_comfort_features_locales","""""","""""","""""","""""",""""""
"products","9e1f43c2-9bd6-4074-85a6-e0b802a38ff9","hl-5301-d","respiratory_other_details_locales","""""","""""","""""","""""",""""""
"products","9e1f43c2-9bd6-4074-85a6-e0b802a38ff9","hl-5301-d","respiratory_equipment_locales","""""","""""","""""","""""",""""""
"products","9e1f43c2-9bd6-4074-85a6-e0b802a38ff9","hl-5301-d","clothing_comfort_features_locales","""""","""""","""""","""""",""""""
"products","9e1f43c2-9bd6-4074-85a6-e0b802a38ff9","hl-5301-d","clothing_other_details_locales","""""","""""","""""","""""",""""""
"products","9e1f43c2-9bd6-4074-85a6-e0b802a38ff9","hl-5301-d","footwear_materials_locales","""""","""""","""""","""""",""""""
"products","9e1f43c2-9bd6-4074-85a6-e0b802a38ff9","hl-5301-d","footwear_special_features_locales","""""","""""","""""","""""",""""""
"products","9e1f43c2-9bd6-4074-85a6-e0b802a38ff9","hl-5301-d","connections_locales","""""","""""","""""","""""",""""""
"products","9e1f43c2-9bd6-4074-85a6-e0b802a38ff9","hl-5301-d","compatible_with_locales","""""","""""","""""","""""",""""""
"products","9e1f43c2-9bd6-4074-85a6-e0b802a38ff9","hl-5301-d","coatings_locales","""""","""""","""""","""""",""""""
"products","9e1f43c2-9bd6-4074-85a6-e0b802a38ff9","hl-5301-d","eye_face_materials_locales","""""","""""","""""","""""",""""""
"products","9e1f43c2-9bd6-4074-85a6-e0b802a38ff9","hl-5301-d","head_tech_specs_locales","""""","""""","""""","""""",""""""
"products","9e1f43c2-9bd6-4074-85a6-e0b802a38ff9","hl-5301-d","clothing_attributes_locales","""""","""""","""""","""""",""""""
"products","85049ea3-1e41-4d57-bf17-a34e312138db","hl-6wwg","name_locales","HL 6WWG","HL 6WWG","""""","""""",""""""
"products","85049ea3-1e41-4d57-bf17-a34e312138db","hl-6wwg","description_locales","Premium full‑grain bovine leather Driver glove. Offers maximum abrasion, tear and puncture resistance while maintaining excellent comfort and fit. Handles hot parts up to ~100 °C.","Guanto driver in pelle fiore di bovino di prima qualità. Offre massima resistenza ad abrasione, strappo e perforazione mantenendo comfort e vestibilità eccellenti.","""""","""""",""""""
"products","85049ea3-1e41-4d57-bf17-a34e312138db","hl-6wwg","short_description_locales","Full‑grain bovine‑leather Driver glove; heat‑resistant with high dexterity.","Guanto in pelle fiore di bovino driver, con resistenza EN407.","""""","""""",""""""
"products","85049ea3-1e41-4d57-bf17-a34e312138db","hl-6wwg","category_locales","Hand protection","Protezione delle mani","""""","""""",""""""
"products","85049ea3-1e41-4d57-bf17-a34e312138db","hl-6wwg","sub_category_locales","Gloves for general use","Guanti per uso generico","""""","""""",""""""
"products","85049ea3-1e41-4d57-bf17-a34e312138db","hl-6wwg","features_locales","[""Excellent abrasion resistance"",""Excellent tear resistance"",""Excellent puncture resistance""]","[""Ottima resistenza all’abrasione"",""Ottima tenuta allo strappo"",""Ottima tenuta alla perforazione""]","""""","""""",""""""
"products","85049ea3-1e41-4d57-bf17-a34e312138db","hl-6wwg","applications_locales","[""Construction, light‑duty building & warehousing, agriculture"",""Mechanical operations"",""General‑purpose medium‑duty operations"",""Handling hot parts up to 100 °C""]","[""Attività edilizie e costruzioni, magazzinaggio, agricoltura per lavori di media protezione."",""Operazioni meccaniche"",""Operazioni generiche media gravosità"",""Manipolazione di pezzi caldi fino a 100°C""]","""""","""""",""""""
"products","85049ea3-1e41-4d57-bf17-a34e312138db","hl-6wwg","industries_locales","[""Construction"",""Light building"",""Logistics""]","[""Edile"",""Costruzioni leggere"",""Logistica""]","""""","""""",""""""
"products","85049ea3-1e41-4d57-bf17-a34e312138db","hl-6wwg","tags_locales","[""Driver glove"",""leather"",""heat‑resistant"",""high dexterity""]","[""Guanto in pelle"",""Driver"",""anticalore"",""destrezza elevata""]","""""","""""",""""""
"products","85049ea3-1e41-4d57-bf17-a34e312138db","hl-6wwg","size_locales","8–11","8–11","""""","""""",""""""
"products","85049ea3-1e41-4d57-bf17-a34e312138db","hl-6wwg","materials_locales","[""leather""]","[""pelle""]","""""","""""",""""""
"products","85049ea3-1e41-4d57-bf17-a34e312138db","hl-6wwg","eye_face_comfort_features_locales","""""","""""","""""","""""",""""""
"products","85049ea3-1e41-4d57-bf17-a34e312138db","hl-6wwg","eye_face_equipment_locales","""""","""""","""""","""""",""""""
"products","85049ea3-1e41-4d57-bf17-a34e312138db","hl-6wwg","head_comfort_features_locales","""""","""""","""""","""""",""""""
"products","85049ea3-1e41-4d57-bf17-a34e312138db","hl-6wwg","head_other_details_locales","""""","""""","""""","""""",""""""
"products","85049ea3-1e41-4d57-bf17-a34e312138db","hl-6wwg","head_equipment_locales","""""","""""","""""","""""",""""""
"products","85049ea3-1e41-4d57-bf17-a34e312138db","hl-6wwg","footwear_comfort_features_locales","""""","""""","""""","""""",""""""
"products","85049ea3-1e41-4d57-bf17-a34e312138db","hl-6wwg","hearing_comfort_features_locales","""""","""""","""""","""""",""""""
"products","85049ea3-1e41-4d57-bf17-a34e312138db","hl-6wwg","hearing_other_details_locales","""""","""""","""""","""""",""""""
"products","85049ea3-1e41-4d57-bf17-a34e312138db","hl-6wwg","hearing_equipment_locales","""""","""""","""""","""""",""""""
"products","85049ea3-1e41-4d57-bf17-a34e312138db","hl-6wwg","respiratory_comfort_features_locales","""""","""""","""""","""""",""""""
"products","85049ea3-1e41-4d57-bf17-a34e312138db","hl-6wwg","respiratory_other_details_locales","""""","""""","""""","""""",""""""
"products","85049ea3-1e41-4d57-bf17-a34e312138db","hl-6wwg","respiratory_equipment_locales","""""","""""","""""","""""",""""""
"products","85049ea3-1e41-4d57-bf17-a34e312138db","hl-6wwg","clothing_comfort_features_locales","""""","""""","""""","""""",""""""
"products","85049ea3-1e41-4d57-bf17-a34e312138db","hl-6wwg","clothing_other_details_locales","""""","""""","""""","""""",""""""
"products","85049ea3-1e41-4d57-bf17-a34e312138db","hl-6wwg","footwear_materials_locales","""""","""""","""""","""""",""""""
"products","85049ea3-1e41-4d57-bf17-a34e312138db","hl-6wwg","footwear_special_features_locales","""""","""""","""""","""""",""""""
"products","85049ea3-1e41-4d57-bf17-a34e312138db","hl-6wwg","connections_locales","""""","""""","""""","""""",""""""
"products","85049ea3-1e41-4d57-bf17-a34e312138db","hl-6wwg","compatible_with_locales","""""","""""","""""","""""",""""""
"products","85049ea3-1e41-4d57-bf17-a34e312138db","hl-6wwg","coatings_locales","""""","""""","""""","""""",""""""
"products","85049ea3-1e41-4d57-bf17-a34e312138db","hl-6wwg","eye_face_materials_locales","""""","""""","""""","""""",""""""
"products","85049ea3-1e41-4d57-bf17-a34e312138db","hl-6wwg","head_tech_specs_locales","""""","""""","""""","""""",""""""
"products","85049ea3-1e41-4d57-bf17-a34e312138db","hl-6wwg","clothing_attributes_locales","""""","""""","""""","""""",""""""
"products","70768028-d532-43ba-901e-7f9ce31284cd","hl-8801-dsr","name_locales","HL 8801-DSR","HL 8801-DSR","""""","""""",""""""
"products","70768028-d532-43ba-901e-7f9ce31284cd","hl-8801-dsr","description_locales","Knitted cut‑protection glove in nylon, HPPE, tungsten & spandex, with sandy‑nitrile palm coating, reinforced between thumb & index. Protects critical cut zones while maintaining comfort & dexterity.","Guanto antitaglio in nylon, HPPE, tungsteno e spandex con spalmatura in nitrile sabbiato, rinforzato tra pollice e indice. Protegge aree critiche da taglio mantenendo comfort e destrezza.","""""","""""",""""""
"products","70768028-d532-43ba-901e-7f9ce31284cd","hl-8801-dsr","short_description_locales","13‑gauge cut‑protection glove with sandy‑nitrile palm and thumb–index reinforcement.","Guanto antitaglio 13 aghi con palmo sabbiato in nitrile e rinforzo tra pollice‑indice.","""""","""""",""""""
"products","70768028-d532-43ba-901e-7f9ce31284cd","hl-8801-dsr","category_locales","Hand protection","Protezione delle mani","""""","""""",""""""
"products","70768028-d532-43ba-901e-7f9ce31284cd","hl-8801-dsr","sub_category_locales","Cut-resistant gloves","Guanti antitaglio","""""","""""",""""""
"products","70768028-d532-43ba-901e-7f9ce31284cd","hl-8801-dsr","features_locales","[""Maximum dexterity"",""Excellent adhesion"",""Excellent abrasion resistance"",""Excellent grip in slightly oily conditions""]","[""Massima destrezza"",""Ottima aderenza"",""Eccellente resistenza all’abrasione"",""Ottima presa in ambiente leggermente oleoso""]","""""","""""",""""""
"products","70768028-d532-43ba-901e-7f9ce31284cd","hl-8801-dsr","applications_locales","[""Handling small sharp components in mechanical, glass & steel industries"",""Assembly of sensitive components"",""Electronic sector"",""Delicate mechanical operations""]","[""Manipolazione piccoli componenti taglienti in industria meccanica, vetro, acciaio"",""Montaggio componenti sensibili"",""Settore elettronico"",""Operazioni meccaniche delicate""]","""""","""""",""""""
"products","70768028-d532-43ba-901e-7f9ce31284cd","hl-8801-dsr","industries_locales","[""Electronics"",""Micro‑component assembly"",""Pharmaceutical""]","[""Elettronica"",""Assemblaggio microcomponenti"",""Farmaceutico""]","""""","""""",""""""
"products","70768028-d532-43ba-901e-7f9ce31284cd","hl-8801-dsr","tags_locales","[""cut‑protection glove"",""high dexterity"",""sandy‑nitrile palm"",""thumb‑index reinforcement"",""13‑gauge""]","[""guanto antitaglio"",""elevata destrezza"",""palmo nitrile sabbiato"",""rinforzo pollice‑indice"",""13 aghi""]","""""","""""",""""""
"products","70768028-d532-43ba-901e-7f9ce31284cd","hl-8801-dsr","size_locales","6–11","6–11","""""","""""",""""""
"products","70768028-d532-43ba-901e-7f9ce31284cd","hl-8801-dsr","materials_locales","[""nylon"",""HPPE"",""tungsten"",""spandex"",""nitrile""]","[""nylon"",""HPPE"",""tungsteno"",""spandex"",""nitrile""]","""""","""""",""""""
"products","70768028-d532-43ba-901e-7f9ce31284cd","hl-8801-dsr","eye_face_comfort_features_locales","""""","""""","""""","""""",""""""
"products","70768028-d532-43ba-901e-7f9ce31284cd","hl-8801-dsr","eye_face_equipment_locales","""""","""""","""""","""""",""""""
"products","70768028-d532-43ba-901e-7f9ce31284cd","hl-8801-dsr","head_comfort_features_locales","""""","""""","""""","""""",""""""
"products","70768028-d532-43ba-901e-7f9ce31284cd","hl-8801-dsr","head_other_details_locales","""""","""""","""""","""""",""""""
"products","70768028-d532-43ba-901e-7f9ce31284cd","hl-8801-dsr","head_equipment_locales","""""","""""","""""","""""",""""""
"products","70768028-d532-43ba-901e-7f9ce31284cd","hl-8801-dsr","footwear_comfort_features_locales","""""","""""","""""","""""",""""""
"products","70768028-d532-43ba-901e-7f9ce31284cd","hl-8801-dsr","hearing_comfort_features_locales","""""","""""","""""","""""",""""""
"products","70768028-d532-43ba-901e-7f9ce31284cd","hl-8801-dsr","hearing_other_details_locales","""""","""""","""""","""""",""""""
"products","70768028-d532-43ba-901e-7f9ce31284cd","hl-8801-dsr","hearing_equipment_locales","""""","""""","""""","""""",""""""
"products","70768028-d532-43ba-901e-7f9ce31284cd","hl-8801-dsr","respiratory_comfort_features_locales","""""","""""","""""","""""",""""""
"products","70768028-d532-43ba-901e-7f9ce31284cd","hl-8801-dsr","respiratory_other_details_locales","""""","""""","""""","""""",""""""
"products","70768028-d532-43ba-901e-7f9ce31284cd","hl-8801-dsr","respiratory_equipment_locales","""""","""""","""""","""""",""""""
"products","70768028-d532-43ba-901e-7f9ce31284cd","hl-8801-dsr","clothing_comfort_features_locales","""""","""""","""""","""""",""""""
"products","70768028-d532-43ba-901e-7f9ce31284cd","hl-8801-dsr","clothing_other_details_locales","""""","""""","""""","""""",""""""
"products","70768028-d532-43ba-901e-7f9ce31284cd","hl-8801-dsr","footwear_materials_locales","""""","""""","""""","""""",""""""
"products","70768028-d532-43ba-901e-7f9ce31284cd","hl-8801-dsr","footwear_special_features_locales","""""","""""","""""","""""",""""""
"products","70768028-d532-43ba-901e-7f9ce31284cd","hl-8801-dsr","connections_locales","""""","""""","""""","""""",""""""
"products","70768028-d532-43ba-901e-7f9ce31284cd","hl-8801-dsr","compatible_with_locales","""""","""""","""""","""""",""""""
"products","70768028-d532-43ba-901e-7f9ce31284cd","hl-8801-dsr","coatings_locales","""""","""""","""""","""""",""""""
"products","70768028-d532-43ba-901e-7f9ce31284cd","hl-8801-dsr","eye_face_materials_locales","""""","""""","""""","""""",""""""
"products","70768028-d532-43ba-901e-7f9ce31284cd","hl-8801-dsr","head_tech_specs_locales","""""","""""","""""","""""",""""""
"products","70768028-d532-43ba-901e-7f9ce31284cd","hl-8801-dsr","clothing_attributes_locales","""""","""""","""""","""""",""""""
"products","0b6788dd-6d98-44ea-839d-4c63dda9d9f0","hl-8808-ds","name_locales","HL 8808-DS","HL 8808-DS","""""","""""",""""""
"products","0b6788dd-6d98-44ea-839d-4c63dda9d9f0","hl-8808-ds","description_locales","Knitted cut‑protection glove in nylon, HPPE & tungsten filament, 18‑gauge, with sandy‑nitrile palm. Offers excellent abrasion, cut & tear resistance, with superior grip in oils & lubricants. High blade‑cut protection, level F.","Guanto antitaglio in nylon, HPPE e filo di tungsteno a 18 aghi, palmo sabbiato in nitrile, Taglio F. Offre eccellente resistenza all’abrasione, al taglio e allo strappo, con ottima presa in presenza di oli e lubrificanti. Alta protezione al taglio da lama.","""""","""""",""""""
"products","0b6788dd-6d98-44ea-839d-4c63dda9d9f0","hl-8808-ds","short_description_locales","18‑gauge cut‑protection glove with sandy‑nitrile palm. Cut level F.","Guanto antitaglio (F) 18 aghi con palmo sabbiato in nitrile.","""""","""""",""""""
"products","0b6788dd-6d98-44ea-839d-4c63dda9d9f0","hl-8808-ds","category_locales","Hand protection","Protezione delle mani","""""","""""",""""""
"products","0b6788dd-6d98-44ea-839d-4c63dda9d9f0","hl-8808-ds","sub_category_locales","Cut-resistant gloves","Guanti antitaglio","""""","""""",""""""
"products","0b6788dd-6d98-44ea-839d-4c63dda9d9f0","hl-8808-ds","features_locales","[""Maximum dexterity"",""Excellent adhesion"",""Excellent grip in oily conditions"",""Excellent abrasion resistance""]","[""Massima destrezza"",""Ottima aderenza"",""Ottima presa in ambiente oleoso"",""Eccellente resistenza all’abrasione""]","""""","""""",""""""
"products","0b6788dd-6d98-44ea-839d-4c63dda9d9f0","hl-8808-ds","applications_locales","[""Handling small sharp components in mechanical, glass & steel industries"",""Mechanical-shop assembly"",""Mechanical work with lubricants"",""Heavy industrial assembly""]","[""Manipolazione piccoli componenti taglienti industria meccanica, vetro, acciaio"",""Assemblaggio in officina meccanica"",""Lavori meccanici con lubrificanti"",""Assemblaggio industriale pesante""]","""""","""""",""""""
"products","0b6788dd-6d98-44ea-839d-4c63dda9d9f0","hl-8808-ds","industries_locales","[""Automotive"",""Precision mechanics"",""Petrochemical""]","[""Automotive"",""Meccanica di precisione"",""Industria petrolchimica""]","""""","""""",""""""
"products","0b6788dd-6d98-44ea-839d-4c63dda9d9f0","hl-8808-ds","tags_locales","[""cut‑protection glove"",""high dexterity"",""sandy‑nitrile palm"",""ANSI Cut 4"",""18‑gauge""]","[""guanto antitaglio"",""elevata destrezza"",""palmo nitrile sabbiato"",""ANSI Cut 4"",""18 aghi""]","""""","""""",""""""
"products","0b6788dd-6d98-44ea-839d-4c63dda9d9f0","hl-8808-ds","size_locales","7–11","7–11","""""","""""",""""""
"products","0b6788dd-6d98-44ea-839d-4c63dda9d9f0","hl-8808-ds","materials_locales","[""nylon"",""HPPE"",""tungsten""]","[""nylon"",""HPPE"",""tungsteno""]","""""","""""",""""""
"products","0b6788dd-6d98-44ea-839d-4c63dda9d9f0","hl-8808-ds","eye_face_comfort_features_locales","""""","""""","""""","""""",""""""
"products","0b6788dd-6d98-44ea-839d-4c63dda9d9f0","hl-8808-ds","eye_face_equipment_locales","""""","""""","""""","""""",""""""
"products","0b6788dd-6d98-44ea-839d-4c63dda9d9f0","hl-8808-ds","head_comfort_features_locales","""""","""""","""""","""""",""""""
"products","0b6788dd-6d98-44ea-839d-4c63dda9d9f0","hl-8808-ds","head_other_details_locales","""""","""""","""""","""""",""""""
"products","0b6788dd-6d98-44ea-839d-4c63dda9d9f0","hl-8808-ds","head_equipment_locales","""""","""""","""""","""""",""""""
"products","0b6788dd-6d98-44ea-839d-4c63dda9d9f0","hl-8808-ds","footwear_comfort_features_locales","""""","""""","""""","""""",""""""
"products","0b6788dd-6d98-44ea-839d-4c63dda9d9f0","hl-8808-ds","hearing_comfort_features_locales","""""","""""","""""","""""",""""""
"products","0b6788dd-6d98-44ea-839d-4c63dda9d9f0","hl-8808-ds","hearing_other_details_locales","""""","""""","""""","""""",""""""
"products","0b6788dd-6d98-44ea-839d-4c63dda9d9f0","hl-8808-ds","hearing_equipment_locales","""""","""""","""""","""""",""""""
"products","0b6788dd-6d98-44ea-839d-4c63dda9d9f0","hl-8808-ds","respiratory_comfort_features_locales","""""","""""","""""","""""",""""""
"products","0b6788dd-6d98-44ea-839d-4c63dda9d9f0","hl-8808-ds","respiratory_other_details_locales","""""","""""","""""","""""",""""""
"products","0b6788dd-6d98-44ea-839d-4c63dda9d9f0","hl-8808-ds","respiratory_equipment_locales","""""","""""","""""","""""",""""""
"products","0b6788dd-6d98-44ea-839d-4c63dda9d9f0","hl-8808-ds","clothing_comfort_features_locales","""""","""""","""""","""""",""""""
"products","0b6788dd-6d98-44ea-839d-4c63dda9d9f0","hl-8808-ds","clothing_other_details_locales","""""","""""","""""","""""",""""""
"products","0b6788dd-6d98-44ea-839d-4c63dda9d9f0","hl-8808-ds","footwear_materials_locales","""""","""""","""""","""""",""""""
"products","0b6788dd-6d98-44ea-839d-4c63dda9d9f0","hl-8808-ds","footwear_special_features_locales","""""","""""","""""","""""",""""""
"products","0b6788dd-6d98-44ea-839d-4c63dda9d9f0","hl-8808-ds","connections_locales","""""","""""","""""","""""",""""""
"products","0b6788dd-6d98-44ea-839d-4c63dda9d9f0","hl-8808-ds","compatible_with_locales","""""","""""","""""","""""",""""""
"products","0b6788dd-6d98-44ea-839d-4c63dda9d9f0","hl-8808-ds","coatings_locales","""""","""""","""""","""""",""""""
"products","0b6788dd-6d98-44ea-839d-4c63dda9d9f0","hl-8808-ds","eye_face_materials_locales","""""","""""","""""","""""",""""""
"products","0b6788dd-6d98-44ea-839d-4c63dda9d9f0","hl-8808-ds","head_tech_specs_locales","""""","""""","""""","""""",""""""
"products","0b6788dd-6d98-44ea-839d-4c63dda9d9f0","hl-8808-ds","clothing_attributes_locales","""""","""""","""""","""""",""""""
"products","1172eaf7-3063-42ae-94ac-ebab908ec9b8","hl-8808-s","name_locales","HL 8808-S","HL 8808-S","""""","""""",""""""
"products","1172eaf7-3063-42ae-94ac-ebab908ec9b8","hl-8808-s","description_locales","18‑gauge cotton glove with sandy‑nitrile coated palm; hypoallergenic. Delivers high dexterity, optimal grip and breathability for extended use in humid or lightly oily environments.","Guanto in cotone 18 aghi con palmo spalmato in sandy nitrile, anallergico, con elevata destrezza, presa ottimale e traspirabilità per uso prolungato in ambienti umidi o leggermente oleosi.","""""","""""",""""""
"products","1172eaf7-3063-42ae-94ac-ebab908ec9b8","hl-8808-s","short_description_locales","18‑gauge cotton glove with sandy‑nitrile coated palm; hypoallergenic.","Guanto in cotone 18 aghi con palmo spalmato sandy nitrile, anallergico.","""""","""""",""""""
"products","1172eaf7-3063-42ae-94ac-ebab908ec9b8","hl-8808-s","category_locales","Hand protection","Protezione delle mani","""""","""""",""""""
"products","1172eaf7-3063-42ae-94ac-ebab908ec9b8","hl-8808-s","sub_category_locales","Gloves for general use","Guanti per uso generico","""""","""""",""""""
"products","1172eaf7-3063-42ae-94ac-ebab908ec9b8","hl-8808-s","features_locales","[""Excellent tactile grip"",""Superior dexterity"",""Excellent abrasion resistance"",""Hygroscopic, breathable, anti-sweat""]","[""Eccellente presa tattile"",""Destrezza superiore"",""Ottima resistenza all’abrasione"",""Igroscopico, traspirante, antisudore""]","""""","""""",""""""
"products","1172eaf7-3063-42ae-94ac-ebab908ec9b8","hl-8808-s","applications_locales","[""Prolonged precision assembly & small-part operations"",""Handling small components"",""Extended use in humid & lightly oily environments""]","[""Assemblaggio prolungato di precisione, operazioni piccole parti"",""Movimentazione di piccoli componenti"",""Uso prolungato in ambienti umidi e oleosi""]","""""","""""",""""""
"products","1172eaf7-3063-42ae-94ac-ebab908ec9b8","hl-8808-s","industries_locales","[""Electronics"",""Medical-device assembly"",""Food industry""]","[""Elettronica"",""Assemblaggio medicale"",""Industria alimentare""]","""""","""""",""""""
"products","1172eaf7-3063-42ae-94ac-ebab908ec9b8","hl-8808-s","tags_locales","[""Cut-protection glove"",""high dexterity"",""hypoallergenic"",""humid environments"",""oily environments""]","[""Guanto antitaglio"",""elevata destrezza"",""anallergico"",""ambienti umidi"",""ambienti oleosi""]","""""","""""",""""""
"products","1172eaf7-3063-42ae-94ac-ebab908ec9b8","hl-8808-s","size_locales","7–11","7–11","""""","""""",""""""
"products","1172eaf7-3063-42ae-94ac-ebab908ec9b8","hl-8808-s","materials_locales","[""cotton"",""nitrile""]","[""cotone"",""nitrile""]","""""","""""",""""""
"products","1172eaf7-3063-42ae-94ac-ebab908ec9b8","hl-8808-s","eye_face_comfort_features_locales","""""","""""","""""","""""",""""""
"products","1172eaf7-3063-42ae-94ac-ebab908ec9b8","hl-8808-s","eye_face_equipment_locales","""""","""""","""""","""""",""""""
"products","1172eaf7-3063-42ae-94ac-ebab908ec9b8","hl-8808-s","head_comfort_features_locales","""""","""""","""""","""""",""""""
"products","1172eaf7-3063-42ae-94ac-ebab908ec9b8","hl-8808-s","head_other_details_locales","""""","""""","""""","""""",""""""
"products","1172eaf7-3063-42ae-94ac-ebab908ec9b8","hl-8808-s","head_equipment_locales","""""","""""","""""","""""",""""""
"products","1172eaf7-3063-42ae-94ac-ebab908ec9b8","hl-8808-s","footwear_comfort_features_locales","""""","""""","""""","""""",""""""
"products","1172eaf7-3063-42ae-94ac-ebab908ec9b8","hl-8808-s","hearing_comfort_features_locales","""""","""""","""""","""""",""""""
"products","1172eaf7-3063-42ae-94ac-ebab908ec9b8","hl-8808-s","hearing_other_details_locales","""""","""""","""""","""""",""""""
"products","1172eaf7-3063-42ae-94ac-ebab908ec9b8","hl-8808-s","hearing_equipment_locales","""""","""""","""""","""""",""""""
"products","1172eaf7-3063-42ae-94ac-ebab908ec9b8","hl-8808-s","respiratory_comfort_features_locales","""""","""""","""""","""""",""""""
"products","1172eaf7-3063-42ae-94ac-ebab908ec9b8","hl-8808-s","respiratory_other_details_locales","""""","""""","""""","""""",""""""
"products","1172eaf7-3063-42ae-94ac-ebab908ec9b8","hl-8808-s","respiratory_equipment_locales","""""","""""","""""","""""",""""""
"products","1172eaf7-3063-42ae-94ac-ebab908ec9b8","hl-8808-s","clothing_comfort_features_locales","""""","""""","""""","""""",""""""
"products","1172eaf7-3063-42ae-94ac-ebab908ec9b8","hl-8808-s","clothing_other_details_locales","""""","""""","""""","""""",""""""
"products","1172eaf7-3063-42ae-94ac-ebab908ec9b8","hl-8808-s","footwear_materials_locales","""""","""""","""""","""""",""""""
"products","1172eaf7-3063-42ae-94ac-ebab908ec9b8","hl-8808-s","footwear_special_features_locales","""""","""""","""""","""""",""""""
"products","1172eaf7-3063-42ae-94ac-ebab908ec9b8","hl-8808-s","connections_locales","""""","""""","""""","""""",""""""
"products","1172eaf7-3063-42ae-94ac-ebab908ec9b8","hl-8808-s","compatible_with_locales","""""","""""","""""","""""",""""""
"products","1172eaf7-3063-42ae-94ac-ebab908ec9b8","hl-8808-s","coatings_locales","""""","""""","""""","""""",""""""
"products","1172eaf7-3063-42ae-94ac-ebab908ec9b8","hl-8808-s","eye_face_materials_locales","""""","""""","""""","""""",""""""
"products","1172eaf7-3063-42ae-94ac-ebab908ec9b8","hl-8808-s","head_tech_specs_locales","""""","""""","""""","""""",""""""
"products","1172eaf7-3063-42ae-94ac-ebab908ec9b8","hl-8808-s","clothing_attributes_locales","""""","""""","""""","""""",""""""
"products","b29b342c-ca3f-4c78-903a-7ebe2a3e4d9e","hl-dy015g","name_locales","HL DY015G","HL DY015G","""""","""""",""""""
"products","b29b342c-ca3f-4c78-903a-7ebe2a3e4d9e","hl-dy015g","description_locales","“Continuous-yarn HPPE multifiber cut glove (15-gauge) with goat-grain leather–reinforced palm. Ideal where maximum blade-cut protection and excellent dexterity are required.”","""Guanto antitaglio a filo continuo in HPPE multifibra ad alta tenacità, finezza 15, con palmo rinforzato in pelle di ovocaprino. 
Ideale in ambiente dove necessita grande protezione dal taglio da lama e ottima destrezza""","""""","""""",""""""
"products","b29b342c-ca3f-4c78-903a-7ebe2a3e4d9e","hl-dy015g","short_description_locales","High-tenacity HPPE-multifiber cut glove with goat-grain leather reinforced palm","Guanto antitaglio ad alta tenacità in HPPE multifibra con palmo rinforzato in pelle di ovocaprino.","""""","""""",""""""
"products","b29b342c-ca3f-4c78-903a-7ebe2a3e4d9e","hl-dy015g","category_locales","Hand protection","Protezione delle mani","""""","""""",""""""
"products","b29b342c-ca3f-4c78-903a-7ebe2a3e4d9e","hl-dy015g","sub_category_locales","Cut-resistant gloves","Guanti antitaglio","""""","""""",""""""
"products","b29b342c-ca3f-4c78-903a-7ebe2a3e4d9e","hl-dy015g","features_locales","[""Excellent cut resistance"",""Excellent tear strength"",""Excellent puncture resistance""]","[""Eccellente resistenza al taglio"",""Eccellente tenuta allo strappo"",""Ottima tenuta alla perforazione""]","""""","""""",""""""
"products","b29b342c-ca3f-4c78-903a-7ebe2a3e4d9e","hl-dy015g","applications_locales","[""High-cut-hazard mechanical assembly"",""Workshop work on glass & steel"",""Mechanical operations"",""Handling of sharp & abrasive objects""]","[""Assemblaggio meccanico ad alto rischio di taglio"",""Lavori in officina su vetro e acciaio"",""Operazioni meccaniche"",""Manipolazione oggetti taglienti o abrasivi""]","""""","""""",""""""
"products","b29b342c-ca3f-4c78-903a-7ebe2a3e4d9e","hl-dy015g","industries_locales","[""Precision engineering"",""Automotive"",""Industrial assembly"",""Glass""]","[""Meccanica di precisione"",""Automotive"",""Assemblaggio industriale"",""Vetro""]","""""","""""",""""""
"products","b29b342c-ca3f-4c78-903a-7ebe2a3e4d9e","hl-dy015g","tags_locales","[""Cut-resistant glove"",""high tenacity"",""high dexterity""]","[""guanto antitaglio"",""tenacità"",""destrezza elevata""]","""""","""""",""""""
"products","b29b342c-ca3f-4c78-903a-7ebe2a3e4d9e","hl-dy015g","size_locales","7–8–9–10–11","7–8–9–10–11","""""","""""",""""""
"products","b29b342c-ca3f-4c78-903a-7ebe2a3e4d9e","hl-dy015g","materials_locales","[""HPPE"",""leather""]","[""HPPE"",""pelle""]","""""","""""",""""""
"products","b29b342c-ca3f-4c78-903a-7ebe2a3e4d9e","hl-dy015g","eye_face_comfort_features_locales","""""","""""","""""","""""",""""""
"products","b29b342c-ca3f-4c78-903a-7ebe2a3e4d9e","hl-dy015g","eye_face_equipment_locales","""""","""""","""""","""""",""""""
"products","b29b342c-ca3f-4c78-903a-7ebe2a3e4d9e","hl-dy015g","head_comfort_features_locales","""""","""""","""""","""""",""""""
"products","b29b342c-ca3f-4c78-903a-7ebe2a3e4d9e","hl-dy015g","head_other_details_locales","""""","""""","""""","""""",""""""
"products","b29b342c-ca3f-4c78-903a-7ebe2a3e4d9e","hl-dy015g","head_equipment_locales","""""","""""","""""","""""",""""""
"products","b29b342c-ca3f-4c78-903a-7ebe2a3e4d9e","hl-dy015g","footwear_comfort_features_locales","""""","""""","""""","""""",""""""
"products","b29b342c-ca3f-4c78-903a-7ebe2a3e4d9e","hl-dy015g","hearing_comfort_features_locales","""""","""""","""""","""""",""""""
"products","b29b342c-ca3f-4c78-903a-7ebe2a3e4d9e","hl-dy015g","hearing_other_details_locales","""""","""""","""""","""""",""""""
"products","b29b342c-ca3f-4c78-903a-7ebe2a3e4d9e","hl-dy015g","hearing_equipment_locales","""""","""""","""""","""""",""""""
"products","b29b342c-ca3f-4c78-903a-7ebe2a3e4d9e","hl-dy015g","respiratory_comfort_features_locales","""""","""""","""""","""""",""""""
"products","b29b342c-ca3f-4c78-903a-7ebe2a3e4d9e","hl-dy015g","respiratory_other_details_locales","""""","""""","""""","""""",""""""
"products","b29b342c-ca3f-4c78-903a-7ebe2a3e4d9e","hl-dy015g","respiratory_equipment_locales","""""","""""","""""","""""",""""""
"products","b29b342c-ca3f-4c78-903a-7ebe2a3e4d9e","hl-dy015g","clothing_comfort_features_locales","""""","""""","""""","""""",""""""
"products","b29b342c-ca3f-4c78-903a-7ebe2a3e4d9e","hl-dy015g","clothing_other_details_locales","""""","""""","""""","""""",""""""
"products","b29b342c-ca3f-4c78-903a-7ebe2a3e4d9e","hl-dy015g","footwear_materials_locales","""""","""""","""""","""""",""""""
"products","b29b342c-ca3f-4c78-903a-7ebe2a3e4d9e","hl-dy015g","footwear_special_features_locales","""""","""""","""""","""""",""""""
"products","b29b342c-ca3f-4c78-903a-7ebe2a3e4d9e","hl-dy015g","connections_locales","""""","""""","""""","""""",""""""
"products","b29b342c-ca3f-4c78-903a-7ebe2a3e4d9e","hl-dy015g","compatible_with_locales","""""","""""","""""","""""",""""""
"products","b29b342c-ca3f-4c78-903a-7ebe2a3e4d9e","hl-dy015g","coatings_locales","""""","""""","""""","""""",""""""
"products","b29b342c-ca3f-4c78-903a-7ebe2a3e4d9e","hl-dy015g","eye_face_materials_locales","""""","""""","""""","""""",""""""
"products","b29b342c-ca3f-4c78-903a-7ebe2a3e4d9e","hl-dy015g","head_tech_specs_locales","""""","""""","""""","""""",""""""
"products","b29b342c-ca3f-4c78-903a-7ebe2a3e4d9e","hl-dy015g","clothing_attributes_locales","""""","""""","""""","""""",""""""
"products","7e0248ba-a127-4b03-ac31-be48d9184195","hl-p84","name_locales","HL P84","HL P84","""""","""""",""""""
"products","7e0248ba-a127-4b03-ac31-be48d9184195","hl-p84","description_locales","Cow-split leather glove with lined palm, fabric back and canvas cuff. Excellent tear & abrasion resistance.","Guanto in pelle crosta di bovino, con palmo foderato, dorso in tela e manichetta in canvas.
Ottima resistenza a strappo e abrasione.","""""","""""",""""""
"products","7e0248ba-a127-4b03-ac31-be48d9184195","hl-p84","short_description_locales","Cow-split leather glove with lined palm, fabric back and canvas cuff","Guanto in pelle crosta di bovino con palmo foderato, dorso in tela e manichetta in canvas","""""","""""",""""""
"products","7e0248ba-a127-4b03-ac31-be48d9184195","hl-p84","category_locales","Hand protection","Protezione delle mani","""""","""""",""""""
"products","7e0248ba-a127-4b03-ac31-be48d9184195","hl-p84","sub_category_locales","Mechanical hazards gloves","Guanti per rischi meccanici","""""","""""",""""""
"products","7e0248ba-a127-4b03-ac31-be48d9184195","hl-p84","features_locales","[""Excellent abrasion resistance"",""Excellent tear hold"",""Excellent puncture hold"",""Hypoallergenic""]","[""Ottima resistenza all’abrasione"",""Eccellente tenuta allo strappo"",""Ottima tenuta alla perforazione"",""Antiallergico""]","""""","""""",""""""
"products","7e0248ba-a127-4b03-ac31-be48d9184195","hl-p84","applications_locales","[""Suited for construction & light-duty work"",""General medium-severity & mechanical hazards"",""Handling components in dry environments""]","[""Adatto all’industria edile e attività di edilizia leggera"",""Operazioni generiche di media gravità e rischi meccanici""]","""""","""""",""""""
"products","7e0248ba-a127-4b03-ac31-be48d9184195","hl-p84","industries_locales","[""Construction"",""Maintenance"",""Mechanical industry""]","[""Edilizia"",""Manutenzioni"",""Industria meccanica""]","""""","""""",""""""
"products","7e0248ba-a127-4b03-ac31-be48d9184195","hl-p84","tags_locales","[""Leather glove"",""mechanical-hazard resistance""]","[""Guanto in pelle"",""resistenza meccanica""]","""""","""""",""""""
"products","7e0248ba-a127-4b03-ac31-be48d9184195","hl-p84","size_locales","10","10","""""","""""",""""""
"products","7e0248ba-a127-4b03-ac31-be48d9184195","hl-p84","materials_locales","[""leather""]","[""pelle""]","""""","""""",""""""
"products","7e0248ba-a127-4b03-ac31-be48d9184195","hl-p84","eye_face_comfort_features_locales","""""","""""","""""","""""",""""""
"products","7e0248ba-a127-4b03-ac31-be48d9184195","hl-p84","eye_face_equipment_locales","""""","""""","""""","""""",""""""
"products","7e0248ba-a127-4b03-ac31-be48d9184195","hl-p84","head_comfort_features_locales","""""","""""","""""","""""",""""""
"products","7e0248ba-a127-4b03-ac31-be48d9184195","hl-p84","head_other_details_locales","""""","""""","""""","""""",""""""
"products","7e0248ba-a127-4b03-ac31-be48d9184195","hl-p84","head_equipment_locales","""""","""""","""""","""""",""""""
"products","7e0248ba-a127-4b03-ac31-be48d9184195","hl-p84","footwear_comfort_features_locales","""""","""""","""""","""""",""""""
"products","7e0248ba-a127-4b03-ac31-be48d9184195","hl-p84","hearing_comfort_features_locales","""""","""""","""""","""""",""""""
"products","7e0248ba-a127-4b03-ac31-be48d9184195","hl-p84","hearing_other_details_locales","""""","""""","""""","""""",""""""
"products","7e0248ba-a127-4b03-ac31-be48d9184195","hl-p84","hearing_equipment_locales","""""","""""","""""","""""",""""""
"products","7e0248ba-a127-4b03-ac31-be48d9184195","hl-p84","respiratory_comfort_features_locales","""""","""""","""""","""""",""""""
"products","7e0248ba-a127-4b03-ac31-be48d9184195","hl-p84","respiratory_other_details_locales","""""","""""","""""","""""",""""""
"products","7e0248ba-a127-4b03-ac31-be48d9184195","hl-p84","respiratory_equipment_locales","""""","""""","""""","""""",""""""
"products","7e0248ba-a127-4b03-ac31-be48d9184195","hl-p84","clothing_comfort_features_locales","""""","""""","""""","""""",""""""
"products","7e0248ba-a127-4b03-ac31-be48d9184195","hl-p84","clothing_other_details_locales","""""","""""","""""","""""",""""""
"products","7e0248ba-a127-4b03-ac31-be48d9184195","hl-p84","footwear_materials_locales","""""","""""","""""","""""",""""""
"products","7e0248ba-a127-4b03-ac31-be48d9184195","hl-p84","footwear_special_features_locales","""""","""""","""""","""""",""""""
"products","7e0248ba-a127-4b03-ac31-be48d9184195","hl-p84","connections_locales","""""","""""","""""","""""",""""""
"products","7e0248ba-a127-4b03-ac31-be48d9184195","hl-p84","compatible_with_locales","""""","""""","""""","""""",""""""
"products","7e0248ba-a127-4b03-ac31-be48d9184195","hl-p84","coatings_locales","""""","""""","""""","""""",""""""
"products","7e0248ba-a127-4b03-ac31-be48d9184195","hl-p84","eye_face_materials_locales","""""","""""","""""","""""",""""""
"products","7e0248ba-a127-4b03-ac31-be48d9184195","hl-p84","head_tech_specs_locales","""""","""""","""""","""""",""""""
"products","7e0248ba-a127-4b03-ac31-be48d9184195","hl-p84","clothing_attributes_locales","""""","""""","""""","""""",""""""
"products","59d235e4-337d-49f1-b90f-e176ddfa115c","i-5","name_locales","i-5","i-5","""""","""""",""""""
"products","59d235e4-337d-49f1-b90f-e176ddfa115c","i-5","description_locales","Welding safety glasses with the option to fit an additional optional frame, providing enhanced protection against particles, dust, and dirt
","Occhiali protettivi da saldatura con possibilità di montaggio montatura aggiuntiva opzionale offre una maggiore protezione da particelle, polvere e sporcizia
","""""","""""",""""""
"products","59d235e4-337d-49f1-b90f-e176ddfa115c","i-5","short_description_locales","Metal-free UV400 glasses with IR protection","Ochiali in plastica UV400 con lenti IR","""""","""""",""""""
"products","59d235e4-337d-49f1-b90f-e176ddfa115c","i-5","category_locales","Eye & Face protection","Protezione occhi e viso","""""","""""",""""""
"products","59d235e4-337d-49f1-b90f-e176ddfa115c","i-5","sub_category_locales","Safety spectacles","Occhiali di sicurezza","""""","""""",""""""
"products","59d235e4-337d-49f1-b90f-e176ddfa115c","i-5","features_locales","[""Soft seal frame technology wraps around the brow  providing protection from particle ingress"",""Side shield offers additional protection from hazards"",""Metal-free"",""Polycarbonate lens with uvex infradur treatment - scratch resistant and anti-fog"",""Enhanced protection thanks to X-tended technology""]","[""Protezione maggiore grazie alla tecnologia x-tended"",""Metal-free"",""Robusta lente in policarbonato con trattamento uvex infradur - lente antigraffio e antiappannante""]","""""","""""",""""""
"products","59d235e4-337d-49f1-b90f-e176ddfa115c","i-5","applications_locales","[""Operation with UV and IR exposure"",""Welding spectacles""]","[""Operazioni di saldatura"",""Operazioni in alti forni o in presenza di materiale incandescente""]","""""","""""",""""""
"products","59d235e4-337d-49f1-b90f-e176ddfa115c","i-5","industries_locales","[""Glass manufacturing"",""Steel processing and manufacturing"",""Construction""]","[""Industra del vetro"",""Industria dell'Acciaio"",""Metallurgia"",""Edilizia""]","""""","""""",""""""
"products","59d235e4-337d-49f1-b90f-e176ddfa115c","i-5","tags_locales","[""Welding""]","[""Saldatura""]","""""","""""",""""""
"products","59d235e4-337d-49f1-b90f-e176ddfa115c","i-5","size_locales","","","""""","""""",""""""
"products","59d235e4-337d-49f1-b90f-e176ddfa115c","i-5","materials_locales","[""TPU"",""TPE"",""POM"",""PC""]","[]","""""","""""",""""""
"products","59d235e4-337d-49f1-b90f-e176ddfa115c","i-5","eye_face_comfort_features_locales","[""Ergonomically shaped side arms with multi-incline points and length adjustment allow for a high level of individualisation to ensure a good fit  for all facial shapes and head widths"",""Soft-grip temple ends provide a comfortable, secure fit without pressure"",""Soft, flexible nose pad adapts to the wearer, delivering a non-slip and  pressure-free fit""]","[""Stanghette ergonomiche con regolazione dell'inclinazione e della lunghezza a più livelli"",""Supporto nasale anatomico per un comfort che dura tutto il giorno""]","""""","""""",""""""
"products","59d235e4-337d-49f1-b90f-e176ddfa115c","i-5","eye_face_equipment_locales","[""Optional clip-in frame seal provides extra protection against particles, dirt  and dust""]","[]","""""","""""",""""""
"products","59d235e4-337d-49f1-b90f-e176ddfa115c","i-5","head_comfort_features_locales","""""","""""","""""","""""",""""""
"products","59d235e4-337d-49f1-b90f-e176ddfa115c","i-5","head_other_details_locales","""""","""""","""""","""""",""""""
"products","59d235e4-337d-49f1-b90f-e176ddfa115c","i-5","head_equipment_locales","""""","""""","""""","""""",""""""
"products","59d235e4-337d-49f1-b90f-e176ddfa115c","i-5","footwear_comfort_features_locales","""""","""""","""""","""""",""""""
"products","59d235e4-337d-49f1-b90f-e176ddfa115c","i-5","hearing_comfort_features_locales","""""","""""","""""","""""",""""""
"products","59d235e4-337d-49f1-b90f-e176ddfa115c","i-5","hearing_other_details_locales","""""","""""","""""","""""",""""""
"products","59d235e4-337d-49f1-b90f-e176ddfa115c","i-5","hearing_equipment_locales","""""","""""","""""","""""",""""""
"products","59d235e4-337d-49f1-b90f-e176ddfa115c","i-5","respiratory_comfort_features_locales","""""","""""","""""","""""",""""""
"products","59d235e4-337d-49f1-b90f-e176ddfa115c","i-5","respiratory_other_details_locales","""""","""""","""""","""""",""""""
"products","59d235e4-337d-49f1-b90f-e176ddfa115c","i-5","respiratory_equipment_locales","""""","""""","""""","""""",""""""
"products","59d235e4-337d-49f1-b90f-e176ddfa115c","i-5","clothing_comfort_features_locales","""""","""""","""""","""""",""""""
"products","59d235e4-337d-49f1-b90f-e176ddfa115c","i-5","clothing_other_details_locales","""""","""""","""""","""""",""""""
"products","59d235e4-337d-49f1-b90f-e176ddfa115c","i-5","footwear_materials_locales","""""","""""","""""","""""",""""""
"products","59d235e4-337d-49f1-b90f-e176ddfa115c","i-5","footwear_special_features_locales","""""","""""","""""","""""",""""""
"products","59d235e4-337d-49f1-b90f-e176ddfa115c","i-5","connections_locales","""""","""""","""""","""""",""""""
"products","59d235e4-337d-49f1-b90f-e176ddfa115c","i-5","compatible_with_locales","""""","""""","""""","""""",""""""
"products","59d235e4-337d-49f1-b90f-e176ddfa115c","i-5","coatings_locales","[""Anti-scratch"",""Anti-fog""]","[""Anti-graffio"",""Anti-appannamento""]","""""","""""",""""""
"products","59d235e4-337d-49f1-b90f-e176ddfa115c","i-5","eye_face_materials_locales","{""arm"":""Plastic"",""lens"":""Polycarbonate (PC)"",""frame"":""Plastic"",""headband"":""""}","{""arm"":""Plastica"",""lens"":""Policarbonato (PC)"",""frame"":""Plastica"",""headband"":""""}","""""","""""",""""""
"products","59d235e4-337d-49f1-b90f-e176ddfa115c","i-5","head_tech_specs_locales","""""","""""","""""","""""",""""""
"products","59d235e4-337d-49f1-b90f-e176ddfa115c","i-5","clothing_attributes_locales","""""","""""","""""","""""",""""""
"products","f6138224-cace-4368-af27-1fef08173d20","k00-845ip","name_locales","K00-845IP","K00-845IP","""""","""""",""""""
"products","f6138224-cace-4368-af27-1fef08173d20","k00-845ip","description_locales","18G UHMWPE/ Graphene/ Nylon Liner glove, Blue Smooth Nitrile + Black Nitrile Microfoam Palm Coating with Sandy Finish, Thumb Crotch Reinforcement, PVC (TPR) Back Protection.","Guanto 18 aghi con fodera in UHMWPE/grafene/nylon, rivestimento in nitrile liscio blu + microschiuma di nitrile nera sul palmo con finitura sabbiata, Thumb crotch rinforzato, protezione posteriore in PVC (TPR).","""""","""""",""""""
"products","f6138224-cace-4368-af27-1fef08173d20","k00-845ip","short_description_locales","18G Level D anti-cut impact protection glove with micro-foam nitrile coating","Guanto anti-impatto e antitaglio livello D spalmato in micro-schiuma di nitrile","""""","""""",""""""
"products","f6138224-cace-4368-af27-1fef08173d20","k00-845ip","category_locales","Hand protection","Protezione delle mani","""""","""""",""""""
"products","f6138224-cace-4368-af27-1fef08173d20","k00-845ip","sub_category_locales","Impact protection gloves","Guanti anti-impatto","""""","""""",""""""
"products","f6138224-cace-4368-af27-1fef08173d20","k00-845ip","features_locales","[""DMF and silicone free"",""No stainless steel or fiberglass"",""Ergonomically shaped for superior fit"",""Bacteriostatic kills harmful bacteria"",""Touch Screen compatible""]","[""Senza DMF e senza silicone"",""Niente acciaio inossidabile o fibra di vetro"",""Forma ergonomica per una vestibilità superiore"",""Batteriostatico per eliminare i batteri nocivi"",""Compatibile con Touch Screen""]","""""","""""",""""""
"products","f6138224-cace-4368-af27-1fef08173d20","k00-845ip","applications_locales","[""Operations in dusty and humid environments"",""Impact protection in construction"",""Hand protection in heavy industry""]","[""Operazioni in ambienti polverosi e umidi"",""Protezione da impatto in edilizia"",""Protezione delle mani nell'industria pesante""]","""""","""""",""""""
"products","f6138224-cace-4368-af27-1fef08173d20","k00-845ip","industries_locales","[""Oil & Gas"",""Mining"",""Construction"",""Heavy industry""]","[""Oil & Gas"",""Industria mineraria"",""Edilizia"",""Industria pesante""]","""""","""""",""""""
"products","f6138224-cace-4368-af27-1fef08173d20","k00-845ip","tags_locales","[""cut protection level D"",""anti-impact glove"",""Graphene""]","[""Guanto anti-impatto"",""anti-taglio livello D"",""Grafene""]","""""","""""",""""""
"products","f6138224-cace-4368-af27-1fef08173d20","k00-845ip","size_locales","7 - 11","7 - 11","""""","""""",""""""
"products","f6138224-cace-4368-af27-1fef08173d20","k00-845ip","materials_locales","[""Graphene""]","[""Grafene""]","""""","""""",""""""
"products","f6138224-cace-4368-af27-1fef08173d20","k00-845ip","eye_face_comfort_features_locales","""""","""""","""""","""""",""""""
"products","f6138224-cace-4368-af27-1fef08173d20","k00-845ip","eye_face_equipment_locales","""""","""""","""""","""""",""""""
"products","f6138224-cace-4368-af27-1fef08173d20","k00-845ip","head_comfort_features_locales","""""","""""","""""","""""",""""""
"products","f6138224-cace-4368-af27-1fef08173d20","k00-845ip","head_other_details_locales","""""","""""","""""","""""",""""""
"products","f6138224-cace-4368-af27-1fef08173d20","k00-845ip","head_equipment_locales","""""","""""","""""","""""",""""""
"products","f6138224-cace-4368-af27-1fef08173d20","k00-845ip","footwear_comfort_features_locales","""""","""""","""""","""""",""""""
"products","f6138224-cace-4368-af27-1fef08173d20","k00-845ip","hearing_comfort_features_locales","""""","""""","""""","""""",""""""
"products","f6138224-cace-4368-af27-1fef08173d20","k00-845ip","hearing_other_details_locales","""""","""""","""""","""""",""""""
"products","f6138224-cace-4368-af27-1fef08173d20","k00-845ip","hearing_equipment_locales","""""","""""","""""","""""",""""""
"products","f6138224-cace-4368-af27-1fef08173d20","k00-845ip","respiratory_comfort_features_locales","""""","""""","""""","""""",""""""
"products","f6138224-cace-4368-af27-1fef08173d20","k00-845ip","respiratory_other_details_locales","""""","""""","""""","""""",""""""
"products","f6138224-cace-4368-af27-1fef08173d20","k00-845ip","respiratory_equipment_locales","""""","""""","""""","""""",""""""
"products","f6138224-cace-4368-af27-1fef08173d20","k00-845ip","clothing_comfort_features_locales","""""","""""","""""","""""",""""""
"products","f6138224-cace-4368-af27-1fef08173d20","k00-845ip","clothing_other_details_locales","""""","""""","""""","""""",""""""
"products","f6138224-cace-4368-af27-1fef08173d20","k00-845ip","footwear_materials_locales","""""","""""","""""","""""",""""""
"products","f6138224-cace-4368-af27-1fef08173d20","k00-845ip","footwear_special_features_locales","""""","""""","""""","""""",""""""
"products","f6138224-cace-4368-af27-1fef08173d20","k00-845ip","connections_locales","""""","""""","""""","""""",""""""
"products","f6138224-cace-4368-af27-1fef08173d20","k00-845ip","compatible_with_locales","""""","""""","""""","""""",""""""
"products","f6138224-cace-4368-af27-1fef08173d20","k00-845ip","coatings_locales","""""","""""","""""","""""",""""""
"products","f6138224-cace-4368-af27-1fef08173d20","k00-845ip","eye_face_materials_locales","""""","""""","""""","""""",""""""
"products","f6138224-cace-4368-af27-1fef08173d20","k00-845ip","head_tech_specs_locales","""""","""""","""""","""""",""""""
"products","f6138224-cace-4368-af27-1fef08173d20","k00-845ip","clothing_attributes_locales","""""","""""","""""","""""",""""""
"products","a8288eef-471f-4eeb-9de5-630e52933d43","k01-424","name_locales","K01-424","K01-424","""""","""""",""""""
"products","a8288eef-471f-4eeb-9de5-630e52933d43","k01-424","description_locales","18G UHMWPE liner, blue smooth nitrile coating + black nitrile microfoam palm coating with sandy finishing glove","Guanto 18 aghi con fodera in UHMWPE, rivestimento in nitrile liscio blu + rivestimento in microschiuma di nitrile nero sul palmo con finitura sabbiata","""""","""""",""""""
"products","a8288eef-471f-4eeb-9de5-630e52933d43","k01-424","short_description_locales","Cut protection glove in graphene with HCT® Nitrile micro foam","Guanto di protezione dal taglio in grafene con microschiuma di nitrile HCT® ","""""","""""",""""""
"products","a8288eef-471f-4eeb-9de5-630e52933d43","k01-424","category_locales","Hand protection","Protezione delle mani","""""","""""",""""""
"products","a8288eef-471f-4eeb-9de5-630e52933d43","k01-424","sub_category_locales","Cut-resistant gloves","Guanti antitaglio","""""","""""",""""""
"products","a8288eef-471f-4eeb-9de5-630e52933d43","k01-424","features_locales","[""18 gauge grey Kyorene® Pro graphene liner"",""No stainless steel or fiberglass"",""Ergonomically shaped for superior fit"",""Odor neutralizing to keep the gloves smelling Fresh"",""Touch Screen compatible"",""Food Grade glove""]","[""Fodera in grafene Kyorene® Pro grigio calibro 18"",""Niente acciaio inossidabile o fibra di vetro"",""Forma ergonomica per una vestibilità superiore"",""Neutralizzazione degli odori per mantenere i guanti con un odore fresco"",""Compatibile con Touch Screen"",""Guanto Food Grade""]","""""","""""",""""""
"products","a8288eef-471f-4eeb-9de5-630e52933d43","k01-424","applications_locales","[""Fluid handling"",""Engine assembly"",""Operations in wet and oily environments"",""Maintenance activities""]","[""Protezione da liquidi"",""Movimentazione liquidi"",""Operazioni in ambienti umidi, bagnati e oleosi"",""Assemblaggio motori""]","""""","""""",""""""
"products","a8288eef-471f-4eeb-9de5-630e52933d43","k01-424","industries_locales","[""Aerospace"",""Automotive"",""Mechanical industries""]","[""Automobilistica"",""Aerospaziale"",""Industria meccanica""]","""""","""""",""""""
"products","a8288eef-471f-4eeb-9de5-630e52933d43","k01-424","tags_locales","[""cut-protection glove"",""Graphene"",""food grade""]","[""Grafene"",""guanto antitaglio"",""food grade""]","""""","""""",""""""
"products","a8288eef-471f-4eeb-9de5-630e52933d43","k01-424","size_locales","6 - 11","6 - 11","""""","""""",""""""
"products","a8288eef-471f-4eeb-9de5-630e52933d43","k01-424","materials_locales","[""Graphene""]","[""Grafene""]","""""","""""",""""""
"products","a8288eef-471f-4eeb-9de5-630e52933d43","k01-424","eye_face_comfort_features_locales","""""","""""","""""","""""",""""""
"products","a8288eef-471f-4eeb-9de5-630e52933d43","k01-424","eye_face_equipment_locales","""""","""""","""""","""""",""""""
"products","a8288eef-471f-4eeb-9de5-630e52933d43","k01-424","head_comfort_features_locales","""""","""""","""""","""""",""""""
"products","a8288eef-471f-4eeb-9de5-630e52933d43","k01-424","head_other_details_locales","""""","""""","""""","""""",""""""
"products","a8288eef-471f-4eeb-9de5-630e52933d43","k01-424","head_equipment_locales","""""","""""","""""","""""",""""""
"products","a8288eef-471f-4eeb-9de5-630e52933d43","k01-424","footwear_comfort_features_locales","""""","""""","""""","""""",""""""
"products","a8288eef-471f-4eeb-9de5-630e52933d43","k01-424","hearing_comfort_features_locales","""""","""""","""""","""""",""""""
"products","a8288eef-471f-4eeb-9de5-630e52933d43","k01-424","hearing_other_details_locales","""""","""""","""""","""""",""""""
"products","a8288eef-471f-4eeb-9de5-630e52933d43","k01-424","hearing_equipment_locales","""""","""""","""""","""""",""""""
"products","a8288eef-471f-4eeb-9de5-630e52933d43","k01-424","respiratory_comfort_features_locales","""""","""""","""""","""""",""""""
"products","a8288eef-471f-4eeb-9de5-630e52933d43","k01-424","respiratory_other_details_locales","""""","""""","""""","""""",""""""
"products","a8288eef-471f-4eeb-9de5-630e52933d43","k01-424","respiratory_equipment_locales","""""","""""","""""","""""",""""""
"products","a8288eef-471f-4eeb-9de5-630e52933d43","k01-424","clothing_comfort_features_locales","""""","""""","""""","""""",""""""
"products","a8288eef-471f-4eeb-9de5-630e52933d43","k01-424","clothing_other_details_locales","""""","""""","""""","""""",""""""
"products","a8288eef-471f-4eeb-9de5-630e52933d43","k01-424","footwear_materials_locales","""""","""""","""""","""""",""""""
"products","a8288eef-471f-4eeb-9de5-630e52933d43","k01-424","footwear_special_features_locales","""""","""""","""""","""""",""""""
"products","a8288eef-471f-4eeb-9de5-630e52933d43","k01-424","connections_locales","""""","""""","""""","""""",""""""
"products","a8288eef-471f-4eeb-9de5-630e52933d43","k01-424","compatible_with_locales","""""","""""","""""","""""",""""""
"products","a8288eef-471f-4eeb-9de5-630e52933d43","k01-424","coatings_locales","""""","""""","""""","""""",""""""
"products","a8288eef-471f-4eeb-9de5-630e52933d43","k01-424","eye_face_materials_locales","""""","""""","""""","""""",""""""
"products","a8288eef-471f-4eeb-9de5-630e52933d43","k01-424","head_tech_specs_locales","""""","""""","""""","""""",""""""
"products","a8288eef-471f-4eeb-9de5-630e52933d43","k01-424","clothing_attributes_locales","""""","""""","""""","""""",""""""
"products","1b9e5862-01da-4335-af85-89aa0c646e0a","k01-903r","name_locales","K01-903R","K01-903R","""""","""""",""""""
"products","1b9e5862-01da-4335-af85-89aa0c646e0a","k01-903r","description_locales","18 gauge grey UHMWPE/Graphene nylon liner glove, black nitrile palm coating. Reinforcement on crotch.","Guanto 18 aghi con fodera grigia in nylon UHMWPE/Grafene, rivestimento nero sul palmo in nitrile. Thumb crotch rinforzato","""""","""""",""""""
"products","1b9e5862-01da-4335-af85-89aa0c646e0a","k01-903r","short_description_locales","18 gauge grey UHMWPE/Graphene nylon liner glove, black nitrile palm coating.","Guanto 18 aghi con fodera grigia in nylon UHMWPE/Grafene, rivestimento nero sul palmo in nitrile","""""","""""",""""""
"products","1b9e5862-01da-4335-af85-89aa0c646e0a","k01-903r","category_locales","Hand protection","Protezione delle mani","""""","""""",""""""
"products","1b9e5862-01da-4335-af85-89aa0c646e0a","k01-903r","sub_category_locales","Cut-resistant gloves","Guanti antitaglio","""""","""""",""""""
"products","1b9e5862-01da-4335-af85-89aa0c646e0a","k01-903r","features_locales","[""DMF and silicone free"",""No stainless steel or fiberglass"",""Ergonomically shaped for superior fit"",""Bacteriostatic kills harmful bacteria"",""Touch screen compatible"",""Black nitrile palm coating"",""ANSI A9 Cut level protection""]","[""Senza DMF e senza silicone"",""Niente acciaio inossidabile o fibra di vetro"",""Forma ergonomica per una vestibilità superiore"",""Batteriostatico per eliminare i batteri nocivi"",""Compatibile con Touch Screen"",""Protezione al taglio F e ANSI A9"",""Spalmato sul palmo in nitrile nero""]","""""","""""",""""""
"products","1b9e5862-01da-4335-af85-89aa0c646e0a","k01-903r","applications_locales","[""Handling of sharp objects"",""Handling in oily conditions"",""Protection against extremely high cut risks""]","[""Operazioni con elevatissimo rischio di taglio"",""Operazioni in presenza di oli o grassi"",""Manovre di oggetti e componenti taglienti""]","""""","""""",""""""
"products","1b9e5862-01da-4335-af85-89aa0c646e0a","k01-903r","industries_locales","[""Glass manufacturing"",""Steel manufacturing"",""Recycling""]","[""Industria del vetro"",""Industria mettallurgica e dell'acciaio"",""Riciclaggio""]","""""","""""",""""""
"products","1b9e5862-01da-4335-af85-89aa0c646e0a","k01-903r","tags_locales","[""Cut protection"",""Cut level F"",""ANSI A9 cut""]","[""Guanto antitaglio"",""Antitaglio livello F"",""ANSI A9""]","""""","""""",""""""
"products","1b9e5862-01da-4335-af85-89aa0c646e0a","k01-903r","size_locales","6 - 11","6 - 11","""""","""""",""""""
"products","1b9e5862-01da-4335-af85-89aa0c646e0a","k01-903r","materials_locales","[""Graphene""]","[""Grafene""]","""""","""""",""""""
"products","1b9e5862-01da-4335-af85-89aa0c646e0a","k01-903r","eye_face_comfort_features_locales","""""","""""","""""","""""",""""""
"products","1b9e5862-01da-4335-af85-89aa0c646e0a","k01-903r","eye_face_equipment_locales","""""","""""","""""","""""",""""""
"products","1b9e5862-01da-4335-af85-89aa0c646e0a","k01-903r","head_comfort_features_locales","""""","""""","""""","""""",""""""
"products","1b9e5862-01da-4335-af85-89aa0c646e0a","k01-903r","head_other_details_locales","""""","""""","""""","""""",""""""
"products","1b9e5862-01da-4335-af85-89aa0c646e0a","k01-903r","head_equipment_locales","""""","""""","""""","""""",""""""
"products","1b9e5862-01da-4335-af85-89aa0c646e0a","k01-903r","footwear_comfort_features_locales","""""","""""","""""","""""",""""""
"products","1b9e5862-01da-4335-af85-89aa0c646e0a","k01-903r","hearing_comfort_features_locales","""""","""""","""""","""""",""""""
"products","1b9e5862-01da-4335-af85-89aa0c646e0a","k01-903r","hearing_other_details_locales","""""","""""","""""","""""",""""""
"products","1b9e5862-01da-4335-af85-89aa0c646e0a","k01-903r","hearing_equipment_locales","""""","""""","""""","""""",""""""
"products","1b9e5862-01da-4335-af85-89aa0c646e0a","k01-903r","respiratory_comfort_features_locales","""""","""""","""""","""""",""""""
"products","1b9e5862-01da-4335-af85-89aa0c646e0a","k01-903r","respiratory_other_details_locales","""""","""""","""""","""""",""""""
"products","1b9e5862-01da-4335-af85-89aa0c646e0a","k01-903r","respiratory_equipment_locales","""""","""""","""""","""""",""""""
"products","1b9e5862-01da-4335-af85-89aa0c646e0a","k01-903r","clothing_comfort_features_locales","""""","""""","""""","""""",""""""
"products","1b9e5862-01da-4335-af85-89aa0c646e0a","k01-903r","clothing_other_details_locales","""""","""""","""""","""""",""""""
"products","1b9e5862-01da-4335-af85-89aa0c646e0a","k01-903r","footwear_materials_locales","""""","""""","""""","""""",""""""
"products","1b9e5862-01da-4335-af85-89aa0c646e0a","k01-903r","footwear_special_features_locales","""""","""""","""""","""""",""""""
"products","1b9e5862-01da-4335-af85-89aa0c646e0a","k01-903r","connections_locales","""""","""""","""""","""""",""""""
"products","1b9e5862-01da-4335-af85-89aa0c646e0a","k01-903r","compatible_with_locales","""""","""""","""""","""""",""""""
"products","1b9e5862-01da-4335-af85-89aa0c646e0a","k01-903r","coatings_locales","""""","""""","""""","""""",""""""
"products","1b9e5862-01da-4335-af85-89aa0c646e0a","k01-903r","eye_face_materials_locales","""""","""""","""""","""""",""""""
"products","1b9e5862-01da-4335-af85-89aa0c646e0a","k01-903r","head_tech_specs_locales","""""","""""","""""","""""",""""""
"products","1b9e5862-01da-4335-af85-89aa0c646e0a","k01-903r","clothing_attributes_locales","""""","""""","""""","""""",""""""
"products","bacb7186-5845-48bb-8e51-7f7aa0175d46","k02-303l","name_locales","K02-303L","K02-303L","""""","""""",""""""
"products","bacb7186-5845-48bb-8e51-7f7aa0175d46","k02-303l","description_locales"," 18G super thin UHMWPE liner glove, black nitrile nanofoam palm coating","Guanto 18 aghi con fodera in UHMWPE super sottile, rivestimento sul palmo in nano foam di nitrile nero","""""","""""",""""""
"products","bacb7186-5845-48bb-8e51-7f7aa0175d46","k02-303l","short_description_locales","Cut protection glove, black nitrile nanofoam palm coating, graphene ","Guanto di protezione dal taglio, rivestimento del palmo in nano foam di nitrile nero, grafene","""""","""""",""""""
"products","bacb7186-5845-48bb-8e51-7f7aa0175d46","k02-303l","category_locales","Hand protection","Protezione delle mani","""""","""""",""""""
"products","bacb7186-5845-48bb-8e51-7f7aa0175d46","k02-303l","sub_category_locales","Cut-resistant gloves","Guanti antitaglio","""""","""""",""""""
"products","bacb7186-5845-48bb-8e51-7f7aa0175d46","k02-303l","features_locales","[""18 gauge 100D grey Kyorene® Pro graphene liner"",""No stainless steel or fiberglass"",""Ergonomically shaped for superior fit"",""Touch screen compatible"",""Black nitrile nano-foam coating""]","[""Fodera in grafene Kyorene® Pro grigio 100D calibro 18"",""Niente acciaio inossidabile o fibra di vetro"",""Forma ergonomica per una vestibilità superiore"",""Compatibile con Touch Screen""]","""""","""""",""""""
"products","bacb7186-5845-48bb-8e51-7f7aa0175d46","k02-303l","applications_locales","[""Handling of sharp objects"",""Operations in oily and greasy environments"",""Warehousing"",""Construction and building activities""]","[""Movimentazione di oggetti affilati e taglienti"",""Magazzinaggio"",""Operazioni in ambienti umidi e oleosi"",""Attivita' edilizia e di costruzione""]","""""","""""",""""""
"products","bacb7186-5845-48bb-8e51-7f7aa0175d46","k02-303l","industries_locales","[""Automotive"",""Metal stamping"",""Metal sheet handling"",""Glass manufacturing"",""Warehousing"",""Construction""]","[""Automobilistica"",""Stampaggio metalli"",""Edilizia"",""Industria del vetro""]","""""","""""",""""""
"products","bacb7186-5845-48bb-8e51-7f7aa0175d46","k02-303l","tags_locales","[""cut-resistant glove"",""Graphene""]","[""Grafene"",""guanto anti-taglio""]","""""","""""",""""""
"products","bacb7186-5845-48bb-8e51-7f7aa0175d46","k02-303l","size_locales","6 - 11","6 - 11","""""","""""",""""""
"products","bacb7186-5845-48bb-8e51-7f7aa0175d46","k02-303l","materials_locales","[""Graphene""]","[""Grafene""]","""""","""""",""""""
"products","bacb7186-5845-48bb-8e51-7f7aa0175d46","k02-303l","eye_face_comfort_features_locales","""""","""""","""""","""""",""""""
"products","bacb7186-5845-48bb-8e51-7f7aa0175d46","k02-303l","eye_face_equipment_locales","""""","""""","""""","""""",""""""
"products","bacb7186-5845-48bb-8e51-7f7aa0175d46","k02-303l","head_comfort_features_locales","""""","""""","""""","""""",""""""
"products","bacb7186-5845-48bb-8e51-7f7aa0175d46","k02-303l","head_other_details_locales","""""","""""","""""","""""",""""""
"products","bacb7186-5845-48bb-8e51-7f7aa0175d46","k02-303l","head_equipment_locales","""""","""""","""""","""""",""""""
"products","bacb7186-5845-48bb-8e51-7f7aa0175d46","k02-303l","footwear_comfort_features_locales","""""","""""","""""","""""",""""""
"products","bacb7186-5845-48bb-8e51-7f7aa0175d46","k02-303l","hearing_comfort_features_locales","""""","""""","""""","""""",""""""
"products","bacb7186-5845-48bb-8e51-7f7aa0175d46","k02-303l","hearing_other_details_locales","""""","""""","""""","""""",""""""
"products","bacb7186-5845-48bb-8e51-7f7aa0175d46","k02-303l","hearing_equipment_locales","""""","""""","""""","""""",""""""
"products","bacb7186-5845-48bb-8e51-7f7aa0175d46","k02-303l","respiratory_comfort_features_locales","""""","""""","""""","""""",""""""
"products","bacb7186-5845-48bb-8e51-7f7aa0175d46","k02-303l","respiratory_other_details_locales","""""","""""","""""","""""",""""""
"products","bacb7186-5845-48bb-8e51-7f7aa0175d46","k02-303l","respiratory_equipment_locales","""""","""""","""""","""""",""""""
"products","bacb7186-5845-48bb-8e51-7f7aa0175d46","k02-303l","clothing_comfort_features_locales","""""","""""","""""","""""",""""""
"products","bacb7186-5845-48bb-8e51-7f7aa0175d46","k02-303l","clothing_other_details_locales","""""","""""","""""","""""",""""""
"products","bacb7186-5845-48bb-8e51-7f7aa0175d46","k02-303l","footwear_materials_locales","""""","""""","""""","""""",""""""
"products","bacb7186-5845-48bb-8e51-7f7aa0175d46","k02-303l","footwear_special_features_locales","""""","""""","""""","""""",""""""
"products","bacb7186-5845-48bb-8e51-7f7aa0175d46","k02-303l","connections_locales","""""","""""","""""","""""",""""""
"products","bacb7186-5845-48bb-8e51-7f7aa0175d46","k02-303l","compatible_with_locales","""""","""""","""""","""""",""""""
"products","bacb7186-5845-48bb-8e51-7f7aa0175d46","k02-303l","coatings_locales","""""","""""","""""","""""",""""""
"products","bacb7186-5845-48bb-8e51-7f7aa0175d46","k02-303l","eye_face_materials_locales","""""","""""","""""","""""",""""""
"products","bacb7186-5845-48bb-8e51-7f7aa0175d46","k02-303l","head_tech_specs_locales","""""","""""","""""","""""",""""""
"products","bacb7186-5845-48bb-8e51-7f7aa0175d46","k02-303l","clothing_attributes_locales","""""","""""","""""","""""",""""""
"products","770b9bbd-b457-4d7b-ab21-3215442a591b","k30h","name_locales","K30H","K30H","""""","""""",""""""
"products","770b9bbd-b457-4d7b-ab21-3215442a591b","k30h","description_locales","Dielectric helmet earmuffs for 30 mm Euroslot helmet connection offering 34 dB insulation and soft foam ear cushions","Cuffie di protezione dell'udito da elmetto per il sistema elmetto uvex pheos. 
Superfici morbide in memory foam, con regolazione continua della lunghezza.
","""""","""""",""""""
"products","770b9bbd-b457-4d7b-ab21-3215442a591b","k30h","short_description_locales","Dielectric helmet earmuffs","Cuffie di protezione dell'udito da elmetto per il sistema elmetto uvex pheos E","""""","""""",""""""
"products","770b9bbd-b457-4d7b-ab21-3215442a591b","k30h","category_locales","Hearing Protection","Protezione dell'udito","""""","""""",""""""
"products","770b9bbd-b457-4d7b-ab21-3215442a591b","k30h","sub_category_locales","Ear defenders","Cuffie antirumore","""""","""""",""""""
"products","770b9bbd-b457-4d7b-ab21-3215442a591b","k30h","features_locales","[""Earmuffs for mounting on safety helmets with 30mm Euroslot"",""Dielectric version"",""Acoustic decoupling through rubber-mounted capsules"",""Mechanical attachment to the helmet for use with the uvex pheos helmet system and Eurolslot system""]","[""Isolamento di 34 decibel - H: 36 dB, M: 32 dB, L: 24 dB"",""Aggancio meccanico all'elmetto per la combinazione con il sistema elmetto uvex pheos e al sistema euroslot""]","""""","""""",""""""
"products","770b9bbd-b457-4d7b-ab21-3215442a591b","k30h","applications_locales","[""Best suited for use in loud environments"",""Hearing protection in presence of risk from falling objects (head protection required)""]","[""Adatti per l'uso in ambienti con elevata rumorosità"",""Protezione uditiva in ambienti con rischio di caduta oggetti (elmetto richiesto)""]","""""","""""",""""""
"products","770b9bbd-b457-4d7b-ab21-3215442a591b","k30h","industries_locales","[""Construction"",""Heavy industries"",""Aviation"",""Oil&Gas"",""Mining""]","[""Edilizia"",""Oil&Gas"",""Industria pesante"",""Aviazione"",""Miniere""]","""""","""""",""""""
"products","770b9bbd-b457-4d7b-ab21-3215442a591b","k30h","tags_locales","[]","[]","""""","""""",""""""
"products","770b9bbd-b457-4d7b-ab21-3215442a591b","k30h","size_locales","S / M / L","S / M / L","""""","""""",""""""
"products","770b9bbd-b457-4d7b-ab21-3215442a591b","k30h","materials_locales","[""CAPSULES: ABS"",""HELMET CONNECTION: PC"",""SEALING CUSHION: PVC / PE memory foam"",""FOAM INSERTS: PE""]","[""Copolimeri di acrilonitrile-butadiene-stirene (ABS)"",""Polietilene (PE)""]","""""","""""",""""""
"products","770b9bbd-b457-4d7b-ab21-3215442a591b","k30h","eye_face_comfort_features_locales","""""","""""","""""","""""",""""""
"products","770b9bbd-b457-4d7b-ab21-3215442a591b","k30h","eye_face_equipment_locales","""""","""""","""""","""""",""""""
"products","770b9bbd-b457-4d7b-ab21-3215442a591b","k30h","head_comfort_features_locales","""""","""""","""""","""""",""""""
"products","770b9bbd-b457-4d7b-ab21-3215442a591b","k30h","head_other_details_locales","""""","""""","""""","""""",""""""
"products","770b9bbd-b457-4d7b-ab21-3215442a591b","k30h","head_equipment_locales","""""","""""","""""","""""",""""""
"products","770b9bbd-b457-4d7b-ab21-3215442a591b","k30h","footwear_comfort_features_locales","""""","""""","""""","""""",""""""
"products","770b9bbd-b457-4d7b-ab21-3215442a591b","k30h","hearing_comfort_features_locales","[""Continuous length adjustment for an ideal wearing position"",""Color coding for easy selection and identification of hearing protection levels"",""Sealing cushion made of memory foam for good sealing with high wearing comfort"",""360° Rotation for standby and resting positions""]","[""Le superfici morbide conferiscono alle cuffie un'adattabilità eccezionale e il peso ultraleggero garantisce un comfort ottimale"",""Comfort eccezionale grazie ai cuscinetti in memory foam extra morbido, anche in caso di utilizzo prolungato"",""Rotazione a 360 gradi per le modalità \""pronto all'uso\"" e \""riposo\""""]","""""","""""",""""""
"products","770b9bbd-b457-4d7b-ab21-3215442a591b","k30h","hearing_other_details_locales","[""Customisation, can be printed with your company logo""]","[]","""""","""""",""""""
"products","770b9bbd-b457-4d7b-ab21-3215442a591b","k30h","hearing_equipment_locales","[]","[""Attacchi euroslot 30 mm""]","""""","""""",""""""
"products","770b9bbd-b457-4d7b-ab21-3215442a591b","k30h","respiratory_comfort_features_locales","""""","""""","""""","""""",""""""
"products","770b9bbd-b457-4d7b-ab21-3215442a591b","k30h","respiratory_other_details_locales","""""","""""","""""","""""",""""""
"products","770b9bbd-b457-4d7b-ab21-3215442a591b","k30h","respiratory_equipment_locales","""""","""""","""""","""""",""""""
"products","770b9bbd-b457-4d7b-ab21-3215442a591b","k30h","clothing_comfort_features_locales","""""","""""","""""","""""",""""""
"products","770b9bbd-b457-4d7b-ab21-3215442a591b","k30h","clothing_other_details_locales","""""","""""","""""","""""",""""""
"products","770b9bbd-b457-4d7b-ab21-3215442a591b","k30h","footwear_materials_locales","""""","""""","""""","""""",""""""
"products","770b9bbd-b457-4d7b-ab21-3215442a591b","k30h","footwear_special_features_locales","""""","""""","""""","""""",""""""
"products","770b9bbd-b457-4d7b-ab21-3215442a591b","k30h","connections_locales","""""","""""","""""","""""",""""""
"products","770b9bbd-b457-4d7b-ab21-3215442a591b","k30h","compatible_with_locales","""""","""""","""""","""""",""""""
"products","770b9bbd-b457-4d7b-ab21-3215442a591b","k30h","coatings_locales","""""","""""","""""","""""",""""""
"products","770b9bbd-b457-4d7b-ab21-3215442a591b","k30h","eye_face_materials_locales","""""","""""","""""","""""",""""""
"products","770b9bbd-b457-4d7b-ab21-3215442a591b","k30h","head_tech_specs_locales","""""","""""","""""","""""",""""""
"products","770b9bbd-b457-4d7b-ab21-3215442a591b","k30h","clothing_attributes_locales","""""","""""","""""","""""",""""""
"products","48ca70b5-2f09-468d-a89e-5ee010de24fa","kaios","name_locales","KAIOS","KAIOS","""""","""""",""""""
"products","48ca70b5-2f09-468d-a89e-5ee010de24fa","kaios","description_locales","The KAIOS KASCO respirator is a powered air-purifying respirator (PAPR) system with an integrated helmet, class TH3 with P3 filtration, designed to provide full protection against dust, fumes, and aerosols.","Il respiratore KAIOS KASCO è un sistema a ventilazione assistita (PAPR) con casco integrato di classe TH3 e filtrazione P3, progettato per offrire protezione completa contro polveri, fumi e aerosol.","""""","""""",""""""
"products","48ca70b5-2f09-468d-a89e-5ee010de24fa","kaios","short_description_locales","PAPR respirator with integrated helmet, class TH3 P3, designed for full protection against dust and contaminants in high-risk industrial environments.","Respiratore PAPR con casco integrato classe TH3 P3, progettato per protezione totale da polveri e contaminanti in ambienti industriali ad alto rischio.","""""","""""",""""""
"products","48ca70b5-2f09-468d-a89e-5ee010de24fa","kaios","category_locales","Respiratory Protection","Protezione respiratoria","""""","""""",""""""
"products","48ca70b5-2f09-468d-a89e-5ee010de24fa","kaios","sub_category_locales","Respirators","Respiratori","""""","""""",""""""
"products","48ca70b5-2f09-468d-a89e-5ee010de24fa","kaios","features_locales","[""Full protection with integrated helmet"",""Constant airflow"",""Reduced risk of contamination due to fit (also suitable for users with beards or for prolonged use)"",""LED and sound filter alarm""]","[""Protezione integrale con casco"",""Flusso d’aria costante"",""Riduzione rischio contaminazione da adattamento (adatto anche a utenti con barba o utilizzo prolungato)"",""Allarme LED e acustico per saturazione filtro""]","""""","""""",""""""
"products","48ca70b5-2f09-468d-a89e-5ee010de24fa","kaios","applications_locales","[""Remediation and asbestos work"",""Heavy industry and dust protection"",""Spary-painting, welding and processing""]","[""Bonifiche e amianto"",""Operazioni in presenza di silica"",""Industria pesante e polveri"",""Saldatura e lavorazioni"",""Verniciature""]","""""","""""",""""""
"products","48ca70b5-2f09-468d-a89e-5ee010de24fa","kaios","industries_locales","[""Chemical"",""Pharma"",""Glass Manufacturing""]","[""Chimica"",""Industria del Vetro"",""Metallurgia"",""Farmaceutica""]","""""","""""",""""""
"products","48ca70b5-2f09-468d-a89e-5ee010de24fa","kaios","tags_locales","[]","[]","""""","""""",""""""
"products","48ca70b5-2f09-468d-a89e-5ee010de24fa","kaios","size_locales","Universal","Unica","""""","""""",""""""
"products","48ca70b5-2f09-468d-a89e-5ee010de24fa","kaios","materials_locales","[""Silicone"",""Polycarbonate (PC)"",""Other""]","[""Silicone"",""Policarbonato (PC)"",""Altro""]","""""","""""",""""""
"products","48ca70b5-2f09-468d-a89e-5ee010de24fa","kaios","eye_face_comfort_features_locales","""""","""""","""""","""""",""""""
"products","48ca70b5-2f09-468d-a89e-5ee010de24fa","kaios","eye_face_equipment_locales","""""","""""","""""","""""",""""""
"products","48ca70b5-2f09-468d-a89e-5ee010de24fa","kaios","head_comfort_features_locales","""""","""""","""""","""""",""""""
"products","48ca70b5-2f09-468d-a89e-5ee010de24fa","kaios","head_other_details_locales","""""","""""","""""","""""",""""""
"products","48ca70b5-2f09-468d-a89e-5ee010de24fa","kaios","head_equipment_locales","""""","""""","""""","""""",""""""
"products","48ca70b5-2f09-468d-a89e-5ee010de24fa","kaios","footwear_comfort_features_locales","""""","""""","""""","""""",""""""
"products","48ca70b5-2f09-468d-a89e-5ee010de24fa","kaios","hearing_comfort_features_locales","""""","""""","""""","""""",""""""
"products","48ca70b5-2f09-468d-a89e-5ee010de24fa","kaios","hearing_other_details_locales","""""","""""","""""","""""",""""""
"products","48ca70b5-2f09-468d-a89e-5ee010de24fa","kaios","hearing_equipment_locales","""""","""""","""""","""""",""""""
"products","48ca70b5-2f09-468d-a89e-5ee010de24fa","kaios","respiratory_comfort_features_locales","[""Ventilated helmet"",""No pressure on the face"",""Wide, integrated visor"",""Ergonomic system with evenly distributed weight"",""Low noise""]","[""Casco ventilato"",""Nessuna pressione sul viso"",""Visiera ampia e integrata"",""Sistema ergonomico con peso distribuito"",""Silenzioso e poco rumoroso""]","""""","""""",""""""
"products","48ca70b5-2f09-468d-a89e-5ee010de24fa","kaios","respiratory_other_details_locales","[""Compatible with headset""]","[""Permette l’utilizzo di cuffie nucali""]","""""","""""",""""""
"products","48ca70b5-2f09-468d-a89e-5ee010de24fa","kaios","respiratory_equipment_locales","[]","[]","""""","""""",""""""
"products","48ca70b5-2f09-468d-a89e-5ee010de24fa","kaios","clothing_comfort_features_locales","""""","""""","""""","""""",""""""
"products","48ca70b5-2f09-468d-a89e-5ee010de24fa","kaios","clothing_other_details_locales","""""","""""","""""","""""",""""""
"products","48ca70b5-2f09-468d-a89e-5ee010de24fa","kaios","footwear_materials_locales","""""","""""","""""","""""",""""""
"products","48ca70b5-2f09-468d-a89e-5ee010de24fa","kaios","footwear_special_features_locales","""""","""""","""""","""""",""""""
"products","48ca70b5-2f09-468d-a89e-5ee010de24fa","kaios","connections_locales","[]","[]","""""","""""",""""""
"products","48ca70b5-2f09-468d-a89e-5ee010de24fa","kaios","compatible_with_locales","[]","[]","""""","""""",""""""
"products","48ca70b5-2f09-468d-a89e-5ee010de24fa","kaios","coatings_locales","""""","""""","""""","""""",""""""
"products","48ca70b5-2f09-468d-a89e-5ee010de24fa","kaios","eye_face_materials_locales","""""","""""","""""","""""",""""""
"products","48ca70b5-2f09-468d-a89e-5ee010de24fa","kaios","head_tech_specs_locales","""""","""""","""""","""""",""""""
"products","48ca70b5-2f09-468d-a89e-5ee010de24fa","kaios","clothing_attributes_locales","""""","""""","""""","""""",""""""
"products","1eece6d3-d898-4f08-9084-25dd7e5ab466","maccrossroad-3-0-high-meta","name_locales","Maccrossroad 3.0 high meta","Maccrossroad 3.0 high meta","""""","""""",""""""
"products","1eece6d3-d898-4f08-9084-25dd7e5ab466","maccrossroad-3-0-high-meta","description_locales","Safety boot S3/S3L class with rubber sole","Scarponcino di sicurezza classe S3/S3L con suola in gomma","""""","""""",""""""
"products","1eece6d3-d898-4f08-9084-25dd7e5ab466","maccrossroad-3-0-high-meta","short_description_locales","Safety boot S3/S3L class with rubber sole","Scarponcino di sicurezza classe S3/S3L con suola in gomma","""""","""""",""""""
"products","1eece6d3-d898-4f08-9084-25dd7e5ab466","maccrossroad-3-0-high-meta","category_locales","Safety footwear","Calzature di sicurezza","""""","""""",""""""
"products","1eece6d3-d898-4f08-9084-25dd7e5ab466","maccrossroad-3-0-high-meta","sub_category_locales","Safety boots","Stivali di sicurezza","""""","""""",""""""
"products","1eece6d3-d898-4f08-9084-25dd7e5ab466","maccrossroad-3-0-high-meta","features_locales","[""Excellent grip (SRC)"",""Oil, hydrocarbons and chemical resistant sole, up to 300°C"",""Metatarsal protection 100 J integrated"",""Metal-free toe cap and penetration resistant sole""]","[""Eccellente aderenza (SRC)"",""Suola resistente a oli, idrocarburi e sostanze chimiche, fino a 300°C"",""Protezione metatarsale 100 J integrata"",""Puntale e suola antiperforazione metal-free""]","""""","""""",""""""
"products","1eece6d3-d898-4f08-9084-25dd7e5ab466","maccrossroad-3-0-high-meta","applications_locales","[""Activities with high risk of slipping"",""Presence of chemicals and oil/hydrocarbons"",""Activities with risk of objects falling on the metatarsals""]","[""Attività ad alto rischio di scivolamento"",""Presenza di sostanze chimiche e oli/idrocarburi"",""Operazioni in presenza di rischio caduta oggetti sul metatarso""]","""""","""""",""""""
"products","1eece6d3-d898-4f08-9084-25dd7e5ab466","maccrossroad-3-0-high-meta","industries_locales","[""Utilities"",""Construction"",""Oil&Gas"",""Heavy industry"",""Rail"",""Ports"",""Defense"",""Agriculture""]","[""Servizi pubblici"",""Edilizia"",""Petrolio e gas"",""Industria pesante"",""Ferroviario"",""Porti"",""Difesa"",""Agricoltura""]","""""","""""",""""""
"products","1eece6d3-d898-4f08-9084-25dd7e5ab466","maccrossroad-3-0-high-meta","tags_locales","[""safety boot"",""S3L""]","[""scarponcini"",""S3L""]","""""","""""",""""""
"products","1eece6d3-d898-4f08-9084-25dd7e5ab466","maccrossroad-3-0-high-meta","size_locales","36 - 48","36 - 48","""""","""""",""""""
"products","1eece6d3-d898-4f08-9084-25dd7e5ab466","maccrossroad-3-0-high-meta","materials_locales","[""Leather"",""Rubber"",""PU""]","[""Pelle"",""Gomma"",""PU""]","""""","""""",""""""
"products","1eece6d3-d898-4f08-9084-25dd7e5ab466","maccrossroad-3-0-high-meta","eye_face_comfort_features_locales","""""","""""","""""","""""",""""""
"products","1eece6d3-d898-4f08-9084-25dd7e5ab466","maccrossroad-3-0-high-meta","eye_face_equipment_locales","""""","""""","""""","""""",""""""
"products","1eece6d3-d898-4f08-9084-25dd7e5ab466","maccrossroad-3-0-high-meta","head_comfort_features_locales","""""","""""","""""","""""",""""""
"products","1eece6d3-d898-4f08-9084-25dd7e5ab466","maccrossroad-3-0-high-meta","head_other_details_locales","""""","""""","""""","""""",""""""
"products","1eece6d3-d898-4f08-9084-25dd7e5ab466","maccrossroad-3-0-high-meta","head_equipment_locales","""""","""""","""""","""""",""""""
"products","1eece6d3-d898-4f08-9084-25dd7e5ab466","maccrossroad-3-0-high-meta","footwear_comfort_features_locales","""""","""""","""""","""""",""""""
"products","1eece6d3-d898-4f08-9084-25dd7e5ab466","maccrossroad-3-0-high-meta","hearing_comfort_features_locales","""""","""""","""""","""""",""""""
"products","1eece6d3-d898-4f08-9084-25dd7e5ab466","maccrossroad-3-0-high-meta","hearing_other_details_locales","""""","""""","""""","""""",""""""
"products","1eece6d3-d898-4f08-9084-25dd7e5ab466","maccrossroad-3-0-high-meta","hearing_equipment_locales","""""","""""","""""","""""",""""""
"products","1eece6d3-d898-4f08-9084-25dd7e5ab466","maccrossroad-3-0-high-meta","respiratory_comfort_features_locales","""""","""""","""""","""""",""""""
"products","1eece6d3-d898-4f08-9084-25dd7e5ab466","maccrossroad-3-0-high-meta","respiratory_other_details_locales","""""","""""","""""","""""",""""""
"products","1eece6d3-d898-4f08-9084-25dd7e5ab466","maccrossroad-3-0-high-meta","respiratory_equipment_locales","""""","""""","""""","""""",""""""
"products","1eece6d3-d898-4f08-9084-25dd7e5ab466","maccrossroad-3-0-high-meta","clothing_comfort_features_locales","""""","""""","""""","""""",""""""
"products","1eece6d3-d898-4f08-9084-25dd7e5ab466","maccrossroad-3-0-high-meta","clothing_other_details_locales","""""","""""","""""","""""",""""""
"products","1eece6d3-d898-4f08-9084-25dd7e5ab466","maccrossroad-3-0-high-meta","footwear_materials_locales","""""","""""","""""","""""",""""""
"products","1eece6d3-d898-4f08-9084-25dd7e5ab466","maccrossroad-3-0-high-meta","footwear_special_features_locales","""""","""""","""""","""""",""""""
"products","1eece6d3-d898-4f08-9084-25dd7e5ab466","maccrossroad-3-0-high-meta","connections_locales","""""","""""","""""","""""",""""""
"products","1eece6d3-d898-4f08-9084-25dd7e5ab466","maccrossroad-3-0-high-meta","compatible_with_locales","""""","""""","""""","""""",""""""
"products","1eece6d3-d898-4f08-9084-25dd7e5ab466","maccrossroad-3-0-high-meta","coatings_locales","""""","""""","""""","""""",""""""
"products","1eece6d3-d898-4f08-9084-25dd7e5ab466","maccrossroad-3-0-high-meta","eye_face_materials_locales","""""","""""","""""","""""",""""""
"products","1eece6d3-d898-4f08-9084-25dd7e5ab466","maccrossroad-3-0-high-meta","head_tech_specs_locales","""""","""""","""""","""""",""""""
"products","1eece6d3-d898-4f08-9084-25dd7e5ab466","maccrossroad-3-0-high-meta","clothing_attributes_locales","""""","""""","""""","""""",""""""
"products","c72598c6-ad2e-4cc9-b5c9-e393c92491f4","megasonic-9320265","name_locales","megasonic 9320265","megasonic 9320 265","""""","""""",""""""
"products","c72598c6-ad2e-4cc9-b5c9-e393c92491f4","megasonic-9320265","description_locales","With revolutionary lens design and an unlimited field of view, Megasonic ensures optimal vision even in demanding situations. Sporty ergonomic design with optimal comfort.","Con un rivoluzionario design della lente e un campo visivo illimitato, gli occhiali Megasonic assicurano una visione ottimale anche nelle situazioni più impegnative. Design sportivo ed ergonomico per un comfort ottimale.","""""","""""",""""""
"products","c72598c6-ad2e-4cc9-b5c9-e393c92491f4","megasonic-9320265","short_description_locales","Goggle-style glasses with a wide field of view and ergonomic design","Occhiali a mascherina con ampio campo visivo dal design ergonomico","""""","""""",""""""
"products","c72598c6-ad2e-4cc9-b5c9-e393c92491f4","megasonic-9320265","category_locales","Eye & Face protection","Protezione degli occhi e del viso","""""","""""",""""""
"products","c72598c6-ad2e-4cc9-b5c9-e393c92491f4","megasonic-9320265","sub_category_locales","Safety goggles","Occhiali protettivi a tenuta (goggles)","""""","""""",""""""
"products","c72598c6-ad2e-4cc9-b5c9-e393c92491f4","megasonic-9320265","features_locales","[""Sporty ergonomic design with unlimited field of view"",""Anti-fog inner lens; outer lens is scratch- and chemical-resistant"",""Soft strap for secure and comfortable fit"",""Compliant with EN 166 and EN 170""]","[]","""""","""""",""""""
"products","c72598c6-ad2e-4cc9-b5c9-e393c92491f4","megasonic-9320265","applications_locales","[""Environment with risk of exposure to chemical substances""]","[""Operazioni in presenza di sostanze chimiche""]","""""","""""",""""""
"products","c72598c6-ad2e-4cc9-b5c9-e393c92491f4","megasonic-9320265","industries_locales","[""Manufacturing"",""Chemical processing"",""Laboratory""]","[]","""""","""""",""""""
"products","c72598c6-ad2e-4cc9-b5c9-e393c92491f4","megasonic-9320265","tags_locales","[""safety goggles"",""UV400""]","[""occhiali a mascherina"",""UV400""]","""""","""""",""""""
"products","c72598c6-ad2e-4cc9-b5c9-e393c92491f4","megasonic-9320265","size_locales","-","-","""""","""""",""""""
"products","c72598c6-ad2e-4cc9-b5c9-e393c92491f4","megasonic-9320265","materials_locales","[""PC"",""Plastic"",""Fabric""]","[""PC"",""Plastica"",""Tessuto""]","""""","""""",""""""
"products","c72598c6-ad2e-4cc9-b5c9-e393c92491f4","megasonic-9320265","eye_face_comfort_features_locales","[""Optimized wide field of view"",""Frameless lens design"",""OTG function with space for eyeglass temples"",""Wide headband for optimal fit""]","[""Ampio campo visivo ottimizzato"",""Design di lenti prive di bordatura"",""Funzione OTG con spazio per le astine degli occhiali"",""Fascia per la testa ampia per tenuta ottimale""]","""""","""""",""""""
"products","c72598c6-ad2e-4cc9-b5c9-e393c92491f4","megasonic-9320265","eye_face_equipment_locales","[""equipmenta""]","[""equipmentb""]","""""","""""",""""""
"products","c72598c6-ad2e-4cc9-b5c9-e393c92491f4","megasonic-9320265","eye_face_attributes_locales","{""uv_code"":""UV400"",""coatings"":[""Anti Fog"",""Scratch Resistant"",""Chemical Resistant""],""equipment"":[""Replaceable lens""],""lens_tint"":""Transparent"",""form_factor"":""Goggles"",""lens_material"":""PC"",""frame_material"":""Plastic"",""headband_material"":""Fabric""}","{""uv_code"":""UV400"",""coatings"":[""Antiappannante"",""Antigraffio"",""Resistente agli agenti chimici""],""equipment"":[""Lente sostituibile""],""lens_tint"":""Trasparente"",""form_factor"":""Occhiali a mascherina"",""lens_material"":""PC"",""frame_material"":""Plastica"",""headband_material"":""Tessuto""}","""""","""""",""""""
"products","c72598c6-ad2e-4cc9-b5c9-e393c92491f4","megasonic-9320265","head_comfort_features_locales","""""","""""","""""","""""",""""""
"products","c72598c6-ad2e-4cc9-b5c9-e393c92491f4","megasonic-9320265","head_other_details_locales","""""","""""","""""","""""",""""""
"products","c72598c6-ad2e-4cc9-b5c9-e393c92491f4","megasonic-9320265","head_equipment_locales","""""","""""","""""","""""",""""""
"products","c72598c6-ad2e-4cc9-b5c9-e393c92491f4","megasonic-9320265","footwear_comfort_features_locales","""""","""""","""""","""""",""""""
"products","c72598c6-ad2e-4cc9-b5c9-e393c92491f4","megasonic-9320265","hearing_comfort_features_locales","""""","""""","""""","""""",""""""
"products","c72598c6-ad2e-4cc9-b5c9-e393c92491f4","megasonic-9320265","hearing_other_details_locales","""""","""""","""""","""""",""""""
"products","c72598c6-ad2e-4cc9-b5c9-e393c92491f4","megasonic-9320265","hearing_equipment_locales","""""","""""","""""","""""",""""""
"products","c72598c6-ad2e-4cc9-b5c9-e393c92491f4","megasonic-9320265","respiratory_comfort_features_locales","""""","""""","""""","""""",""""""
"products","c72598c6-ad2e-4cc9-b5c9-e393c92491f4","megasonic-9320265","respiratory_other_details_locales","""""","""""","""""","""""",""""""
"products","c72598c6-ad2e-4cc9-b5c9-e393c92491f4","megasonic-9320265","respiratory_equipment_locales","""""","""""","""""","""""",""""""
"products","c72598c6-ad2e-4cc9-b5c9-e393c92491f4","megasonic-9320265","clothing_comfort_features_locales","""""","""""","""""","""""",""""""
"products","c72598c6-ad2e-4cc9-b5c9-e393c92491f4","megasonic-9320265","clothing_other_details_locales","""""","""""","""""","""""",""""""
"products","c72598c6-ad2e-4cc9-b5c9-e393c92491f4","megasonic-9320265","footwear_materials_locales","""""","""""","""""","""""",""""""
"products","c72598c6-ad2e-4cc9-b5c9-e393c92491f4","megasonic-9320265","footwear_special_features_locales","""""","""""","""""","""""",""""""
"products","c72598c6-ad2e-4cc9-b5c9-e393c92491f4","megasonic-9320265","connections_locales","""""","""""","""""","""""",""""""
"products","c72598c6-ad2e-4cc9-b5c9-e393c92491f4","megasonic-9320265","compatible_with_locales","""""","""""","""""","""""",""""""
"products","c72598c6-ad2e-4cc9-b5c9-e393c92491f4","megasonic-9320265","coatings_locales","[""Anti-fog"",""Scratch resistant"",""Chemical resistant""]","[""Anti-appannamento"",""Anti-graffio"",""Resistente ai prodotti chimici""]","""""","""""",""""""
"products","c72598c6-ad2e-4cc9-b5c9-e393c92491f4","megasonic-9320265","eye_face_materials_locales","""""","""""","""""","""""",""""""
"products","c72598c6-ad2e-4cc9-b5c9-e393c92491f4","megasonic-9320265","head_tech_specs_locales","""""","""""","""""","""""",""""""
"products","c72598c6-ad2e-4cc9-b5c9-e393c92491f4","megasonic-9320265","clothing_attributes_locales","""""","""""","""""","""""",""""""
"products","95244a02-6efb-4913-9d60-24eb392e3511","pheos-cx2","name_locales","pheos cx2","pheos cx2","""""","""""",""""""
"products","95244a02-6efb-4913-9d60-24eb392e3511","pheos-cx2","description_locales","Plastic safety glasses with IR protection. The IR-ex filter provides reliable IR protection while allowing optimal colour recognition of signal lights. The soft component attached to the lens offers reliable protection against dust and water.","Occhiali di sicurezza in plastica con protezione IR. Il filtro IR-ex offre una protezione affidabile contro le radiazioni infrarosse, consentendo un ottimale riconoscimento dei colori dei segnali. Il componente morbido collegato direttamente alla lente protegge in modo affidabile da polvere e acqua.","""""","""""",""""""
"products","95244a02-6efb-4913-9d60-24eb392e3511","pheos-cx2","short_description_locales","Metal-free UV400 glasses with IR protection","Occhiali in plastica UV400 con lenti IR","""""","""""",""""""
"products","95244a02-6efb-4913-9d60-24eb392e3511","pheos-cx2","category_locales","Eye & Face protection","Protezione degli occhi e del viso","""""","""""",""""""
"products","95244a02-6efb-4913-9d60-24eb392e3511","pheos-cx2","sub_category_locales","Safety glasses","Occhiali di sicurezza","""""","""""",""""""
"products","95244a02-6efb-4913-9d60-24eb392e3511","pheos-cx2","features_locales","[""Metal-free"",""IR-ex protective filter for IR radiation"",""Soft seal component protects against dust and water"",""Polycarbonate lens with uvex infradur treatment – scratch resistant and anti-fog""]","[]","""""","""""",""""""
"products","95244a02-6efb-4913-9d60-24eb392e3511","pheos-cx2","applications_locales","[""Welding"",""Operations in blast furnaces or with molten/hot material""]","[""Operazioni di saldatura"",""Operazioni in alti forni o in presenza di materiale incandescente""]","""""","""""",""""""
"products","95244a02-6efb-4913-9d60-24eb392e3511","pheos-cx2","industries_locales","[""Glass manufacturing"",""Steel manufacturing"",""Construction""]","[]","""""","""""",""""""
"products","95244a02-6efb-4913-9d60-24eb392e3511","pheos-cx2","tags_locales","[""IR glasses"",""UV400""]","[""occhiali IR"",""UV400""]","""""","""""",""""""
"products","95244a02-6efb-4913-9d60-24eb392e3511","pheos-cx2","size_locales","-","-","""""","""""",""""""
"products","95244a02-6efb-4913-9d60-24eb392e3511","pheos-cx2","materials_locales","[""PC"",""Plastic""]","[""PC"",""Plastica""]","""""","""""",""""""
"products","95244a02-6efb-4913-9d60-24eb392e3511","pheos-cx2","eye_face_comfort_features_locales","[""Soft-seal frame technology contours the forehead and protects against particle penetration"",""Soft and flexible nosepiece adapts to the wearer, providing a non-slip, pressure-free fit"",""Ergonomic temples with soft tips offer a comfortable and secure hold without pressure points"",""Perfect color recognition accordin to EN 172""]","[""La tecnologia della montatura Soft-seal contorna la fronte e protegge dalla penetrazione di particelle"",""Il nasello morbido e flessibile si adatta a chi lo indossa e permette un posizionamento antiscivolo e senza punti di pressione"",""Le astine ergonomiche con estremità morbide offrono una tenuta comoda e sicura, senza punti di pressione"",""Riconoscimento colori perfetto, in accordo alla EN 172""]","""""","""""",""""""
"products","95244a02-6efb-4913-9d60-24eb392e3511","pheos-cx2","eye_face_equipment_locales","[""test""]","[""test""]","""""","""""",""""""
"products","95244a02-6efb-4913-9d60-24eb392e3511","pheos-cx2","eye_face_attributes_locales","{""uv_code"":""UV400"",""coatings"":[""Anti Fog"",""Scratch Resistant""],""lens_tint"":""Grey"",""form_factor"":""Glasses"",""lens_material"":""PC"",""frame_material"":""Plastic""}","{""uv_code"":""UV400"",""coatings"":[""Antiappannante"",""Antigraffio""],""lens_tint"":""Grigio"",""form_factor"":""Occhiali"",""lens_material"":""PC"",""frame_material"":""Plastica""}","""""","""""",""""""
"products","95244a02-6efb-4913-9d60-24eb392e3511","pheos-cx2","head_comfort_features_locales","""""","""""","""""","""""",""""""
"products","95244a02-6efb-4913-9d60-24eb392e3511","pheos-cx2","head_other_details_locales","""""","""""","""""","""""",""""""
"products","95244a02-6efb-4913-9d60-24eb392e3511","pheos-cx2","head_equipment_locales","""""","""""","""""","""""",""""""
"products","95244a02-6efb-4913-9d60-24eb392e3511","pheos-cx2","footwear_comfort_features_locales","""""","""""","""""","""""",""""""
"products","95244a02-6efb-4913-9d60-24eb392e3511","pheos-cx2","hearing_comfort_features_locales","""""","""""","""""","""""",""""""
"products","95244a02-6efb-4913-9d60-24eb392e3511","pheos-cx2","hearing_other_details_locales","""""","""""","""""","""""",""""""
"products","95244a02-6efb-4913-9d60-24eb392e3511","pheos-cx2","hearing_equipment_locales","""""","""""","""""","""""",""""""
"products","95244a02-6efb-4913-9d60-24eb392e3511","pheos-cx2","respiratory_comfort_features_locales","""""","""""","""""","""""",""""""
"products","95244a02-6efb-4913-9d60-24eb392e3511","pheos-cx2","respiratory_other_details_locales","""""","""""","""""","""""",""""""
"products","95244a02-6efb-4913-9d60-24eb392e3511","pheos-cx2","respiratory_equipment_locales","""""","""""","""""","""""",""""""
"products","95244a02-6efb-4913-9d60-24eb392e3511","pheos-cx2","clothing_comfort_features_locales","""""","""""","""""","""""",""""""
"products","95244a02-6efb-4913-9d60-24eb392e3511","pheos-cx2","clothing_other_details_locales","""""","""""","""""","""""",""""""
"products","95244a02-6efb-4913-9d60-24eb392e3511","pheos-cx2","footwear_materials_locales","""""","""""","""""","""""",""""""
"products","95244a02-6efb-4913-9d60-24eb392e3511","pheos-cx2","footwear_special_features_locales","""""","""""","""""","""""",""""""
"products","95244a02-6efb-4913-9d60-24eb392e3511","pheos-cx2","connections_locales","""""","""""","""""","""""",""""""
"products","95244a02-6efb-4913-9d60-24eb392e3511","pheos-cx2","compatible_with_locales","""""","""""","""""","""""",""""""
"products","95244a02-6efb-4913-9d60-24eb392e3511","pheos-cx2","coatings_locales","[""Anti-fog"",""Scratch resistant""]","[""Anti-appannamento"",""Anti-graffio""]","""""","""""",""""""
"products","95244a02-6efb-4913-9d60-24eb392e3511","pheos-cx2","eye_face_materials_locales","{""arm"":"""",""lens"":""PC"",""frame"":""Plastic"",""headband"":""""}","{""arm"":"""",""lens"":"""",""frame"":"""",""headband"":""""}","""""","""""",""""""
"products","95244a02-6efb-4913-9d60-24eb392e3511","pheos-cx2","head_tech_specs_locales","""""","""""","""""","""""",""""""
"products","95244a02-6efb-4913-9d60-24eb392e3511","pheos-cx2","clothing_attributes_locales","""""","""""","""""","""""",""""""
"products","b1d32f99-fdf9-46a0-9671-b39d55fc6cbd","pheos-k2p","name_locales","Pheos K2P","Pheos K2P","""""","""""",""""""
"products","b1d32f99-fdf9-46a0-9671-b39d55fc6cbd","pheos-k2p","description_locales","Helmet-mounted hearing protection earmuffs for the uvex pheos helmet system. Soft surfaces give the earmuffs exceptional adaptability, and the ultra-lightweight design ensures optimal comfort.","Cuffie di protezione dell'udito da elmetto per il sistema elmetto uvex pheos. Superfici morbide conferiscono alle cuffie un'adattabilità eccezionale e il peso ultraleggero garantisce un comfort ottimale.","""""","""""",""""""
"products","b1d32f99-fdf9-46a0-9671-b39d55fc6cbd","pheos-k2p","short_description_locales","Helmet-mounted hearing protection earmuffs for the uvex pheos helmet system","Cuffie di protezione dell'udito da elmetto per il sistema elmetto uvex pheos","""""","""""",""""""
"products","b1d32f99-fdf9-46a0-9671-b39d55fc6cbd","pheos-k2p","category_locales","Hearing protection","Protezione uditiva","""""","""""",""""""
"products","b1d32f99-fdf9-46a0-9671-b39d55fc6cbd","pheos-k2p","sub_category_locales","Ear defenders","Cuffie antirumore","""""","""""",""""""
"products","b1d32f99-fdf9-46a0-9671-b39d55fc6cbd","pheos-k2p","features_locales","[""Noise attenuation of 30 dB (H:35, M:27, L:20)"",""Mechanical attachment to the uvex pheos helmet system"",""Soft surfaces ensure exceptional adaptability"",""Ultra-lightweight for optimal comfort""]","[""Attenuazione del rumore di 30 dB (H:35, M:27, L:20)"",""Attacco meccanico al sistema elmetto uvex pheos"",""Superfici morbide garantiscono un'adattabilità eccezionale"",""Ultraleggero per un comfort ottimale""]","""""","""""",""""""
"products","b1d32f99-fdf9-46a0-9671-b39d55fc6cbd","pheos-k2p","applications_locales","[""Best suited for loud environments"",""Hearing protection where head protection is required (helmet)""]","[""Indicato per ambienti rumorosi"",""Protezione uditiva dove è richiesto l'elmetto""]","""""","""""",""""""
"products","b1d32f99-fdf9-46a0-9671-b39d55fc6cbd","pheos-k2p","industries_locales","[""Construction"",""Heavy industry"",""Aviation"",""Oil&Gas"",""Mining""]","[""Edilizia"",""Industria pesante"",""Aviazione"",""Petrolio e gas"",""Miniere""]","""""","""""",""""""
"products","b1d32f99-fdf9-46a0-9671-b39d55fc6cbd","pheos-k2p","tags_locales","[""ear defenders"",""earmuffs"",""helmet ear protection""]","[""cuffie antirumore"",""per elmetto"",""protezione udito""]","""""","""""",""""""
"products","b1d32f99-fdf9-46a0-9671-b39d55fc6cbd","pheos-k2p","size_locales","S / M / L","S / M / L","""""","""""",""""""
"products","b1d32f99-fdf9-46a0-9671-b39d55fc6cbd","pheos-k2p","materials_locales","[""ABS"",""PE""]","[""ABS"",""PE""]","""""","""""",""""""
"products","b1d32f99-fdf9-46a0-9671-b39d55fc6cbd","pheos-k2p","eye_face_comfort_features_locales","""""","""""","""""","""""",""""""
"products","b1d32f99-fdf9-46a0-9671-b39d55fc6cbd","pheos-k2p","eye_face_equipment_locales","""""","""""","""""","""""",""""""
"products","b1d32f99-fdf9-46a0-9671-b39d55fc6cbd","pheos-k2p","head_comfort_features_locales","""""","""""","""""","""""",""""""
"products","b1d32f99-fdf9-46a0-9671-b39d55fc6cbd","pheos-k2p","head_other_details_locales","""""","""""","""""","""""",""""""
"products","b1d32f99-fdf9-46a0-9671-b39d55fc6cbd","pheos-k2p","head_equipment_locales","""""","""""","""""","""""",""""""
"products","b1d32f99-fdf9-46a0-9671-b39d55fc6cbd","pheos-k2p","footwear_comfort_features_locales","""""","""""","""""","""""",""""""
"products","b1d32f99-fdf9-46a0-9671-b39d55fc6cbd","pheos-k2p","hearing_comfort_features_locales","""""","""""","""""","""""",""""""
"products","b1d32f99-fdf9-46a0-9671-b39d55fc6cbd","pheos-k2p","hearing_other_details_locales","""""","""""","""""","""""",""""""
"products","b1d32f99-fdf9-46a0-9671-b39d55fc6cbd","pheos-k2p","hearing_equipment_locales","""""","""""","""""","""""",""""""
"products","b1d32f99-fdf9-46a0-9671-b39d55fc6cbd","pheos-k2p","respiratory_comfort_features_locales","""""","""""","""""","""""",""""""
"products","b1d32f99-fdf9-46a0-9671-b39d55fc6cbd","pheos-k2p","respiratory_other_details_locales","""""","""""","""""","""""",""""""
"products","b1d32f99-fdf9-46a0-9671-b39d55fc6cbd","pheos-k2p","respiratory_equipment_locales","""""","""""","""""","""""",""""""
"products","b1d32f99-fdf9-46a0-9671-b39d55fc6cbd","pheos-k2p","clothing_comfort_features_locales","""""","""""","""""","""""",""""""
"products","b1d32f99-fdf9-46a0-9671-b39d55fc6cbd","pheos-k2p","clothing_other_details_locales","""""","""""","""""","""""",""""""
"products","b1d32f99-fdf9-46a0-9671-b39d55fc6cbd","pheos-k2p","footwear_materials_locales","""""","""""","""""","""""",""""""
"products","b1d32f99-fdf9-46a0-9671-b39d55fc6cbd","pheos-k2p","footwear_special_features_locales","""""","""""","""""","""""",""""""
"products","b1d32f99-fdf9-46a0-9671-b39d55fc6cbd","pheos-k2p","connections_locales","""""","""""","""""","""""",""""""
"products","b1d32f99-fdf9-46a0-9671-b39d55fc6cbd","pheos-k2p","compatible_with_locales","""""","""""","""""","""""",""""""
"products","b1d32f99-fdf9-46a0-9671-b39d55fc6cbd","pheos-k2p","coatings_locales","""""","""""","""""","""""",""""""
"products","b1d32f99-fdf9-46a0-9671-b39d55fc6cbd","pheos-k2p","eye_face_materials_locales","""""","""""","""""","""""",""""""
"products","b1d32f99-fdf9-46a0-9671-b39d55fc6cbd","pheos-k2p","head_tech_specs_locales","""""","""""","""""","""""",""""""
"products","b1d32f99-fdf9-46a0-9671-b39d55fc6cbd","pheos-k2p","clothing_attributes_locales","""""","""""","""""","""""",""""""
"products","ad73f636-77ab-4a80-96f6-ec5f8b9ec498","pronamic-alpine","name_locales","pronamic alpine","pronamic alpine","""""","""""",""""""
"products","ad73f636-77ab-4a80-96f6-ec5f8b9ec498","pronamic-alpine","description_locales","The helmet, featuring a perfect interaction between protection and dynamics, offers seamless integration of all functional elements (ventilation, Mips® brain protection) into the helmet design, ensuring a high level of comfort.
","Casco con 'interazione perfetta tra protezione e dinamica offre un integrazione perfetta di tutti gli elementi funzionali (aerazione, protezione del cervello Mips®) nel design dell'elmetto offrendo un comfort elevato","""""","""""",""""""
"products","ad73f636-77ab-4a80-96f6-ec5f8b9ec498","pronamic-alpine","short_description_locales","Dynamic safety helmet","Elmetto di sicurezza dinamico","""""","""""",""""""
"products","ad73f636-77ab-4a80-96f6-ec5f8b9ec498","pronamic-alpine","category_locales","Head protection","Protezione della testa","""""","""""",""""""
"products","ad73f636-77ab-4a80-96f6-ec5f8b9ec498","pronamic-alpine","sub_category_locales","Safety Helmets","Caschi di sicurezza","""""","""""",""""""
"products","ad73f636-77ab-4a80-96f6-ec5f8b9ec498","pronamic-alpine","features_locales","[""Multi-standard helmet that meets the requirements of EN 397 and EN 12492"",""Available in High-Vis colours"",""Closed helmet shell for work in low-voltage areas"",""Maximum field of vision due to design-optimized brim geometry""]","[""Disponibile in colori Alta Visibilita'"",""Elmetto multi-standard EN397 e EN12492"",""Elmetto per operazioni in presenza di alta tensione""]","""""","""""",""""""
"products","ad73f636-77ab-4a80-96f6-ec5f8b9ec498","pronamic-alpine","applications_locales","[""Operations in low temperatures"",""Activities in presence of electrocution risk""]","[""Operazioni in luoghi a basse temperature"",""Operazioni di alpinismo""]","""""","""""",""""""
"products","ad73f636-77ab-4a80-96f6-ec5f8b9ec498","pronamic-alpine","industries_locales","[""Construction"",""Energy"",""Electrical"",""Landscaping"",""Forestry""]","[""Silvicoltura"",""Edilizia"",""Edilizia""]","""""","""""",""""""
"products","ad73f636-77ab-4a80-96f6-ec5f8b9ec498","pronamic-alpine","tags_locales","[]","[]","""""","""""",""""""
"products","ad73f636-77ab-4a80-96f6-ec5f8b9ec498","pronamic-alpine","size_locales","51 - 63 cm","","""""","""""",""""""
"products","ad73f636-77ab-4a80-96f6-ec5f8b9ec498","pronamic-alpine","materials_locales","[""SHELL: ABS"",""INTERIOR: EPS"",""HEADBAND: PP"",""SWEATBAND: Plastic"",""PADDING: Plastic""]","[""SHELL: ABS"",""INTERIOR: EPS"",""HEADBAND: PP"",""SWEATBAND: Plastic"",""PADDING: Plastic""]","""""","""""",""""""
"products","ad73f636-77ab-4a80-96f6-ec5f8b9ec498","pronamic-alpine","eye_face_comfort_features_locales","""""","""""","""""","""""",""""""
"products","ad73f636-77ab-4a80-96f6-ec5f8b9ec498","pronamic-alpine","eye_face_equipment_locales","""""","""""","""""","""""",""""""
"products","ad73f636-77ab-4a80-96f6-ec5f8b9ec498","pronamic-alpine","head_comfort_features_locales","[""Versatile and adjustable suspension harness with variable wheel ratchet system"",""EPS inner shell ensures excellent fit and comfort"",""Air vents for maximum ventilation""]","[""Interno completamente regolabile"",""Possibilità di utilizzo di diversi cinturini"",""Ampio supporto della nuca e posizionamento vicino alla testa""]","""""","""""",""""""
"products","ad73f636-77ab-4a80-96f6-ec5f8b9ec498","pronamic-alpine","head_other_details_locales","[]","[]","""""","""""",""""""
"products","ad73f636-77ab-4a80-96f6-ec5f8b9ec498","pronamic-alpine","head_equipment_locales","[""Side Euroslot adapters (30 mm) for attaching earmuffs"",""Four retaining clips for fitting head torches or goggles"",""EN 12492 forked chin strap included""]","[""Attacchi Euroslot laterali (30 mm) per il fissaggio di dispositivi di protezione dell'udito a cuffia""]","""""","""""",""""""
"products","ad73f636-77ab-4a80-96f6-ec5f8b9ec498","pronamic-alpine","footwear_comfort_features_locales","""""","""""","""""","""""",""""""
"products","ad73f636-77ab-4a80-96f6-ec5f8b9ec498","pronamic-alpine","hearing_comfort_features_locales","""""","""""","""""","""""",""""""
"products","ad73f636-77ab-4a80-96f6-ec5f8b9ec498","pronamic-alpine","hearing_other_details_locales","""""","""""","""""","""""",""""""
"products","ad73f636-77ab-4a80-96f6-ec5f8b9ec498","pronamic-alpine","hearing_equipment_locales","""""","""""","""""","""""",""""""
"products","ad73f636-77ab-4a80-96f6-ec5f8b9ec498","pronamic-alpine","respiratory_comfort_features_locales","""""","""""","""""","""""",""""""
"products","ad73f636-77ab-4a80-96f6-ec5f8b9ec498","pronamic-alpine","respiratory_other_details_locales","""""","""""","""""","""""",""""""
"products","ad73f636-77ab-4a80-96f6-ec5f8b9ec498","pronamic-alpine","respiratory_equipment_locales","""""","""""","""""","""""",""""""
"products","ad73f636-77ab-4a80-96f6-ec5f8b9ec498","pronamic-alpine","clothing_comfort_features_locales","""""","""""","""""","""""",""""""
"products","ad73f636-77ab-4a80-96f6-ec5f8b9ec498","pronamic-alpine","clothing_other_details_locales","""""","""""","""""","""""",""""""
"products","ad73f636-77ab-4a80-96f6-ec5f8b9ec498","pronamic-alpine","footwear_materials_locales","""""","""""","""""","""""",""""""
"products","ad73f636-77ab-4a80-96f6-ec5f8b9ec498","pronamic-alpine","footwear_special_features_locales","""""","""""","""""","""""",""""""
"products","ad73f636-77ab-4a80-96f6-ec5f8b9ec498","pronamic-alpine","connections_locales","""""","""""","""""","""""",""""""
"products","ad73f636-77ab-4a80-96f6-ec5f8b9ec498","pronamic-alpine","compatible_with_locales","""""","""""","""""","""""",""""""
"products","ad73f636-77ab-4a80-96f6-ec5f8b9ec498","pronamic-alpine","coatings_locales","""""","""""","""""","""""",""""""
"products","ad73f636-77ab-4a80-96f6-ec5f8b9ec498","pronamic-alpine","eye_face_materials_locales","""""","""""","""""","""""",""""""
"products","ad73f636-77ab-4a80-96f6-ec5f8b9ec498","pronamic-alpine","head_tech_specs_locales","{""colours"":[""White"",""High-Vis Yellow"",""High-Vis Orange""],""brim_length"":""short"",""form_factor"":"""",""additional_features"":[]}","{""colours"":[""Bianco"",""Giallo ad alta visibilità"",""Arancione ad alta visibilità""],""brim_length"":""Corto"",""form_factor"":"""",""additional_features"":[]}","""""","""""",""""""
"products","ad73f636-77ab-4a80-96f6-ec5f8b9ec498","pronamic-alpine","clothing_attributes_locales","""""","""""","""""","""""",""""""
"products","ed2382c6-57ca-4438-b00c-4b00922226b7","pronamic-e-s-wr","name_locales","Pronamic E-S-WR","Pronamic E-S-WR","""""","""""",""""""
"products","ed2382c6-57ca-4438-b00c-4b00922226b7","pronamic-e-s-wr","description_locales","Modern and sporty helmet featuring an innovative structure with closed shell. Maximum safety to EN 397 optional -30°C / MM and EN 50365 for electrical insulation.","Elmetto moderno e sportivo con struttura innovativa e calotta chiusa. Massima sicurezza secondo EN 397 con requisiti opzionali -30°C / MM ed EN 50365 per isolamento elettrico.","""""","""""",""""""
"products","ed2382c6-57ca-4438-b00c-4b00922226b7","pronamic-e-s-wr","short_description_locales","Safety helmet suitable for low temperatures, splash protection, and low-voltage environments","Elmetto di sicurezza adatto a basse temperature, protezione da spruzzi e ambienti a bassa tensione","""""","""""",""""""
"products","ed2382c6-57ca-4438-b00c-4b00922226b7","pronamic-e-s-wr","category_locales","Head protection","Protezione della testa","""""","""""",""""""
"products","ed2382c6-57ca-4438-b00c-4b00922226b7","pronamic-e-s-wr","sub_category_locales","Safety Helmets","Caschi di sicurezza","""""","""""",""""""
"products","ed2382c6-57ca-4438-b00c-4b00922226b7","pronamic-e-s-wr","features_locales","[""Closed shell allows use in low-voltage environments (EN 50365)"",""Euroslot lateral attachments (30 mm) for earmuffs and pronamic visor system"",""Fixing clips for 4-point chinstrap"",""Shortened visor for a wider field of view""]","[""Calotta chiusa consente l'uso in ambienti a bassa tensione (EN 50365)"",""Attacchi laterali Euroslot (30 mm) per cuffie antirumore e sistema visiera Pronamic"",""Clip di fissaggio per sottogola a 4 punti"",""Visiera accorciata per un campo visivo più ampio""]","""""","""""",""""""
"products","ed2382c6-57ca-4438-b00c-4b00922226b7","pronamic-e-s-wr","applications_locales","[""Low-voltage electrical work"",""Head protection in low-temperature environments""]","[""Operazioni in ambienti a bassa tensione"",""Protezione del capo alle basse temperature""]","""""","""""",""""""
"products","ed2382c6-57ca-4438-b00c-4b00922226b7","pronamic-e-s-wr","industries_locales","[""Heavy industry"",""Construction""]","[""Industria pesante"",""Edilizia""]","""""","""""",""""""
"products","ed2382c6-57ca-4438-b00c-4b00922226b7","pronamic-e-s-wr","tags_locales","[""helmet""]","[""casco""]","""""","""""",""""""
"products","ed2382c6-57ca-4438-b00c-4b00922226b7","pronamic-e-s-wr","size_locales","51–65 cm","51–65 cm","""""","""""",""""""
"products","ed2382c6-57ca-4438-b00c-4b00922226b7","pronamic-e-s-wr","materials_locales","[""Shell: HDPE"",""Lining: Plastic""]","[""Calotta: HDPE"",""Fodera: Plastica""]","""""","""""",""""""
"products","ed2382c6-57ca-4438-b00c-4b00922226b7","pronamic-e-s-wr","eye_face_comfort_features_locales","""""","""""","""""","""""",""""""
"products","ed2382c6-57ca-4438-b00c-4b00922226b7","pronamic-e-s-wr","eye_face_equipment_locales","""""","""""","""""","""""",""""""
"products","ed2382c6-57ca-4438-b00c-4b00922226b7","pronamic-e-s-wr","head_comfort_features_locales","[""test""]","[""testa""]","""""","""""",""""""
"products","ed2382c6-57ca-4438-b00c-4b00922226b7","pronamic-e-s-wr","head_other_details_locales","[""test""]","[""testa""]","""""","""""",""""""
"products","ed2382c6-57ca-4438-b00c-4b00922226b7","pronamic-e-s-wr","head_equipment_locales","[""test""]","[""testa""]","""""","""""",""""""
"products","ed2382c6-57ca-4438-b00c-4b00922226b7","pronamic-e-s-wr","footwear_comfort_features_locales","""""","""""","""""","""""",""""""
"products","ed2382c6-57ca-4438-b00c-4b00922226b7","pronamic-e-s-wr","hearing_comfort_features_locales","""""","""""","""""","""""",""""""
"products","ed2382c6-57ca-4438-b00c-4b00922226b7","pronamic-e-s-wr","hearing_other_details_locales","""""","""""","""""","""""",""""""
"products","ed2382c6-57ca-4438-b00c-4b00922226b7","pronamic-e-s-wr","hearing_equipment_locales","""""","""""","""""","""""",""""""
"products","ed2382c6-57ca-4438-b00c-4b00922226b7","pronamic-e-s-wr","respiratory_comfort_features_locales","""""","""""","""""","""""",""""""
"products","ed2382c6-57ca-4438-b00c-4b00922226b7","pronamic-e-s-wr","respiratory_other_details_locales","""""","""""","""""","""""",""""""
"products","ed2382c6-57ca-4438-b00c-4b00922226b7","pronamic-e-s-wr","respiratory_equipment_locales","""""","""""","""""","""""",""""""
"products","ed2382c6-57ca-4438-b00c-4b00922226b7","pronamic-e-s-wr","clothing_comfort_features_locales","""""","""""","""""","""""",""""""
"products","ed2382c6-57ca-4438-b00c-4b00922226b7","pronamic-e-s-wr","clothing_other_details_locales","""""","""""","""""","""""",""""""
"products","ed2382c6-57ca-4438-b00c-4b00922226b7","pronamic-e-s-wr","footwear_materials_locales","""""","""""","""""","""""",""""""
"products","ed2382c6-57ca-4438-b00c-4b00922226b7","pronamic-e-s-wr","footwear_special_features_locales","""""","""""","""""","""""",""""""
"products","ed2382c6-57ca-4438-b00c-4b00922226b7","pronamic-e-s-wr","connections_locales","""""","""""","""""","""""",""""""
"products","ed2382c6-57ca-4438-b00c-4b00922226b7","pronamic-e-s-wr","compatible_with_locales","""""","""""","""""","""""",""""""
"products","ed2382c6-57ca-4438-b00c-4b00922226b7","pronamic-e-s-wr","coatings_locales","""""","""""","""""","""""",""""""
"products","ed2382c6-57ca-4438-b00c-4b00922226b7","pronamic-e-s-wr","eye_face_materials_locales","""""","""""","""""","""""",""""""
"products","ed2382c6-57ca-4438-b00c-4b00922226b7","pronamic-e-s-wr","head_tech_specs_locales","{""colours"":[""White"",""Yellow"",""Red"",""Blue""],""brim_length"":""short"",""form_factor"":""helmet"",""additional_features"":[]}","{""colours"":[""Bianco"",""Giallo"",""Rosso"",""Blu""],""brim_length"":""Corto"",""form_factor"":""casco"",""additional_features"":[]}","""""","""""",""""""
"products","ed2382c6-57ca-4438-b00c-4b00922226b7","pronamic-e-s-wr","clothing_attributes_locales","""""","""""","""""","""""",""""""
"products","604b74ae-6aec-4846-a9ff-c3f4c2a14c46","pronamic-s-kr","name_locales","Pronamic S-KR","Pronamic S-KR","""""","""""",""""""
"products","604b74ae-6aec-4846-a9ff-c3f4c2a14c46","pronamic-s-kr","description_locales","Modern and sporty helmet featuring an innovative structure for maximum performance and ergonomics with minimal material. Provides maximum safety meeting EN 397 with optional requirements -30°C and MM.","Elmetto moderno e sportivo con struttura innovativa per massime prestazioni ed ergonomia con minimo materiale. Massima sicurezza secondo EN 397 con requisiti opzionali -30°C e MM.","""""","""""",""""""
"products","604b74ae-6aec-4846-a9ff-c3f4c2a14c46","pronamic-s-kr","short_description_locales","Safety helmet suitable for low temperatures and splash protection","Elmetto di sicurezza adatto a basse temperature e protezione da spruzzi","""""","""""",""""""
"products","604b74ae-6aec-4846-a9ff-c3f4c2a14c46","pronamic-s-kr","category_locales","Head protection","Protezione della testa","""""","""""",""""""
"products","604b74ae-6aec-4846-a9ff-c3f4c2a14c46","pronamic-s-kr","sub_category_locales","Safety Helmets","Caschi di sicurezza","""""","""""",""""""
"products","604b74ae-6aec-4846-a9ff-c3f4c2a14c46","pronamic-s-kr","features_locales","[""Euroslot lateral attachments (30 mm) for earmuffs and pronamic visor system"",""Fixing clips for 4-point chinstrap"",""Shortened visor for a wider field of view"",""Additional mounting elements for a wide range of accessories""]","[""Attacchi laterali Euroslot (30 mm) per cuffie antirumore e sistema visiera Pronamic"",""Clip di fissaggio per sottogola a 4 punti"",""Visiera accorciata per un campo visivo più ampio"",""Elementi di montaggio aggiuntivi per una vasta gamma di accessori""]","""""","""""",""""""
"products","604b74ae-6aec-4846-a9ff-c3f4c2a14c46","pronamic-s-kr","applications_locales","[""Head protection in low-temperature environments"",""Protection from molten metals""]","[""Protezione del capo alle basse temperature"",""Protezione da metalli fusi""]","""""","""""",""""""
"products","604b74ae-6aec-4846-a9ff-c3f4c2a14c46","pronamic-s-kr","industries_locales","[""Heavy industry"",""Construction""]","[""Industria pesante"",""Edilizia""]","""""","""""",""""""
"products","604b74ae-6aec-4846-a9ff-c3f4c2a14c46","pronamic-s-kr","tags_locales","[""helmet""]","[""casco""]","""""","""""",""""""
"products","604b74ae-6aec-4846-a9ff-c3f4c2a14c46","pronamic-s-kr","size_locales","51–65 cm","51–65 cm","""""","""""",""""""
"products","604b74ae-6aec-4846-a9ff-c3f4c2a14c46","pronamic-s-kr","materials_locales","[""Shell: HDPE"",""Lining: Plastic""]","[""Calotta: HDPE"",""Fodera: Plastica""]","""""","""""",""""""
"products","604b74ae-6aec-4846-a9ff-c3f4c2a14c46","pronamic-s-kr","eye_face_comfort_features_locales","""""","""""","""""","""""",""""""
"products","604b74ae-6aec-4846-a9ff-c3f4c2a14c46","pronamic-s-kr","eye_face_equipment_locales","""""","""""","""""","""""",""""""
"products","604b74ae-6aec-4846-a9ff-c3f4c2a14c46","pronamic-s-kr","head_comfort_features_locales","""""","""""","""""","""""",""""""
"products","604b74ae-6aec-4846-a9ff-c3f4c2a14c46","pronamic-s-kr","head_other_details_locales","""""","""""","""""","""""",""""""
"products","604b74ae-6aec-4846-a9ff-c3f4c2a14c46","pronamic-s-kr","head_equipment_locales","""""","""""","""""","""""",""""""
"products","604b74ae-6aec-4846-a9ff-c3f4c2a14c46","pronamic-s-kr","footwear_comfort_features_locales","""""","""""","""""","""""",""""""
"products","604b74ae-6aec-4846-a9ff-c3f4c2a14c46","pronamic-s-kr","hearing_comfort_features_locales","""""","""""","""""","""""",""""""
"products","604b74ae-6aec-4846-a9ff-c3f4c2a14c46","pronamic-s-kr","hearing_other_details_locales","""""","""""","""""","""""",""""""
"products","604b74ae-6aec-4846-a9ff-c3f4c2a14c46","pronamic-s-kr","hearing_equipment_locales","""""","""""","""""","""""",""""""
"products","604b74ae-6aec-4846-a9ff-c3f4c2a14c46","pronamic-s-kr","respiratory_comfort_features_locales","""""","""""","""""","""""",""""""
"products","604b74ae-6aec-4846-a9ff-c3f4c2a14c46","pronamic-s-kr","respiratory_other_details_locales","""""","""""","""""","""""",""""""
"products","604b74ae-6aec-4846-a9ff-c3f4c2a14c46","pronamic-s-kr","respiratory_equipment_locales","""""","""""","""""","""""",""""""
"products","604b74ae-6aec-4846-a9ff-c3f4c2a14c46","pronamic-s-kr","clothing_comfort_features_locales","""""","""""","""""","""""",""""""
"products","604b74ae-6aec-4846-a9ff-c3f4c2a14c46","pronamic-s-kr","clothing_other_details_locales","""""","""""","""""","""""",""""""
"products","604b74ae-6aec-4846-a9ff-c3f4c2a14c46","pronamic-s-kr","footwear_materials_locales","""""","""""","""""","""""",""""""
"products","604b74ae-6aec-4846-a9ff-c3f4c2a14c46","pronamic-s-kr","footwear_special_features_locales","""""","""""","""""","""""",""""""
"products","604b74ae-6aec-4846-a9ff-c3f4c2a14c46","pronamic-s-kr","connections_locales","""""","""""","""""","""""",""""""
"products","604b74ae-6aec-4846-a9ff-c3f4c2a14c46","pronamic-s-kr","compatible_with_locales","""""","""""","""""","""""",""""""
"products","604b74ae-6aec-4846-a9ff-c3f4c2a14c46","pronamic-s-kr","coatings_locales","""""","""""","""""","""""",""""""
"products","604b74ae-6aec-4846-a9ff-c3f4c2a14c46","pronamic-s-kr","eye_face_materials_locales","""""","""""","""""","""""",""""""
"products","604b74ae-6aec-4846-a9ff-c3f4c2a14c46","pronamic-s-kr","head_tech_specs_locales","{""colours"":[""White"",""Yellow"",""Red"",""Blue""],""brim_length"":""short"",""form_factor"":""helmet"",""additional_features"":[]}","{""colours"":[""Bianco"",""Giallo"",""Rosso"",""Blu""],""brim_length"":""Corto"",""form_factor"":""casco"",""additional_features"":[]}","""""","""""",""""""
"products","604b74ae-6aec-4846-a9ff-c3f4c2a14c46","pronamic-s-kr","clothing_attributes_locales","""""","""""","""""","""""",""""""
"products","0c954ed7-f2c6-40e5-9009-32702e76424f","pronamic-visor-arc-flash-2","name_locales","pronamic visor arc flash 2","pronamic visor arc flash 2","""""","""""",""""""
"products","0c954ed7-f2c6-40e5-9009-32702e76424f","pronamic-visor-arc-flash-2","description_locales","Anti-fog and scratch-resistant polycarbonate visor compliant with EN 166 and EN 170. Provides protection against liquids, electric arcs, molten metals and hot solids.","Visiera in policarbonato antiappannante e antigraffio conforme alle norme EN 166 ed EN 170. Offre protezione da sostanze liquide, archi elettrici, metalli fusi e solidi incandescenti.","""""","""""",""""""
"products","0c954ed7-f2c6-40e5-9009-32702e76424f","pronamic-visor-arc-flash-2","short_description_locales","PC arc flash visor class 2","Visore in PC arco elettrico di classe 2","""""","""""",""""""
"products","0c954ed7-f2c6-40e5-9009-32702e76424f","pronamic-visor-arc-flash-2","category_locales","Eye & Face protection","Protezione degli occhi e del viso","""""","""""",""""""
"products","0c954ed7-f2c6-40e5-9009-32702e76424f","pronamic-visor-arc-flash-2","sub_category_locales","Face shields & Visors","Schermi facciali e visiere","""""","""""",""""""
"products","0c954ed7-f2c6-40e5-9009-32702e76424f","pronamic-visor-arc-flash-2","features_locales","[""EN 166 (personal eye protection) and EN 170 (UV filter) compliant"",""Class 2 electric-arc protection (GS-ET 29)"",""Anti-fog and scratch-resistant polycarbonate visor"",""Suitable against molten metals and hot solids (marking 9)""]","[]","""""","""""",""""""
"products","0c954ed7-f2c6-40e5-9009-32702e76424f","pronamic-visor-arc-flash-2","applications_locales","[""Operations with electrical risks"",""Environment with risk of exposure to chemical substances""]","[""Attivita' in presenza di rischi elettrici"",""Operazioni in presenza di sostanze chimiche""]","""""","""""",""""""
"products","0c954ed7-f2c6-40e5-9009-32702e76424f","pronamic-visor-arc-flash-2","industries_locales","[""Utilities"",""Construction"",""Electrical maintenance""]","[]","""""","""""",""""""
"products","0c954ed7-f2c6-40e5-9009-32702e76424f","pronamic-visor-arc-flash-2","tags_locales","[""arc visor"",""EN 166""]","[""visiera arco"",""EN 166""]","""""","""""",""""""
"products","0c954ed7-f2c6-40e5-9009-32702e76424f","pronamic-visor-arc-flash-2","size_locales","-","-","""""","""""",""""""
"products","0c954ed7-f2c6-40e5-9009-32702e76424f","pronamic-visor-arc-flash-2","materials_locales","[""PC""]","[""PC""]","""""","""""",""""""
"products","0c954ed7-f2c6-40e5-9009-32702e76424f","pronamic-visor-arc-flash-2","eye_face_comfort_features_locales","[""Inner lenses with anti-fog coating, outer lenses scratch- and chemical-resistant"",""With the click & pull system, the visor can be detached from the support system with a pulling movement"",""Central resting position on the head to relieve the cervical area"",""Hearing protection attachable via bayonet fitting""]","[""Lenti interne antiappannanti, lenti esterne antigraffio e resistenti alle sostanze chimiche"",""Con il sistema click & pull, la visiera può essere staccata dal sistema di supporto con un movimento di trazione"",""Posizione di riposo centrale sul capo per dare sollievo alla zona cervicale"",""Dispositivo di protezione per l'udito innestabile tramite attacco a baionetta""]","""""","""""",""""""
"products","0c954ed7-f2c6-40e5-9009-32702e76424f","pronamic-visor-arc-flash-2","eye_face_equipment_locales","""""","""""","""""","""""",""""""
"products","0c954ed7-f2c6-40e5-9009-32702e76424f","pronamic-visor-arc-flash-2","eye_face_attributes_locales","{""uv_code"":""UV400"",""coatings"":[""Anti Fog"",""Scratch Resistant""],""lens_tint"":""Transparent"",""form_factor"":""Visor"",""lens_material"":""PC"",""frame_material"":""Plastic""}","{""uv_code"":""UV400"",""coatings"":[""Antiappannante"",""Antigraffio""],""lens_tint"":""Trasparente"",""form_factor"":""Visiera"",""lens_material"":""PC"",""frame_material"":""Plastica""}","""""","""""",""""""
"products","0c954ed7-f2c6-40e5-9009-32702e76424f","pronamic-visor-arc-flash-2","head_comfort_features_locales","""""","""""","""""","""""",""""""
"products","0c954ed7-f2c6-40e5-9009-32702e76424f","pronamic-visor-arc-flash-2","head_other_details_locales","""""","""""","""""","""""",""""""
"products","0c954ed7-f2c6-40e5-9009-32702e76424f","pronamic-visor-arc-flash-2","head_equipment_locales","""""","""""","""""","""""",""""""
"products","0c954ed7-f2c6-40e5-9009-32702e76424f","pronamic-visor-arc-flash-2","footwear_comfort_features_locales","""""","""""","""""","""""",""""""
"products","0c954ed7-f2c6-40e5-9009-32702e76424f","pronamic-visor-arc-flash-2","hearing_comfort_features_locales","""""","""""","""""","""""",""""""
"products","0c954ed7-f2c6-40e5-9009-32702e76424f","pronamic-visor-arc-flash-2","hearing_other_details_locales","""""","""""","""""","""""",""""""
"products","0c954ed7-f2c6-40e5-9009-32702e76424f","pronamic-visor-arc-flash-2","hearing_equipment_locales","""""","""""","""""","""""",""""""
"products","0c954ed7-f2c6-40e5-9009-32702e76424f","pronamic-visor-arc-flash-2","respiratory_comfort_features_locales","""""","""""","""""","""""",""""""
"products","0c954ed7-f2c6-40e5-9009-32702e76424f","pronamic-visor-arc-flash-2","respiratory_other_details_locales","""""","""""","""""","""""",""""""
"products","0c954ed7-f2c6-40e5-9009-32702e76424f","pronamic-visor-arc-flash-2","respiratory_equipment_locales","""""","""""","""""","""""",""""""
"products","0c954ed7-f2c6-40e5-9009-32702e76424f","pronamic-visor-arc-flash-2","clothing_comfort_features_locales","""""","""""","""""","""""",""""""
"products","0c954ed7-f2c6-40e5-9009-32702e76424f","pronamic-visor-arc-flash-2","clothing_other_details_locales","""""","""""","""""","""""",""""""
"products","0c954ed7-f2c6-40e5-9009-32702e76424f","pronamic-visor-arc-flash-2","footwear_materials_locales","""""","""""","""""","""""",""""""
"products","0c954ed7-f2c6-40e5-9009-32702e76424f","pronamic-visor-arc-flash-2","footwear_special_features_locales","""""","""""","""""","""""",""""""
"products","0c954ed7-f2c6-40e5-9009-32702e76424f","pronamic-visor-arc-flash-2","connections_locales","""""","""""","""""","""""",""""""
"products","0c954ed7-f2c6-40e5-9009-32702e76424f","pronamic-visor-arc-flash-2","compatible_with_locales","""""","""""","""""","""""",""""""
"products","0c954ed7-f2c6-40e5-9009-32702e76424f","pronamic-visor-arc-flash-2","coatings_locales","[""Anti-fog"",""Scratch resistant""]","[""Anti-appannamento"",""Anti-graffio""]","""""","""""",""""""
"products","0c954ed7-f2c6-40e5-9009-32702e76424f","pronamic-visor-arc-flash-2","eye_face_materials_locales","""""","""""","""""","""""",""""""
"products","0c954ed7-f2c6-40e5-9009-32702e76424f","pronamic-visor-arc-flash-2","head_tech_specs_locales","""""","""""","""""","""""",""""""
"products","0c954ed7-f2c6-40e5-9009-32702e76424f","pronamic-visor-arc-flash-2","clothing_attributes_locales","""""","""""","""""","""""",""""""
"products","93233a36-942c-4b3e-a746-453a84a6b487","super-f-otg","name_locales","Super F OTG","Super F OTG","""""","""""",""""""
"products","93233a36-942c-4b3e-a746-453a84a6b487","super-f-otg","description_locales","Welding safety glasses offering excellent eye protection and can be used as overspecs.
","Occhiali protettivi da saldatura che offrono un ottima protezione oculare e possono essere utilizzati come sovraocchiali","""""","""""",""""""
"products","93233a36-942c-4b3e-a746-453a84a6b487","super-f-otg","short_description_locales","Metal-free UV400 glasses with IR protection","Ochiali in plastica UV400 con lenti IR","""""","""""",""""""
"products","93233a36-942c-4b3e-a746-453a84a6b487","super-f-otg","category_locales","Eye & Face protection","Protezione occhi e viso","""""","""""",""""""
"products","93233a36-942c-4b3e-a746-453a84a6b487","super-f-otg","sub_category_locales","Safety glasses","Occhiali di sicurezza","""""","""""",""""""
"products","93233a36-942c-4b3e-a746-453a84a6b487","super-f-otg","features_locales","[""Polycarbonate lens with uvex infradur plus treatment - scratch resistant and anti-fog"",""Metal-free""]","[""Metal-free"",""Robusta lente in policarbonato con trattamento uvex infradur plus - lente antigraffio e antiappannante""]","""""","""""",""""""
"products","93233a36-942c-4b3e-a746-453a84a6b487","super-f-otg","applications_locales","[""Welding"",""Operations in blast furnaces or in the presence of molten/hot material""]","[""Operazioni di saldatura"",""Operazioni in alti forni o in presenza di materiale incandescente""]","""""","""""",""""""
"products","93233a36-942c-4b3e-a746-453a84a6b487","super-f-otg","industries_locales","[""Glass manufacaturing"",""Steel processing and manufacturing"",""Construction""]","[""Industria del Vetro"",""Industria dell'Acciaio"",""Metallurgia"",""Edilizia""]","""""","""""",""""""
"products","93233a36-942c-4b3e-a746-453a84a6b487","super-f-otg","tags_locales","[""Welding""]","[""Saldatura""]","""""","""""",""""""
"products","93233a36-942c-4b3e-a746-453a84a6b487","super-f-otg","size_locales","","","""""","""""",""""""
"products","93233a36-942c-4b3e-a746-453a84a6b487","super-f-otg","materials_locales","[]","[]","""""","""""",""""""
"products","93233a36-942c-4b3e-a746-453a84a6b487","super-f-otg","eye_face_comfort_features_locales","[""Provides unrestricted lateral visibility"",""Soft temple tips for optimal comfort"",""Anatomically shaped nose bridge for all-day comfort""]","[""Offre una visibilità laterale illimitata"",""Terminali delle astine morbide per un comfort ottimale"",""Supporto nasale anatomico per un comfort che dura tutto il giorno""]","""""","""""",""""""
"products","93233a36-942c-4b3e-a746-453a84a6b487","super-f-otg","eye_face_equipment_locales","[]","[]","""""","""""",""""""
"products","93233a36-942c-4b3e-a746-453a84a6b487","super-f-otg","head_comfort_features_locales","""""","""""","""""","""""",""""""
"products","93233a36-942c-4b3e-a746-453a84a6b487","super-f-otg","head_other_details_locales","""""","""""","""""","""""",""""""
"products","93233a36-942c-4b3e-a746-453a84a6b487","super-f-otg","head_equipment_locales","""""","""""","""""","""""",""""""
"products","93233a36-942c-4b3e-a746-453a84a6b487","super-f-otg","footwear_comfort_features_locales","""""","""""","""""","""""",""""""
"products","93233a36-942c-4b3e-a746-453a84a6b487","super-f-otg","hearing_comfort_features_locales","""""","""""","""""","""""",""""""
"products","93233a36-942c-4b3e-a746-453a84a6b487","super-f-otg","hearing_other_details_locales","""""","""""","""""","""""",""""""
"products","93233a36-942c-4b3e-a746-453a84a6b487","super-f-otg","hearing_equipment_locales","""""","""""","""""","""""",""""""
"products","93233a36-942c-4b3e-a746-453a84a6b487","super-f-otg","respiratory_comfort_features_locales","""""","""""","""""","""""",""""""
"products","93233a36-942c-4b3e-a746-453a84a6b487","super-f-otg","respiratory_other_details_locales","""""","""""","""""","""""",""""""
"products","93233a36-942c-4b3e-a746-453a84a6b487","super-f-otg","respiratory_equipment_locales","""""","""""","""""","""""",""""""
"products","93233a36-942c-4b3e-a746-453a84a6b487","super-f-otg","clothing_comfort_features_locales","""""","""""","""""","""""",""""""
"products","93233a36-942c-4b3e-a746-453a84a6b487","super-f-otg","clothing_other_details_locales","""""","""""","""""","""""",""""""
"products","93233a36-942c-4b3e-a746-453a84a6b487","super-f-otg","footwear_materials_locales","""""","""""","""""","""""",""""""
"products","93233a36-942c-4b3e-a746-453a84a6b487","super-f-otg","footwear_special_features_locales","""""","""""","""""","""""",""""""
"products","93233a36-942c-4b3e-a746-453a84a6b487","super-f-otg","connections_locales","""""","""""","""""","""""",""""""
"products","93233a36-942c-4b3e-a746-453a84a6b487","super-f-otg","compatible_with_locales","""""","""""","""""","""""",""""""
"products","93233a36-942c-4b3e-a746-453a84a6b487","super-f-otg","coatings_locales","[""Anti Fog"",""Scratch Resistant""]","[""Scratch Resistant"",""Anti Fog""]","""""","""""",""""""
"products","93233a36-942c-4b3e-a746-453a84a6b487","super-f-otg","eye_face_materials_locales","{""arm"":""Plastic"",""lens"":""Polycarbonate (PC)"",""frame"":""Plastic"",""headband"":""""}","{""arm"":""Plastica"",""lens"":""Policarbonato (PC)"",""frame"":""Plastica"",""headband"":""""}","""""","""""",""""""
"products","93233a36-942c-4b3e-a746-453a84a6b487","super-f-otg","head_tech_specs_locales","""""","""""","""""","""""",""""""
"products","93233a36-942c-4b3e-a746-453a84a6b487","super-f-otg","clothing_attributes_locales","""""","""""","""""","""""",""""""
"products","95686d7e-f3b0-40e7-a7e3-125b3be944e6","suxxed-construction-j","name_locales","suXXed construction J","suXXed construction J","""""","""""",""""""
"products","95686d7e-f3b0-40e7-a7e3-125b3be944e6","suxxed-construction-j","description_locales","Ergonomic High‑Vis work jacket with ""high‑rise"" sleeve design, reflective elements, stand‑up collar, longer back and multiple pockets (some with flaps).","Giacca da lavoro High‑Vis ergonomica con manica ""high‑rise"", elementi riflettenti, collo montante, parte posteriore più lunga e numerose tasche (alcune con risvolto).","""""","""""",""""""
"products","95686d7e-f3b0-40e7-a7e3-125b3be944e6","suxxed-construction-j","short_description_locales","Ergonomic High‑Vis Jacket","Giacca alta visibilità ergonomica","""""","""""",""""""
"products","95686d7e-f3b0-40e7-a7e3-125b3be944e6","suxxed-construction-j","category_locales","Protective clothing","Abbigliamento protettivo e da lavoro","""""","""""",""""""
"products","95686d7e-f3b0-40e7-a7e3-125b3be944e6","suxxed-construction-j","sub_category_locales","Hi‑Vis Jackets","Giacche ad alta visibilità","""""","""""",""""""
"products","95686d7e-f3b0-40e7-a7e3-125b3be944e6","suxxed-construction-j","features_locales","[""2 reflective strips around torso and arms"",""Longer back for increased protection"",""UV protection"",""Multiple internal/external pockets""]","[]","""""","""""",""""""
"products","95686d7e-f3b0-40e7-a7e3-125b3be944e6","suxxed-construction-j","applications_locales","[""Visibility near moving traffic or on construction sites"",""Staff operating around forklifts and heavy equipment"",""Public service operators in low‑visibility conditions""]","[""Visibilità vicino a traffico in movimento o cantieri"",""Personale che lavora attorno a carrelli elevatori e macchinari pesanti"",""Operatori dei servizi pubblici in condizioni di scarsa visibilità""]","""""","""""",""""""
"products","95686d7e-f3b0-40e7-a7e3-125b3be944e6","suxxed-construction-j","industries_locales","[""Construction"",""Roadworks"",""Warehousing"",""Logistics""]","[]","""""","""""",""""""
"products","95686d7e-f3b0-40e7-a7e3-125b3be944e6","suxxed-construction-j","tags_locales","[""high‑visibility"",""jacket""]","[""alta visibilità"",""giacca""]","""""","""""",""""""
"products","95686d7e-f3b0-40e7-a7e3-125b3be944e6","suxxed-construction-j","size_locales","XS–4XL","XS–4XL","""""","""""",""""""
"products","95686d7e-f3b0-40e7-a7e3-125b3be944e6","suxxed-construction-j","materials_locales","[""50% CO"",""50% PES""]","[""50% CO"",""50% PES""]","""""","""""",""""""
"products","95686d7e-f3b0-40e7-a7e3-125b3be944e6","suxxed-construction-j","eye_face_comfort_features_locales","""""","""""","""""","""""",""""""
"products","95686d7e-f3b0-40e7-a7e3-125b3be944e6","suxxed-construction-j","eye_face_equipment_locales","""""","""""","""""","""""",""""""
"products","95686d7e-f3b0-40e7-a7e3-125b3be944e6","suxxed-construction-j","head_comfort_features_locales","""""","""""","""""","""""",""""""
"products","95686d7e-f3b0-40e7-a7e3-125b3be944e6","suxxed-construction-j","head_other_details_locales","""""","""""","""""","""""",""""""
"products","95686d7e-f3b0-40e7-a7e3-125b3be944e6","suxxed-construction-j","head_equipment_locales","""""","""""","""""","""""",""""""
"products","95686d7e-f3b0-40e7-a7e3-125b3be944e6","suxxed-construction-j","footwear_comfort_features_locales","""""","""""","""""","""""",""""""
"products","95686d7e-f3b0-40e7-a7e3-125b3be944e6","suxxed-construction-j","hearing_comfort_features_locales","""""","""""","""""","""""",""""""
"products","95686d7e-f3b0-40e7-a7e3-125b3be944e6","suxxed-construction-j","hearing_other_details_locales","""""","""""","""""","""""",""""""
"products","95686d7e-f3b0-40e7-a7e3-125b3be944e6","suxxed-construction-j","hearing_equipment_locales","""""","""""","""""","""""",""""""
"products","95686d7e-f3b0-40e7-a7e3-125b3be944e6","suxxed-construction-j","respiratory_comfort_features_locales","""""","""""","""""","""""",""""""
"products","95686d7e-f3b0-40e7-a7e3-125b3be944e6","suxxed-construction-j","respiratory_other_details_locales","""""","""""","""""","""""",""""""
"products","95686d7e-f3b0-40e7-a7e3-125b3be944e6","suxxed-construction-j","respiratory_equipment_locales","""""","""""","""""","""""",""""""
"products","95686d7e-f3b0-40e7-a7e3-125b3be944e6","suxxed-construction-j","clothing_comfort_features_locales","[""test""]","[""testa"",""tetaa""]","""""","""""",""""""
"products","95686d7e-f3b0-40e7-a7e3-125b3be944e6","suxxed-construction-j","clothing_other_details_locales","[""test""]","[""testa""]","""""","""""",""""""
"products","95686d7e-f3b0-40e7-a7e3-125b3be944e6","suxxed-construction-j","footwear_materials_locales","""""","""""","""""","""""",""""""
"products","95686d7e-f3b0-40e7-a7e3-125b3be944e6","suxxed-construction-j","footwear_special_features_locales","""""","""""","""""","""""",""""""
"products","95686d7e-f3b0-40e7-a7e3-125b3be944e6","suxxed-construction-j","connections_locales","""""","""""","""""","""""",""""""
"products","95686d7e-f3b0-40e7-a7e3-125b3be944e6","suxxed-construction-j","compatible_with_locales","""""","""""","""""","""""",""""""
"products","95686d7e-f3b0-40e7-a7e3-125b3be944e6","suxxed-construction-j","coatings_locales","""""","""""","""""","""""",""""""
"products","95686d7e-f3b0-40e7-a7e3-125b3be944e6","suxxed-construction-j","eye_face_materials_locales","""""","""""","""""","""""",""""""
"products","95686d7e-f3b0-40e7-a7e3-125b3be944e6","suxxed-construction-j","head_tech_specs_locales","""""","""""","""""","""""",""""""
"products","95686d7e-f3b0-40e7-a7e3-125b3be944e6","suxxed-construction-j","clothing_attributes_locales","{""fit"":""Ergonomic"",""size_range"":""XS–4XL""}","{""fit"":""Ergonomico"",""size_range"":""XS–4XL""}","""""","""""",""""""
"products","428ac25c-d4e7-4b19-8810-47c681e8e917","suxxeed-multifunction-j","name_locales","suXXeed multifunction J","suXXeed multifunction J","""""","""""",""""""
"products","428ac25c-d4e7-4b19-8810-47c681e8e917","suxxeed-multifunction-j","description_locales","Multi‑function jacket certified for internal arc, heat, flame and chemical protection.","Giacca multiuso certificata per protezione da arco elettrico interno, calore, fiamma e sostanze chimiche.","""""","""""",""""""
"products","428ac25c-d4e7-4b19-8810-47c681e8e917","suxxeed-multifunction-j","short_description_locales","Multi‑function jacket in fire‑retardant fabric","Giacca multifunzione in tessuto ignifugo","""""","""""",""""""
"products","428ac25c-d4e7-4b19-8810-47c681e8e917","suxxeed-multifunction-j","category_locales","Protective clothing","Abbigliamento protettivo e da lavoro","""""","""""",""""""
"products","428ac25c-d4e7-4b19-8810-47c681e8e917","suxxeed-multifunction-j","sub_category_locales","Safety Jackets","Giacche protettive","""""","""""",""""""
"products","428ac25c-d4e7-4b19-8810-47c681e8e917","suxxeed-multifunction-j","features_locales","[""Ergonomic fit with extended back"",""Attached reflex elements"",""Concealed pockets and closures"",""Highly resistant and durable""]","[]","""""","""""",""""""
"products","428ac25c-d4e7-4b19-8810-47c681e8e917","suxxeed-multifunction-j","applications_locales","[""Electrical installations"",""Operations with low or moderate chemical hazards"",""Welding work""]","[""Installazioni elettriche"",""Operazioni in presenza di rischi chimici bassi o moderati"",""Lavori di saldatura""]","""""","""""",""""""
"products","428ac25c-d4e7-4b19-8810-47c681e8e917","suxxeed-multifunction-j","industries_locales","[""Steel production"",""Utilities"",""Automotive"",""Chemicals""]","[]","""""","""""",""""""
"products","428ac25c-d4e7-4b19-8810-47c681e8e917","suxxeed-multifunction-j","tags_locales","[""fr"",""multi‑risk"",""jacket""]","[""ignifugo"",""multirischio"",""giacca""]","""""","""""",""""""
"products","428ac25c-d4e7-4b19-8810-47c681e8e917","suxxeed-multifunction-j","size_locales","S–6XL","S–6XL","""""","""""",""""""
"products","428ac25c-d4e7-4b19-8810-47c681e8e917","suxxeed-multifunction-j","materials_locales","[""49% PPAN‑FR"",""42% CO"",""5% PARA‑ARAMID"",""3% PA"",""1% carbon""]","[""49% PPAN‑FR"",""42% cotone"",""5% para‑aramide"",""3% poliammide"",""1% carbonio""]","""""","""""",""""""
"products","428ac25c-d4e7-4b19-8810-47c681e8e917","suxxeed-multifunction-j","eye_face_comfort_features_locales","""""","""""","""""","""""",""""""
"products","428ac25c-d4e7-4b19-8810-47c681e8e917","suxxeed-multifunction-j","eye_face_equipment_locales","""""","""""","""""","""""",""""""
"products","428ac25c-d4e7-4b19-8810-47c681e8e917","suxxeed-multifunction-j","head_comfort_features_locales","""""","""""","""""","""""",""""""
"products","428ac25c-d4e7-4b19-8810-47c681e8e917","suxxeed-multifunction-j","head_other_details_locales","""""","""""","""""","""""",""""""
"products","428ac25c-d4e7-4b19-8810-47c681e8e917","suxxeed-multifunction-j","head_equipment_locales","""""","""""","""""","""""",""""""
"products","428ac25c-d4e7-4b19-8810-47c681e8e917","suxxeed-multifunction-j","footwear_comfort_features_locales","""""","""""","""""","""""",""""""
"products","428ac25c-d4e7-4b19-8810-47c681e8e917","suxxeed-multifunction-j","hearing_comfort_features_locales","""""","""""","""""","""""",""""""
"products","428ac25c-d4e7-4b19-8810-47c681e8e917","suxxeed-multifunction-j","hearing_other_details_locales","""""","""""","""""","""""",""""""
"products","428ac25c-d4e7-4b19-8810-47c681e8e917","suxxeed-multifunction-j","hearing_equipment_locales","""""","""""","""""","""""",""""""
"products","428ac25c-d4e7-4b19-8810-47c681e8e917","suxxeed-multifunction-j","respiratory_comfort_features_locales","""""","""""","""""","""""",""""""
"products","428ac25c-d4e7-4b19-8810-47c681e8e917","suxxeed-multifunction-j","respiratory_other_details_locales","""""","""""","""""","""""",""""""
"products","428ac25c-d4e7-4b19-8810-47c681e8e917","suxxeed-multifunction-j","respiratory_equipment_locales","""""","""""","""""","""""",""""""
"products","428ac25c-d4e7-4b19-8810-47c681e8e917","suxxeed-multifunction-j","clothing_comfort_features_locales","""""","""""","""""","""""",""""""
"products","428ac25c-d4e7-4b19-8810-47c681e8e917","suxxeed-multifunction-j","clothing_other_details_locales","""""","""""","""""","""""",""""""
"products","428ac25c-d4e7-4b19-8810-47c681e8e917","suxxeed-multifunction-j","footwear_materials_locales","""""","""""","""""","""""",""""""
"products","428ac25c-d4e7-4b19-8810-47c681e8e917","suxxeed-multifunction-j","footwear_special_features_locales","""""","""""","""""","""""",""""""
"products","428ac25c-d4e7-4b19-8810-47c681e8e917","suxxeed-multifunction-j","connections_locales","""""","""""","""""","""""",""""""
"products","428ac25c-d4e7-4b19-8810-47c681e8e917","suxxeed-multifunction-j","compatible_with_locales","""""","""""","""""","""""",""""""
"products","428ac25c-d4e7-4b19-8810-47c681e8e917","suxxeed-multifunction-j","coatings_locales","""""","""""","""""","""""",""""""
"products","428ac25c-d4e7-4b19-8810-47c681e8e917","suxxeed-multifunction-j","eye_face_materials_locales","""""","""""","""""","""""",""""""
"products","428ac25c-d4e7-4b19-8810-47c681e8e917","suxxeed-multifunction-j","head_tech_specs_locales","""""","""""","""""","""""",""""""
"products","428ac25c-d4e7-4b19-8810-47c681e8e917","suxxeed-multifunction-j","clothing_attributes_locales","{""fit"":""Ergonomic"",""size_range"":""S–6XL""}","{""fit"":""Ergonomico"",""size_range"":""S–6XL""}","""""","""""",""""""
"products","fa8234b5-c3d1-4ac9-903a-29c079d4159a","sv25","name_locales","SV25","SV25","""""","""""",""""""
"products","fa8234b5-c3d1-4ac9-903a-29c079d4159a","sv25","description_locales","High-quality split leather sleeve for welding activities with felcro to ensure perfect fit.","Monicotto in pelle crosta di alta qualita' per attivita' di saldatura. Chiusura con feltro per garantire massimo comfort e fit.","""""","""""",""""""
"products","fa8234b5-c3d1-4ac9-903a-29c079d4159a","sv25","short_description_locales","Split leather welding sleeve","Manicotto in pelle crosta per saldatore","""""","""""",""""""
"products","fa8234b5-c3d1-4ac9-903a-29c079d4159a","sv25","category_locales","Arm protection","Protezione braccia","""""","""""",""""""
"products","fa8234b5-c3d1-4ac9-903a-29c079d4159a","sv25","sub_category_locales","Welding sleeve","Manicotti da saldatore","""""","""""",""""""
"products","fa8234b5-c3d1-4ac9-903a-29c079d4159a","sv25","features_locales","[""High-quality thick leather for enhanced protection"",""Felcro to ensure optimal fit and comfort""]","[""Pellame di alta qualità e spessore per maggiore protezione"",""Chiusura con felcro per maggior comfort e tenuta""]","""""","""""",""""""
"products","fa8234b5-c3d1-4ac9-903a-29c079d4159a","sv25","applications_locales","[""Metal fabrication welding operations"",""Thermal metal cutting"",""Welding maintenance and repair work""]","[""Attività di saldatura in metallurgia"",""Taglio termico dei metalli"",""Lavorazioni di carpenteria metallica"",""Manutenzione mediante saldatura""]","""""","""""",""""""
"products","fa8234b5-c3d1-4ac9-903a-29c079d4159a","sv25","industries_locales","[""Metal manufacturing""]","[""Industria dell'Acciaio"",""Metallurgia""]","""""","""""",""""""
"products","fa8234b5-c3d1-4ac9-903a-29c079d4159a","sv25","tags_locales","[""Welding""]","[""Saldatura""]","""""","""""",""""""
"products","fa8234b5-c3d1-4ac9-903a-29c079d4159a","sv25","size_locales","45 cm","45 cm","""""","""""",""""""
"products","fa8234b5-c3d1-4ac9-903a-29c079d4159a","sv25","materials_locales","[""Leather""]","[""Pelle""]","""""","""""",""""""
"products","fa8234b5-c3d1-4ac9-903a-29c079d4159a","sv25","eye_face_comfort_features_locales","""""","""""","""""","""""",""""""
"products","fa8234b5-c3d1-4ac9-903a-29c079d4159a","sv25","eye_face_equipment_locales","""""","""""","""""","""""",""""""
"products","fa8234b5-c3d1-4ac9-903a-29c079d4159a","sv25","head_comfort_features_locales","""""","""""","""""","""""",""""""
"products","fa8234b5-c3d1-4ac9-903a-29c079d4159a","sv25","head_other_details_locales","""""","""""","""""","""""",""""""
"products","fa8234b5-c3d1-4ac9-903a-29c079d4159a","sv25","head_equipment_locales","""""","""""","""""","""""",""""""
"products","fa8234b5-c3d1-4ac9-903a-29c079d4159a","sv25","footwear_comfort_features_locales","""""","""""","""""","""""",""""""
"products","fa8234b5-c3d1-4ac9-903a-29c079d4159a","sv25","hearing_comfort_features_locales","""""","""""","""""","""""",""""""
"products","fa8234b5-c3d1-4ac9-903a-29c079d4159a","sv25","hearing_other_details_locales","""""","""""","""""","""""",""""""
"products","fa8234b5-c3d1-4ac9-903a-29c079d4159a","sv25","hearing_equipment_locales","""""","""""","""""","""""",""""""
"products","fa8234b5-c3d1-4ac9-903a-29c079d4159a","sv25","respiratory_comfort_features_locales","""""","""""","""""","""""",""""""
"products","fa8234b5-c3d1-4ac9-903a-29c079d4159a","sv25","respiratory_other_details_locales","""""","""""","""""","""""",""""""
"products","fa8234b5-c3d1-4ac9-903a-29c079d4159a","sv25","respiratory_equipment_locales","""""","""""","""""","""""",""""""
"products","fa8234b5-c3d1-4ac9-903a-29c079d4159a","sv25","clothing_comfort_features_locales","""""","""""","""""","""""",""""""
"products","fa8234b5-c3d1-4ac9-903a-29c079d4159a","sv25","clothing_other_details_locales","""""","""""","""""","""""",""""""
"products","fa8234b5-c3d1-4ac9-903a-29c079d4159a","sv25","footwear_materials_locales","""""","""""","""""","""""",""""""
"products","fa8234b5-c3d1-4ac9-903a-29c079d4159a","sv25","footwear_special_features_locales","""""","""""","""""","""""",""""""
"products","fa8234b5-c3d1-4ac9-903a-29c079d4159a","sv25","connections_locales","""""","""""","""""","""""",""""""
"products","fa8234b5-c3d1-4ac9-903a-29c079d4159a","sv25","compatible_with_locales","""""","""""","""""","""""",""""""
"products","fa8234b5-c3d1-4ac9-903a-29c079d4159a","sv25","coatings_locales","""""","""""","""""","""""",""""""
"products","fa8234b5-c3d1-4ac9-903a-29c079d4159a","sv25","eye_face_materials_locales","""""","""""","""""","""""",""""""
"products","fa8234b5-c3d1-4ac9-903a-29c079d4159a","sv25","head_tech_specs_locales","""""","""""","""""","""""",""""""
"products","fa8234b5-c3d1-4ac9-903a-29c079d4159a","sv25","clothing_attributes_locales","""""","""""","""""","""""",""""""
"products","f1c9eb49-be61-4423-9380-5203d2cbdd4f","swabex-o","name_locales","SWABEX O","SWABEX O","""""","""""",""""""
"products","f1c9eb49-be61-4423-9380-5203d2cbdd4f","swabex-o","description_locales","Heat-resistant cotton swabbing tools with optional protective felt head cover, featuring a strong yet malleable metal handle for safe and precise mould maintenance in glass manufacturing, metal casting, forging, and ceramic forming.","Scovoli in cotone resistenti al calore con copritesta protettivo in feltro opzionale, dotati di manico in metallo robusto ma flessibile per una manutenzione sicura e precisa degli stampi nella produzione del vetro, colata dei metalli, forgiatura e formatura della ceramica.","""""","""""",""""""
"products","f1c9eb49-be61-4423-9380-5203d2cbdd4f","swabex-o","short_description_locales","Cotton swab with optional head cover and metal handle","Scovolo in cotone con feltro opzionale in punta e manico in metallo","""""","""""",""""""
"products","f1c9eb49-be61-4423-9380-5203d2cbdd4f","swabex-o","category_locales","Industrial Swabs","Scovoli industriali","""""","""""",""""""
"products","f1c9eb49-be61-4423-9380-5203d2cbdd4f","swabex-o","sub_category_locales","","","""""","""""",""""""
"products","f1c9eb49-be61-4423-9380-5203d2cbdd4f","swabex-o","features_locales","[""Heat-resistant cotton pads with optional head cover"",""Strong but malleable handles designed for safe operation and precise application in hot-end environments. Available with and without ring."",""Multiple head shapes and sizes (incl. custom size)"",""Durable construction. Resistant to high heat, abrasion, and repeated industrial use.""]","[""Scovoli in cotone resistenti al calore con feltro protettivo opzionale"",""Manici robusti ma flessibili, progettati per un utilizzo sicuro e un’applicazione precisa nella zona calda. Disponibile con e senza anello."",""Varie forme e dimensioni (incluse misure personalizzate)"",""Struttura durevole, resistente alle alte temperature, all’abrasione e all’uso industriale ripetuto""]","""""","""""",""""""
"products","f1c9eb49-be61-4423-9380-5203d2cbdd4f","swabex-o","applications_locales","[""Lubricating blank, neck, and blow moulds in bottle and jar production"",""Mould lubrication in non-ferrous metal casting"",""Hot forging""]","[""Lubrificazione degli stampi nella produzione di bottiglie e vasetti"",""Lubrificazione degli stampi nella colata di metalli non ferrosi"",""Forgiatura a caldo""]","""""","""""",""""""
"products","f1c9eb49-be61-4423-9380-5203d2cbdd4f","swabex-o","industries_locales","[""Glass manufacturing"",""Metal casting"",""Forging and pressing"",""Ceramic forming""]","[""Industria del vetro"",""Metallurgia"",""Forgiatura e stampaggio"",""Ceramica""]","""""","""""",""""""
"products","f1c9eb49-be61-4423-9380-5203d2cbdd4f","swabex-o","tags_locales","[""swabbing tools"",""lubricating"",""cotton swabs"",""glass manufacturing""]","[""scovoli in cotone"",""lubrificazione stampi"",""industria del vetro""]","""""","""""",""""""
"products","f1c9eb49-be61-4423-9380-5203d2cbdd4f","swabex-o","size_locales","One size","Unica","""""","""""",""""""
"products","f1c9eb49-be61-4423-9380-5203d2cbdd4f","swabex-o","materials_locales","[""Cotton""]","[""Cotone""]","""""","""""",""""""
"products","f1c9eb49-be61-4423-9380-5203d2cbdd4f","swabex-o","eye_face_comfort_features_locales","""""","""""","""""","""""",""""""
"products","f1c9eb49-be61-4423-9380-5203d2cbdd4f","swabex-o","eye_face_equipment_locales","""""","""""","""""","""""",""""""
"products","f1c9eb49-be61-4423-9380-5203d2cbdd4f","swabex-o","head_comfort_features_locales","""""","""""","""""","""""",""""""
"products","f1c9eb49-be61-4423-9380-5203d2cbdd4f","swabex-o","head_other_details_locales","""""","""""","""""","""""",""""""
"products","f1c9eb49-be61-4423-9380-5203d2cbdd4f","swabex-o","head_equipment_locales","""""","""""","""""","""""",""""""
"products","f1c9eb49-be61-4423-9380-5203d2cbdd4f","swabex-o","footwear_comfort_features_locales","""""","""""","""""","""""",""""""
"products","f1c9eb49-be61-4423-9380-5203d2cbdd4f","swabex-o","hearing_comfort_features_locales","""""","""""","""""","""""",""""""
"products","f1c9eb49-be61-4423-9380-5203d2cbdd4f","swabex-o","hearing_other_details_locales","""""","""""","""""","""""",""""""
"products","f1c9eb49-be61-4423-9380-5203d2cbdd4f","swabex-o","hearing_equipment_locales","""""","""""","""""","""""",""""""
"products","f1c9eb49-be61-4423-9380-5203d2cbdd4f","swabex-o","respiratory_comfort_features_locales","""""","""""","""""","""""",""""""
"products","f1c9eb49-be61-4423-9380-5203d2cbdd4f","swabex-o","respiratory_other_details_locales","""""","""""","""""","""""",""""""
"products","f1c9eb49-be61-4423-9380-5203d2cbdd4f","swabex-o","respiratory_equipment_locales","""""","""""","""""","""""",""""""
"products","f1c9eb49-be61-4423-9380-5203d2cbdd4f","swabex-o","clothing_comfort_features_locales","""""","""""","""""","""""",""""""
"products","f1c9eb49-be61-4423-9380-5203d2cbdd4f","swabex-o","clothing_other_details_locales","""""","""""","""""","""""",""""""
"products","f1c9eb49-be61-4423-9380-5203d2cbdd4f","swabex-o","footwear_materials_locales","""""","""""","""""","""""",""""""
"products","f1c9eb49-be61-4423-9380-5203d2cbdd4f","swabex-o","footwear_special_features_locales","""""","""""","""""","""""",""""""
"products","f1c9eb49-be61-4423-9380-5203d2cbdd4f","swabex-o","connections_locales","""""","""""","""""","""""",""""""
"products","f1c9eb49-be61-4423-9380-5203d2cbdd4f","swabex-o","compatible_with_locales","""""","""""","""""","""""",""""""
"products","f1c9eb49-be61-4423-9380-5203d2cbdd4f","swabex-o","coatings_locales","""""","""""","""""","""""",""""""
"products","f1c9eb49-be61-4423-9380-5203d2cbdd4f","swabex-o","eye_face_materials_locales","""""","""""","""""","""""",""""""
"products","f1c9eb49-be61-4423-9380-5203d2cbdd4f","swabex-o","head_tech_specs_locales","""""","""""","""""","""""",""""""
"products","f1c9eb49-be61-4423-9380-5203d2cbdd4f","swabex-o","clothing_attributes_locales","""""","""""","""""","""""",""""""
"products","b4828268-dbab-4c9f-a5ea-524492f27480","swabex-o-100x100x560","name_locales","SWABEX O 100x100x560","SWABEX O 100x100x560","""""","""""",""""""
"products","b4828268-dbab-4c9f-a5ea-524492f27480","swabex-o-100x100x560","description_locales","Heat-resistant cotton swabbing tools with optional protective felt head cover, featuring a strong yet malleable metal handle for safe and precise mould maintenance in glass manufacturing, metal casting, forging, and ceramic forming.","Scovoli in cotone resistenti al calore con copritesta protettivo in feltro opzionale, dotati di manico in metallo robusto ma flessibile per una manutenzione sicura e precisa degli stampi nella produzione del vetro, colata dei metalli, forgiatura e formatura della ceramica.","""""","""""",""""""
"products","b4828268-dbab-4c9f-a5ea-524492f27480","swabex-o-100x100x560","short_description_locales","Cotton swab with optional head cover and metal handle","Scovolo in cotone con feltro opzionale in punta e manico in metallo","""""","""""",""""""
"products","b4828268-dbab-4c9f-a5ea-524492f27480","swabex-o-100x100x560","category_locales","Industrial Swabs","Scovoli industriali","""""","""""",""""""
"products","b4828268-dbab-4c9f-a5ea-524492f27480","swabex-o-100x100x560","sub_category_locales","","","""""","""""",""""""
"products","b4828268-dbab-4c9f-a5ea-524492f27480","swabex-o-100x100x560","features_locales","[""Heat-resistant cotton pads with optional head cover"",""Strong but malleable handles designed for safe operation and precise application in hot-end environments. Available with and without ring."",""Multiple head shapes and sizes (incl. custom size)"",""Durable construction. Resistant to high heat, abrasion, and repeated industrial use.""]","[""Scovoli in cotone resistenti al calore con feltro protettivo opzionale"",""Manici robusti ma flessibili, progettati per un utilizzo sicuro e un’applicazione precisa nella zona calda. Disponibile con e senza anello."",""Varie forme e dimensioni (incluse misure personalizzate)"",""Struttura durevole, resistente alle alte temperature, all’abrasione e all’uso industriale ripetuto""]","""""","""""",""""""
"products","b4828268-dbab-4c9f-a5ea-524492f27480","swabex-o-100x100x560","applications_locales","[""Lubricating blank, neck, and blow moulds in bottle and jar production"",""Mould lubrication in non-ferrous metal casting"",""Hot forging""]","[""Lubrificazione degli stampi nella produzione di bottiglie e vasetti"",""Lubrificazione degli stampi nella colata di metalli non ferrosi"",""Forgiatura a caldo""]","""""","""""",""""""
"products","b4828268-dbab-4c9f-a5ea-524492f27480","swabex-o-100x100x560","industries_locales","[""Glass manufacturing"",""Metal casting"",""Forging and pressing"",""Ceramic forming""]","[""Industria del vetro"",""Metallurgia"",""Forgiatura e stampaggio"",""Ceramica""]","""""","""""",""""""
"products","b4828268-dbab-4c9f-a5ea-524492f27480","swabex-o-100x100x560","tags_locales","[""swabbing tools"",""lubricating"",""cotton swabs"",""glass manufacturing""]","[""scovoli in cotone"",""lubrificazione stampi"",""industria del vetro""]","""""","""""",""""""
"products","b4828268-dbab-4c9f-a5ea-524492f27480","swabex-o-100x100x560","size_locales","One size","Unica","""""","""""",""""""
"products","b4828268-dbab-4c9f-a5ea-524492f27480","swabex-o-100x100x560","materials_locales","[""Cotton""]","[""Cotone""]","""""","""""",""""""
"products","b4828268-dbab-4c9f-a5ea-524492f27480","swabex-o-100x100x560","eye_face_comfort_features_locales","""""","""""","""""","""""",""""""
"products","b4828268-dbab-4c9f-a5ea-524492f27480","swabex-o-100x100x560","eye_face_equipment_locales","""""","""""","""""","""""",""""""
"products","b4828268-dbab-4c9f-a5ea-524492f27480","swabex-o-100x100x560","head_comfort_features_locales","""""","""""","""""","""""",""""""
"products","b4828268-dbab-4c9f-a5ea-524492f27480","swabex-o-100x100x560","head_other_details_locales","""""","""""","""""","""""",""""""
"products","b4828268-dbab-4c9f-a5ea-524492f27480","swabex-o-100x100x560","head_equipment_locales","""""","""""","""""","""""",""""""
"products","b4828268-dbab-4c9f-a5ea-524492f27480","swabex-o-100x100x560","footwear_comfort_features_locales","""""","""""","""""","""""",""""""
"products","b4828268-dbab-4c9f-a5ea-524492f27480","swabex-o-100x100x560","hearing_comfort_features_locales","""""","""""","""""","""""",""""""
"products","b4828268-dbab-4c9f-a5ea-524492f27480","swabex-o-100x100x560","hearing_other_details_locales","""""","""""","""""","""""",""""""
"products","b4828268-dbab-4c9f-a5ea-524492f27480","swabex-o-100x100x560","hearing_equipment_locales","""""","""""","""""","""""",""""""
"products","b4828268-dbab-4c9f-a5ea-524492f27480","swabex-o-100x100x560","respiratory_comfort_features_locales","""""","""""","""""","""""",""""""
"products","b4828268-dbab-4c9f-a5ea-524492f27480","swabex-o-100x100x560","respiratory_other_details_locales","""""","""""","""""","""""",""""""
"products","b4828268-dbab-4c9f-a5ea-524492f27480","swabex-o-100x100x560","respiratory_equipment_locales","""""","""""","""""","""""",""""""
"products","b4828268-dbab-4c9f-a5ea-524492f27480","swabex-o-100x100x560","clothing_comfort_features_locales","""""","""""","""""","""""",""""""
"products","b4828268-dbab-4c9f-a5ea-524492f27480","swabex-o-100x100x560","clothing_other_details_locales","""""","""""","""""","""""",""""""
"products","b4828268-dbab-4c9f-a5ea-524492f27480","swabex-o-100x100x560","footwear_materials_locales","""""","""""","""""","""""",""""""
"products","b4828268-dbab-4c9f-a5ea-524492f27480","swabex-o-100x100x560","footwear_special_features_locales","""""","""""","""""","""""",""""""
"products","b4828268-dbab-4c9f-a5ea-524492f27480","swabex-o-100x100x560","connections_locales","""""","""""","""""","""""",""""""
"products","b4828268-dbab-4c9f-a5ea-524492f27480","swabex-o-100x100x560","compatible_with_locales","""""","""""","""""","""""",""""""
"products","b4828268-dbab-4c9f-a5ea-524492f27480","swabex-o-100x100x560","coatings_locales","""""","""""","""""","""""",""""""
"products","b4828268-dbab-4c9f-a5ea-524492f27480","swabex-o-100x100x560","eye_face_materials_locales","""""","""""","""""","""""",""""""
"products","b4828268-dbab-4c9f-a5ea-524492f27480","swabex-o-100x100x560","head_tech_specs_locales","""""","""""","""""","""""",""""""
"products","b4828268-dbab-4c9f-a5ea-524492f27480","swabex-o-100x100x560","clothing_attributes_locales","""""","""""","""""","""""",""""""
"products","4078ffef-7c99-4538-b628-0b2c191db73a","swabex-o-45x75x470","name_locales","SWABEX O 45x75x470","SWABEX O 45x75x470","""""","""""",""""""
"products","4078ffef-7c99-4538-b628-0b2c191db73a","swabex-o-45x75x470","description_locales","Heat-resistant cotton swabbing tools with optional protective felt head cover, featuring a strong yet malleable metal handle for safe and precise mould maintenance in glass manufacturing, metal casting, forging, and ceramic forming.","Scovoli in cotone resistenti al calore con copritesta protettivo in feltro opzionale, dotati di manico in metallo robusto ma flessibile per una manutenzione sicura e precisa degli stampi nella produzione del vetro, colata dei metalli, forgiatura e formatura della ceramica.","""""","""""",""""""
"products","4078ffef-7c99-4538-b628-0b2c191db73a","swabex-o-45x75x470","short_description_locales","Cotton swab with optional head cover and metal handle","Scovolo in cotone con feltro opzionale in punta e manico in metallo","""""","""""",""""""
"products","4078ffef-7c99-4538-b628-0b2c191db73a","swabex-o-45x75x470","category_locales","Industrial Swabs","Scovoli industriali","""""","""""",""""""
"products","4078ffef-7c99-4538-b628-0b2c191db73a","swabex-o-45x75x470","sub_category_locales","","","""""","""""",""""""
"products","4078ffef-7c99-4538-b628-0b2c191db73a","swabex-o-45x75x470","features_locales","[""Heat-resistant cotton pads with optional head cover"",""Strong but malleable handles designed for safe operation and precise application in hot-end environments. Available with and without ring."",""Multiple head shapes and sizes (incl. custom size)"",""Durable construction. Resistant to high heat, abrasion, and repeated industrial use.""]","[""Scovoli in cotone resistenti al calore con feltro protettivo opzionale"",""Manici robusti ma flessibili, progettati per un utilizzo sicuro e un’applicazione precisa nella zona calda. Disponibile con e senza anello."",""Varie forme e dimensioni (incluse misure personalizzate)"",""Struttura durevole, resistente alle alte temperature, all’abrasione e all’uso industriale ripetuto""]","""""","""""",""""""
"products","4078ffef-7c99-4538-b628-0b2c191db73a","swabex-o-45x75x470","applications_locales","[""Lubricating blank, neck, and blow moulds in bottle and jar production"",""Mould lubrication in non-ferrous metal casting"",""Hot forging""]","[""Lubrificazione degli stampi nella produzione di bottiglie e vasetti"",""Lubrificazione degli stampi nella colata di metalli non ferrosi"",""Forgiatura a caldo""]","""""","""""",""""""
"products","4078ffef-7c99-4538-b628-0b2c191db73a","swabex-o-45x75x470","industries_locales","[""Glass manufacturing"",""Metal casting"",""Forging and pressing"",""Ceramic forming""]","[""Industria del vetro"",""Metallurgia"",""Forgiatura e stampaggio"",""Ceramica""]","""""","""""",""""""
"products","4078ffef-7c99-4538-b628-0b2c191db73a","swabex-o-45x75x470","tags_locales","[""swabbing tools"",""lubricating"",""cotton swabs"",""glass manufacturing""]","[""scovoli in cotone"",""lubrificazione stampi"",""industria del vetro""]","""""","""""",""""""
"products","4078ffef-7c99-4538-b628-0b2c191db73a","swabex-o-45x75x470","size_locales","One size","Unica","""""","""""",""""""
"products","4078ffef-7c99-4538-b628-0b2c191db73a","swabex-o-45x75x470","materials_locales","[""Cotton""]","[""Cotone""]","""""","""""",""""""
"products","4078ffef-7c99-4538-b628-0b2c191db73a","swabex-o-45x75x470","eye_face_comfort_features_locales","""""","""""","""""","""""",""""""
"products","4078ffef-7c99-4538-b628-0b2c191db73a","swabex-o-45x75x470","eye_face_equipment_locales","""""","""""","""""","""""",""""""
"products","4078ffef-7c99-4538-b628-0b2c191db73a","swabex-o-45x75x470","head_comfort_features_locales","""""","""""","""""","""""",""""""
"products","4078ffef-7c99-4538-b628-0b2c191db73a","swabex-o-45x75x470","head_other_details_locales","""""","""""","""""","""""",""""""
"products","4078ffef-7c99-4538-b628-0b2c191db73a","swabex-o-45x75x470","head_equipment_locales","""""","""""","""""","""""",""""""
"products","4078ffef-7c99-4538-b628-0b2c191db73a","swabex-o-45x75x470","footwear_comfort_features_locales","""""","""""","""""","""""",""""""
"products","4078ffef-7c99-4538-b628-0b2c191db73a","swabex-o-45x75x470","hearing_comfort_features_locales","""""","""""","""""","""""",""""""
"products","4078ffef-7c99-4538-b628-0b2c191db73a","swabex-o-45x75x470","hearing_other_details_locales","""""","""""","""""","""""",""""""
"products","4078ffef-7c99-4538-b628-0b2c191db73a","swabex-o-45x75x470","hearing_equipment_locales","""""","""""","""""","""""",""""""
"products","4078ffef-7c99-4538-b628-0b2c191db73a","swabex-o-45x75x470","respiratory_comfort_features_locales","""""","""""","""""","""""",""""""
"products","4078ffef-7c99-4538-b628-0b2c191db73a","swabex-o-45x75x470","respiratory_other_details_locales","""""","""""","""""","""""",""""""
"products","4078ffef-7c99-4538-b628-0b2c191db73a","swabex-o-45x75x470","respiratory_equipment_locales","""""","""""","""""","""""",""""""
"products","4078ffef-7c99-4538-b628-0b2c191db73a","swabex-o-45x75x470","clothing_comfort_features_locales","""""","""""","""""","""""",""""""
"products","4078ffef-7c99-4538-b628-0b2c191db73a","swabex-o-45x75x470","clothing_other_details_locales","""""","""""","""""","""""",""""""
"products","4078ffef-7c99-4538-b628-0b2c191db73a","swabex-o-45x75x470","footwear_materials_locales","""""","""""","""""","""""",""""""
"products","4078ffef-7c99-4538-b628-0b2c191db73a","swabex-o-45x75x470","footwear_special_features_locales","""""","""""","""""","""""",""""""
"products","4078ffef-7c99-4538-b628-0b2c191db73a","swabex-o-45x75x470","connections_locales","""""","""""","""""","""""",""""""
"products","4078ffef-7c99-4538-b628-0b2c191db73a","swabex-o-45x75x470","compatible_with_locales","""""","""""","""""","""""",""""""
"products","4078ffef-7c99-4538-b628-0b2c191db73a","swabex-o-45x75x470","coatings_locales","""""","""""","""""","""""",""""""
"products","4078ffef-7c99-4538-b628-0b2c191db73a","swabex-o-45x75x470","eye_face_materials_locales","""""","""""","""""","""""",""""""
"products","4078ffef-7c99-4538-b628-0b2c191db73a","swabex-o-45x75x470","head_tech_specs_locales","""""","""""","""""","""""",""""""
"products","4078ffef-7c99-4538-b628-0b2c191db73a","swabex-o-45x75x470","clothing_attributes_locales","""""","""""","""""","""""",""""""
"products","e85c4e38-5c51-41a8-b45e-a82baa2e2041","swabex-o-60x70x450","name_locales","SWABEX O 60x70x450","SWABEX O 60x70x450","""""","""""",""""""
"products","e85c4e38-5c51-41a8-b45e-a82baa2e2041","swabex-o-60x70x450","description_locales","Heat-resistant cotton swabbing tools with optional protective felt head cover, featuring a strong yet malleable metal handle for safe and precise mould maintenance in glass manufacturing, metal casting, forging, and ceramic forming.","Scovoli in cotone resistenti al calore con copritesta protettivo in feltro opzionale, dotati di manico in metallo robusto ma flessibile per una manutenzione sicura e precisa degli stampi nella produzione del vetro, colata dei metalli, forgiatura e formatura della ceramica.","""""","""""",""""""
"products","e85c4e38-5c51-41a8-b45e-a82baa2e2041","swabex-o-60x70x450","short_description_locales","Cotton swab with optional head cover and metal handle","Scovolo in cotone con feltro opzionale in punta e manico in metallo","""""","""""",""""""
"products","e85c4e38-5c51-41a8-b45e-a82baa2e2041","swabex-o-60x70x450","category_locales","Industrial Swabs","Scovoli industriali","""""","""""",""""""
"products","e85c4e38-5c51-41a8-b45e-a82baa2e2041","swabex-o-60x70x450","sub_category_locales","","","""""","""""",""""""
"products","e85c4e38-5c51-41a8-b45e-a82baa2e2041","swabex-o-60x70x450","features_locales","[""Heat-resistant cotton pads with optional head cover"",""Strong but malleable handles designed for safe operation and precise application in hot-end environments. Available with and without ring."",""Multiple head shapes and sizes (incl. custom size)"",""Durable construction. Resistant to high heat, abrasion, and repeated industrial use.""]","[""Scovoli in cotone resistenti al calore con feltro protettivo opzionale"",""Manici robusti ma flessibili, progettati per un utilizzo sicuro e un’applicazione precisa nella zona calda. Disponibile con e senza anello."",""Varie forme e dimensioni (incluse misure personalizzate)"",""Struttura durevole, resistente alle alte temperature, all’abrasione e all’uso industriale ripetuto""]","""""","""""",""""""
"products","e85c4e38-5c51-41a8-b45e-a82baa2e2041","swabex-o-60x70x450","applications_locales","[""Lubricating blank, neck, and blow moulds in bottle and jar production"",""Mould lubrication in non-ferrous metal casting"",""Hot forging""]","[""Lubrificazione degli stampi nella produzione di bottiglie e vasetti"",""Lubrificazione degli stampi nella colata di metalli non ferrosi"",""Forgiatura a caldo""]","""""","""""",""""""
"products","e85c4e38-5c51-41a8-b45e-a82baa2e2041","swabex-o-60x70x450","industries_locales","[""Glass manufacturing"",""Metal casting"",""Forging and pressing"",""Ceramic forming""]","[""Industria del vetro"",""Metallurgia"",""Forgiatura e stampaggio"",""Ceramica""]","""""","""""",""""""
"products","e85c4e38-5c51-41a8-b45e-a82baa2e2041","swabex-o-60x70x450","tags_locales","[""swabbing tools"",""lubricating"",""cotton swabs"",""glass manufacturing""]","[""scovoli in cotone"",""lubrificazione stampi"",""industria del vetro""]","""""","""""",""""""
"products","e85c4e38-5c51-41a8-b45e-a82baa2e2041","swabex-o-60x70x450","size_locales","One size","Unica","""""","""""",""""""
"products","e85c4e38-5c51-41a8-b45e-a82baa2e2041","swabex-o-60x70x450","materials_locales","[""Cotton""]","[""Cotone""]","""""","""""",""""""
"products","e85c4e38-5c51-41a8-b45e-a82baa2e2041","swabex-o-60x70x450","eye_face_comfort_features_locales","""""","""""","""""","""""",""""""
"products","e85c4e38-5c51-41a8-b45e-a82baa2e2041","swabex-o-60x70x450","eye_face_equipment_locales","""""","""""","""""","""""",""""""
"products","e85c4e38-5c51-41a8-b45e-a82baa2e2041","swabex-o-60x70x450","head_comfort_features_locales","""""","""""","""""","""""",""""""
"products","e85c4e38-5c51-41a8-b45e-a82baa2e2041","swabex-o-60x70x450","head_other_details_locales","""""","""""","""""","""""",""""""
"products","e85c4e38-5c51-41a8-b45e-a82baa2e2041","swabex-o-60x70x450","head_equipment_locales","""""","""""","""""","""""",""""""
"products","e85c4e38-5c51-41a8-b45e-a82baa2e2041","swabex-o-60x70x450","footwear_comfort_features_locales","""""","""""","""""","""""",""""""
"products","e85c4e38-5c51-41a8-b45e-a82baa2e2041","swabex-o-60x70x450","hearing_comfort_features_locales","""""","""""","""""","""""",""""""
"products","e85c4e38-5c51-41a8-b45e-a82baa2e2041","swabex-o-60x70x450","hearing_other_details_locales","""""","""""","""""","""""",""""""
"products","e85c4e38-5c51-41a8-b45e-a82baa2e2041","swabex-o-60x70x450","hearing_equipment_locales","""""","""""","""""","""""",""""""
"products","e85c4e38-5c51-41a8-b45e-a82baa2e2041","swabex-o-60x70x450","respiratory_comfort_features_locales","""""","""""","""""","""""",""""""
"products","e85c4e38-5c51-41a8-b45e-a82baa2e2041","swabex-o-60x70x450","respiratory_other_details_locales","""""","""""","""""","""""",""""""
"products","e85c4e38-5c51-41a8-b45e-a82baa2e2041","swabex-o-60x70x450","respiratory_equipment_locales","""""","""""","""""","""""",""""""
"products","e85c4e38-5c51-41a8-b45e-a82baa2e2041","swabex-o-60x70x450","clothing_comfort_features_locales","""""","""""","""""","""""",""""""
"products","e85c4e38-5c51-41a8-b45e-a82baa2e2041","swabex-o-60x70x450","clothing_other_details_locales","""""","""""","""""","""""",""""""
"products","e85c4e38-5c51-41a8-b45e-a82baa2e2041","swabex-o-60x70x450","footwear_materials_locales","""""","""""","""""","""""",""""""
"products","e85c4e38-5c51-41a8-b45e-a82baa2e2041","swabex-o-60x70x450","footwear_special_features_locales","""""","""""","""""","""""",""""""
"products","e85c4e38-5c51-41a8-b45e-a82baa2e2041","swabex-o-60x70x450","connections_locales","""""","""""","""""","""""",""""""
"products","e85c4e38-5c51-41a8-b45e-a82baa2e2041","swabex-o-60x70x450","compatible_with_locales","""""","""""","""""","""""",""""""
"products","e85c4e38-5c51-41a8-b45e-a82baa2e2041","swabex-o-60x70x450","coatings_locales","""""","""""","""""","""""",""""""
"products","e85c4e38-5c51-41a8-b45e-a82baa2e2041","swabex-o-60x70x450","eye_face_materials_locales","""""","""""","""""","""""",""""""
"products","e85c4e38-5c51-41a8-b45e-a82baa2e2041","swabex-o-60x70x450","head_tech_specs_locales","""""","""""","""""","""""",""""""
"products","e85c4e38-5c51-41a8-b45e-a82baa2e2041","swabex-o-60x70x450","clothing_attributes_locales","""""","""""","""""","""""",""""""
"products","a18d1e82-6196-4266-8a67-f93dfaaea43d","swabex-o-70x100x510","name_locales","SWABEX O 70x100x510","SWABEX O 70x100x510","""""","""""",""""""
"products","a18d1e82-6196-4266-8a67-f93dfaaea43d","swabex-o-70x100x510","description_locales","Heat-resistant cotton swabbing tools with optional protective felt head cover, featuring a strong yet malleable metal handle for safe and precise mould maintenance in glass manufacturing, metal casting, forging, and ceramic forming.","Scovoli in cotone resistenti al calore con copritesta protettivo in feltro opzionale, dotati di manico in metallo robusto ma flessibile per una manutenzione sicura e precisa degli stampi nella produzione del vetro, colata dei metalli, forgiatura e formatura della ceramica.","""""","""""",""""""
"products","a18d1e82-6196-4266-8a67-f93dfaaea43d","swabex-o-70x100x510","short_description_locales","Cotton swab with optional head cover and metal handle","Scovolo in cotone con feltro opzionale in punta e manico in metallo","""""","""""",""""""
"products","a18d1e82-6196-4266-8a67-f93dfaaea43d","swabex-o-70x100x510","category_locales","Industrial Swabs","Scovoli industriali","""""","""""",""""""
"products","a18d1e82-6196-4266-8a67-f93dfaaea43d","swabex-o-70x100x510","sub_category_locales","","","""""","""""",""""""
"products","a18d1e82-6196-4266-8a67-f93dfaaea43d","swabex-o-70x100x510","features_locales","[""Heat-resistant cotton pads with optional head cover"",""Strong but malleable handles designed for safe operation and precise application in hot-end environments. Available with and without ring."",""Multiple head shapes and sizes (incl. custom size)"",""Durable construction. Resistant to high heat, abrasion, and repeated industrial use.""]","[""Scovoli in cotone resistenti al calore con feltro protettivo opzionale"",""Manici robusti ma flessibili, progettati per un utilizzo sicuro e un’applicazione precisa nella zona calda. Disponibile con e senza anello."",""Varie forme e dimensioni (incluse misure personalizzate)"",""Struttura durevole, resistente alle alte temperature, all’abrasione e all’uso industriale ripetuto""]","""""","""""",""""""
"products","a18d1e82-6196-4266-8a67-f93dfaaea43d","swabex-o-70x100x510","applications_locales","[""Lubricating blank, neck, and blow moulds in bottle and jar production"",""Mould lubrication in non-ferrous metal casting"",""Hot forging""]","[""Lubrificazione degli stampi nella produzione di bottiglie e vasetti"",""Lubrificazione degli stampi nella colata di metalli non ferrosi"",""Forgiatura a caldo""]","""""","""""",""""""
"products","a18d1e82-6196-4266-8a67-f93dfaaea43d","swabex-o-70x100x510","industries_locales","[""Glass manufacturing"",""Metal casting"",""Forging and pressing"",""Ceramic forming""]","[""Industria del vetro"",""Metallurgia"",""Forgiatura e stampaggio"",""Ceramica""]","""""","""""",""""""
"products","a18d1e82-6196-4266-8a67-f93dfaaea43d","swabex-o-70x100x510","tags_locales","[""swabbing tools"",""lubricating"",""cotton swabs"",""glass manufacturing""]","[""scovoli in cotone"",""lubrificazione stampi"",""industria del vetro""]","""""","""""",""""""
"products","a18d1e82-6196-4266-8a67-f93dfaaea43d","swabex-o-70x100x510","size_locales","One size","Unica","""""","""""",""""""
"products","a18d1e82-6196-4266-8a67-f93dfaaea43d","swabex-o-70x100x510","materials_locales","[""Cotton""]","[""Cotone""]","""""","""""",""""""
"products","a18d1e82-6196-4266-8a67-f93dfaaea43d","swabex-o-70x100x510","eye_face_comfort_features_locales","""""","""""","""""","""""",""""""
"products","a18d1e82-6196-4266-8a67-f93dfaaea43d","swabex-o-70x100x510","eye_face_equipment_locales","""""","""""","""""","""""",""""""
"products","a18d1e82-6196-4266-8a67-f93dfaaea43d","swabex-o-70x100x510","head_comfort_features_locales","""""","""""","""""","""""",""""""
"products","a18d1e82-6196-4266-8a67-f93dfaaea43d","swabex-o-70x100x510","head_other_details_locales","""""","""""","""""","""""",""""""
"products","a18d1e82-6196-4266-8a67-f93dfaaea43d","swabex-o-70x100x510","head_equipment_locales","""""","""""","""""","""""",""""""
"products","a18d1e82-6196-4266-8a67-f93dfaaea43d","swabex-o-70x100x510","footwear_comfort_features_locales","""""","""""","""""","""""",""""""
"products","a18d1e82-6196-4266-8a67-f93dfaaea43d","swabex-o-70x100x510","hearing_comfort_features_locales","""""","""""","""""","""""",""""""
"products","a18d1e82-6196-4266-8a67-f93dfaaea43d","swabex-o-70x100x510","hearing_other_details_locales","""""","""""","""""","""""",""""""
"products","a18d1e82-6196-4266-8a67-f93dfaaea43d","swabex-o-70x100x510","hearing_equipment_locales","""""","""""","""""","""""",""""""
"products","a18d1e82-6196-4266-8a67-f93dfaaea43d","swabex-o-70x100x510","respiratory_comfort_features_locales","""""","""""","""""","""""",""""""
"products","a18d1e82-6196-4266-8a67-f93dfaaea43d","swabex-o-70x100x510","respiratory_other_details_locales","""""","""""","""""","""""",""""""
"products","a18d1e82-6196-4266-8a67-f93dfaaea43d","swabex-o-70x100x510","respiratory_equipment_locales","""""","""""","""""","""""",""""""
"products","a18d1e82-6196-4266-8a67-f93dfaaea43d","swabex-o-70x100x510","clothing_comfort_features_locales","""""","""""","""""","""""",""""""
"products","a18d1e82-6196-4266-8a67-f93dfaaea43d","swabex-o-70x100x510","clothing_other_details_locales","""""","""""","""""","""""",""""""
"products","a18d1e82-6196-4266-8a67-f93dfaaea43d","swabex-o-70x100x510","footwear_materials_locales","""""","""""","""""","""""",""""""
"products","a18d1e82-6196-4266-8a67-f93dfaaea43d","swabex-o-70x100x510","footwear_special_features_locales","""""","""""","""""","""""",""""""
"products","a18d1e82-6196-4266-8a67-f93dfaaea43d","swabex-o-70x100x510","connections_locales","""""","""""","""""","""""",""""""
"products","a18d1e82-6196-4266-8a67-f93dfaaea43d","swabex-o-70x100x510","compatible_with_locales","""""","""""","""""","""""",""""""
"products","a18d1e82-6196-4266-8a67-f93dfaaea43d","swabex-o-70x100x510","coatings_locales","""""","""""","""""","""""",""""""
"products","a18d1e82-6196-4266-8a67-f93dfaaea43d","swabex-o-70x100x510","eye_face_materials_locales","""""","""""","""""","""""",""""""
"products","a18d1e82-6196-4266-8a67-f93dfaaea43d","swabex-o-70x100x510","head_tech_specs_locales","""""","""""","""""","""""",""""""
"products","a18d1e82-6196-4266-8a67-f93dfaaea43d","swabex-o-70x100x510","clothing_attributes_locales","""""","""""","""""","""""",""""""
"products","05f43560-fafa-4b13-be93-11abd77c0746","thermo-boss","name_locales","Thermo Boss","Thermo Boss","""""","""""",""""""
"products","05f43560-fafa-4b13-be93-11abd77c0746","thermo-boss","description_locales","The helmet, with optimized weight, is suitable for use in very high ambient temperatures. It complies with EN 397 and additional requirements for 440 V AC and very high temperatures, and features side Euroslot attachments for mounting earmuff hearing protection.","Il casco con peso ottimizzato è adatto per l'uso a temperature ambiente molto elevate.Conforme alla norma EN 397 e ai requisiti supplementari per 440 V CA e temperature molto alte, con attacchi Euroslot laterali per il supporto del dispositivo di protezione dell'udito a cuffia
","""""","""""",""""""
"products","05f43560-fafa-4b13-be93-11abd77c0746","thermo-boss","short_description_locales","Safety helmet suitable for high temperatures","Elmetto di sicurezza adatto a elevate temperature","""""","""""",""""""
"products","05f43560-fafa-4b13-be93-11abd77c0746","thermo-boss","category_locales","Head protection","Protezione della testa","""""","""""",""""""
"products","05f43560-fafa-4b13-be93-11abd77c0746","thermo-boss","sub_category_locales","Safety Helmets","Caschi di sicurezza","""""","""""",""""""
"products","05f43560-fafa-4b13-be93-11abd77c0746","thermo-boss","features_locales","[""Lateral Euroslot attachments (30 mm) for securing earmuff hearing protection devices and the Pronamic visor system"",""Electrical insulation up to 440 V"",""Long visor to protect against splashes and potential hazards""]","[""Attacchi Euroslot laterali (30 mm) per il fissaggio di dispositivi di protezione dell'udito a cuffia e del sistema di visiera pronamic"",""Isolamento elettrico 440 V"",""Visiera lunga per proteggere da schizzi ed eventuali""]","""""","""""",""""""
"products","05f43560-fafa-4b13-be93-11abd77c0746","thermo-boss","applications_locales","[""Operations in low temperatures"",""Operations in high-voltage environments"",""Head protection at temperatures equal to or exceeding 150°C"",""Operations in presence of flames""]","[""Operazioni in ambienti ad alta tensione"",""Protezione del capo a temperature uguali o superiori a 150°c"",""Operazioni in presenza di fiamma""]","""""","""""",""""""
"products","05f43560-fafa-4b13-be93-11abd77c0746","thermo-boss","industries_locales","[""Construction"",""Energy"",""Forestry"",""Logistcs"",""Heavy industries""]","[""Fonderie"",""Industria pesante"",""Logistica""]","""""","""""",""""""
"products","05f43560-fafa-4b13-be93-11abd77c0746","thermo-boss","tags_locales","[""helmet""]","[]","""""","""""",""""""
"products","05f43560-fafa-4b13-be93-11abd77c0746","thermo-boss","size_locales","52 - 61 cm","","""""","""""",""""""
"products","05f43560-fafa-4b13-be93-11abd77c0746","thermo-boss","materials_locales","[""Polycarbonate (PC)"",""Plastic""]","[""Policarbonato (PC)"",""Plastica""]","""""","""""",""""""
"products","05f43560-fafa-4b13-be93-11abd77c0746","thermo-boss","eye_face_comfort_features_locales","""""","""""","""""","""""",""""""
"products","05f43560-fafa-4b13-be93-11abd77c0746","thermo-boss","eye_face_equipment_locales","""""","""""","""""","""""",""""""
"products","05f43560-fafa-4b13-be93-11abd77c0746","thermo-boss","head_comfort_features_locales","[""Integrated sweatband"",""Rain drain around the entire perimeter"",""Wide neck support and close-fitting design""]","[""Fascia antisudore integrata"",""Canalina di scolo per la pioggia su tutto il perimetro"",""Ampio supporto della nuca e posizionamento vicino alla testa""]","""""","""""",""""""
"products","05f43560-fafa-4b13-be93-11abd77c0746","thermo-boss","head_other_details_locales","[]","[]","""""","""""",""""""
"products","05f43560-fafa-4b13-be93-11abd77c0746","thermo-boss","head_equipment_locales","[""Side Euroslot adapters (30 mm) for attaching earmuffs"",""Four retaining clips for fitting head torches or goggles"",""EN 12492 forked chin strap included""]","[]","""""","""""",""""""
"products","05f43560-fafa-4b13-be93-11abd77c0746","thermo-boss","footwear_comfort_features_locales","""""","""""","""""","""""",""""""
"products","05f43560-fafa-4b13-be93-11abd77c0746","thermo-boss","hearing_comfort_features_locales","""""","""""","""""","""""",""""""
"products","05f43560-fafa-4b13-be93-11abd77c0746","thermo-boss","hearing_other_details_locales","""""","""""","""""","""""",""""""
"products","05f43560-fafa-4b13-be93-11abd77c0746","thermo-boss","hearing_equipment_locales","""""","""""","""""","""""",""""""
"products","05f43560-fafa-4b13-be93-11abd77c0746","thermo-boss","respiratory_comfort_features_locales","""""","""""","""""","""""",""""""
"products","05f43560-fafa-4b13-be93-11abd77c0746","thermo-boss","respiratory_other_details_locales","""""","""""","""""","""""",""""""
"products","05f43560-fafa-4b13-be93-11abd77c0746","thermo-boss","respiratory_equipment_locales","""""","""""","""""","""""",""""""
"products","05f43560-fafa-4b13-be93-11abd77c0746","thermo-boss","clothing_comfort_features_locales","""""","""""","""""","""""",""""""
"products","05f43560-fafa-4b13-be93-11abd77c0746","thermo-boss","clothing_other_details_locales","""""","""""","""""","""""",""""""
"products","05f43560-fafa-4b13-be93-11abd77c0746","thermo-boss","footwear_materials_locales","""""","""""","""""","""""",""""""
"products","05f43560-fafa-4b13-be93-11abd77c0746","thermo-boss","footwear_special_features_locales","""""","""""","""""","""""",""""""
"products","05f43560-fafa-4b13-be93-11abd77c0746","thermo-boss","connections_locales","""""","""""","""""","""""",""""""
"products","05f43560-fafa-4b13-be93-11abd77c0746","thermo-boss","compatible_with_locales","""""","""""","""""","""""",""""""
"products","05f43560-fafa-4b13-be93-11abd77c0746","thermo-boss","coatings_locales","""""","""""","""""","""""",""""""
"products","05f43560-fafa-4b13-be93-11abd77c0746","thermo-boss","eye_face_materials_locales","""""","""""","""""","""""",""""""
"products","05f43560-fafa-4b13-be93-11abd77c0746","thermo-boss","head_tech_specs_locales","""""","""""","""""","""""",""""""
"products","05f43560-fafa-4b13-be93-11abd77c0746","thermo-boss","clothing_attributes_locales","""""","""""","""""","""""",""""""
"products","ca6a4f05-e917-4418-8e26-d0d5b4dc8f0f","tune-up-insole","name_locales","tune-up insole","tune-up insole","""""","""""",""""""
"products","ca6a4f05-e917-4418-8e26-d0d5b4dc8f0f","tune-up-insole","description_locales","Antistatic insole for use in safety footwear. Designed to reduce fatigue by increasing comfort and improving ergonomics with optimal arch support. Available with three levels: High, Medium, Low.","Sottopiede antistatico per utilizzo nelle calzature di sicurezza. Progettato per ridurre l’affaticamento aumentando il comfort e migliorando l’ergonomia grazie al supporto ottimale dell’arco plantare. Disponibile con 3 livelli: Alto, Medio, Basso","""""","""""",""""""
"products","ca6a4f05-e917-4418-8e26-d0d5b4dc8f0f","tune-up-insole","short_description_locales","Antistatic insole for safety footwear","Suoletta antistatica per calzature antinfortunistiche","""""","""""",""""""
"products","ca6a4f05-e917-4418-8e26-d0d5b4dc8f0f","tune-up-insole","category_locales","Safety footwear","Calzature di sicurezza","""""","""""",""""""
"products","ca6a4f05-e917-4418-8e26-d0d5b4dc8f0f","tune-up-insole","sub_category_locales","Insoles and accessories","Plantari e accessori","""""","""""",""""""
"products","ca6a4f05-e917-4418-8e26-d0d5b4dc8f0f","tune-up-insole","features_locales","[""Certified with the corresponding safety shoe (EN ISO 20345)"",""Breathable, moisture-absorbing insole"",""Usable for ESD-footwear"",""Very good cushioning to reduce fatigue""]","[""Certificato con la corrispondente calzatura antinfortunistica (EN ISO 20345)"",""Sottopiede traspirante e assorbente"",""Utilizzabile per calzature ESD"",""Ottimo ammortizzamento per ridurre l'affaticamento""]","""""","""""",""""""
"products","ca6a4f05-e917-4418-8e26-d0d5b4dc8f0f","tune-up-insole","applications_locales","[""Comfort enhancement and fatigue reduction"",""Use with certified safety footwear"",""ESD-compatible footwear applications""]","[""Maggiore comfort e riduzione dell’affaticamento"",""Utilizzo con la corrispondente calzatura di sicurezza certificata"",""Applicazioni con calzature ESD""]","""""","""""",""""""
"products","ca6a4f05-e917-4418-8e26-d0d5b4dc8f0f","tune-up-insole","industries_locales","[""Utilities"",""Construction"",""Oil&Gas"",""Heavy industry"",""Rail"",""Ports"",""Defense"",""Agriculture""]","[""Servizi pubblici"",""Edilizia"",""Petrolio e gas"",""Industria pesante"",""Ferroviario"",""Porti"",""Difesa"",""Agricoltura""]","""""","""""",""""""
"products","ca6a4f05-e917-4418-8e26-d0d5b4dc8f0f","tune-up-insole","tags_locales","[""insole"",""accessory""]","[""plantare"",""accessori""]","""""","""""",""""""
"products","ca6a4f05-e917-4418-8e26-d0d5b4dc8f0f","tune-up-insole","size_locales","35 - 52","35 - 52","""""","""""",""""""
"products","ca6a4f05-e917-4418-8e26-d0d5b4dc8f0f","tune-up-insole","materials_locales","[""PU""]","[""PU""]","""""","""""",""""""
"products","ca6a4f05-e917-4418-8e26-d0d5b4dc8f0f","tune-up-insole","eye_face_comfort_features_locales","""""","""""","""""","""""",""""""
"products","ca6a4f05-e917-4418-8e26-d0d5b4dc8f0f","tune-up-insole","eye_face_equipment_locales","""""","""""","""""","""""",""""""
"products","ca6a4f05-e917-4418-8e26-d0d5b4dc8f0f","tune-up-insole","head_comfort_features_locales","""""","""""","""""","""""",""""""
"products","ca6a4f05-e917-4418-8e26-d0d5b4dc8f0f","tune-up-insole","head_other_details_locales","""""","""""","""""","""""",""""""
"products","ca6a4f05-e917-4418-8e26-d0d5b4dc8f0f","tune-up-insole","head_equipment_locales","""""","""""","""""","""""",""""""
"products","ca6a4f05-e917-4418-8e26-d0d5b4dc8f0f","tune-up-insole","footwear_comfort_features_locales","""""","""""","""""","""""",""""""
"products","ca6a4f05-e917-4418-8e26-d0d5b4dc8f0f","tune-up-insole","hearing_comfort_features_locales","""""","""""","""""","""""",""""""
"products","ca6a4f05-e917-4418-8e26-d0d5b4dc8f0f","tune-up-insole","hearing_other_details_locales","""""","""""","""""","""""",""""""
"products","ca6a4f05-e917-4418-8e26-d0d5b4dc8f0f","tune-up-insole","hearing_equipment_locales","""""","""""","""""","""""",""""""
"products","ca6a4f05-e917-4418-8e26-d0d5b4dc8f0f","tune-up-insole","respiratory_comfort_features_locales","""""","""""","""""","""""",""""""
"products","ca6a4f05-e917-4418-8e26-d0d5b4dc8f0f","tune-up-insole","respiratory_other_details_locales","""""","""""","""""","""""",""""""
"products","ca6a4f05-e917-4418-8e26-d0d5b4dc8f0f","tune-up-insole","respiratory_equipment_locales","""""","""""","""""","""""",""""""
"products","ca6a4f05-e917-4418-8e26-d0d5b4dc8f0f","tune-up-insole","clothing_comfort_features_locales","""""","""""","""""","""""",""""""
"products","ca6a4f05-e917-4418-8e26-d0d5b4dc8f0f","tune-up-insole","clothing_other_details_locales","""""","""""","""""","""""",""""""
"products","ca6a4f05-e917-4418-8e26-d0d5b4dc8f0f","tune-up-insole","footwear_materials_locales","""""","""""","""""","""""",""""""
"products","ca6a4f05-e917-4418-8e26-d0d5b4dc8f0f","tune-up-insole","footwear_special_features_locales","""""","""""","""""","""""",""""""
"products","ca6a4f05-e917-4418-8e26-d0d5b4dc8f0f","tune-up-insole","connections_locales","""""","""""","""""","""""",""""""
"products","ca6a4f05-e917-4418-8e26-d0d5b4dc8f0f","tune-up-insole","compatible_with_locales","""""","""""","""""","""""",""""""
"products","ca6a4f05-e917-4418-8e26-d0d5b4dc8f0f","tune-up-insole","coatings_locales","""""","""""","""""","""""",""""""
"products","ca6a4f05-e917-4418-8e26-d0d5b4dc8f0f","tune-up-insole","eye_face_materials_locales","""""","""""","""""","""""",""""""
"products","ca6a4f05-e917-4418-8e26-d0d5b4dc8f0f","tune-up-insole","head_tech_specs_locales","""""","""""","""""","""""",""""""
"products","ca6a4f05-e917-4418-8e26-d0d5b4dc8f0f","tune-up-insole","clothing_attributes_locales","""""","""""","""""","""""",""""""
"products","d6b02876-2420-445d-a14a-1d1822d3357a","u-cap-sport","name_locales","u-cap sport","u-cap sport","""""","""""",""""""
"products","d6b02876-2420-445d-a14a-1d1822d3357a","u-cap-sport","description_locales","Bump cap with plastic shell for protection against grazes and bumps. Integrated shock-absorbing elements and sweat band. Customisable with logo.","Berretto antiurto con calotta in plastica per protezione da graffi e urti. Elementi ammortizzanti integrati e fascia antisudore. Personalizzabile con logo.","""""","""""",""""""
"products","d6b02876-2420-445d-a14a-1d1822d3357a","u-cap-sport","short_description_locales","Sporty bumper cap","Berretto antiurto sportivo","""""","""""",""""""
"products","d6b02876-2420-445d-a14a-1d1822d3357a","u-cap-sport","category_locales","Head protection","Protezione della testa","""""","""""",""""""
"products","d6b02876-2420-445d-a14a-1d1822d3357a","u-cap-sport","sub_category_locales","Bump Cap","Berretti antiurto","""""","""""",""""""
"products","d6b02876-2420-445d-a14a-1d1822d3357a","u-cap-sport","features_locales","[""Innovative hard “armadillo” shell with honeycomb structure and shock-absorbing elements"",""Cold resistance up to -30°C"",""Shortened visor for a wider field of view"",""Available with mesh interior for high comfort""]","[""Innovativa calotta rigida \""armadillo\"" con struttura a nido d'ape ed elementi ammortizzanti"",""Resistenza al freddo fino a -30°C"",""Visiera accorciata per un campo visivo più ampio"",""Disponibile con interno in rete per il massimo comfort""]","""""","""""",""""""
"products","d6b02876-2420-445d-a14a-1d1822d3357a","u-cap-sport","applications_locales","[""Activities in work environments without falling object risks"",""Prolonged use in hot or cold environments""]","[""Operazioni in ambienti di lavoro senza rischi di caduta oggetti"",""Utilizzo prolungato in ambienti caldi o freddi""]","""""","""""",""""""
"products","d6b02876-2420-445d-a14a-1d1822d3357a","u-cap-sport","industries_locales","[""Storage and logistics"",""Construction""]","[""Magazzinaggio e logistica"",""Edilizia""]","""""","""""",""""""
"products","d6b02876-2420-445d-a14a-1d1822d3357a","u-cap-sport","tags_locales","[""bump cap""]","[""berretto antiurto""]","""""","""""",""""""
"products","d6b02876-2420-445d-a14a-1d1822d3357a","u-cap-sport","size_locales","52–54 / 55–59 / 60–63 cm","52–54 / 55–59 / 60–63 cm","""""","""""",""""""
"products","d6b02876-2420-445d-a14a-1d1822d3357a","u-cap-sport","materials_locales","[""Shell: ABS"",""Lining: Cotton/Mesh""]","[""Calotta: ABS"",""Fodera: Tessuto/retata""]","""""","""""",""""""
"products","d6b02876-2420-445d-a14a-1d1822d3357a","u-cap-sport","eye_face_comfort_features_locales","""""","""""","""""","""""",""""""
"products","d6b02876-2420-445d-a14a-1d1822d3357a","u-cap-sport","eye_face_equipment_locales","""""","""""","""""","""""",""""""
"products","d6b02876-2420-445d-a14a-1d1822d3357a","u-cap-sport","head_comfort_features_locales","""""","""""","""""","""""",""""""
"products","d6b02876-2420-445d-a14a-1d1822d3357a","u-cap-sport","head_other_details_locales","""""","""""","""""","""""",""""""
"products","d6b02876-2420-445d-a14a-1d1822d3357a","u-cap-sport","head_equipment_locales","""""","""""","""""","""""",""""""
"products","d6b02876-2420-445d-a14a-1d1822d3357a","u-cap-sport","footwear_comfort_features_locales","""""","""""","""""","""""",""""""
"products","d6b02876-2420-445d-a14a-1d1822d3357a","u-cap-sport","hearing_comfort_features_locales","""""","""""","""""","""""",""""""
"products","d6b02876-2420-445d-a14a-1d1822d3357a","u-cap-sport","hearing_other_details_locales","""""","""""","""""","""""",""""""
"products","d6b02876-2420-445d-a14a-1d1822d3357a","u-cap-sport","hearing_equipment_locales","""""","""""","""""","""""",""""""
"products","d6b02876-2420-445d-a14a-1d1822d3357a","u-cap-sport","respiratory_comfort_features_locales","""""","""""","""""","""""",""""""
"products","d6b02876-2420-445d-a14a-1d1822d3357a","u-cap-sport","respiratory_other_details_locales","""""","""""","""""","""""",""""""
"products","d6b02876-2420-445d-a14a-1d1822d3357a","u-cap-sport","respiratory_equipment_locales","""""","""""","""""","""""",""""""
"products","d6b02876-2420-445d-a14a-1d1822d3357a","u-cap-sport","clothing_comfort_features_locales","""""","""""","""""","""""",""""""
"products","d6b02876-2420-445d-a14a-1d1822d3357a","u-cap-sport","clothing_other_details_locales","""""","""""","""""","""""",""""""
"products","d6b02876-2420-445d-a14a-1d1822d3357a","u-cap-sport","footwear_materials_locales","""""","""""","""""","""""",""""""
"products","d6b02876-2420-445d-a14a-1d1822d3357a","u-cap-sport","footwear_special_features_locales","""""","""""","""""","""""",""""""
"products","d6b02876-2420-445d-a14a-1d1822d3357a","u-cap-sport","connections_locales","""""","""""","""""","""""",""""""
"products","d6b02876-2420-445d-a14a-1d1822d3357a","u-cap-sport","compatible_with_locales","""""","""""","""""","""""",""""""
"products","d6b02876-2420-445d-a14a-1d1822d3357a","u-cap-sport","coatings_locales","""""","""""","""""","""""",""""""
"products","d6b02876-2420-445d-a14a-1d1822d3357a","u-cap-sport","eye_face_materials_locales","""""","""""","""""","""""",""""""
"products","d6b02876-2420-445d-a14a-1d1822d3357a","u-cap-sport","head_tech_specs_locales","{""colours"":[],""brim_length"":""short"",""form_factor"":""bump_cap"",""additional_features"":[]}","{""colours"":null,""brim_length"":""Corto"",""form_factor"":""berretto antiurto"",""additional_features"":[]}","""""","""""",""""""
"products","d6b02876-2420-445d-a14a-1d1822d3357a","u-cap-sport","clothing_attributes_locales","""""","""""","""""","""""",""""""
"products","a63186a8-745c-44f5-ab3d-be8190f81658","unidur-sleeve-tl","name_locales","unidur sleeve TL","unidur sleeve TL","""""","""""",""""""
"products","a63186a8-745c-44f5-ab3d-be8190f81658","unidur-sleeve-tl","description_locales","Cut-resistant sleeve (Level C) with thumb loop. HPPE, fibreglass and polyamide outer layer for durable yet flexible forearm protection. Velcro closure ensures perfect fit; thumb loop for extra grip","Manichetta antitaglio (livello C) con passante per pollice. HPPE, fibre di vetro e poliammide per elevata resistenza e flessibilità. Chiusura in velcro per vestibilità perfetta; passante per maggiore presa","""""","""""",""""""
"products","a63186a8-745c-44f5-ab3d-be8190f81658","unidur-sleeve-tl","short_description_locales","This cut level C sleeve for arm protection","Manichetta antitaglio livello C per protezione avambraccio","""""","""""",""""""
"products","a63186a8-745c-44f5-ab3d-be8190f81658","unidur-sleeve-tl","category_locales","Arm protection","Protezione delle braccia","""""","""""",""""""
"products","a63186a8-745c-44f5-ab3d-be8190f81658","unidur-sleeve-tl","sub_category_locales","Cut resistant sleeves","Maniche resistenti al taglio","""""","""""",""""""
"products","a63186a8-745c-44f5-ab3d-be8190f81658","unidur-sleeve-tl","features_locales","[""High cut resistance (Level C)"",""Flexible, thin forearm protection"",""Velcro closure and thumb loop for secure fit""]","[""Alta resistenza al taglio (Livello C)"",""Protezione flessibile e sottile per avambraccio"",""Chiusura in velcro e passante per pollice per vestibilità sicura""]","""""","""""",""""""
"products","a63186a8-745c-44f5-ab3d-be8190f81658","unidur-sleeve-tl","applications_locales","[""Handling sharp sheet metal; stamping, bending, cutting"",""Cutting, transporting or installing glass panes and bottles"",""Sawing, planing and working with sharp tools"",""Working with sharp components, stamped parts or metal edges""]","[""Manipolazione di lamiere affilate; stampaggio, piegatura, taglio"",""Taglio, trasporto o installazione di lastre di vetro e bottiglie"",""Segatura, piallatura e lavoro con utensili affilati"",""Lavoro con componenti affilati, parti stampate o bordi metallici""]","""""","""""",""""""
"products","a63186a8-745c-44f5-ab3d-be8190f81658","unidur-sleeve-tl","industries_locales","[""Metalworking"",""Glass manufacturing"",""Construction"",""Carpentry"",""Automotive"",""Aerospace"",""Recycling"",""Waste management""]","[""Lavorazione metalli"",""Produzione vetro"",""Edilizia"",""Carpenteria"",""Automotive"",""Aerospaziale"",""Riciclaggio"",""Gestione rifiuti""]","""""","""""",""""""
"products","a63186a8-745c-44f5-ab3d-be8190f81658","unidur-sleeve-tl","tags_locales","[""anti-cut sleeve"",""arm protection""]","[""manichetta antitaglio"",""protezione avambraccio""]","""""","""""",""""""
"products","a63186a8-745c-44f5-ab3d-be8190f81658","unidur-sleeve-tl","size_locales","M / L","M / L","""""","""""",""""""
"products","a63186a8-745c-44f5-ab3d-be8190f81658","unidur-sleeve-tl","materials_locales","[""Fibreglass"",""High-Performance Polyethylene (HPPE)"",""Kevlar®"",""Polyamide (PA)""]","[""Fibra di vetro"",""Polietilene ad alte prestazioni (HPPE)"",""Kevlar®"",""Poliammide (PA)""]","""""","""""",""""""
"products","a63186a8-745c-44f5-ab3d-be8190f81658","unidur-sleeve-tl","eye_face_comfort_features_locales","""""","""""","""""","""""",""""""
"products","a63186a8-745c-44f5-ab3d-be8190f81658","unidur-sleeve-tl","eye_face_equipment_locales","""""","""""","""""","""""",""""""
"products","a63186a8-745c-44f5-ab3d-be8190f81658","unidur-sleeve-tl","head_comfort_features_locales","""""","""""","""""","""""",""""""
"products","a63186a8-745c-44f5-ab3d-be8190f81658","unidur-sleeve-tl","head_other_details_locales","""""","""""","""""","""""",""""""
"products","a63186a8-745c-44f5-ab3d-be8190f81658","unidur-sleeve-tl","head_equipment_locales","""""","""""","""""","""""",""""""
"products","a63186a8-745c-44f5-ab3d-be8190f81658","unidur-sleeve-tl","footwear_comfort_features_locales","""""","""""","""""","""""",""""""
"products","a63186a8-745c-44f5-ab3d-be8190f81658","unidur-sleeve-tl","hearing_comfort_features_locales","""""","""""","""""","""""",""""""
"products","a63186a8-745c-44f5-ab3d-be8190f81658","unidur-sleeve-tl","hearing_other_details_locales","""""","""""","""""","""""",""""""
"products","a63186a8-745c-44f5-ab3d-be8190f81658","unidur-sleeve-tl","hearing_equipment_locales","""""","""""","""""","""""",""""""
"products","a63186a8-745c-44f5-ab3d-be8190f81658","unidur-sleeve-tl","respiratory_comfort_features_locales","""""","""""","""""","""""",""""""
"products","a63186a8-745c-44f5-ab3d-be8190f81658","unidur-sleeve-tl","respiratory_other_details_locales","""""","""""","""""","""""",""""""
"products","a63186a8-745c-44f5-ab3d-be8190f81658","unidur-sleeve-tl","respiratory_equipment_locales","""""","""""","""""","""""",""""""
"products","a63186a8-745c-44f5-ab3d-be8190f81658","unidur-sleeve-tl","clothing_comfort_features_locales","""""","""""","""""","""""",""""""
"products","a63186a8-745c-44f5-ab3d-be8190f81658","unidur-sleeve-tl","clothing_other_details_locales","""""","""""","""""","""""",""""""
"products","a63186a8-745c-44f5-ab3d-be8190f81658","unidur-sleeve-tl","footwear_materials_locales","""""","""""","""""","""""",""""""
"products","a63186a8-745c-44f5-ab3d-be8190f81658","unidur-sleeve-tl","footwear_special_features_locales","""""","""""","""""","""""",""""""
"products","a63186a8-745c-44f5-ab3d-be8190f81658","unidur-sleeve-tl","connections_locales","""""","""""","""""","""""",""""""
"products","a63186a8-745c-44f5-ab3d-be8190f81658","unidur-sleeve-tl","compatible_with_locales","""""","""""","""""","""""",""""""
"products","a63186a8-745c-44f5-ab3d-be8190f81658","unidur-sleeve-tl","coatings_locales","""""","""""","""""","""""",""""""
"products","a63186a8-745c-44f5-ab3d-be8190f81658","unidur-sleeve-tl","eye_face_materials_locales","""""","""""","""""","""""",""""""
"products","a63186a8-745c-44f5-ab3d-be8190f81658","unidur-sleeve-tl","head_tech_specs_locales","""""","""""","""""","""""",""""""
"products","a63186a8-745c-44f5-ab3d-be8190f81658","unidur-sleeve-tl","clothing_attributes_locales","""""","""""","""""","""""",""""""
