translation_key,english,italian_reference,french,german,spanish
about.certifications.badge,Quality Standards,Garanzia di Qualità,Garantie de Qualité,Qualitätsgarantie,Estandares de Calidad 
about.certifications.description,"Hand Line meets and exceeds the highest safety and quality standards in the industry, ensuring reliable protection for all users.","Hand Line soddisfa e supera i più elevati standard di sicurezza e qualità del settore, garantendo una protezione affidabile per tutti gli utenti.","Hand Line respecte et dépasse les normes de sécurité et de qualité les plus élevées du secteur, garantissant une protection fiable pour tous les utilisateurs.",Hand Line erfüllt und übertrifft die höchsten Sicherheits- und Qualitätsstandards der Branche und gewährleistet zuverlässigen Schutz für alle Anwender.,"Hand Line cumple y supera los más altos estándares de seguridad y calidad del sector, garantizando una protección fiable para todos los usuarios."
about.certifications.environmental.description,Our commitment to help our planet through sustainable practices and responsible manufacturing.,Il nostro impegno per aiutare il nostro pianeta attraverso pratiche sostenibili e produzione responsabile.,Notre engagement pour aider notre planète à travers des pratiques durables et une production responsable.,"Unser Engagement, unserem Planeten durch nachhaltige Praktiken und verantwortungsvolle Produktion zu helfen.",Nuestro compromiso para ayudar a nuestro planeta mediante prácticas sostenibles y una producción responsable.
about.certifications.environmental.learnMore,Learn about our ESG initiatives,Scopri le nostre iniziative ESG,Découvrez nos initiatives ESG,Entdecken Sie unsere ESG-Initiativen,Descubra nuestras iniciativas ESG
about.certifications.environmental.title,Environmental Commitment,Impegno Ambientale,Engagement Environnemental,Umweltengagement,Compromiso Medioambiental
about.certifications.heading,Our Commitments,I nostri impegni,Nos engagements,Unsere Verpflichtungen,Nuestros compromisos
about.certifications.mainStatement,Our production follows the highest quality standards with ISO certification across production and value chain.,La nostra produzione segue i più alti standard di qualità con certificazioni ISO in tutta la catena di produzione e di valore.,Notre production suit les normes de qualité les plus élevées avec des certifications ISO sur toute la chaîne de production et de valeur.,Unsere Produktion folgt den höchsten Qualitätsstandards mit ISO-Zertifizierungen entlang der gesamten Produktions- und Wertschöpfungskette.,Nuestra producción sigue los más altos estándares de calidad con certificaciones ISO en toda la cadena de producción y de valor.
about.certifications.note,Our certification documentation is available upon request.,Documentazione disponibile su richiesta.,Documentation disponible sur demande.,Dokumentation auf Anfrage erhältlich.,Documentación disponible a petición.
about.certifications.types.compliance.description,All our products are certified to guarantee protection and compliance.,Tutti i nostri prodotti sono certificati per garantire protezione e conformità.,Tous nos produits sont certifiés pour garantir protection et conformité.,"Alle unsere Produkte sind zertifiziert, um Schutz und Konformität zu gewährleisten.",Todos nuestros productos están certificados para garantizar protección y conformidad.
about.certifications.types.compliance.title,Compliance,Conformità,Conformité,Konformität,Conformidad
about.certifications.types.eyeFace.badge,Eye & Face Protection,Protezione occhi e viso,Protection des yeux et du visage,Augen- und Gesichtsschutz,Protección para ojos y cara
about.certifications.types.eyeFace.description,Protective eyewear and visors for industrial environments,Protezione occhi e visori per ambienti industriali,Lunettes de protection et visières pour environnements industriels,Schutzbrillen und Visiere für industrielle Umgebungen,Gafas y viseras de protección para entornos industriales
about.certifications.types.eyeFace.detailedDescription,"Our eye & face protection range covers safety glasses, sealed goggles and arc‑rated visors designed to EN 166 and related standards. Built for clarity, comfort and reliability with anti‑fog and scratch‑resistant coatings, UV filtering and infrared protection options. Ideal for manufacturing, construction and electrical maintenance.","La gamma per la protezione di occhi e viso include occhiali di sicurezza, occhiali a mascherina e visiere con protezione da arco elettrico, progettati secondo le norme EN. Massima chiarezza e comfort con trattamenti antiappannanti e antigraffio, filtri UV e opzioni per protezione IR.","Notre gamme de protection des yeux et du visage comprend des lunettes de sécurité, des lunettes-masques étanches et des visières anti-arc électrique conçues selon la norme EN 166 et les normes associées. Conçue pour offrir clarté, confort et fiabilité grâce à des revêtements anti-buée et anti-rayures, ainsi que des options de filtration UV et de protection infrarouge. Idéale pour l'industrie manufacturière, le bâtiment et la maintenance électrique.","Unser Sortiment für Augen- und Gesichtsschutz umfasst Schutzbrillen, dicht schließende Vollsichtbrillen und lichtbogenfeste Visiere gemäß EN 166 und verwandten Normen. Entwickelt für Klarheit, Komfort und Zuverlässigkeit mit Anti-Beschlag- und kratzfesten Beschichtungen sowie Optionen für UV-Filterung und Infrarotschutz. Ideal für Fertigung, Bauwesen und Elektrowartung.","Nuestra gama de protección ocular y facial incluye gafas de seguridad, gafas panorámicas selladas y viseras con protección contra arco eléctrico diseñadas conforme a la norma EN 166 y normas relacionadas. Fabricada para ofrecer claridad, confort y fiabilidad, con recubrimientos antivaho y antirrayaduras, así como opciones de filtrado UV y protección infrarroja. Ideal para la industria manufacturera, la construcción y el mantenimiento eléctrico."
about.certifications.types.eyeFace.title,Eye & Face Protection,Protezione occhi e viso,Protection des yeux et du visage,Augen- und Gesichtsschutz,Protección de los ojos y la cara
about.certifications.types.quality.description,Our production follows the highest quality standards with ISO certification.,La nostra produzione segue i più alti standard di qualità con certificazione ISO.,Notre production suit les normes de qualité les plus élevées avec une certification ISO.,Unsere Produktion folgt den höchsten Qualitätsstandards mit ISO-Zertifizierung.,Nuestra producción sigue los más altos estándares de calidad con certificación ISO.
about.certifications.types.quality.title,Quality,Qualità,Qualité,Qualität,Calidad
about.description,"For over four decades, Hand Line has been at the forefront of industrial safety, designing and manufacturing premium protective gloves that combine innovation, comfort, and uncompromising protection.","Da oltre quarant'anni Hand Line è all'avanguardia nella sicurezza industriale, progettando e producendo guanti protettivi di alta qualità che uniscono innovazione, comfort e protezione senza compromessi.","Depuis plus de quarante ans, Hand Line est à l'avant-garde de la sécurité industrielle, en concevant et en fabriquant des gants de protection de haute qualité alliant innovation, confort et protection sans compromis.","Seit über vierzig Jahren steht Hand Line an der Spitze der industriellen Sicherheit und entwickelt sowie produziert hochwertige Schutzhandschuhe, die Innovation, Komfort und Schutz ohne Kompromisse vereinen.","Desde hace más de cuarenta años, Hand Line está a la vanguardia de la seguridad industrial, diseñando y fabricando guantes de protección de alta calidad que combinan innovación, confort y protección sin compromisos."
about.different.badge,Our Advantages,I Nostri Vantaggi,Nos Avantages,Unsere Vorteile,Nuestras Ventajas
about.different.customisation.description,Tailored products according to user's needs. No one knows products better than our customer.,Prodotti su misura in base alle esigenze dell'utente. Nessuno conosce i prodotti meglio dei nostri clienti.,Des produits sur mesure selon les besoins de l'utilisateur. Personne ne connaît mieux les produits que nos clients.,Maßgeschneiderte Produkte entsprechend den Bedürfnissen des Anwenders. Niemand kennt die Produkte besser als unsere Kunden.,Productos a medida según las necesidades del usuario. Nadie conoce mejor los productos que nuestros clientes.
about.different.customisation.title,Unmatched,Impareggiabile,Inégalé,Unübertroffen,Inigualable
about.different.customisation.titleAccent,Customisation,Personalizzazione,Personnalisation,Personalisierung,Personalización
about.different.description,"At Hand Line, we pride ourselves on several key differentiators that set us apart in the safety equipment industry.",Hand Line si distingue nel settore dei DPI con fucs strategici chiari.,Hand Line se distingue dans le secteur des EPI avec des axes stratégiques clairs.,Hand Line hebt sich in der PSA-Branche durch klare strategische Schwerpunkte ab.,Hand Line se distingue en el sector de los EPI con focos estratégicos claros.
about.different.flexibility.description,"No order limits or restrictions, guaranteeing full flexibility to manage unpredictable needs.",Offriamo soluzioni di ordini flessibili e assicuriamo coperura di magazzino per gestire ogni esigenza.,Nous proposons des solutions de commande flexibles et garantissons une couverture de stock pour répondre à tous les besoins.,"Wir bieten flexible Bestelllösungen und gewährleisten eine Lagerabdeckung, um jeden Bedarf zu erfüllen.",Ofrecemos soluciones de pedidos flexibles y garantizamos cobertura de almacén para gestionar cualquier necesidad.
about.different.flexibility.title,Product,Flessibilità,Flexibilité,Flexibilität,Flexibilidad
about.different.flexibility.titleAccent,Flexibility,del Prodotto,du Produit,des Produkts,del Producto
about.different.heading,What Makes Us Different,Cosa ci rende Diversi,Ce qui nous rend Différents,Was uns unterscheidet,Qué nos hace Diferentes
about.different.innovation.description,"At the forefront of product development, continuously looking for new ways to improve.","All'avanguardia nello sviluppo dei prodotti, alla continua ricerca di nuovi modi per migliorare.","À la pointe du développement de produits, à la recherche constante de nouvelles façons de nous améliorer.","Wegweisend in der Produktentwicklung, stets auf der Suche nach neuen Wegen zur Verbesserung.","A la vanguardia en el desarrollo de productos, en la búsqueda continua de nuevas formas de mejorar."
about.different.innovation.title,Continuous,Innovazione,Innovation,Innovation,Innovación
about.different.innovation.titleAccent,Innovation,Continua,Continue,Kontinuierlich,Continua
about.different.pricing.description,Guaranteed market competitiveness and effective cost structure management.,Garantita competitività sul mercato e gestione efficace della struttura dei costi.,Compétitivité garantie sur le marché et gestion efficace de la structure des coûts.,Garantierte Wettbewerbsfähigkeit auf dem Markt und effizientes Kostenstrukturmanagement.,Competitividad garantizada en el mercado y gestión eficaz de la estructura de costes.
about.different.pricing.title,Competitive,Prezzi,Prix,Preise,Precios
about.different.pricing.titleAccent,Pricing,Competitivi,Compétitifs,Wettbewerbsfähig,Competitivos
about.different.productQuality.description,40+ years of technical expertise in safety glove manufacturing with rigorous quality control throughout production.,Oltre 40 anni di esperienza con rigoroso controllo qualità sui materiali e durante tutta la produzione.,Plus de 40 ans d'expérience avec un contrôle qualité rigoureux des matériaux et tout au long de la production.,Über 40 Jahre Erfahrung mit strenger Qualitätskontrolle der Materialien und während des gesamten Produktionsprozesses.,Más de 40 años de experiencia con un riguroso control de calidad de los materiales y durante toda la producción.
about.different.productQuality.title,Excellence in,Eccellenza nella,Excellence de la,Exzellenz in der,Excelencia en la
about.different.productQuality.titleAccent,Product Quality,Qualità del Prodotto,Qualité du Produit,Produktqualität,Calidad del Producto
about.different.service.description,"Stock management to cover fast changing customer's need, ensuring excellent delivery timing.",Offriamo consulenza nell'identificazione e creazione di prodotti su misura e offriamo le prime consegne entro poche settimane.,"Nous offrons des conseils pour l'identification et la création de produits sur mesure, et proposons les premières livraisons en quelques semaines.",Wir bieten Beratung bei der Identifizierung und Entwicklung maßgeschneiderter Produkte und ermöglichen erste Lieferungen innerhalb weniger Wochen.,"Ofrecemos asesoramiento en la identificación y creación de productos a medida, y realizamos las primeras entregas en pocas semanas."
about.different.service.title,Best in class,Servizio,Service,Service,Servicio
about.different.service.titleAccent,Service,d'eccellenza,d'excellence,auf höchstem Niveau,de excelencia
about.esg.certification.badge,Certified Management Systems,Sistemi di Gestione Certificati,Systèmes de Gestion Certifiés,Zertifizierte Managementsysteme,Sistemas de Gestión Certificados
about.esg.certification.description,"Hand Line is fully certified to ISO 9001, ISO 14001 and ISO 45001, reflecting our commitment to quality management, environmental responsibility and occupational health and safety.","Hand Line è pienamente certificata secondo ISO 9001, ISO 14001 e ISO 45001, a conferma del nostro impegno per la gestione della qualità, la responsabilità ambientale e la salute e sicurezza sul lavoro.","Hand Line est pleinement certifiée selon les normes ISO 9001, ISO 14001 et ISO 45001, confirmant notre engagement envers la gestion de la qualité, la responsabilité environnementale et la santé et la sécurité au travail.","Hand Line ist vollständig nach ISO 9001, ISO 14001 und ISO 45001 zertifiziert, was unser Engagement für Qualitätsmanagement, Umweltverantwortung sowie Gesundheit und Sicherheit am Arbeitsplatz bestätigt.","Hand Line está plenamente certificada según las normas ISO 9001, ISO 14001 e ISO 45001, lo que confirma nuestro compromiso con la gestión de la calidad, la responsabilidad medioambiental y la salud y seguridad en el trabajo."
about.esg.certification.title,"Certified for Quality, Environment and Safety","Certificati per Qualità, Ambiente e Sicurezza","Certifiés pour la Qualité, l'Environnement et la Sécurité","Zertifiziert für Qualität, Umwelt und Sicherheit","Certificados en Calidad, Medio Ambiente y Seguridad"
about.esg.cta.badge,Join Our Mission,Unisciti alla Nostra Missione,Rejoignez Notre Mission,Werden Sie Teil Unserer Mission,Únete a Nuestra Misión
about.esg.cta.buttons.contact,Contact Us,Contattaci,Contactez-nous,Kontaktieren Sie uns,Contáctenos
about.esg.cta.buttons.learnMore,Explore Our Products,Esplora i Nostri Prodotti,Découvrez nos produits,Entdecken Sie unsere Produkte,Explora nuestros productos
about.esg.cta.description,"We invite our partners, customers, and community to join us in creating a more sustainable and ethical future in PPE. If you have questions about our ESG practices or want to collaborate, contact us here.","Invitiamo i nostri partner, clienti e comunità a unirsi a noi nella creazione di un futuro più sostenibile ed etico nei DPI. Se hai domande sulle nostre pratiche ESG o vuoi collaborare, contattaci qui.","Nous invitons nos partenaires, clients et communautés à se joindre à nous pour créer un avenir plus durable et éthique dans le domaine des EPI. Si vous avez des questions sur nos pratiques ESG ou souhaitez collaborer, contactez-nous ici.","Wir laden unsere Partner, Kunden und Gemeinschaften ein, sich uns anzuschließen, um eine nachhaltigere und ethischere Zukunft im Bereich PSA zu gestalten. Wenn Sie Fragen zu unseren ESG-Praktiken haben oder mit uns zusammenarbeiten möchten, kontaktieren Sie uns hier.","Invitamos a nuestros socios, clientes y comunidades a unirse a nosotros en la creación de un futuro más sostenible y ético en el ámbito de los EPI. Si tienes preguntas sobre nuestras prácticas ESG o quieres colaborar, contáctanos aquí."
about.esg.cta.title,"Let's Build a Safer, More Sustainable",Costruiamo un Futuro più Sicuro e,Construisons un Avenir plus Sûr et,Wir bauen eine sicherere und,Construyamos un Futuro más Seguro y
about.esg.cta.titleAccent,Future,Sostenibile,Durable,nachhaltigere Zukunft,Sostenible
about.esg.environmental.badge,Environmental,Environment,Environnement,Umwelt,Medio Ambiente
about.esg.environmental.closing,"While our ESG journey has just begun, sustainability is no longer optional—it's essential.","Sebbene il nostro percorso ESG sia nelle fasi iniziali, la sostenibilità è un parametro essenziale.","Bien que notre démarche ESG en soit à ses débuts, la durabilité est un paramètre essentiel.","Auch wenn sich unser ESG-Weg noch in einer frühen Phase befindet, ist Nachhaltigkeit ein wesentlicher Faktor.","Aunque nuestro recorrido ESG se encuentra en sus fases iniciales, la sostenibilidad es un parámetro esencial."
about.esg.environmental.description,We are taking meaningful steps to reduce our environmental footprint:,Stiamo adottando misure significative per ridurre la nostra impronta ambientale:,Nous prenons des mesures significatives pour réduire notre empreinte environnementale :,"Wir ergreifen bedeutende Maßnahmen, um unseren ökologischen Fußabdruck zu reduzieren:",Estamos adoptando medidas significativas para reducir nuestra huella ambiental:
about.esg.environmental.points.0,Transitioning to sustainable materials and eco-friendly packaging.,Transizione verso materiali sostenibili e packaging eco-compatibile.,Transition vers des matériaux durables et un emballage écocompatible.,Umstellung auf nachhaltige Materialien und umweltfreundliche Verpackungen.,Transición hacia materiales sostenibles y envases ecocompatibles.
about.esg.environmental.points.1,Reducing waste through lean manufacturing and recycling programmes.,Riduzione degli sprechi attraverso la produzione snella e programmi di riciclaggio.,Réduction des déchets grâce à une production allégée et à des programmes de recyclage.,Abfallreduzierung durch schlanke Produktion und Recyclingprogramme.,Reducción de residuos mediante una producción ajustada y programas de reciclaje.
about.esg.environmental.points.2,Minimising carbon emissions across our supply chain and logistics.,Minimizzazione delle emissioni di carbonio nella nostra catena di fornitura e logistica.,Minimisation des émissions de carbone dans notre chaîne d'approvisionnement et notre logistique.,Minimierung der CO2-Emissionen in unserer Lieferkette und Logistik.,Minimización de las emisiones de carbono en nuestra cadena de suministro y logística.
about.esg.environmental.points.3,Minimising shipping volumes and waste.,Minimizzazione dei volumi di spedizione e degli sprechi.,Minimisation des volumes d'expédition et des déchets.,Minimierung von Versandvolumen und Abfall.,Minimización de los volúmenes de envío y de los residuos.
about.esg.environmental.title,Environmental Stewardship,Responsabilità Ambientale,Responsabilité Environnementale,Umweltverantwortung,Responsabilidad Medioambiental
about.esg.governance.badge,Governance,Governance,Gouvernance,Unternehmensführung,Gobernanza
about.esg.governance.description,Integrity guides our actions:,L'integrità guida le nostre azioni:,L'intégrité guide nos actions :,Integrität leitet unser Handeln:,La integridad guía nuestras acciones:
about.esg.governance.points.0,"We're implementing clear, accountable policies that ensure ethical business practices.",Stiamo implementando politiche chiare e responsabili che garantiscono pratiche commerciali etiche.,Nous mettons en œuvre des politiques claires et responsables garantissant des pratiques commerciales éthiques.,"Wir setzen klare und verantwortungsvolle Richtlinien um, die ethische Geschäftspraktiken gewährleisten.",Estamos implementando políticas claras y responsables que garantizan prácticas comerciales éticas.
about.esg.governance.points.1,"Our leadership is focused on long-term impact, not just short-term profit.","La nostra leadership è focalizzata sull'impatto a lungo termine, non solo sul profitto a breve termine.","Notre direction se concentre sur l'impact à long terme, et non uniquement sur le profit à court terme.",Unsere Führung konzentriert sich auf langfristige Wirkung und nicht nur auf kurzfristigen Gewinn.,"Nuestro liderazgo se centra en el impacto a largo plazo, no solo en el beneficio a corto plazo."
about.esg.governance.points.2,We are increasing transparency by tracking and reporting ESG metrics across our operations.,Stiamo aumentando la trasparenza tracciando e riportando le metriche ESG in tutte le nostre operazioni.,Nous renforçons la transparence en suivant et en communiquant les indicateurs ESG dans l'ensemble de nos activités.,"Wir erhöhen die Transparenz, indem wir ESG-Kennzahlen in allen unseren Betriebsabläufen erfassen und veröffentlichen.",Estamos aumentando la transparencia mediante el seguimiento y la comunicación de las métricas ESG en todas nuestras operaciones.
about.esg.governance.title,Transparent Governance,Governance Trasparente,Gouvernance Transparente,Transparente Unternehmensführung,Gobernanza Transparente
about.esg.hero.badge,ESG Commitment,Impegno ESG,Engagement ESG,ESG-Engagement,Compromiso ESG
about.esg.hero.description,"Our mission goes beyond providing world-class Personal Protective Equipment. We believe true protection includes a responsibility to the environment, to society, and to ethical governance. That's why we are actively aligning our operations with ESG (Environmental, Social, and Governance) principles.","La nostra missione va oltre la fornitura di Dispositivi di Protezione Individuale di eccellenza. Crediamo che la vera protezione includa una responsabilità verso l'ambiente, la società ed una governance etica. Ecco perché stiamo allineando attivamente le nostre operazioni con i principi ESG (Environmental, Social, and Governance).","Notre mission va au-delà de la fourniture d'Équipements de Protection Individuelle d'excellence. Nous pensons que la véritable protection inclut une responsabilité envers l'environnement, la société et une gouvernance éthique. C'est pourquoi nous alignons activement nos activités sur les principes ESG (Environnement, Social et Gouvernance).","Unsere Mission geht über die Bereitstellung erstklassiger persönlicher Schutzausrüstung hinaus. Wir glauben, dass echter Schutz auch Verantwortung gegenüber Umwelt, Gesellschaft und eine ethische Unternehmensführung einschließt. Deshalb richten wir unsere Tätigkeit aktiv an den ESG-Prinzipien (Environmental, Social and Governance) aus.","Nuestra misión va más allá del suministro de Equipos de Protección Individual de excelencia. Creemos que la verdadera protección incluye una responsabilidad hacia el medio ambiente, la sociedad y una gobernanza ética. Por eso estamos alineando activamente nuestras operaciones con los principios ESG (Environmental, Social and Governance)."
about.esg.hero.title,We protect the Hands that build our World.,Proteggiamo le Mani che costruiscono il nostro Mondo.,Nous protégeons les Mains qui construisent notre Monde.,"Wir schützen die Hände, die unsere Welt erbauen.",Protegemos las Manos que construyen nuestro Mundo.
about.esg.hero.titleAccent,And our Planet.,E il nostro Pianeta.,Et notre Planète.,Und unseren Planeten.,Y nuestro Planeta.
about.esg.social.badge,Social,Social,Social,Soziales,Social
about.esg.social.description,Our commitment to people drives everything we do:,Il nostro impegno verso le persone guida tutto ciò che facciamo:,Notre engagement envers les personnes guide tout ce que nous faisons :,"Unser Engagement für Menschen bestimmt alles, was wir tun:",Nuestro compromiso con las personas guía todo lo que hacemos:
about.esg.social.points.0,We prioritise worker safety and fair labour practices across our global supply chain.,Prioritizziamo la sicurezza dei lavoratori e pratiche lavorative eque in tutta la nostra catena di fornitura globale.,Nous accordons la priorité à la sécurité des travailleurs et à des pratiques de travail équitables dans l'ensemble de notre chaîne d'approvisionnement mondiale.,Wir setzen die Sicherheit der Arbeitnehmer und faire Arbeitspraktiken in unserer gesamten globalen Lieferkette an erste Stelle.,Priorizamos la seguridad de los trabajadores y las prácticas laborales justas en toda nuestra cadena de suministro global.
about.esg.social.points.1,"We are building strong relationships with our local communities through education, donations, and volunteer programmes.","Verifichiamo che gli stessi standard vengano estesi alla catena del valore, assicurandoci che i nostri fornitori di materiali, prodotti e servizi condividano la nostra visione.","Nous veillons à ce que les mêmes normes s'appliquent à l'ensemble de la chaîne de valeur, en nous assurant que nos fournisseurs de matériaux, de produits et de services partagent notre vision.","Wir stellen sicher, dass dieselben Standards auf die gesamte Wertschöpfungskette ausgeweitet werden, indem wir sicherstellen, dass unsere Lieferanten von Materialien, Produkten und Dienstleistungen unsere Vision teilen.","Verificamos que los mismos estándares se extiendan a toda la cadena de valor, asegurándonos de que nuestros proveedores de materiales, productos y servicios compartan nuestra visión."
about.esg.social.points.2,"Internally, we foster a culture of diversity, equity, and inclusion, ensuring a safe and respectful workplace.","Internamente, promuoviamo una cultura di diversità, equità e inclusione, garantendo un ambiente di lavoro sicuro e rispettoso.","En interne, nous promouvons une culture de diversité, d'équité et d'inclusion, garantissant un environnement de travail sûr et respectueux.","Intern fördern wir eine Kultur der Vielfalt, Gleichberechtigung und Inklusion und gewährleisten ein sicheres und respektvolles Arbeitsumfeld.","Internamente, promovemos una cultura de diversidad, equidad e inclusión, garantizando un entorno de trabajo seguro y respetuoso."
about.esg.social.title,Social Responsibility,Responsabilità Sociale,Responsabilité Sociale,Soziale Verantwortung,Responsabilidad Social
about.est,Est. 1981,Fond. 1981,Fondée en 1981,Gegr. 1981,Fund. 1981
about.getInTouch,Get in Touch,Contattaci,Contactez-nous,Kontaktieren Sie uns,Contáctenos
about.heading,About,Chi Siamo,À propos de nous,Über uns,Quiénes somos
about.hero.badge,Our mission since 1977,La nostra missione dal 1977,Notre mission depuis 1977,Unsere Mission seit 1977,Nuestra misión desde 1977
about.hero.buttons.getInTouch,Get in Touch,Contattaci,Contactez-nous,Kontaktieren Sie uns,Contáctenos
about.hero.buttons.ourStory,Our Story,La Nostra Storia,Notre histoire,Unsere Geschichte,Nuestra historia
about.hero.descriptionDesktop," We strive to be the catalyst for a safer and more comfortable workplace, where businesses prioritise individual well-being and productivity through personalised protection solutions, ultimately setting new standards for safety and comfort in the industrial sector."," Ci impegniamo ad essere il catalizzatore per un ambiente di lavoro più sicuro e confortevole, dove le aziende danno priorità al benessere individuale e alla produttività attraverso soluzioni di protezione personalizzate, stabilendo infine nuovi standard per sicurezza e comfort nel settore industriale.","Nous nous engageons à être le catalyseur d'un environnement de travail plus sûr et plus confortable, où les entreprises accordent la priorité au bien-être individuel et à la productivité grâce à des solutions de protection personnalisées, établissant ainsi de nouvelles normes de sécurité et de confort dans le secteur industriel.","Wir verpflichten uns, der Katalysator für ein sichereres und komfortableres Arbeitsumfeld zu sein, in dem Unternehmen durch maßgeschneiderte Schutzlösungen dem individuellen Wohlbefinden und der Produktivität Priorität einräumen und damit letztlich neue Standards für Sicherheit und Komfort in der Industrie setzen.","Nos comprometemos a ser el catalizador de un entorno de trabajo más seguro y confortable, donde las empresas prioricen el bienestar individual y la productividad mediante soluciones de protección personalizadas, estableciendo así nuevos estándares de seguridad y comodidad en el sector industrial."
about.hero.descriptionMobile,"We envision a world where every organisation equips its workforce with custom-engineered equipment, meticulously designed to address the unique requirements of their employees.","Immaginiamo un mondo dove ogni organizzazione equipaggia la propria forza lavoro con attrezzature progettate su misura, meticolosamente create per soddisfare i requisiti unici dei loro dipendenti.","Nous imaginons un monde où chaque organisation équipe sa main-d'œuvre avec des équipements conçus sur mesure, méticuleusement créés pour répondre aux exigences uniques de ses employés.","Wir stellen uns eine Welt vor, in der jedes Unternehmen seine Belegschaft mit maßgeschneiderter Ausrüstung ausstattet, die sorgfältig entwickelt wurde, um die individuellen Anforderungen ihrer Mitarbeiter zu erfüllen.","Imaginamos un mundo donde cada organización equipa a su fuerza laboral con equipos diseñados a medida, creados meticulosamente para satisfacer los requisitos únicos de sus empleados."
about.hero.subtitle,"We believe ""Zero Accident"" is more than a vision, it's a need.","Crediamo che ""Zero Infortuni"" non sia solo una visione ma un bisogno.","Nous pensons que « Zéro Accident » n'est pas seulement une vision, mais une nécessité.","Wir glauben, dass „Null Unfälle“ nicht nur eine Vision, sondern eine Notwendigkeit ist.","Creemos que «Cero Accidentes» no es solo una visión, sino una necesidad."
about.hero.title,We protect the,Noi proteggiamo le,Nous protégeons les,Wir schützen die,Nosotros protegemos las
about.hero.titleHighlight1,Hands,Mani,Mains,Hände,Manos
about.hero.titleHighlight2,World,Mondo,Monde,Welt,Mundo
about.hero.titleMiddle,that build our,che costruiscono il nostro,qui construisent notre,die unsere Welt erbauen,que construyen nuestro
about.history.1977.description,Our history starts as Italian manufacturer of leather and work gloves with a distinctively artisanal footprint based on craftsmanship and high quality products,La nostra storia inizia come produttore italiano di guanti in pelle e da lavoro con un'impronta distintamente artigianale basata sulla maestria e prodotti di alta qualità,"Notre histoire commence en tant que fabricant italien de gants en cuir et de travail, avec une empreinte résolument artisanale fondée sur le savoir-faire et des produits de haute qualité","Unsere Geschichte beginnt als italienischer Hersteller von Leder- und Arbeitshandschuhen mit einer ausgeprägt handwerklichen Prägung, die auf Handwerkskunst und hochwertigen Produkten beruht","Nuestra historia comienza como fabricante italiano de guantes de cuero y de trabajo, con una impronta claramente artesanal basada en la maestría y en productos de alta calidad"
about.history.1977.title,Foundation,Fondazione,Fondation,Gründung,Fundación
about.history.1980.description,We develop the first wool mitten for high-temperature mould handling in the hot end of the glass manufacturing process,Sviluppiamo il primo guanto di lana per la manipolazione di stampi ad alta temperatura nella parte calda del processo di produzione del vetro,Nous développons le premier gant en laine pour la manipulation de moules à haute température dans la partie chaude du processus de production du verre,Wir entwickeln den ersten Wollhandschuh für die Handhabung von Formen bei hohen Temperaturen im Heißbereich der Glasproduktion,Desarrollamos el primer guante de lana para la manipulación de moldes a alta temperatura en la parte caliente del proceso de producción del vidrio
about.history.1980.title,First Innovation,Prima Innovazione,Première Innovation,Erste Innovation,Primera Innovación
about.history.1996.description,We led the way in adapting to newly introduced EN388 and EN407 standards bringing certified products to all our customers. Our products are widely adopted across major glass manufacturing and automotive plants in Italy,"Abbiamo aperto la strada nell'adattamento ai nuovi standard EN388 ed EN407 introdotti, portando prodotti certificati a tutti i nostri clienti. I nostri prodotti diventano ampiamente adottati nei principali impianti di produzione del vetro e automobilistici in Italia","Nous avons ouvert la voie dans l'adaptation aux nouvelles normes EN388 et EN407 introduites, en apportant des produits certifiés à tous nos clients. Nos produits deviennent largement adoptés dans les principaux sites de production du verre et de l'automobile en Italie",Wir waren Vorreiter bei der Anpassung an die neu eingeführten Normen EN388 und EN407 und brachten zertifizierte Produkte zu allen unseren Kunden. Unsere Produkte werden in den wichtigsten Glas- und Automobilproduktionsstätten Italiens weitverbreitet eingesetzt,"Fuimos pioneros en la adaptación a las nuevas normas EN388 y EN407 introducidas, llevando productos certificados a todos nuestros clientes. Nuestros productos se adoptan ampliamente en las principales plantas de producción de vidrio y automoción en Italia"
about.history.1996.title,Standards Certification,Certificazione e norme EN,Certification et normes EN,Zertifizierung und EN-Normen,Certificación y normas EN
about.history.2002.description,"We enlarge our product portfolio dedicated to the glass and metallurgy industries with many gloves certified over 1000°C. Our geographical expansion starts across 6 markets in Europe and Middle East, driven by our existing Italian customers.","Ampliamo il nostro portfolio di prodotti dedicato alle industrie del vetro e della metallurgia con molti guanti certificati oltre i 1000°C. La nostra espansione geografica inizia in 6 mercati in Europa e Medio Oriente, guidata dai nostri clienti italiani esistenti.","Nous élargissons notre portefeuille de produits dédié aux industries du verre et de la métallurgie avec de nombreux gants certifiés au-delà de 1 000 °C. Notre expansion géographique débute sur 6 marchés en Europe et au Moyen-Orient, portée par nos clients italiens existants.","Wir erweitern unser Produktportfolio für die Glas- und Metallindustrie um zahlreiche Handschuhe, die für über 1.000 °C zertifiziert sind. Unsere geografische Expansion beginnt in 6 Märkten in Europa und dem Nahen Osten, getragen von unseren bestehenden italienischen Kunden.","Ampliamos nuestra cartera de productos dedicada a las industrias del vidrio y la metalurgia con numerosos guantes certificados para más de 1.000 °C. Nuestra expansión geográfica comienza en 6 mercados de Europa y Oriente Medio, impulsada por nuestros clientes italianos existentes."
about.history.2002.title,Portfolio Expansion,Espansione del Catalogo,Expansion du Catalogue,Erweiterung des Sortiments,Expansión del Catálogo
about.history.2003.description,"Hand Line Company is incorporated, marking the shift from artisanal firm into business enterprise that has flourished, has won credibility, and inspired confidence to a wider number of clients. We supply gloves and other PPE across 10 markets in Europe and the East","Hand Line Company viene costituita, segnando il passaggio da azienda artigianale a impresa commerciale che ha prosperato, ha guadagnato credibilità e ispirato fiducia a un numero sempre maggiore di clienti. Forniamo guanti e altri DPI in 10 mercati in Europa e Oriente","Hand Line Company est constituée, marquant le passage d'une entreprise artisanale à une entreprise commerciale qui a prospéré, gagné en crédibilité et inspiré confiance à un nombre toujours croissant de clients. Nous fournissons des gants et d'autres EPI dans 10 marchés en Europe et en Orient","Die Hand Line Company wird gegründet und markiert den Übergang von einem Handwerksbetrieb zu einem Handelsunternehmen, das erfolgreich gewachsen ist, an Glaubwürdigkeit gewonnen und das Vertrauen einer stetig wachsenden Zahl von Kunden gewonnen hat. Wir beliefern 10 Märkte in Europa und im Osten mit Handschuhen und anderer PSA","Se constituye Hand Line Company, marcando el paso de empresa artesanal a empresa comercial que ha prosperado, ha ganado credibilidad e inspirado confianza a un número cada vez mayor de clientes. Suministramos guantes y otros EPI en 10 mercados de Europa y Oriente"
about.history.2003.title,Company Incorporation,Costituzione Societaria,Constitution de la Société,Unternehmensgründung,Constitución de la Sociedad
about.history.2005.description,"We develop and certify a unique glove able to withstand over 1,000°C contact heat for extreme conditions: HL 1000",Sviluppiamo e certifichiamo un guanto unico in grado di resistere al calore da contatto di oltre 1.000°C per condizioni estreme: HL 1000,Nous développons et certifions un gant unique capable de résister à une chaleur de contact de plus de 1 000 °C pour des conditions extrêmes : HL 1000,"Wir entwickeln und zertifizieren einen einzigartigen Handschuh, der Kontakthitze von über 1.000 °C für extreme Bedingungen standhält: HL 1000",Desarrollamos y certificamos un guante único capaz de resistir un calor de contacto de más de 1.000 °C para condiciones extremas: HL 1000
about.history.2005.title,Extreme Heat Innovation,Innovazione Calore Estremo,Innovation Chaleur Extrême,Innovation für Extremhitze,Innovación en Calor Extremo
about.history.2015.description,Hand Line embarks in its digitalisation of processes and marks the change with a brand re-design,Hand Line intraprende la digitalizzazione dei processi e segna il cambiamento con un restyling del brand,Hand Line entreprend la digitalisation de ses processus et marque le changement avec un restyling de la marque,Hand Line treibt die Digitalisierung der Prozesse voran und markiert den Wandel mit einem Marken-Relaunch,Hand Line emprende la digitalización de sus procesos y marca el cambio con un restyling de la marca
about.history.2015.title,Digital Transformation,Trasformazione Digitale,Transformation Numérique,Digitale Transformation,Transformación Digital
about.history.2023.description,"We invest in a significant expansion of our HQ and Warehouse in northern Italy, driven by increased portfolio of customers and international footprint","Investiamo in un'espansione significativa della nostra sede centrale e magazzino nel nord Italia, guidata dall'aumento del portfolio clienti e dell'impronta internazionale","Nous investissons dans une expansion significative de notre siège social et de notre entrepôt dans le nord de l'Italie, portée par la croissance de notre portefeuille clients et de notre présence internationale","Wir investieren in eine bedeutende Erweiterung unseres Hauptsitzes und Lagers in Norditalien, angetrieben durch den wachsenden Kundenstamm und die zunehmende internationale Präsenz","Invertimos en una expansión significativa de nuestra sede central y almacén en el norte de Italia, impulsada por el crecimiento de nuestra cartera de clientes y de nuestra presencia internacional"
about.history.2023.title,Infrastructure Expansion,Espansione Infrastrutture,Expansion des Infrastructures,Infrastrukturerweiterung,Expansión de Infraestructuras
about.history.2025.description,"Hand Line announces its expansion in the UK market with the launch of a subsidiary in London to further support the growing market in England, Wales and Ireland",Hand Line annuncia la sua espansione nel mercato del Regno Unito con il lancio di una filiale a Londra per supportare ulteriormente il crescente mercato internazionale,Hand Line annonce son expansion sur le marché du Royaume-Uni avec le lancement d'une filiale à Londres pour soutenir davantage son marché international en pleine croissance,"Hand Line kündigt seine Expansion auf den britischen Markt an und eröffnet eine Niederlassung in London, um den wachsenden internationalen Markt weiter zu unterstützen",Hand Line anuncia su expansión en el mercado del Reino Unido con el lanzamiento de una filial en Londres para seguir apoyando su creciente mercado internacional
about.history.2025.title,UK Market Entry,Ingresso Mercato UK,Entrée sur le Marché du Royaume-Uni,Markteintritt Großbritannien,Entrada en el Mercado del Reino Unido
about.history.badge,Our Journey,Il Nostro Percorso,Notre Parcours,Unser Werdegang,Nuestro Recorrido
about.history.description,"From our beginnings in Milan to becoming a leading safety equipment manufacturer, discover key moments that shaped our company.","Dalle origini in Lombardia (Italia) fino a diventare un produttore e fornitore internazionale di dispositivi di protezione, scopri i momenti chiave che hanno plasmato la nostra azienda e la nostra cultura.","Des origines en Lombardie (Italie) jusqu'à devenir un fabricant et fournisseur international d'équipements de protection, découvrez les moments clés qui ont façonné notre entreprise et notre culture.","Von den Anfängen in der Lombardei (Italien) bis zum internationalen Hersteller und Lieferanten von Schutzausrüstung – entdecken Sie die entscheidenden Momente, die unser Unternehmen und unsere Kultur geprägt haben.","Desde nuestros orígenes en Lombardía (Italia) hasta convertirnos en un fabricante y proveedor internacional de equipos de protección, descubre los momentos clave que han moldeado nuestra empresa y nuestra cultura."
about.history.heading,Our History,La Nostra Storia,Notre histoire,Unsere Geschichte,Nuestra historia
about.mission.badge,Our Mission,La Nostra Missione,Notre Mission,Unsere Mission,Nuestra Misión
about.mission.cta,Discover Our Products,Scopri i Nostri Prodotti,Découvrez Nos Produits,Entdecken Sie Unsere Produkte,Descubre Nuestros Productos
about.mission.description,"Since 1981, Hand Line has been dedicated to developing innovative protective solutions that combine uncompromising safety with Italian design excellence.","Dal 1981, Hand Line si dedica allo sviluppo di soluzioni protettive innovative che combinano sicurezza senza compromessi con l'eccellenza del design italiano.","Depuis 1981, Hand Line se consacre au développement de solutions de protection innovantes qui allient une sécurité sans compromis à l'excellence du design italien.","Seit 1981 widmet sich Hand Line der Entwicklung innovativer Schutzlösungen, die kompromisslose Sicherheit mit der Exzellenz des italienischen Designs verbinden.","Desde 1981, Hand Line se dedica al desarrollo de soluciones de protección innovadoras que combinan una seguridad sin concesiones con la excelencia del diseño italiano."
about.mission.heading,Protecting Hands That Build Our World,Proteggere le Mani Che Costruiscono il Nostro Mondo,Protéger les Mains Qui Construisent Notre Monde,"Die Hände schützen, die unsere Welt erbauen",Proteger las Manos Que Construyen Nuestro Mundo
about.mission.points.0,Specialised manufacturing expertise in high-performance safety gloves,Competenza specializzata nella produzione di guanti di sicurezza ad alte prestazioni,Expertise spécialisée dans la fabrication de gants de sécurité haute performance,Spezialisierte Expertise in der Herstellung von Hochleistungs-Sicherheitshandschuhen,Experiencia especializada en la fabricación de guantes de seguridad de altas prestaciones
about.mission.points.1,Rigorous testing to exceed industry safety standards,Test rigorosi per superare gli standard di sicurezza del settore,Tests rigoureux pour dépasser les normes de sécurité du secteur,"Strenge Tests, um die Sicherheitsstandards der Branche zu übertreffen",Pruebas rigurosas para superar los estándares de seguridad del sector
about.mission.points.2,"Balance of protection, comfort and performance","Equilibrio tra protezione, comfort e prestazioni","Équilibre entre protection, confort et performance","Ausgewogenheit zwischen Schutz, Komfort und Leistung","Equilibrio entre protección, confort y prestaciones"
about.mission.points.3,Commitment to innovation and continuous improvement,Impegno per l'innovazione e il miglioramento continuo,Engagement envers l'innovation et l'amélioration continue,Engagement für Innovation und kontinuierliche Verbesserung,Compromiso con la innovación y la mejora continua
about.mission.since,Since,Dal,Depuis,Seit,Desde
about.mission.year,1981,1981,1981,1981,1981
about.ourStory,Our Story,La Nostra Storia,Notre histoire,Unsere Geschichte,Nuestra historia
about.stats.countries,Countries,Paesi,Pays,Länder,Países
about.stats.products,Products,Prodotti,Produits,Produkte,Productos
about.stats.team,Team Members,Membri del Team,Membres de l'Équipe,Teammitglieder,Miembros del Equipo
about.stats.years,Years' Experience,Anni di Esperienza,Années d'expérience,Jahre Erfahrung,Años de experiencia
about.team.badge,Our People,Le Nostre Persone,Nos Collaborateurs,Unsere Mitarbeiter,Nuestra Gente
about.team.description,Our dedicated professionals combine decades of experience with a passion for safety innovation.,I nostri professionisti uniscono decenni di esperienza a una passione per l'innovazione nella sicurezza.,Nos professionnels allient des décennies d'expérience à une passion pour l'innovation en matière de sécurité.,Unsere Fachleute vereinen jahrzehntelange Erfahrung mit einer Leidenschaft für Sicherheitsinnovation.,Nuestros profesionales combinan décadas de experiencia con una pasión por la innovación en seguridad.
about.team.heading,Meet the Hand Line Team,Il Team Hand Line,L'Équipe Hand Line,Das Hand Line Team,El Equipo Hand Line
about.values.badge,Our Values,I Nostri Valori,Nos Valeurs,Unsere Werte,Nuestros Valores
about.values.compliance.description,Our products meet or exceed all relevant safety standards and certifications across global markets.,I nostri prodotti rispettano o superano tutti gli standard e le certificazioni di sicurezza rilevanti a livello globale.,Nos produits respectent ou dépassent toutes les normes et certifications de sécurité pertinentes au niveau mondial.,Unsere Produkte erfüllen oder übertreffen alle relevanten Sicherheitsstandards und -zertifizierungen weltweit.,Nuestros productos cumplen o superan todos los estándares y certificaciones de seguridad relevantes a nivel mundial.
about.values.compliance.title,Compliance,Conformità,Conformité,Konformität,Conformidad
about.values.customer.description,We listen to our clients' needs and develop solutions that address their specific safety challenges.,Ascoltiamo le esigenze dei nostri clienti e sviluppiamo soluzioni per le loro specifiche sfide di sicurezza.,Nous écoutons les besoins de nos clients et développons des solutions pour leurs défis de sécurité spécifiques.,Wir hören auf die Bedürfnisse unserer Kunden und entwickeln Lösungen für ihre spezifischen Sicherheitsherausforderungen.,Escuchamos las necesidades de nuestros clientes y desarrollamos soluciones para sus retos de seguridad específicos.
about.values.customer.title,Customer Focus,Focus sul Cliente,Focus Client,Kundenorientierung,Enfoque en el Cliente
about.values.description,"These core principles guide everything we do at Hand Line, from product design to customer service.","Questi principi fondamentali guidano ogni aspetto di Hand Line, dalla progettazione dei prodotti al servizio clienti.","Ces principes fondamentaux guident chaque aspect de Hand Line, de la conception des produits au service client.","Diese Grundprinzipien leiten jeden Aspekt von Hand Line, von der Produktentwicklung bis zum Kundenservice.","Estos principios fundamentales guían cada aspecto de Hand Line, desde el diseño de los productos hasta el servicio al cliente."
about.values.design.description,"We believe in clear, purposeful design that enhances function while providing intuitive user experience.",Crediamo in un design chiaro e funzionale che migliori l'usabilità e l'esperienza dell'utente.,Nous croyons en un design clair et fonctionnel qui améliore l'utilisabilité et l'expérience utilisateur.,"Wir glauben an ein klares und funktionales Design, das die Benutzerfreundlichkeit und das Nutzererlebnis verbessert.",Creemos en un diseño claro y funcional que mejora la usabilidad y la experiencia del usuario.
about.values.design.title,Design Clarity,Chiarezza del Design,Clarté du Design,Klarheit im Design,Claridad del Diseño
about.values.heading,Principles That Guide Us,Principi Guida,Principes Directeurs,Leitprinzipien,Principios Rectores
about.values.innovation.description,We continuously push the boundaries of what is possible in hand protection through research and innovation.,Superiamo costantemente i limiti della protezione delle mani attraverso ricerca e innovazione.,Nous repoussons constamment les limites de la protection des mains grâce à la recherche et à l'innovation.,Wir verschieben durch Forschung und Innovation ständig die Grenzen des Handschutzes.,Superamos constantemente los límites de la protección de las manos mediante la investigación y la innovación.
about.values.innovation.title,Innovation,Innovazione,Innovation,Innovation,Innovación
about.values.quality.description,Our rigorous quality control ensures that every product meets the highest standards of durability and performance.,Il nostro rigoroso controllo qualità garantisce che ogni prodotto rispetti i più alti standard di durata e prestazione.,Notre contrôle qualité rigoureux garantit que chaque produit respecte les normes les plus élevées en matière de durabilité et de performance.,"Unsere strenge Qualitätskontrolle stellt sicher, dass jedes Produkt die höchsten Standards in Bezug auf Haltbarkeit und Leistung erfüllt.",Nuestro riguroso control de calidad garantiza que cada producto cumpla los más altos estándares de durabilidad y rendimiento.
about.values.quality.title,Quality Excellence,Eccellenza Qualitativa,Excellence Qualitative,Qualitative Exzellenz,Excelencia Cualitativa
about.values.safety.description,We believe that safety should never be compromised. Every product we design prioritises protection above all else.,Crediamo che la sicurezza non debba mai essere compromessa. Ogni prodotto che progettiamo mette la protezione al primo posto.,Nous pensons que la sécurité ne doit jamais être compromise. Chaque produit que nous concevons place la protection au premier plan.,"Wir glauben, dass Sicherheit niemals ein Kompromiss sein darf. Jedes Produkt, das wir entwickeln, stellt den Schutz an erste Stelle.",Creemos que la seguridad nunca debe verse comprometida. Cada producto que diseñamos pone la protección en primer lugar.
about.values.safety.title,Safety First,Sicurezza Prima di Tutto,La Sécurité Avant Tout,Sicherheit an Erster Stelle,La Seguridad Ante Todo
admin.brands.addNewBrand,Add New Brand,Aggiungi Nuovo Marchio,Ajouter une Nouvelle Marque,Neue Marke Hinzufügen,Añadir Nueva Marca
admin.brands.brandCreated,Brand created successfully,Marchio creato con successo,Marque créée avec succès,Marke erfolgreich erstellt,Marca creada con éxito
admin.brands.brandLogo,Brand Logo,Logo Marchio,Logo de la Marque,Markenlogo,Logo de la Marca
admin.brands.brandName,Brand Name,Nome Marchio,Nom de la Marque,Markenname,Nombre de la Marca
admin.brands.brandNameExists,Brand name already exists,Il nome del marchio esiste già,Ce nom de marque existe déjà,Der Markenname existiert bereits,El nombre de la marca ya existe
admin.brands.brandNameRequired,Brand name is required,Il nome del marchio è obbligatorio,Le nom de la marque est obligatoire,Der Markenname ist erforderlich,El nombre de la marca es obligatorio
admin.brands.createBrand,Create Brand,Crea Marchio,Créer une Marque,Marke Erstellen,Crear Marca
admin.brands.errorCreatingBrand,Error creating brand,Errore nella creazione del marchio,Erreur lors de la création de la marque,Fehler beim Erstellen der Marke,Error al crear la marca
admin.brands.errorLoadingBrands,Failed to load available brands,Impossibile caricare i marchi disponibili,Impossible de charger les marques disponibles,Die verfügbaren Marken konnten nicht geladen werden,No se han podido cargar las marcas disponibles
admin.brands.invalidLogoFile,"Logo must be a valid image file (JPEG, PNG, GIF, or WebP)","Il logo deve essere un file immagine valido (JPEG, PNG, GIF o WebP)","Le logo doit être un fichier image valide (JPEG, PNG, GIF ou WebP)","Das Logo muss eine gültige Bilddatei sein (JPEG, PNG, GIF oder WebP)","El logo debe ser un archivo de imagen válido (JPEG, PNG, GIF o WebP)"
admin.brands.logoTooLarge,Logo file must be less than 5MB,Il file del logo deve essere inferiore a 5MB,Le fichier du logo doit être inférieur à 5 Mo,Die Logodatei muss kleiner als 5 MB sein,El archivo del logo debe ser inferior a 5 MB
admin.brands.noBrandsSelected,No brands selected,Nessun marchio selezionato,Aucune marque sélectionnée,Keine Marke ausgewählt,Ninguna marca seleccionada
admin.brands.selectBrands,Select Brands,Seleziona Marchi,Sélectionner des Marques,Marken Auswählen,Seleccionar Marcas
admin.brands.title,Brands,Marchi,Marques,Marken,Marcas
auth.accountCreated,Account created!,Account creato!,Compte créé !,Konto erstellt!,¡Cuenta creada!
auth.agreeTo,"By signing in, you agree to our",Accedendo accetti i nostri,"En vous connectant, vous acceptez nos",Mit der Anmeldung akzeptieren Sie unsere,"Al iniciar sesión, aceptas nuestros"
auth.alreadyHaveAccount,Already have an account?,Hai già un account?,Vous avez déjà un compte ?,Haben Sie bereits ein Konto?,¿Ya tienes una cuenta?
auth.confirmPassword,Confirm Password,Conferma password,Confirmer le mot de passe,Passwort bestätigen,Confirmar contraseña
auth.continueWithGoogle,Continue with Google,Continua con Google,Continuer avec Google,Mit Google fortfahren,Continuar con Google
auth.createAccount,Create Your Account,Crea il tuo account,Créez votre compte,Erstellen Sie Ihr Konto,Crea tu cuenta
auth.customerPortal,Customer Portal,Portale Clienti,Portail Clients,Kundenportal,Portal de Clientes
auth.customerPortalDesc,Access your account dashboard and services,Accedi al tuo pannello e ai servizi,Accédez à votre tableau de bord et à vos services,Greifen Sie auf Ihr Dashboard und Ihre Dienste zu,Accede a tu panel y a tus servicios
auth.email,Email Address,Indirizzo email,Adresse e-mail,E-Mail-Adresse,Dirección de correo electrónico
auth.emailPlaceholder,name@example.com,nome@azienda.com,nom@entreprise.com,name@unternehmen.com,nombre@empresa.com
auth.errorSignIn,Error Signing In,Errore di accesso,Erreur de connexion,Anmeldefehler,Error de acceso
auth.errorSignUp,Error signing up,Errore di registrazione,Erreur d'inscription,Registrierungsfehler,Error de registro
auth.forgotPassword,Forgot password?,Password dimenticata?,Mot de passe oublié ?,Passwort vergessen?,¿Contraseña olvidada?
auth.forgotPasswordDesc,Enter your email to reset your password,Inserisci la tua email per reimpostare la password,Saisissez votre e-mail pour réinitialiser le mot de passe,"Geben Sie Ihre E-Mail-Adresse ein, um Ihr Passwort zurückzusetzen",Introduce tu correo electrónico para restablecer la contraseña
auth.forgotPasswordHelp,We will send you a link to reset your password,Ti invieremo un link per reimpostare la password,Nous vous enverrons un lien pour réinitialiser votre mot de passe,Wir senden Ihnen einen Link zum Zurücksetzen Ihres Passworts,Te enviaremos un enlace para restablecer tu contraseña
auth.forgotPasswordTitle,Forgot password?,Password dimenticata?,Mot de passe oublié ?,Passwort vergessen?,¿Contraseña olvidada?
auth.hidePassword,Hide password,Nascondi password,Masquer le mot de passe,Passwort ausblenden,Ocultar contraseña
auth.notAMember,Not a member?,Non sei registrato?,Vous n'êtes pas encore inscrit ?,Noch nicht registriert?,¿No estás registrado?
auth.orContinueWith,or continue with,o continua con,ou continuez avec,oder fahren Sie fort mit,o continúa con
auth.password,Password,Password,Mot de passe,Passwort,Contraseña
auth.passwordPlaceholder,••••••••,••••••••,••••••••,••••••••,••••••••
auth.passwordRequirement.hasNumber,At least one number,Almeno un numero,Au moins un chiffre,Mindestens eine Zahl,Al menos un número
auth.passwordRequirement.hasSpecial,At least one special character,Almeno un carattere speciale,Au moins un caractère spécial,Mindestens ein Sonderzeichen,Al menos un carácter especial
auth.passwordRequirement.match,Passwords match,Le password corrispondono,Les mots de passe correspondent,Die Passwörter stimmen überein,Las contraseñas coinciden
auth.passwordRequirement.minLength,At least 8 characters,Almeno 8 caratteri,Au moins 8 caractères,Mindestens 8 Zeichen,Al menos 8 caracteres
auth.passwordRequirement.noMatch,Passwords do not match,Le password non corrispondono,Les mots de passe ne correspondent pas,Die Passwörter stimmen nicht überein,Las contraseñas no coinciden
auth.privacy,Privacy Policy,Informativa Privacy,Politique de confidentialité,Datenschutzerklärung,Política de privacidad
auth.profileSetupIssue,Your sign-in was successful but profile setup failed. Some features may be limited.,Accesso riuscito ma la configurazione del profilo non è andata a buon fine. Alcune funzionalità potrebbero essere limitate.,"Connexion réussie, mais la configuration du profil a échoué. Certaines fonctionnalités peuvent être limitées.","Anmeldung erfolgreich, aber die Profilkonfiguration ist fehlgeschlagen. Einige Funktionen können eingeschränkt sein.","Inicio de sesión correcto, pero la configuración del perfil no se ha completado. Es posible que algunas funciones estén limitadas."
auth.showPassword,Show password,Mostra password,Afficher le mot de passe,Passwort anzeigen,Mostrar contraseña
auth.signIn,Sign In,Accedi,Se connecter,Anmelden,Iniciar sesión
auth.signInDesc,Enter your credentials to access your account and dashboard.,Inserisci le tue credenziali per accedere al tuo account e al pannello.,Saisissez vos identifiants pour accéder à votre compte et à votre tableau de bord.,"Geben Sie Ihre Zugangsdaten ein, um auf Ihr Konto und Ihr Dashboard zuzugreifen.",Introduce tus credenciales para acceder a tu cuenta y a tu panel.
auth.signInInstead,Sign in,Accedi,Se connecter,Anmelden,Iniciar sesión
auth.signUp,Sign Up,Registrati,S'inscrire,Registrieren,Regístrate
auth.signUpDesc,Create an account to access our full suite of services and features.,Crea un account per accedere a tutte le funzionalità e ai servizi.,Créez un compte pour accéder à toutes les fonctionnalités et à tous les services.,"Erstellen Sie ein Konto, um auf alle Funktionen und Dienste zuzugreifen.",Crea una cuenta para acceder a todas las funciones y servicios.
auth.signUpInstead,Sign up instead,Registrati invece,S'inscrire à la place,Stattdessen registrieren,Regístrate en su lugar
auth.submit,Submit,Invia,Envoyer,Senden,Enviar
auth.successSignIn,You have been signed in.,Accesso effettuato.,Connexion réussie.,Anmeldung erfolgreich.,Sesión iniciada.
auth.successSignUp,You have been signed up and logged in.,Registrazione completata e accesso effettuato.,Inscription terminée et connexion réussie.,Registrierung abgeschlossen und Anmeldung erfolgreich.,Registro completado e inicio de sesión realizado.
auth.terms,Terms of Service,Termini di Servizio,Conditions d'Utilisation,Nutzungsbedingungen,Términos de Servicio
auth.userExists,User already exists,Utente già esistente,Utilisateur déjà existant,Benutzer existiert bereits,Usuario ya existente
auth.welcomeBack,Welcome Back,Bentornato,Bon retour,Willkommen zurück,Bienvenido de nuevo
blog.backToBlogs,Back to Blogs,Torna al blog,Retour au blog,Zurück zum Blog,Volver al blog
blog.categoriesBuckets.buckets.industrySustainability.description,Stay informed on market trends and sustainable practices in safety.,Rimani aggiornato su trend di mercato e pratiche sostenibili nella sicurezza.,Restez informé des tendances du marché et des pratiques durables en matière de sécurité.,Bleiben Sie über Markttrends und nachhaltige Praktiken im Bereich Sicherheit informiert.,Mantente al día sobre las tendencias del mercado y las prácticas sostenibles en materia de seguridad.
blog.categoriesBuckets.buckets.industrySustainability.title,Industry & Sustainability,Industria & Sostenibilità,Industrie et durabilité,Industrie & Nachhaltigkeit,Industria y sostenibilidad
blog.categoriesBuckets.buckets.other.description,General articles and updates on safety and protection.,Articoli generali e aggiornamenti su sicurezza e protezione.,Articles généraux et actualités sur la sécurité et la protection.,Allgemeine Artikel und Neuigkeiten zu Sicherheit und Schutz.,Artículos generales y novedades sobre seguridad y protección.
blog.categoriesBuckets.buckets.other.title,Other Insights,Altri Approfondimenti,Autres Analyses,Weitere Einblicke,Otros Análisis
blog.categoriesBuckets.buckets.productsInnovation.description,Discover our latest PPE solutions and cutting-edge safety technologies.,Scopri le nostre ultime soluzioni DPI e tecnologie di sicurezza all'avanguardia.,Découvrez nos dernières solutions EPI et technologies de sécurité de pointe.,Entdecken Sie unsere neuesten PSA-Lösungen und hochmodernen Sicherheitstechnologien.,Descubre nuestras últimas soluciones de EPI y tecnologías de seguridad de vanguardia.
blog.categoriesBuckets.buckets.productsInnovation.title,Products & Innovation,Prodotti & Innovazione,Produits & Innovation,Produkte & Innovation,Productos e Innovación
blog.categoriesBuckets.buckets.safetyCompliance.description,"Get practical guidance on standards, regulations, and workplace protection.","Guida pratica a norme, regolamenti e protezione sul lavoro.","Guide pratique des normes, réglementations et de la protection au travail.","Praktischer Leitfaden zu Normen, Vorschriften und Arbeitsschutz.","Guía práctica sobre normas, reglamentos y protección en el trabajo."
blog.categoriesBuckets.buckets.safetyCompliance.title,Safety & Compliance,Sicurezza & Conformità,Sécurité et conformité,Sicherheit & Konformität,Seguridad y conformidad
blog.categoriesBuckets.title,Explore by Topic,Esplora per Argomento,Explorer par Sujet,Nach Thema Durchsuchen,Explorar por Tema
blog.featuredArticle,Featured Article,Articolo in Evidenza,Article à la Une,Empfohlener Artikel,Artículo Destacado
blog.featuredDescription,Discover the latest insights and innovations in workplace safety and hand protection technology.,Scopri le ultime novità e innovazioni nella sicurezza sul lavoro e nella tecnologia di protezione delle mani.,Découvrez les dernières nouveautés et innovations en matière de sécurité au travail et de technologie de protection des mains.,Entdecken Sie die neuesten Nachrichten und Innovationen im Bereich Arbeitssicherheit und Handschutztechnologie.,Descubre las últimas novedades e innovaciones en seguridad laboral y tecnología de protección de las manos.
blog.featuredTitle,Expert Insights,Approfondimenti,Analyses,Einblicke,Análisis
blog.grid.articles,articles,articoli,articles,Artikel,artículos
blog.grid.badge,Safety Knowledge,Conoscenza della Sicurezza,Connaissances en Sécurité,Sicherheitswissen,Conocimiento sobre Seguridad
blog.grid.clearAllFilters,Clear all filters,Cancella tutti i filtri,Effacer tous les filtres,Alle Filter löschen,Borrar todos los filtros
blog.grid.clearFilters,Clear,Cancella,Effacer,Löschen,Borrar
blog.grid.description,"Discover expert insights about industrial safety gloves, protective equipment, and best practices for workplace hand protection.","Scopri approfondimenti esperti sui guanti di sicurezza industriali, dispositivi di protezione e migliori pratiche per la protezione delle mani sul posto di lavoro.","Découvrez des analyses d'experts sur les gants de sécurité industriels, les équipements de protection et les meilleures pratiques pour la protection des mains sur le lieu de travail.","Entdecken Sie fachkundige Einblicke zu industriellen Sicherheitshandschuhen, Schutzausrüstung und Best Practices für den Handschutz am Arbeitsplatz.","Descubra información experta sobre guantes de seguridad industriales, equipos de protección y mejores prácticas para la protección de las manos en el lugar de trabajo."
blog.grid.filterByTags,Categories,Categorie,Catégories,Kategorien,Categorías
blog.grid.noArticles,No articles found,Nessun articolo trovato,Aucun article trouvé,Kein Artikel gefunden,No se han encontrado artículos
blog.grid.noArticlesDescription,Try adjusting your search or filter criteria,Prova a modificare i criteri di ricerca o filtro,Essayez de modifier les critères de recherche ou de filtrage,"Versuchen Sie, die Such- oder Filterkriterien zu ändern",Intenta modificar los criterios de búsqueda o filtro
blog.grid.searchFor,for,per,pour,für,para
blog.grid.searchPlaceholder,Search Insights...,Cerca Insights...,Rechercher des Insights...,Insights durchsuchen...,Buscar Insights...
blog.grid.showing,Showing,Mostrando,Affichage,Anzeige,Mostrando
blog.grid.title,Hand Line Safety Resources,Risorse sulla Sicurezza Hand Line,Ressources sur la Sécurité Hand Line,Hand Line Sicherheitsressourcen,Recursos de Seguridad de Hand Line
blog.hero.badge,Blog,Blog,Blog,Blog,Blog
blog.hero.description,"Industry-leading knowledge, insights, and ideas to advance safety in every workplace.","Conoscenza leader, approfondimenti e idee per far progredire la sicurezza in ogni luogo di lavoro.","Des connaissances de pointe, des analyses et des idées pour faire progresser la sécurité sur chaque lieu de travail.","Führendes Wissen, Einblicke und Ideen, um die Sicherheit an jedem Arbeitsplatz voranzubringen.","Conocimiento líder, información e ideas para hacer progresar la seguridad en cada lugar de trabajo."
blog.hero.exploreArticles,Explore Articles,Esplora Articoli,Explorer les Articles,Artikel entdecken,Explorar Artículos
blog.hero.learnAboutUs,Learn About Us,Scopri Chi Siamo,Découvrez qui nous sommes,Erfahren Sie mehr über uns,Descubre quiénes somos
blog.hero.title,Hand Line,Hand Line,Hand Line,Hand Line,Hand Line
blog.hero.titleAccent,Insights,Insights,Insights,Insights,Insights
blog.minRead,min read,min di lettura,min de lecture,Min. Lesezeit,min de lectura
blog.readArticle,Read Article,Leggi l'articolo,Lire l'article,Artikel lesen,Leer el artículo
blog.stats.articles,Articles,Articoli,Articles,Artikel,Artículos
blog.stats.categories,Categories,Categorie,Catégories,Kategorien,Categorías
blog.stats.freeAccess,Free Access,Accesso Gratuito,Accès Gratuit,Kostenloser Zugang,Acceso Gratuito
blog.stats.yearsExperience,Years Experience,Anni di Esperienza,Années d'expérience,Jahre Erfahrung,Años de experiencia
careers.application.additionalInfo,Additional Information,Informazioni aggiuntive,Informations complémentaires,Zusätzliche Informationen,Información adicional
careers.application.availableFrom,Available From,Disponibile da,Disponible à partir de,Verfügbar ab,Disponible desde
careers.application.coverLetter,Cover Letter,Lettera di presentazione,Lettre de motivation,Anschreiben,Carta de presentación
careers.application.cv,CV/Resume,CV,CV,CV,CV
careers.application.documents,Documents,Documenti,Documents,Dokumente,Documentos
careers.application.email,Email Address,Email,E-mail,E-Mail,Correo electrónico
careers.application.fileSelected,File selected,File selezionato,Fichier sélectionné,Ausgewählte Datei,Archivo seleccionado
careers.application.firstName,First Name,Nome,Nom,Name,Nombre
careers.application.lastName,Last Name,Cognome,Nom de famille,Nachname,Apellido
careers.application.message,Message,Messaggio,Message,Nachricht,Mensaje
careers.application.messagePlaceholder,Tell us why you're interested in this position and what makes you a great fit...,Aggiungi qualsiasi cosa ritieni importante…,Ajoutez tout ce que vous jugez important…,"Fügen Sie alles hinzu, was Sie für wichtig halten…",Añada cualquier cosa que consideres importante…
careers.application.personalInfo,Personal Information,Informazioni personali,Informations personnelles,Persönliche Informationen,Información personal
careers.application.phone,Phone Number,Telefono,Téléphone,Telefon,Teléfono
careers.application.submit,Submit Application,Invia candidatura,Envoyer la candidature,Bewerbung senden,Enviar candidatura
careers.application.title,Apply for Position,Candidati per la Posizione,Postulez pour ce Poste,Für die Stelle bewerben,Postúlate para el Puesto
careers.backToCareers,Back to Careers,Torna a Carriere,Retour aux carrières,Zurück zu Karriere,Volver a Carreras
careers.cta.badge,Open Applications,Candidature Aperte,Candidatures Ouvertes,Offene Bewerbungen,Candidaturas Abiertas
careers.cta.buttons.keepInformed,Keep me informed,Tienimi aggiornato,Tenez-moi informé,Halten Sie mich auf dem Laufenden,Mantenme informado
careers.cta.buttons.openApplication,Submit Open Application,Invia candidatura spontanea,Envoyer une candidature spontanée,Initiativbewerbung senden,Enviar candidatura espontánea
careers.cta.cvUrl,Link to CV / portfolio (optional),Link al CV / portfolio (opzionale),Lien vers le CV / portfolio (facultatif),Link zum Lebenslauf / Portfolio (optional),Enlace al CV / portafolio (opcional)
careers.cta.cvUrlPlaceholder,https://your-portfolio-or-cv-link,https://il-tuo-link-al-cv-o-portfolio,https://votre-lien-cv-ou-portfolio,https://ihr-link-zum-lebenslauf-oder-portfolio,https://tu-enlace-a-cv-o-portafolio
careers.cta.description,"If you haven't seen anything that feels like a perfect fit but you think your skills would be valuable and you see yourself growing professionally in Hand Line or have some exciting ideas you want to discuss with us, we would love to hear you out. Send us an open application, we are open to ideas.","Se non hai visto nulla che sembra perfetto per te ma pensi che le tue competenze possano essere preziose e ti vedi crescere professionalmente in Hand Line o se hai idee interessanti di cui vorresti parlarci, ci farebbe piacere sentirti. Inviaci una candidatura spontanea, siamo sempre aperti a suggerimenti e nuove idee.","Si vous n'avez rien trouvé qui vous semble parfait, mais que vous pensez que vos compétences pourraient être précieuses et que vous vous voyez évoluer professionnellement chez Hand Line, ou si vous avez des idées intéressantes dont vous aimeriez nous parler, nous serions ravis de vous entendre. Envoyez-nous une candidature spontanée, nous sommes toujours ouverts aux suggestions et aux nouvelles idées.","Wenn Sie nichts gefunden haben, das perfekt zu Ihnen passt, aber glauben, dass Ihre Fähigkeiten wertvoll sein könnten und Sie sich beruflich bei Hand Line weiterentwickeln möchten, oder wenn Sie interessante Ideen haben, über die Sie mit uns sprechen möchten, würden wir uns freuen, von Ihnen zu hören. Senden Sie uns eine Initiativbewerbung, wir sind immer offen für Vorschläge und neue Ideen.","Si no has encontrado nada que te parezca perfecto, pero crees que tus competencias podrían ser valiosas y te ves creciendo profesionalmente en Hand Line, o si tienes ideas interesantes de las que te gustaría hablarnos, nos encantaría saber de ti. Envíanos una candidatura espontánea, siempre estamos abiertos a sugerencias y nuevas ideas."
careers.cta.ideaLabel,Tell us what you have in mind and where you see yourself adding value,Raccontaci cosa hai in mente e dove pensi di poter portare valore,Racontez-nous ce que vous avez en tête et où vous pensez pouvoir apporter de la valeur,"Erzählen Sie uns, was Sie im Sinn haben und wo Sie Mehrwert schaffen können",Cuéntanos qué tienes en mente y dónde crees que puedes aportar valor
careers.cta.interestSuccess,You're on the list for future opportunities.,Sei nella lista per le future opportunità.,Vous êtes sur la liste pour les futures opportunités.,Sie stehen auf der Liste für zukünftige Möglichkeiten.,Estás en la lista para futuras oportunidades.
careers.cta.keepDescription,We will keep you informed of new jobs for the next 12 months. Come back any time to renew your interest.,Ti terremo informato sulle nuove posizioni per i prossimi 12 mesi. Torna in qualsiasi momento per rinnovare l'interesse.,Nous vous tiendrons informé des nouveaux postes pendant les 12 prochains mois. Revenez à tout moment pour renouveler votre intérêt.,"Wir halten Sie in den nächsten 12 Monaten über neue Stellen auf dem Laufenden. Kommen Sie jederzeit zurück, um Ihr Interesse zu erneuern.",Te mantendremos informado sobre las nuevas posiciones durante los próximos 12 meses. Vuelve en cualquier momento para renovar tu interés.
careers.cta.keepTitle,Keep me informed,Tienimi aggiornato,Tenez-moi informé,Halten Sie mich auf dem Laufenden,Mantenme informado
careers.cta.openSuccess,Your open application has been sent.,La tua candidatura spontanea è stata inviata.,Votre candidature spontanée a été envoyée.,Ihre Initiativbewerbung wurde gesendet.,Tu candidatura espontánea ha sido enviada.
careers.cta.openTitle,Submit an Open Application,Invia una candidatura spontanea,Envoyer une candidature spontanée,Initiativbewerbung senden,Enviar una candidatura espontánea
careers.cta.submitKeep,Subscribe,Iscriviti,S'inscrire,Registrieren,Suscribirse
careers.cta.submitOpen,Send Application,Invia,Envoyer,Senden,Enviar
careers.cta.success,Thank you!,Grazie!,Merci !,Danke!,¡Gracias!
careers.cta.title,Nothing tailored to you but you still interested?,Sei interessato ma non trovi una posizione su misura?,Vous êtes intéressé mais ne trouvez pas de poste sur mesure ?,"Sind Sie interessiert, finden aber keine passende Stelle?",¿Estás interesado pero no encuentras una posición a tu medida?
careers.equalityStatement,"At Hand Line, we are committed to creating an inclusive workplace where everyone feels valued, respected, and supported. We welcome applications from all qualified individuals, regardless of age, gender, disability, sexual orientation, race, religion, or belief. If you need any adjustments or support during the application process, please let us know.","In Hand Line ci impegniamo a creare un ambiente di lavoro inclusivo, dove tutti si sentano valorizzati, rispettati e supportati. Accogliamo candidature da tutte le persone qualificate, indipendentemente da età, genere, disabilità, orientamento sessuale, razza, religione o credo. Se hai bisogno di adattamenti o supporto durante il processo di candidatura, faccelo sapere.","Chez Hand Line, nous nous engageons à créer un environnement de travail inclusif, où chacun se sent valorisé, respecté et soutenu. Nous accueillons les candidatures de toutes les personnes qualifiées, indépendamment de l'âge, du genre, du handicap, de l'orientation sexuelle, de la race, de la religion ou des croyances. Si vous avez besoin d'aménagements ou d'un soutien pendant le processus de candidature, faites-le nous savoir.","Bei Hand Line setzen wir uns für ein integratives Arbeitsumfeld ein, in dem sich alle wertgeschätzt, respektiert und unterstützt fühlen. Wir begrüßen Bewerbungen von allen qualifizierten Personen, unabhängig von Alter, Geschlecht, Behinderung, sexueller Orientierung, Herkunft, Religion oder Weltanschauung. Wenn Sie während des Bewerbungsprozesses Anpassungen oder Unterstützung benötigen, lassen Sie es uns bitte wissen.","En Hand Line nos comprometemos a crear un entorno de trabajo inclusivo, donde todos se sientan valorados, respetados y apoyados. Aceptamos candidaturas de todas las personas cualificadas, independientemente de la edad, el género, la discapacidad, la orientación sexual, la raza, la religión o las creencias. Si necesitas adaptaciones o apoyo durante el proceso de candidatura, háznoslo saber."
careers.grid.badge,Open Positions,Posizioni Aperte,Postes Ouverts,Offene Stellen,Posiciones Abiertas
careers.grid.clearFilters,Clear Filters,Cancella filtri,Effacer les filtres,Filter zurücksetzen,Borrar filtros
careers.grid.departments,Departments,Dipartimenti,Départements,Abteilungen,Departamentos
careers.grid.description,Explore our current openings and find the perfect role to match your skills and passion for safety innovation.,Esplora le posizioni aperte e trova il ruolo perfetto per le tue competenze.,Explorez les postes ouverts et trouvez le rôle parfait pour vos compétences.,Entdecken Sie die offenen Stellen und finden Sie die perfekte Rolle für Ihre Fähigkeiten.,Explora las posiciones abiertas y encuentra el puesto perfecto para tus competencias.
careers.grid.filteredFrom,Filtered from {total} total positions,Filtrate da {total} posizioni totali,Filtrées parmi {total} postes au total,Gefiltert aus insgesamt {total} Stellen,Filtradas de {total} posiciones totales
careers.grid.locations,Locations,Luogo,Lieu,Standort,Ubicación
careers.grid.noPositions,No positions found,Nessuna posizione trovata,Aucun poste trouvé,Keine Stelle gefunden,No se ha encontrado ninguna posición
careers.grid.noPositionsDescription,We don't have any open positions matching your criteria at the moment. Please check back later or adjust your search.,Al momento non abbiamo posizioni aperte che corrispondono ai tuoi criteri. Riprova più tardi o modifica la ricerca.,"Actuellement, nous n'avons aucun poste ouvert correspondant à vos critères. Réessayez plus tard ou modifiez votre recherche.","Derzeit haben wir keine offenen Stellen, die Ihren Kriterien entsprechen. Versuchen Sie es später erneut oder ändern Sie Ihre Suche.",En este momento no tenemos posiciones abiertas que coincidan con tus criterios. Inténtalo más tarde o modifica la búsqueda.
careers.grid.positions,positions,posizioni,postes,Stellen,posiciones
careers.grid.positionsAvailablePlural,{count} Positions Available,{count} posizioni disponibili,{count} postes disponibles,{count} verfügbare Stellen,{count} posiciones disponibles
careers.grid.positionsAvailableSingular,1 Position Available,1 posizione disponibile,1 poste disponible,1 verfügbare Stelle,1 posición disponible
careers.grid.searchPlaceholder,Search positions...,Cerca posizioni...,Rechercher des postes...,Stellen durchsuchen...,Buscar posiciones...
careers.grid.showing,Showing,Mostrando,Affichage,Anzeige,Mostrando
careers.grid.title,Current Opportunities,Opportunità Disponibili,Opportunités Disponibles,Verfügbare Möglichkeiten,Oportunidades Disponibles
careers.hero.aboutCompany,About Our Company,La nostra azienda,Notre entreprise,Unser Unternehmen,Nuestra empresa
careers.hero.badge,Join Hand Line,Lavora con Hand Line,Travaillez avec Hand Line,Arbeiten Sie bei Hand Line,Trabaja con Hand Line
careers.hero.browseOpenings,Browse Openings,Sfoglia le posizioni,Parcourir les postes,Stellen durchsuchen,Explorar posiciones
careers.hero.contactUs,Contact Us,Contattaci,Contactez-nous,Kontaktieren Sie uns,Contáctenos
careers.hero.description,Join our team of passionate professionals dedicated to creating innovative safety solutions. Discover exciting career opportunities that allow you to make a difference in workplace safety.,"Unisciti al nostro team di professionisti appassionati, dedicati a creare soluzioni di sicurezza innovative. Scopri opportunità che ti permettono di fare la differenza nella sicurezza sul lavoro.","Rejoignez notre équipe de professionnels passionnés, dédiés à la création de solutions de sécurité innovantes. Découvrez des opportunités qui vous permettent de faire la différence dans la sécurité au travail.","Werden Sie Teil unseres Teams leidenschaftlicher Fachleute, die sich der Entwicklung innovativer Sicherheitslösungen widmen. Entdecken Sie Möglichkeiten, mit denen Sie im Bereich Arbeitssicherheit etwas bewirken können.","Únete a nuestro equipo de profesionales apasionados, dedicados a crear soluciones de seguridad innovadoras. Descubre oportunidades que te permiten marcar la diferencia en la seguridad laboral."
careers.hero.description1,"At Hand Line, we believe we can make a difference. Every day, we design and deliver products and solutions that protect people and enable organisations worldwide to perform safely and effectively.",In Hand Line crediamo di poter fare la differenza. Ogni giorno progettiamo e consegniamo prodotti e soluzioni che proteggono le persone e permettono alle aziende di tutto il mondo di lavorare in sicurezza ed efficacia.,"Chez Hand Line, nous croyons pouvoir faire la différence. Chaque jour, nous concevons et livrons des produits et des solutions qui protègent les personnes et permettent aux entreprises du monde entier de travailler en sécurité et avec efficacité.","Bei Hand Line glauben wir, dass wir etwas bewirken können. Jeden Tag entwickeln und liefern wir Produkte und Lösungen, die Menschen schützen und Unternehmen weltweit ermöglichen, sicher und effizient zu arbeiten.",En Hand Line creemos que podemos marcar la diferencia. Cada día diseñamos y entregamos productos y soluciones que protegen a las personas y permiten a las empresas de todo el mundo trabajar con seguridad y eficacia.
careers.hero.description2,"We are looking for curious minds, bold thinkers, and unstoppable doers who want to grow with us. Whether you're just starting your career or bringing years of experience, you'll find opportunities to learn, contribute, and thrive in an international, collaborative environment.","Cerchiamo menti curiose, pensatori audaci e persone instancabili che vogliano crescere con noi. Che tu stia iniziando la tua carriera o porti anni di esperienza, troverai opportunità per imparare, contribuire e prosperare in un ambiente internazionale e collaborativo.","Nous recherchons des esprits curieux, des penseurs audacieux et des personnes infatigables qui souhaitent grandir avec nous. Que vous débutiez votre carrière ou que vous apportiez des années d'expérience, vous trouverez des opportunités pour apprendre, contribuer et prospérer dans un environnement international et collaboratif.","Wir suchen neugierige Köpfe, mutige Denker und unermüdliche Menschen, die mit uns wachsen möchten. Ob Sie gerade erst Ihre Karriere beginnen oder jahrelange Erfahrung mitbringen, Sie finden Möglichkeiten, in einem internationalen und kollaborativen Umfeld zu lernen, beizutragen und sich zu entfalten.","Buscamos mentes curiosas, pensadores audaces y personas incansables que quieran crecer con nosotros. Ya sea que estés comenzando tu carrera o aportes años de experiencia, encontrarás oportunidades para aprender, contribuir y prosperar en un entorno internacional y colaborativo."
careers.hero.joinOurTeam,Join Our Team,Unisciti al team,Rejoignez l'équipe,Werden Sie Teil des Teams,Únete al equipo
careers.hero.learnAboutValues,Learn About Our Values,Scopri i nostri valori,Découvrez nos valeurs,Entdecken Sie unsere Werte,Descubre nuestros valores
careers.hero.stats.countries,12,12,12,12,12
careers.hero.stats.countriesLabel,Countries,Paesi,Pays,Länder,Países
careers.hero.stats.employees,Team Members,Membri del team,Membres de l'équipe,Teammitglieder,Miembros del equipo
careers.hero.stats.founded,1981,1981,1981,1981,1981
careers.hero.stats.foundedLabel,Founded,Fondazione,Fondation,Gründung,Fundación
careers.hero.stats.locations,5,5,5,5,5
careers.hero.stats.locationsLabel,Locations,Sedi,Sites,Standorte,Sedes
careers.hero.stats.teamMembers,120+,120+,120+,120+,120+
careers.hero.stats.teamMembersLabel,Team Members,Membri del team,Membres de l'équipe,Teammitglieder,Miembros del equipo
careers.hero.stats.years,Years Experience,Anni di esperienza,Années d'expérience,Jahre Erfahrung,Años de experiencia
careers.hero.title,Careers at Hand Line,Carriere in Hand Line,Carrières chez Hand Line,Karriere bei Hand Line,Carreras en Hand Line
careers.hero.titleAccent,Together.,Insieme.,Ensemble.,Gemeinsam.,Juntos.
careers.hero.titleStart,Let's build something big.,Costruiamo qualcosa di grande.,Construisons quelque chose de grand.,Lassen Sie uns etwas Großes aufbauen.,Construyamos algo grande.
careers.hero.viewOpenings,View Current Openings,Vedi posizioni aperte,Voir les postes ouverts,Offene Stellen ansehen,Ver posiciones abiertas
careers.new,New,Nuovo,Nouveau,Neu,Nuevo
careers.post.aboutRole,About the Role,Il Ruolo,Le Rôle,Die Rolle,El Puesto
careers.post.applyNow,Apply Now,Candidati ora,Postulez maintenant,Jetzt bewerben,Postúlate ahora
careers.post.backToCareers,Back to Careers,Torna a Carriere,Retour aux carrières,Zurück zu Karriere,Volver a Carreras
careers.post.benefits,Benefits,Benefici,Avantages,Vorteile,Beneficios
careers.post.excitedToLearn,We're excited to learn more about you and discuss how you can contribute to our mission.,Siamo entusiasti di conoscerti e di scoprire come puoi contribuire alla nostra missione.,Nous sommes ravis de faire votre connaissance et de découvrir comment vous pouvez contribuer à notre mission.,"Wir freuen uns darauf, Sie kennenzulernen und zu erfahren, wie Sie zu unserer Mission beitragen können.",Estamos entusiasmados por conocerte y descubrir cómo puedes contribuir a nuestra misión.
careers.post.jobType,Job Type,Tipo di contratto,Type de contrat,Vertragsart,Tipo de contrato
careers.post.joinTeamIndicator,Trusted by professionals worldwide • Competitive benefits • European workplace standards,Affidati da professionisti in tutto il mondo • Benefit competitivi • Standard europei sul lavoro,Approuvés par des professionnels du monde entier • Avantages compétitifs • Normes européennes du travail,Vertrauen von Fachleuten weltweit • Wettbewerbsfähige Zusatzleistungen • Europäische Arbeitsstandards,Confiado por profesionales de todo el mundo • Beneficios competitivos • Estándares laborales europeos
careers.post.location,Location,Sede,Siège,Sitz,Sede
careers.post.posted,Posted,Pubblicato,Publié,Veröffentlicht,Publicado
careers.post.quickActions,Quick Actions,Azioni rapide,Actions rapides,Schnellaktionen,Acciones rápidas
careers.post.readyToJoin,Ready to join?,Pensi che questo ruolo sia fatto per te?,Vous pensez que ce poste est fait pour vous ?,"Glauben Sie, dass diese Rolle zu Ihnen passt?",¿Crees que este puesto es para ti?
careers.post.readyToJoinBadge,Join Our Team,Entra nel team,Rejoindre l'équipe,Dem Team beitreten,Únete al equipo
careers.post.requirements,Requirements,Requisiti,Exigences,Anforderungen,Requisitos
careers.post.responsibilities,Responsibilities,Responsabilità,Responsabilités,Verantwortlichkeiten,Responsabilidades
careers.post.salary,Salary,Retribuzione,Rémunération,Vergütung,Retribución
careers.post.sharePosition,Share this position,Condividi questa posizione,Partager ce poste,Diese Stelle teilen,Compartir esta posición
careers.post.workSite,Work Site,Modalità di lavoro,Mode de travail,Arbeitsmodell,Modalidad de trabajo
careers.viewDetails,View Details,Vedi dettagli,Voir les détails,Details ansehen,Ver detalles
careers.viewPosition,View Position,Vedi posizione,Voir le poste,Stelle ansehen,Ver posición
careers.whyJoin.badge,Why join,Perché entrare nel team,Pourquoi rejoindre l'équipe,Warum dem Team beitreten,Por qué unirte al equipo
careers.whyJoin.description,"We want to surround ourselves with great people that are committed to achieve great things, continuously grow and never stop learning.","Vogliamo circondarci di persone straordinarie, impegnate a raggiungere grandi obiettivi, a crescere continuamente e a non smettere mai di imparare.","Nous voulons nous entourer de personnes extraordinaires, engagées à atteindre de grands objectifs, à grandir continuellement et à ne jamais cesser d'apprendre.","Wir möchten uns mit außergewöhnlichen Menschen umgeben, die sich dafür einsetzen, große Ziele zu erreichen, kontinuierlich zu wachsen und nie aufzuhören zu lernen.","Queremos rodearnos de personas extraordinarias, comprometidas con alcanzar grandes objetivos, crecer continuamente y no dejar de aprender nunca."
careers.whyJoin.items.greatPlace.description,"We want our people to be successful, rewarded and happy and we strive to create a great work environment.","Vogliamo che le nostre persone abbiano successo, siano valorizzate e felici, e ci impegniamo a creare un ambiente di lavoro che lo permetta.","Nous voulons que nos collaborateurs réussissent, se sentent valorisés et heureux, et nous nous engageons à créer un environnement de travail qui le permette.","Wir möchten, dass unsere Mitarbeiter erfolgreich, wertgeschätzt und glücklich sind, und wir setzen uns dafür ein, ein Arbeitsumfeld zu schaffen, das dies ermöglicht.","Queremos que nuestras personas tengan éxito, se sientan valoradas y felices, y nos comprometemos a crear un entorno de trabajo que lo permita."
careers.whyJoin.items.greatPlace.title,Just a great place,Un posto di lavoro,Un lieu de travail,Ein Arbeitsplatz,Un lugar de trabajo
careers.whyJoin.items.greatPlace.titleAccent,to be,davvero piacevole,vraiment agréable,wirklich angenehm,realmente agradable
careers.whyJoin.items.international.description,We trade globally and we think globally.,Operiamo a livello globale e pensiamo in ottica globale.,Nous opérons à l'échelle mondiale et pensons à l'échelle mondiale.,Wir agieren global und denken global.,Operamos a nivel global y pensamos de forma global.
careers.whyJoin.items.international.title,"International, dynamic",Ambiente internazionale,Environnement international,Internationales Umfeld,Entorno internacional
careers.whyJoin.items.international.titleAccent,environment,e dinamico,et dynamique,und dynamisch,y dinámico
careers.whyJoin.items.opportunity.description,"We have big plans for new products, innovative services and growth and we want our people to grow with us.","Abbiamo grandi piani per nuovi prodotti, servizi innovativi e crescita e vogliamo che le nostre persone crescano con noi.","Nous avons de grands projets pour de nouveaux produits, des services innovants et la croissance, et nous voulons que nos collaborateurs grandissent avec nous.","Wir haben große Pläne für neue Produkte, innovative Dienstleistungen und Wachstum, und wir möchten, dass unsere Mitarbeiter mit uns wachsen.","Tenemos grandes planes para nuevos productos, servicios innovadores y crecimiento, y queremos que nuestras personas crezcan con nosotros."
careers.whyJoin.items.opportunity.title,Phenomenal,Opportunità,Opportunité,Chance,Oportunidad
careers.whyJoin.items.opportunity.titleAccent,opportunity,fenomenale,phénoménale,phänomenal,fenomenal
careers.whyJoin.title,Your next career step could be here,Il tuo prossimo lavoro potrebbe essere qui,Votre prochain emploi pourrait être ici,Ihr nächster Job könnte hier sein,Tu próximo trabajo podría estar aquí
caseStudies.backToCaseStudies,Back to Case Studies,Torna ai Casi Studio,Retour aux Études de Cas,Zurück zu den Fallstudien,Volver a los Casos de Estudio
caseStudies.buttons.read,Read Case Study,Leggi il Caso Studio,Lire l'Étude de Cas,Fallstudie lesen,Leer el Caso de Estudio
caseStudies.buttons.readFull,Read Full Case Study,Leggi il Caso Studio Completo,Lire l'Étude de Cas Complète,Vollständige Fallstudie lesen,Leer el Caso de Estudio Completo
caseStudies.challenge,The Challenge,La Sfida,Le Défi,Die Herausforderung,El Reto
caseStudies.clientDetails,Client Details,Dettagli Cliente,Détails du Client,Kundendetails,Detalles del Cliente
caseStudies.featured.badge,Featured Case Study,Caso Studio in Evidenza,Étude de Cas Favoris,Vorgestellte Fallstudie,Caso de Estudio Destacado
caseStudies.featured.description,Discover how we've helped businesses transform their operations and achieve remarkable results.,Scopri come abbiamo aiutato le aziende a trasformare le operazioni e ottenere risultati straordinari.,Découvrez comment nous avons aidé les entreprises à transformer leurs opérations et à obtenir des résultats extraordinaires.,"Erfahren Sie, wie wir Unternehmen geholfen haben, ihre Abläufe zu transformieren und außergewöhnliche Ergebnisse zu erzielen.",Descubre cómo hemos ayudado a las empresas a transformar sus operaciones y obtener resultados extraordinarios.
caseStudies.featured.title,Success in Action,Successo in Azione,Le Succès en Action,Erfolg in Aktion,Éxito en Acción
caseStudies.grid.badge,Success Stories,Storie di Successo,Histoires de réussite,Erfolgsgeschichten,Historias de éxito
caseStudies.grid.caseStudies,case studies,casi studio,études de cas,Fallstudien,casos de estudio
caseStudies.grid.clearAllFilters,Clear all filters,Cancella tutti i filtri,Effacer tous les filtres,Alle Filter löschen,Borrar todos los filtros
caseStudies.grid.clearFilters,Clear,Cancella,Effacer,Löschen,Borrar
caseStudies.grid.description,Discover how Hand Line safety solutions have helped businesses across various industries improve their safety protocols and protect their workforce.,Scopri come le soluzioni di sicurezza Hand Line hanno aiutato aziende di vari settori a migliorare i loro protocolli di sicurezza e proteggere la loro forza lavoro.,Découvrez comment les solutions de sécurité Hand Line ont aidé des entreprises de divers secteurs à améliorer leurs protocoles de sécurité et à protéger leur main-d'œuvre.,"Erfahren Sie, wie die Sicherheitslösungen von Hand Line Unternehmen aus verschiedenen Branchen geholfen haben, ihre Sicherheitsprotokolle zu verbessern und ihre Belegschaft zu schützen.",Descubre cómo las soluciones de seguridad de Hand Line han ayudado a empresas de diversos sectores a mejorar sus protocolos de seguridad y proteger a su personal.
caseStudies.grid.filterByIndustry,Industries,Settori,Secteurs,Branchen,Sectores
caseStudies.grid.filterByTags,Tags,Tag,Étiquette,Tag,Etiqueta
caseStudies.grid.noCaseStudies,No case studies found,Nessun caso studio trovato,Aucune étude de cas trouvée,Keine Fallstudie gefunden,No se ha encontrado ningún caso de estudio
caseStudies.grid.noCaseStudiesDescription,Try adjusting your search or filter criteria,Prova a modificare i criteri di ricerca o filtro,Essayez de modifier les critères de recherche ou de filtrage,"Versuchen Sie, die Such- oder Filterkriterien zu ändern",Intenta modificar los criterios de búsqueda o filtro
caseStudies.grid.searchPlaceholder,Search case studies...,Cerca casi studio...,Rechercher des études de cas...,Fallstudien durchsuchen...,Buscar casos de estudio...
caseStudies.grid.showing,Showing,Mostrando,Affichage,Anzeige,Mostrando
caseStudies.grid.title,Hand Line Success Stories,Casi di Successo Hand Line,Cas de Succès Hand Line,Hand Line Erfolgsgeschichten,Casos de Éxito de Hand Line
caseStudies.hero.badge,Client Success Stories,Storie di Successo,Histoires de réussite,Erfolgsgeschichten,Historias de éxito
caseStudies.hero.description,Real-world examples of how our safety solutions have transformed workplace protection across industries.,Esempi reali di come le nostre soluzioni di sicurezza hanno trasformato la protezione sul lavoro in diversi settori.,Des exemples concrets de la façon dont nos solutions de sécurité ont transformé la protection au travail dans divers secteurs.,"Reale Beispiele dafür, wie unsere Sicherheitslösungen den Arbeitsschutz in verschiedenen Branchen verändert haben.",Ejemplos reales de cómo nuestras soluciones de seguridad han transformado la protección laboral en diversos sectores.
caseStudies.hero.exploreCaseStudies,Explore Case Studies,Esplora Casi Studio,Explorer les Études de Cas,Fallstudien entdecken,Explorar Casos de Estudio
caseStudies.hero.learnAboutUs,Learn About Us,Scopri Chi Siamo,Découvrez qui nous sommes,Erfahren Sie mehr über uns,Descubre quiénes somos
caseStudies.hero.title,Hand Line,Hand Line,Hand Line,Hand Line,Hand Line
caseStudies.hero.titleAccent,Case Studies,Casi Studio,Études de cas,Fallstudien,Casos de estudio
caseStudies.industryDetails,Industry Details,Dettagli Settore,Détails du Secteur,Branchendetails,Detalles del Sector
caseStudies.labels.challenge,Challenge,Sfida,Défi,Herausforderung,Reto
caseStudies.relatedCaseStudies,Related Case Studies,Casi Studio Correlati,Études de Cas Connexes,Verwandte Fallstudien,Casos de Estudio Relacionados
caseStudies.results,The Results,I Risultati,Les Résultats,Die Ergebnisse,Los Resultados
caseStudies.solution,Our Solution,La Nostra Soluzione,Notre Solution,Unsere Lösung,Nuestra Solución
caseStudies.stats.caseStudies,Case Studies,Casi Studio,Études de cas,Fallstudien,Casos de estudio
caseStudies.stats.industries,Industries,Settori,Secteurs,Branchen,Sectores
caseStudies.stats.successStories,Success Stories,Storie di Successo,Histoires de réussite,Erfolgsgeschichten,Historias de éxito
caseStudies.stats.yearsExperience,Years Experience,Anni di Esperienza,Années d'expérience,Jahre Erfahrung,Años de experiencia
caseStudies.testimonial,Client Testimonial,Testimonianza Cliente,Témoignage Client,Kundenstimme,Testimonio del Cliente
caseStudies.viewCaseStudy,View Case Study,Vedi Caso Studio,Voir l'Étude de Cas,Fallstudie ansehen,Ver Caso de Estudio
common.and,and,e,et,und,y
contact.faq.badge,Safety First,FAQ,FAQ,FAQ,FAQ
contact.faq.description,Find quick answers to common questions about our safety gloves and services,Trova risposte rapide alle domande comuni sui nostri prodotti e servizi,Trouvez des réponses rapides aux questions courantes sur nos produits et services,Finden Sie schnelle Antworten auf häufig gestellte Fragen zu unseren Produkten und Dienstleistungen,Encuentra respuestas rápidas a las preguntas frecuentes sobre nuestros productos y servicios
contact.faq.questions,"[{""question"":""How do I choose the right PPE?"",""answer"":""Selecting the right PPE is crucial to ensure the safety and wellbeing of your employees. Firstly, we recommend gathering detailed information of the working conditions and risk exposure in the most extreme conditions encountered. That will give an indication of the protection levels and practical requirements for the PPE. Our website includes a wide range of products that you can filter by requirements, environment conditions, risk category, or protection level. We always recommend contacting our team to discuss and recommend the most suitable PPE based on your work environment and required protection. We are just one click away.""},{""question"":""Are you able to customise and design bespoke PPE?"",""answer"":""Yes, we can create tailored hand protection solutions based on your specific requirements. We have the capability of creating samples within weeks. Many of the products we offer today were initially created for our customers' specifications.""},{""question"":""Can I request product samples for testing?"",""answer"":""Yes, we offer samples for industrial customers and distributors. Please contact us with your company details and application requirements to arrange a sample pack.""},{""question"":""Do you ship internationally?"",""answer"":""Yes, we currently supply PPE in over 15 market across EMEA and have the capability to deliver globally.""},{""question"":""What industries do you serve?"",""answer"":""Our products are designed for a wide range of industries including glass manufacturing, metal production, construction, automotive, food processing, logistics, and metalworking. We have developed deep industry expertise in glass and metal manufacturing and heavy industry with over 40 years of experience serving large international customers. We are both a reliable supplier and a trusted advisor to our customers.""},{""question"":""Do you offer OEM or private label options?"",""answer"":""Yes, we can support OEM and private label manufacturing for partners looking to customise gloves, garments, etc with their own branding, packaging, or specifications. Contact us to discuss your requirements.""},{""question"":""What standards do your product comply with?"",""answer"":""All our products are certified according to European PPE Regulation (EU) 2016/425 and comply with relevant EN standards.""},{""question"":""How do I become a distributor or reseller of your products?"",""answer"":""Please fill out our distributor application form or contact our team directly at distribution@handlineco.com. We support resellers with marketing materials, technical training, and flexible ordering options.""}]","[{""question"":""Come posso scegliere il DPI giusto?"",""answer"":""La scelta corretta del DPI è fondamentale per garantire la sicurezza e il benessere dei lavoratori. Per prima cosa, raccomandiamo di raccogliere informazioni dettagliate sulle condizioni di lavoro e sull'esposizione ai rischi nelle situazioni più estreme. Questo aiuterà a determinare i livelli di protezione e i requisiti pratici necessari per il DPI. Il nostro sito include un'ampia gamma di prodotti filtrabili per requisiti, condizioni ambientali, categoria di rischio o livello di protezione. Consigliamo sempre di contattare il nostro team per ricevere una consulenza e individuare il DPI più adatto alle vostre esigenze. Siamo a un clic di distanza.""},{""question"":""Potete personalizzare o progettare DPI su misura?"",""answer"":""Sì, possiamo creare soluzioni di protezione per le mani personalizzate in base alle vostre esigenze specifiche e produrre campioni in poche settimane. Molti dei nostri prodotti attuali sono nati da richieste specifiche dei nostri clienti.""},{""question"":""Posso richiedere campioni per test?"",""answer"":""Sì, offriamo campioni per clienti industriali e distributori. Contattateci con i dettagli della vostra azienda e delle vostre applicazioni per richiedere un kit di campioni.""},{""question"":""Effettuate spedizioni internazionali?"",""answer"":""Sì, forniamo DPI a decine di clienti in oltre 15 mercati nell'area EMEA e siamo in grado di effettuare consegne a livello globale.""},{""question"":""Per quali settori industriali fornite DPI?"",""answer"":""I nostri prodotti sono progettati per un'ampia varietà di settori, tra cui vetrerie, metallurgia, edilizia, automotive, industria alimentare, logistica e lavorazione dei metalli. Abbiamo maturato una profonda esperienza nei settori della produzione del vetro e dei metalli e nell'industria pesante, con oltre 40 anni di attività al servizio di grandi clienti internazionali. La nostra ambizione e' di essere un fornitore affidabile e al tempo stesso un consulente di fiducia.""},{""question"":""Offrite servizi OEM o private label?"",""answer"":""Sì, supportiamo la produzione in OEM e private label per partner interessati a personalizzare guanti, indumenti, ecc., con il proprio marchio, packaging o specifiche tecniche. Contattateci per discutere le vostre esigenze.""},{""question"":""A quali norme sono conformi i vostri prodotti?"",""answer"":""Tutti i nostri prodotti sono certificati secondo il Regolamento Europeo DPI (UE) 2016/425 e rispettano le norme EN applicabili.""},{""question"":""Come posso diventare un distributore o rivenditore dei vostri prodotti?"",""answer"":""Potete compilare il modulo di richiesta per distributori o contattate direttamente il nostro team all'indirizzo distribution@handlineco.com. Supportiamo i rivenditori con materiale marketing, formazione tecnica e modalità di ordinazione flessibili.""}]","[{""question"": ""Comment puis-je choisir le bon EPI ?"", ""answer"": ""Le choix correct de l'EPI est essentiel pour garantir la sécurité et le bien-être des travailleurs. Tout d'abord, nous recommandons de rassembler des informations détaillées sur les conditions de travail et sur l'exposition aux risques dans les situations les plus extrêmes. Cela permettra de déterminer les niveaux de protection et les exigences pratiques nécessaires pour l'EPI. Notre site propose une large gamme de produits filtrables par exigences, conditions environnementales, catégorie de risque ou niveau de protection. Nous vous recommandons toujours de contacter notre équipe pour recevoir des conseils et identifier l'EPI le plus adapté à vos besoins. Nous ne sommes qu'à un clic de distance.""}, {""question"": ""Pouvez-vous personnaliser ou concevoir des EPI sur mesure ?"", ""answer"": ""Oui, nous pouvons créer des solutions de protection des mains personnalisées selon vos besoins spécifiques et produire des échantillons en quelques semaines. Beaucoup de nos produits actuels sont nés de demandes spécifiques de nos clients.""}, {""question"": ""Puis-je demander des échantillons pour des tests ?"", ""answer"": ""Oui, nous proposons des échantillons pour les clients industriels et les distributeurs. Contactez-nous avec les détails de votre entreprise et de vos applications pour demander un kit d'échantillons.""}, {""question"": ""Effectuez-vous des expéditions internationales ?"", ""answer"": ""Oui, nous fournissons des EPI à des dizaines de clients dans plus de 15 marchés de la zone EMEA et nous sommes en mesure d'effectuer des livraisons à l'échelle mondiale.""}, {""question"": ""Pour quels secteurs industriels fournissez-vous des EPI ?"", ""answer"": ""Nos produits sont conçus pour une grande variété de secteurs, notamment la verrerie, la métallurgie, la construction, l'automobile, l'industrie alimentaire, la logistique et le travail des métaux. Nous avons acquis une expertise approfondie dans les secteurs de la production du verre et des métaux ainsi que dans l'industrie lourde, avec plus de 40 ans d'activité au service de grands clients internationaux. Notre ambition est d'être à la fois un fournisseur fiable et un conseiller de confiance.""}, {""question"": ""Proposez-vous des services OEM ou de marque privée ?"", ""answer"": ""Oui, nous soutenons la production en OEM et en marque privée pour les partenaires souhaitant personnaliser des gants, des vêtements, etc., avec leur propre marque, emballage ou spécifications techniques. Contactez-nous pour discuter de vos besoins.""}, {""question"": ""À quelles normes vos produits sont-ils conformes ?"", ""answer"": ""Tous nos produits sont certifiés conformément au Règlement Européen EPI (UE) 2016/425 et respectent les normes EN applicables.""}, {""question"": ""Comment puis-je devenir distributeur ou revendeur de vos produits ?"", ""answer"": ""Vous pouvez remplir le formulaire de demande pour distributeurs ou contacter directement notre équipe à l'adresse distribution@handlineco.com. Nous soutenons les revendeurs avec du matériel marketing, une formation technique et des modalités de commande flexibles.""}]","[{""question"": ""Wie kann ich die richtige PSA auswählen?"", ""answer"": ""Die richtige Wahl der PSA ist von grundlegender Bedeutung, um die Sicherheit und das Wohlbefinden der Arbeitnehmer zu gewährleisten. Zunächst empfehlen wir, detaillierte Informationen über die Arbeitsbedingungen und die Gefährdungsexposition in den extremsten Situationen zu sammeln. Dies hilft dabei, die erforderlichen Schutzstufen und praktischen Anforderungen für die PSA zu bestimmen. Unsere Website bietet eine breite Produktpalette, die nach Anforderungen, Umgebungsbedingungen, Risikokategorie oder Schutzstufe gefiltert werden kann. Wir empfehlen stets, unser Team zu kontaktieren, um eine Beratung zu erhalten und die für Ihre Bedürfnisse am besten geeignete PSA zu ermitteln. Wir sind nur einen Klick entfernt.""}, {""question"": ""Können Sie PSA individuell anpassen oder maßgeschneidert entwickeln?"", ""answer"": ""Ja, wir können individuelle Handschutzlösungen entsprechend Ihren spezifischen Anforderungen entwickeln und innerhalb weniger Wochen Muster herstellen. Viele unserer aktuellen Produkte sind aus spezifischen Kundenanfragen entstanden.""}, {""question"": ""Kann ich Muster zu Testzwecken anfordern?"", ""answer"": ""Ja, wir bieten Muster für Industriekunden und Vertriebspartner an. Kontaktieren Sie uns mit den Angaben zu Ihrem Unternehmen und Ihren Anwendungen, um ein Musterset anzufordern.""}, {""question"": ""Versenden Sie international?"", ""answer"": ""Ja, wir beliefern Dutzende von Kunden in über 15 Märkten in der EMEA-Region mit PSA und sind in der Lage, weltweit zu liefern.""}, {""question"": ""Für welche Industriebranchen liefern Sie PSA?"", ""answer"": ""Unsere Produkte sind für eine Vielzahl von Branchen konzipiert, darunter Glasindustrie, Metallurgie, Bauwesen, Automobilindustrie, Lebensmittelindustrie, Logistik und Metallbearbeitung. Wir verfügen über umfassende Erfahrung in der Glas- und Metallproduktion sowie in der Schwerindustrie, mit über 40 Jahren Tätigkeit im Dienst großer internationaler Kunden. Unser Ziel ist es, sowohl ein zuverlässiger Lieferant als auch ein vertrauenswürdiger Berater zu sein.""}, {""question"": ""Bieten Sie OEM- oder Private-Label-Dienstleistungen an?"", ""answer"": ""Ja, wir unterstützen die OEM- und Private-Label-Produktion für Partner, die Handschuhe, Kleidung usw. mit ihrer eigenen Marke, Verpackung oder technischen Spezifikationen individualisieren möchten. Kontaktieren Sie uns, um Ihre Anforderungen zu besprechen.""}, {""question"": ""Welchen Normen entsprechen Ihre Produkte?"", ""answer"": ""Alle unsere Produkte sind gemäß der europäischen PSA-Verordnung (EU) 2016/425 zertifiziert und entsprechen den geltenden EN-Normen.""}, {""question"": ""Wie kann ich Vertriebspartner oder Wiederverkäufer Ihrer Produkte werden?"", ""answer"": ""Sie können das Anfrageformular für Vertriebspartner ausfüllen oder unser Team direkt unter distribution@handlineco.com kontaktieren. Wir unterstützen Wiederverkäufer mit Marketingmaterial, technischer Schulung und flexiblen Bestellmöglichkeiten.""}]","[{""question"": ""¿Cómo puedo elegir el EPI adecuado?"", ""answer"": ""La elección correcta del EPI es fundamental para garantizar la seguridad y el bienestar de los trabajadores. En primer lugar, recomendamos recopilar información detallada sobre las condiciones de trabajo y la exposición a los riesgos en las situaciones más extremas. Esto ayudará a determinar los niveles de protección y los requisitos prácticos necesarios para el EPI. Nuestro sitio incluye una amplia gama de productos filtrables por requisitos, condiciones ambientales, categoría de riesgo o nivel de protección. Recomendamos siempre contactar con nuestro equipo para recibir asesoramiento e identificar el EPI más adecuado para sus necesidades. Estamos a solo un clic de distancia.""}, {""question"": ""¿Pueden personalizar o diseñar EPI a medida?"", ""answer"": ""Sí, podemos crear soluciones de protección de las manos personalizadas según sus necesidades específicas y producir muestras en pocas semanas. Muchos de nuestros productos actuales surgieron de solicitudes específicas de nuestros clientes.""}, {""question"": ""¿Puedo solicitar muestras para pruebas?"", ""answer"": ""Sí, ofrecemos muestras para clientes industriales y distribuidores. Contáctenos con los detalles de su empresa y sus aplicaciones para solicitar un kit de muestras.""}, {""question"": ""¿Realizan envíos internacionales?"", ""answer"": ""Sí, suministramos EPI a decenas de clientes en más de 15 mercados de la región EMEA y somos capaces de realizar entregas a nivel global.""}, {""question"": ""¿Para qué sectores industriales suministran EPI?"", ""answer"": ""Nuestros productos están diseñados para una amplia variedad de sectores, entre ellos vidriería, metalurgia, construcción, automoción, industria alimentaria, logística y trabajo de metales. Hemos adquirido una profunda experiencia en los sectores de la producción de vidrio y metales y en la industria pesada, con más de 40 años de actividad al servicio de grandes clientes internacionales. Nuestra ambición es ser un proveedor fiable y, al mismo tiempo, un asesor de confianza.""}, {""question"": ""¿Ofrecen servicios OEM o de marca blanca?"", ""answer"": ""Sí, apoyamos la producción en OEM y marca blanca para socios interesados en personalizar guantes, prendas, etc., con su propia marca, embalaje o especificaciones técnicas. Contáctenos para hablar de sus necesidades.""}, {""question"": ""¿Con qué normas cumplen sus productos?"", ""answer"": ""Todos nuestros productos están certificados conforme al Reglamento Europeo de EPI (UE) 2016/425 y cumplen con las normas EN aplicables.""}, {""question"": ""¿Cómo puedo convertirme en distribuidor o revendedor de sus productos?"", ""answer"": ""Puede rellenar el formulario de solicitud para distribuidores o contactar directamente con nuestro equipo en distribution@handlineco.com. Apoyamos a los revendedores con material de marketing, formación técnica y modalidades de pedido flexibles.""}]"
contact.faq.title,Frequently Asked Questions,Domande Frequenti,Questions Fréquentes,Häufig gestellte Fragen,Preguntas Frecuentes
contact.form.company,Company,Azienda,Entreprise,Unternehmen,Empresa
contact.form.companyPlaceholder,Enter your company name (optional),Inserisci il nome della tua azienda (opzionale),Saisissez le nom de votre entreprise (facultatif),Geben Sie den Namen Ihres Unternehmens ein (optional),Introduce el nombre de tu empresa (opcional)
contact.form.description,Fill out the form below and we'll get back to you as soon as possible.,Compila il modulo sottostante e ti risponderemo il prima possibile.,Remplissez le formulaire ci-dessous et nous vous répondrons dans les plus brefs délais.,"Füllen Sie das untenstehende Formular aus, und wir werden Ihnen so schnell wie möglich antworten.",Rellena el formulario a continuación y te responderemos lo antes posible.
contact.form.email,Email Address,Indirizzo Email,Adresse e-mail,E-Mail-Adresse,Dirección de correo electrónico
contact.form.emailPlaceholder,Enter your email address,Inserisci il tuo indirizzo email,Saisissez votre adresse e-mail,Geben Sie Ihre E-Mail-Adresse ein,Introduce tu dirección de correo electrónico
contact.form.error.description,Failed to send message. Please try again or contact us directly.,Invio del messaggio fallito. Riprova o contattaci direttamente.,L'envoi du message a échoué. Réessayez ou contactez-nous directement.,Das Senden der Nachricht ist fehlgeschlagen. Versuchen Sie es erneut oder kontaktieren Sie uns direkt.,El envío del mensaje ha fallado. Inténtalo de nuevo o contáctanos directamente.
contact.form.error.title,Error,Errore,Erreur,Fehler,Error
contact.form.fields.company,Company,Azienda,Entreprise,Unternehmen,Empresa
contact.form.fields.companyPlaceholder,Enter your company name (optional),Inserisci il nome della tua azienda (opzionale),Saisissez le nom de votre entreprise (facultatif),Geben Sie den Namen Ihres Unternehmens ein (optional),Introduce el nombre de tu empresa (opcional)
contact.form.fields.email,Email Address,Indirizzo Email,Adresse e-mail,E-Mail-Adresse,Dirección de correo electrónico
contact.form.fields.emailPlaceholder,Enter your email address,Inserisci il tuo indirizzo email,Saisissez votre adresse e-mail,Geben Sie Ihre E-Mail-Adresse ein,Introduce tu dirección de correo electrónico
contact.form.fields.message,Message,Messaggio,Message,Nachricht,Mensaje
contact.form.fields.messagePlaceholder,Tell us how we can help you...,Dicci come possiamo aiutarti...,Dites-nous comment nous pouvons vous aider...,"Sagen Sie uns, wie wir Ihnen helfen können...",Cuéntanos cómo podemos ayudarte...
contact.form.fields.name,Full Name,Nome Completo,Nom complet,Vollständiger Name,Nombre completo
contact.form.fields.namePlaceholder,Enter your full name,Inserisci il tuo nome completo,Saisissez votre nom complet,Geben Sie Ihren vollständigen Namen ein,Introduce tu nombre completo
contact.form.fields.subject,Subject,Oggetto,Objet,Betreff,Asunto
contact.form.fields.subjectPlaceholder,What is this regarding?,Di cosa si tratta?,De quoi s'agit-il ?,Worum geht es?,¿De qué se trata?
contact.form.message,Message,Messaggio,Message,Nachricht,Mensaje
contact.form.messagePlaceholder,Tell us how we can help you...,Dicci come possiamo aiutarti...,Dites-nous comment nous pouvons vous aider...,"Sagen Sie uns, wie wir Ihnen helfen können...",Cuéntanos cómo podemos ayudarte...
contact.form.name,Full Name,Nome Completo,Nom complet,Vollständiger Name,Nombre completo
contact.form.namePlaceholder,Enter your full name,Inserisci il tuo nome completo,Saisissez votre nom complet,Geben Sie Ihren vollständigen Namen ein,Introduce tu nombre completo
contact.form.subject,Subject,Oggetto,Objet,Betreff,Asunto
contact.form.subjectPlaceholder,What is this regarding?,Di cosa si tratta?,De quoi s'agit-il ?,Worum geht es?,¿De qué se trata?
contact.form.submit,Send Message,Invia Messaggio,Envoyer le Message,Nachricht senden,Enviar Mensaje
contact.form.submitting,Sending...,Invio in corso...,Envoi en cours...,Wird gesendet...,Enviando...
contact.form.success.description,Thank you for contacting us. We'll get back to you within 24 hours.,Grazie per averci contattato. Ti risponderemo entro 24 ore.,Merci de nous avoir contactés. Nous vous répondrons sous 24 heures.,"Vielen Dank, dass Sie uns kontaktiert haben. Wir werden Ihnen innerhalb von 24 Stunden antworten.",Gracias por contactarnos. Te responderemos en un plazo de 24 horas.
contact.form.success.title,Message Sent!,Messaggio Inviato!,Message Envoyé !,Nachricht gesendet!,¡Mensaje Enviado!
contact.form.title,Get in Touch,Contattaci,Contactez-nous,Kontaktieren Sie uns,Contáctenos
contact.hero.badge,We're Here To Help,Siamo Qui Per Aiutarti,Nous Sommes Là Pour Vous Aider,"Wir Sind Hier, Um Ihnen Zu Helfen",Estamos Aquí Para Ayudarte
contact.hero.buttons.ourInfo,Our Information,Le Nostre Informazioni,Nos Informations,Unsere Informationen,Nuestra Información
contact.hero.buttons.sendMessage,Send a Message,Invia un Messaggio,Envoyer un Message,Eine Nachricht senden,Enviar un Mensaje
contact.hero.description,We're here to help with any questions you may have about our safety products and solutions. Reach out to our team and we'll get back to you as soon as possible.,Il nostro team é a disposizione per qualsiasi richiesta sui nostri prodotti e soluzioni di sicurezza. Contattaci e ti risponderemo il prima possibile.,Notre équipe est à votre disposition pour toute demande concernant nos produits et solutions de sécurité. Contactez-nous et nous vous répondrons dans les plus brefs délais.,"Unser Team steht Ihnen für alle Anfragen zu unseren Produkten und Sicherheitslösungen zur Verfügung. Kontaktieren Sie uns, und wir antworten Ihnen so schnell wie möglich.",Nuestro equipo está a su disposición para cualquier consulta sobre nuestros productos y soluciones de seguridad. Contáctenos y le responderemos lo antes posible.
contact.hero.stats.experience,40+ Years Experience,Oltre 40 anni di esperienza,Plus de 40 ans d'expérience,Über 40 Jahre Erfahrung,Más de 40 años de experiencia
contact.hero.stats.response,1hr Avg. Response Time,Tempo di risposta medio: 1 ora,Temps de réponse moyen : 1 heure,Durchschnittliche Antwortzeit: 1 Stunde,Tiempo de respuesta medio: 1 hora
contact.hero.stats.satisfaction,98% Customer Satisfaction,Soddisfazione clienti 98%,Satisfaction client 98 %,98 % Kundenzufriedenheit,Satisfacción del cliente 98%
contact.hero.stats.support,24/7 Support Available,Supporto 24/7,Support 24/7,24/7-Support,Soporte 24/7
contact.hero.title,Contact,Contatta,Contacter,Kontaktieren,Contactar
contact.hero.titleAccent,Hand Line,Hand Line,Hand Line,Hand Line,Hand Line
contact.info.address.content,"Viale Varese 83, 22100 Como (CO), Italy","Viale Varese 83, 22100 Como (CO), Italia","Viale Varese 83, 22100 Como (CO), Italia","Viale Varese 83, 22100 Como (CO), Italia","Viale Varese 83, 22100 Como (CO), Italia"
contact.info.address.contentUK,"52 Grosvenor Gardens, London SW1W 0AU, United Kingdom","52 Grosvenor Gardens, London SW1W 0AU, United Kingdom","52 Grosvenor Gardens, London SW1W 0AU, United Kingdom","52 Grosvenor Gardens, London SW1W 0AU, United Kingdom","52 Grosvenor Gardens, London SW1W 0AU, United Kingdom"
contact.info.address.operationalContent,"via Antonio Brusa 34, 22035, Canzo (CO), Italy","via Antonio Brusa 34, 22035, Canzo (CO), Italia","via Antonio Brusa 34, 22035, Canzo (CO), Italia","via Antonio Brusa 34, 22035, Canzo (CO), Italia","via Antonio Brusa 34, 22035, Canzo (CO), Italia"
contact.info.address.operationalContentUK,"27 Hill Street, London W1J 5LP, United Kingdom","27 Hill Street, London W1J 5LP, United Kingdom","27 Hill Street, London W1J 5LP, United Kingdom","27 Hill Street, London W1J 5LP, United Kingdom","27 Hill Street, London W1J 5LP, United Kingdom"
contact.info.address.operationalTitle,HQ Office & Warehouse,HQ - Uffici & Magazzino,Siège - Bureaux & Entrepôt,Hauptsitz - Büros & Lager,Sede Central - Oficinas & Almacén
contact.info.address.operationalTitleUK,UK Office,Ufficio Regno Unito,Bureau Royaume-Uni,Büro Vereinigtes Königreich,Oficina Reino Unido
contact.info.address.title,Registered Office,Sede Amministrativa,Siège Administratif,Verwaltungssitz,Sede Administrativa
contact.info.address.titleUK,Registered Office,Sede Legale,Siège Social,Eingetragener Sitz,Domicilio Social
contact.info.contactInfoTitle,Contact Information,Informazioni di Contatto,Informations de contact,Kontaktinformationen,Información de contacto
contact.info.description,Reach us at our headquarters or using the details below.,Puoi raggiungerci presso la nostra sede utilizzando i dettagli qui sotto.,Vous pouvez nous joindre à notre siège en utilisant les coordonnées ci-dessous.,Sie können uns an unserem Standort über die untenstehenden Angaben erreichen.,Puedes contactarnos en nuestra sede utilizando los datos que aparecen a continuación.
contact.info.directionsButton,Get directions,Ottieni indicazioni,Obtenir l'itinéraire,Route anzeigen,Obtener indicaciones
contact.info.directionsDescription,Get directions to our main facility in Como,Ottieni indicazioni per la nostra sede principale a Como,Obtenir l'itinéraire pour notre siège principal à Côme,Route zu unserem Hauptsitz in Como anzeigen,Obtener indicaciones para nuestra sede principal en Como
contact.info.directionsDescriptionUK,Get directions to our UK office in London,Ottieni indicazioni per il nostro ufficio nel Regno Unito a Londra,Obtenir l'itinéraire pour notre bureau au Royaume-Uni à Londres,Route zu unserem Büro im Vereinigten Königreich in London anzeigen,Obtener indicaciones para nuestra oficina en el Reino Unido en Londres
contact.info.directionsTitle,Travel to Hand Line Company,Viaggia verso Hand Line Company,Se rendre chez Hand Line Company,Route zu Hand Line Company,Cómo llegar a Hand Line Company
contact.info.email.content,info@handlineco.com,info@handlineco.com,info@handlineco.com,info@handlineco.com,info@handlineco.com
contact.info.email.title,Email,Email,E-mail,E-Mail,Correo electrónico
contact.info.findUsTitle,Find Us,Trovarci,Nous trouver,Uns finden,Encontrarnos
contact.info.offices.italy,Italy,Italia,Italie,Italien,Italia
contact.info.offices.switchLabel,Office Location,Sede,Siège,Sitz,Sede
contact.info.offices.uk,UK,Regno Unito,Royaume-Uni,Vereinigtes Königreich,Reino Unido
contact.info.phone.content,T: (+39) 031 6121961 | (+39) 031 526733,+39 031 6121961 | +39 031 526733,+39 031 6121961 | +39 031 526733,+39 031 6121961 | +39 031 526733,+39 031 6121961 | +39 031 526733
contact.info.phone.contentUK,T: (+44) 020 7866 3849,T: (+44) 020 7866 3849,T: (+44) 020 7866 3849,T: (+44) 020 7866 3849,T: (+44) 020 7866 3849
contact.info.phone.title,Telephone,Telefono,Téléphone,Telefon,Teléfono
contact.info.title,Contact Information,Informazioni di Contatto,Informations de contact,Kontaktinformationen,Información de contacto
contact.section.badge,Get In Touch,Contattaci,Contactez-nous,Kontaktieren Sie uns,Contáctenos
contact.section.description,Our team is ready to assist with your industrial safety glove requirements.,Il nostro team è a tua disposizione per ogni esigenza di guanti di sicurezza industriale.,Notre équipe est à votre disposition pour tous vos besoins en gants de sécurité industriels.,Unser Team steht Ihnen für alle Anforderungen an industrielle Sicherheitshandschuhe zur Verfügung.,Nuestro equipo está a tu disposición para cualquier necesidad de guantes de seguridad industrial.
contact.section.title,Contact Hand Line,Contatta Hand Line,Contacter Hand Line,Hand Line kontaktieren,Contacta con Hand Line
cookies.accept,Accept,Accetta,Accepter,Akzeptieren,Aceptar
cookies.decline,Decline,Rifiuta,Refuser,Ablehnen,Rechazar
cookies.message,"We use essential cookies to make this website work. With your consent, we will use analytics cookies to understand how you use our site and to improve our services. You can change your choice at any time in our",Utilizziamo cookie essenziali per il corretto funzionamento del sito. Con il tuo consenso useremo cookie di analisi per capire come utilizzi il sito e migliorare i nostri servizi. Puoi modificare la tua scelta in qualsiasi momento nella nostra,"Nous utilisons des cookies essentiels pour le bon fonctionnement du site. Avec votre consentement, nous utiliserons des cookies d'analyse pour comprendre comment vous utilisez le site et améliorer nos services. Vous pouvez modifier votre choix à tout moment dans notre","Wir verwenden essenzielle Cookies für die ordnungsgemäße Funktion der Website. Mit Ihrer Zustimmung verwenden wir Analyse-Cookies, um zu verstehen, wie Sie die Website nutzen, und um unsere Dienste zu verbessern. Sie können Ihre Wahl jederzeit in unserer","Utilizamos cookies esenciales para el correcto funcionamiento del sitio. Con tu consentimiento, utilizaremos cookies de análisis para entender cómo utilizas el sitio y mejorar nuestros servicios. Puedes modificar tu elección en cualquier momento en nuestra"
cta.buttons.browseProducts,Explore Products,Esplora Prodotti,Explorer les produits,Produkte entdecken,Explorar productos
cta.buttons.contactUs,Contact Us Today,Contattaci,Contactez-nous,Kontaktieren Sie uns,Contáctenos
cta.description,Our comprehensive range of industry-proven safety solutions is just the starting point. We work hand in hand with our customers to identify the most effective solutions to ensure best-in-class protection and optimal commercial performance.,La nostra gamma completa di soluzioni di sicurezza comprovate dal settore è solo il punto di partenza. Lavoriamo fianco a fianco con i nostri clienti per identificare le soluzioni più efficaci per garantire una protezione di prima classe e prestazioni commerciali ottimali.,Notre gamme complète de solutions de sécurité éprouvées par le secteur n'est que le point de départ. Nous travaillons main dans la main avec nos clients pour identifier les solutions les plus efficaces afin de garantir une protection de premier ordre et des performances commerciales optimales.,"Unser umfassendes Sortiment an branchenbewährten Sicherheitslösungen ist nur der Ausgangspunkt. Wir arbeiten Seite an Seite mit unseren Kunden, um die wirksamsten Lösungen zu ermitteln und erstklassigen Schutz sowie optimale geschäftliche Leistung zu gewährleisten.",Nuestra gama completa de soluciones de seguridad probadas por el sector es solo el punto de partida. Trabajamos codo con codo con nuestros clientes para identificar las soluciones más eficaces y garantizar una protección de primer nivel y un rendimiento comercial óptimo.
cta.title,Ready to Enhance Workplace,Pronto a Migliorare la,Prêts à renforcer la,Bereit für die Verbesserung der,Listo para Mejorar la
cta.titleAccent,Safety,Sicurezza,Sécurité,Sicherheit,Seguridad
cta.trustIndicator,Trusted by leading companies worldwide,Fornitore di aziende leader in tutto il mondo,Fournisseur d'entreprises leaders dans le monde entier,Lieferant führender Unternehmen weltweit,Proveedor de empresas líderes en todo el mundo
declarations.grid.allLanguages,All,Tutte,Toutes,Alle,Todas
declarations.grid.categories,Categories,Categorie,Catégories,Kategorien,Categorías
declarations.grid.clearAllFilters,Clear all filters,Cancella tutti i filtri,Effacer tous les filtres,Alle Filter löschen,Borrar todos los filtros
declarations.grid.clearFilters,Clear,Cancella,Effacer,Löschen,Borrar
declarations.grid.declarations,declarations,dichiarazioni,déclarations,Erklärungen,declaraciones
declarations.grid.filterByCategory,Categories,Categorie,Catégories,Kategorien,Categorías
declarations.grid.noDeclarations,No declarations found,Nessuna dichiarazione trovata,Aucune déclaration trouvée,Keine Erklärung gefunden,No se ha encontrado ninguna declaración
declarations.grid.noDeclarationsAvailable,There are currently no product declarations available.,Al momento non sono disponibili dichiarazioni di conformità.,"Actuellement, aucune déclaration de conformité n'est disponible.",Derzeit sind keine Konformitätserklärungen verfügbar.,En este momento no hay declaraciones de conformidad disponibles.
declarations.grid.noDeclarationsDescription,No product declarations match your search criteria. Try adjusting your filters.,Nessuna dichiarazione corrisponde ai criteri selezionati. Prova a modificare i filtri.,Aucune déclaration ne correspond aux critères sélectionnés. Essayez de modifier les filtres.,"Keine Erklärung entspricht den ausgewählten Kriterien. Versuchen Sie, die Filter zu ändern.",Ninguna declaración coincide con los criterios seleccionados. Intenta modificar los filtros.
declarations.grid.searchFor,for,per,pour,für,para
declarations.grid.searchPlaceholder,Search declarations...,Cerca dichiarazioni...,Rechercher des déclarations...,Erklärungen durchsuchen...,Buscar declaraciones...
declarations.hero.badge,Regulatory,Documentazione normativa,Documentation réglementaire,Regulatorische Dokumentation,Documentación normativa
declarations.hero.contactLine.after,,,,,
declarations.hero.contactLine.before,"If the product you are looking for is not here,","Se il prodotto che stai cercando non è presente,","Si le produit que vous recherchez n'est pas présent,","Wenn das gesuchte Produkt nicht vorhanden ist,","Si el producto que estás buscando no está presente,"
declarations.hero.contactLine.linkText,contact us,contattaci,contactez-nous,kontaktieren Sie uns,contáctanos
declarations.hero.description,"Welcome to our repository of declarations of conformity for products where you can find and download the documents needed, in accordance with Regulation (EU) 2016/425. Please search for the required product and select the language to download the DoC as PDF. This library is updated regularly; in some cases a single declaration covers multiple variants within a product family.","Benvenuto nel nostro archivio delle dichiarazioni di conformità dei prodotti, dove puoi trovare e scaricare i documenti necessari in conformità al Regolamento (UE) 2016/425. Cerca il prodotto richiesto e seleziona la lingua per scaricare la DoC in PDF. Questa libreria è aggiornata regolarmente; in alcuni casi una singola dichiarazione copre più varianti all'interno di una famiglia di prodotti.","Bienvenue dans notre archive des déclarations de conformité des produits, où vous pouvez trouver et télécharger les documents nécessaires conformément au Règlement (UE) 2016/425. Recherchez le produit souhaité et sélectionnez la langue pour télécharger la DoC au format PDF. Cette bibliothèque est mise à jour régulièrement ; dans certains cas, une seule déclaration couvre plusieurs variantes au sein d'une même famille de produits.","Willkommen in unserem Archiv der Konformitätserklärungen für Produkte, in dem Sie die erforderlichen Dokumente gemäß der Verordnung (EU) 2016/425 finden und herunterladen können. Suchen Sie das gewünschte Produkt und wählen Sie die Sprache aus, um die DoC im PDF-Format herunterzuladen. Diese Bibliothek wird regelmäßig aktualisiert; in einigen Fällen deckt eine einzige Erklärung mehrere Varianten innerhalb einer Produktfamilie ab.","Bienvenido a nuestro archivo de declaraciones de conformidad de productos, donde puede encontrar y descargar los documentos necesarios de conformidad con el Reglamento (UE) 2016/425. Busque el producto deseado y seleccione el idioma para descargar la DoC en PDF. Esta biblioteca se actualiza periódicamente; en algunos casos, una sola declaración cubre varias variantes dentro de una misma familia de productos."
declarations.hero.stats.certified,EU,UE,UE,EU,UE
declarations.hero.stats.certifiedLabel,Certified,Certificato,Certificat,Zertifikat,Certificado
declarations.hero.stats.compliance,100%,100%,1,1,1
declarations.hero.stats.declarations,20+,20+,20+,20+,20+
declarations.hero.stats.declarationsLabel,Declarations,Dichiarazioni,Déclarations,Erklärungen,Declaraciones
declarations.hero.stats.products,200+,200+,200+,200+,200+
declarations.hero.stats.productsLabel,Products,Prodotti,Produits,Produkte,Productos
declarations.hero.title,Declarations,Dichiarazioni,Déclarations,Erklärungen,Declaraciones
declarations.hero.titleAccent,of Conformity,di Conformità,de Conformité,der Konformität,de Conformidad
declarations.hero.viewDeclarations,View Declarations,Vedi Dichiarazioni,Voir les Déclarations,Erklärungen Ansehen,Ver Declaraciones
expertise.description,"With over four decades of experience, Hand Line Company has established itself as a leader in innovative hand protection solutions for industrial environments.","Con oltre quattro decenni di esperienza, Hand Line Company si è affermata come leader nelle soluzioni innovative di protezione delle mani per ambienti industriali.","Avec plus de quatre décennies d'expérience, Hand Line Company s'est imposée comme leader des solutions innovantes de protection des mains pour environnements industriels.",Mit über vier Jahrzehnten Erfahrung hat sich Hand Line Company als führendes Unternehmen für innovative Handschutzlösungen in industriellen Umgebungen etabliert.,"Con más de cuatro décadas de experiencia, Hand Line Company se ha consolidado como líder en soluciones innovadoras de protección de las manos para entornos industriales."
expertise.features.customisation.cta,Learn About Our Process,Scopri il Nostro Processo,Découvrez Notre Processus,Entdecken Sie Unseren Prozess,Descubra Nuestro Proceso
expertise.features.customisation.description,"We design and tailor products with our customers, starting from the operator's needs. We combine our deep expertise with your input to build the perfect solution.","Progettiamo e personalizziamo prodotti con i nostri clienti, partendo dalle esigenze dell'operatore e combinando la nostra profonda esperienza con il vostro input per costruire la soluzione perfetta.","Nous concevons et personnalisons des produits avec nos clients, en partant des besoins de l'opérateur et en combinant notre profonde expertise avec vos retours pour construire la solution parfaite.","Wir entwickeln und personalisieren Produkte gemeinsam mit unseren Kunden, ausgehend von den Bedürfnissen des Anwenders, und verbinden unser fundiertes Fachwissen mit Ihrem Input, um die perfekte Lösung zu schaffen.","Diseñamos y personalizamos productos junto con nuestros clientes, partiendo de las necesidades del operador y combinando nuestra profunda experiencia con sus aportaciones para construir la solución perfecta."
expertise.features.customisation.title,Product Customisation,Personalizzazione Prodotti,Personnalisation des Produits,Produktanpassung,Personalización de Productos
expertise.features.cutResistance.cta,View Cut-Resistant Solutions,Scopri le soluzioni Antitaglio,Découvrez les solutions Anticoupure,Entdecken Sie die Schnittschutzlösungen,Descubra las soluciones Anticorte
expertise.features.cutResistance.description,Advanced materials provide superior cut protection while maintaining dexterity and comfort for precision tasks.,Materiali avanzati offrono una protezione superiore contro i tagli mantenendo destrezza e comfort per lavori di precisione.,Des matériaux avancés offrent une protection supérieure contre les coupures tout en préservant dextérité et confort pour les travaux de précision.,Fortschrittliche Materialien bieten überlegenen Schutz vor Schnitten und erhalten dabei Fingerfertigkeit und Komfort für Präzisionsarbeiten.,"Los materiales avanzados ofrecen una protección superior contra los cortes, manteniendo la destreza y el confort para trabajos de precisión."
expertise.features.cutResistance.title,Cut Resistant Gloves,Guanti Antitaglio,Gants anticoupure,Schnittschutzhandschuhe,Guantes anticorte
expertise.features.headToToe.cta,Explore Products,Esplora tutti i prodotti,Explorez tous les produits,Entdecken Sie alle Produkte,Explore todos los productos
expertise.features.headToToe.description,"We provide full-range safety solutions, both with first party products and partnering with industry leading brands. We offer complete protection at the best prices.","Forniamo soluzioni di sicurezza complete, sia con prodotti propri che collaborando con marchi leader del settore. Offriamo protezione completa ai migliori prezzi.","Nous fournissons des solutions de sécurité complètes, à la fois avec nos propres produits et en collaborant avec les principales marques du secteur. Nous offrons une protection complète aux meilleurs prix.","Wir bieten umfassende Sicherheitslösungen, sowohl mit eigenen Produkten als auch in Zusammenarbeit mit führenden Marken der Branche. Wir bieten kompletten Schutz zu besten Preisen.","Ofrecemos soluciones de seguridad completas, tanto con productos propios como en colaboración con las principales marcas del sector. Ofrecemos protección completa a los mejores precios."
expertise.features.headToToe.title,Head-to-toe Protection,Protezione Completa dalla testa ai piedi,Protection Complète de la tête aux pieds,Kompletter Schutz von Kopf bis Fuß,Protección Completa de la cabeza a los pies
expertise.features.heatProtection.cta,Explore Heat-Resistant Range,Esplora le soluzioni Anticalore,Explorez les solutions Anti-chaleur,Entdecken Sie die Hitzeschutzlösungen,Explore las soluciones Resistentes al Calor
expertise.features.heatProtection.description,"Our bread and butter. We design and manufacture gloves to cater for all environments and temperatures, exceeding 1000C","Il nostro ambito di specializzazione. Progettiamo e produciamo guanti per tutti gli ambienti e temperature, superando i 1,000°C","Notre domaine de spécialisation. Nous concevons et fabriquons des gants pour tous les environnements et toutes les températures, dépassant les 1,000°C","Unser Spezialgebiet. Wir entwickeln und produzieren Handschuhe für alle Umgebungen und Temperaturen, mit über 1,000°C","Nuestro ámbito de especialización. Diseñamos y fabricamos guantes para todos los entornos y temperaturas, superando los 1,000°C"
expertise.features.heatProtection.title,Heat Protection Gloves,Guanti Anticalore,Gants anti-chaleur,Hitzeschutzhandschuhe,Guantes resistentes al calor
expertise.quote.author,"Franco Castronuovo, CEO and Founder","Franco Castronuovo, CEO e Fondatore","Franco Castronuovo, PDG et Fondateur","Franco Castronuovo, CEO und Gründer","Franco Castronuovo, CEO y Fundador"
expertise.quote.text,"My journey began 40 years ago when I observed workers handling hot moulds. By combining their perspectives with my craftsmanship, we created innovative safety solutions that now protect workers across countless industries.","Il mio viaggio è iniziato 40 anni fa quando ho osservato i lavoratori maneggiare stampi caldi. Combinando le loro prospettive con la mia esperienza artigianale, abbiamo creato soluzioni di sicurezza innovative che ora proteggono i lavoratori in innumerevoli settori.","Mon parcours a commencé il y a 40 ans, en observant les ouvriers manipuler des moules chauds. En combinant leurs points de vue avec mon savoir-faire artisanal, nous avons créé des solutions de sécurité innovantes qui protègent aujourd'hui les travailleurs dans d'innombrables secteurs.","Meine Reise begann vor 40 Jahren, als ich beobachtete, wie Arbeiter mit heißen Formen hantierten. Durch die Kombination ihrer Sichtweisen mit meiner handwerklichen Erfahrung haben wir innovative Sicherheitslösungen geschaffen, die heute Arbeiter in zahllosen Branchen schützen.","Mi trayectoria comenzó hace 40 años, cuando observé a los trabajadores manipular moldes calientes. Combinando sus perspectivas con mi experiencia artesanal, creamos soluciones de seguridad innovadoras que ahora protegen a los trabajadores en innumerables sectores."
expertise.title,Our Expertise,La Nostra Esperienza,Notre Expérience,Unsere Erfahrung,Nuestra Experiencia
featuredProducts.description,"Discover our most popular safety products, designed to provide superior protection and comfort across different industrial applications.","Scopri i nostri dispositivi di sicurezza più popolari, progettati per fornire una protezione e un comfort superiori in diverse applicazioni industriali.","Découvrez nos dispositifs de sécurité les plus populaires, conçus pour offrir une protection et un confort supérieurs dans diverses applications industrielles.","Entdecken Sie unsere beliebtesten Sicherheitsprodukte, die für überlegenen Schutz und Komfort in verschiedenen industriellen Anwendungen entwickelt wurden.","Descubra nuestros dispositivos de seguridad más populares, diseñados para ofrecer una protección y un confort superiores en diversas aplicaciones industriales."
featuredProducts.details,Details,Dettagli,Détails,Details,Detalles
featuredProducts.industries,,Settori,Secteurs,Branchen,Sectores
featuredProducts.keyFeatures,,Caratteristiche principali:,Principales caractéristiques :,Haupteigenschaften:,Características principales:
featuredProducts.moreFeatures,,+{{count}} altre,+{{count}} autres,+{{count}} weitere,+{{count}} más
featuredProducts.noProducts,No featured products available at the moment.,Nessun prodotto in evidenza disponibile al momento.,Aucun produit Favoris disponible pour le moment.,Derzeit sind keine hervorgehobenen Produkte verfügbar.,No hay productos destacados disponibles en este momento.
featuredProducts.preview,Preview,Anteprima,Aperçu,Vorschau,Vista previa
featuredProducts.previewShort,View,Vedi,Voir,Ansehen,Ver
featuredProducts.specs.cutLevel,Cut Level,Livello Taglio,Niveau de Coupure,Schnittstufe,Nivel de Corte
featuredProducts.specs.temperature,Temperature,Temperatura,Température,Temperatur,Temperatura
featuredProducts.title,Featured Products,Prodotti in Evidenza,Produits Favoris,Hervorgehobene Produkte,Productos Destacados
featuredProducts.viewAll,View all products,Scopri tutti i prodotti,Découvrez tous les produits,Entdecken Sie alle Produkte,Descubra todos los productos
footer.address,"via Antonio Brusa 34, 22035, Canzo (CO), Italy","via Antonio Brusa 34, 22035, Canzo (CO), Italia","via Antonio Brusa 34, 22035, Canzo (CO), Italia","via Antonio Brusa 34, 22035, Canzo (CO), Italia","via Antonio Brusa 34, 22035, Canzo (CO), Italia"
footer.addressUK,"52 Grosvenor Gardens, London SW1W 0AU, United Kingdom","52 Grosvenor Gardens, London SW1W 0AU, United Kingdom","52 Grosvenor Gardens, London SW1W 0AU, United Kingdom","52 Grosvenor Gardens, London SW1W 0AU, United Kingdom","52 Grosvenor Gardens, London SW1W 0AU, United Kingdom"
footer.companyDescription,Italian manufacturer specialising in high-performance safety gloves for industrial environments. Protecting hands with innovative solutions since 1982.,Produttore italiano specializzato in guanti di sicurezza ad alte prestazioni per ambienti industriali. Proteggiamo le mani con soluzioni innovative dal 1982.,Fabricant italien spécialisé dans les gants de sécurité haute performance pour environnements industriels. Nous protégeons les mains avec des solutions innovantes depuis 1982.,"Italienischer Hersteller, spezialisiert auf Hochleistungs-Sicherheitshandschuhe für industrielle Umgebungen. Wir schützen Hände mit innovativen Lösungen seit 1982.",Fabricante italiano especializado en guantes de seguridad de altas prestaciones para entornos industriales. Protegemos las manos con soluciones innovadoras desde 1982.
footer.email,info@handlineco.com,info@handlineco.com,info@handlineco.com,info@handlineco.com,info@handlineco.com
footer.legal.copyright,All rights reserved.,Tutti i diritti riservati.,Tous droits réservés.,Alle Rechte vorbehalten.,Todos los derechos reservados.
footer.legal.links.cookies,Cookie Policy,Cookie,Cookies,Cookies,Cookies
footer.legal.links.privacy,Privacy Policy,Privacy,Confidentialité,Datenschutz,Privacidad
footer.legal.links.standards,EN-Standards,Standard EN,Norme EN,EN-Norm,Norma EN
footer.legal.links.terms,Terms of Service,Termini di Utilizzo,Conditions d'utilisation,Nutzungsbedingungen,Términos de uso
footer.phone,T: (+39) 031 6121961 | (+39) 031 526733,T: (+39) 031 6121961 | T: (+39) 031 526733,T: (+39) 031 6121961 | T: (+39) 031 526733,T: (+39) 031 6121961 | T: (+39) 031 526733,T: (+39) 031 6121961 | T: (+39) 031 526733
footer.sections.company.links.about,About Us,Chi Siamo,À propos de nous,Über uns,Quiénes somos
footer.sections.company.links.contactUs,Contact Us,Contattaci,Contactez-nous,Kontaktieren Sie uns,Contáctenos
footer.sections.company.links.esg,ESG Commitment,Impegno ESG,Engagement ESG,ESG-Engagement,Compromiso ESG
footer.sections.company.title,Company,Azienda,Entreprise,Unternehmen,Empresa
footer.sections.industries.links.glassManufacturing,Glass Manufacturing,Produzione del Vetro,Production du verre,Glasproduktion,Producción de vidrio
footer.sections.industries.loading,Loading industries…,Caricamento settori…,Chargement des secteurs…,Branchen werden geladen…,Cargando sectores…
footer.sections.industries.title,Industries,Settori,Secteurs,Branchen,Sectores
footer.sections.products.eyeFace.badge,,Protezione occhi e viso,Protection des yeux et du visage,Augen- und Gesichtsschutz,Protección de los ojos y la cara
footer.sections.products.eyeFace.description,,Occhiali e visiere protettive per ambienti industriali,Lunettes et visières de protection pour environnements industriels,Schutzbrillen und Gesichtsschutzschirme für industrielle Umgebungen,Gafas y pantallas faciales de protección para entornos industriales
footer.sections.products.eyeFace.detailedDescription,,"Offriamo una gamma di dispositivi per la protezione di occhi e viso che include occhiali di sicurezza, occhiali a mascherina e visiere con protezione da arco elettrico, progettati per superare gli standard ed offrire massima chiarezza e comfort nei diversi ambienti di lavoro.","Nous proposons une gamme de dispositifs de protection des yeux et du visage comprenant des lunettes de sécurité, des lunettes-masques et des écrans faciaux avec protection contre les arcs électriques, conçus pour dépasser les normes et offrir une clarté et un confort maximaux dans les différents environnements de travail.","Wir bieten eine Reihe von Produkten für den Augen- und Gesichtsschutz, darunter Schutzbrillen, Korbbrillen und Gesichtsschutzschirme mit Schutz vor Lichtbogen, die entwickelt wurden, um die Normen zu übertreffen und in verschiedenen Arbeitsumgebungen maximale Klarheit und Komfort zu bieten.","Ofrecemos una gama de dispositivos para la protección de los ojos y la cara que incluye gafas de seguridad, gafas panorámicas y pantallas faciales con protección contra el arco eléctrico, diseñados para superar las normas y ofrecer la máxima claridad y confort en los distintos entornos de trabajo."
footer.sections.products.eyeFace.title,,Protezione occhi e viso,Protection des yeux et du visage,Augen- und Gesichtsschutz,Protección de los ojos y la cara
footer.sections.products.links.cutResistant,Cut-Resistant,Guanti Antitaglio,Gants anticoupure,Schnittschutzhandschuhe,Guantes anticorte
footer.sections.products.links.generalPurpose,General Purpose,Guanti per uso generale,Gants à usage général,Universalhandschuhe,Guantes de uso general
footer.sections.products.links.heatResistant,Heat-Resistant,Anticalore,Anti-chaleur,Hitzeschutz,Resistencia al Calor
footer.sections.products.links.mechanical,Mechanical,Guanti per rischi meccanici,Gants contre les risques mécaniques,Handschuhe gegen mechanische Risiken,Guantes contra riesgos mecánicos
footer.sections.products.links.safetyGloves,Safety Gloves,Guanti di Sicurezza,Gants de sécurité,Sicherheitshandschuhe,Guantes de seguridad
footer.sections.products.links.welding,Welding,Guanti per saldatori,Gants pour soudeurs,Schweißerhandschuhe,Guantes para soldadores
footer.sections.products.title,Products,Prodotti,Produits,Produkte,Productos
forms.and,and,e,et,und,y
forms.company,Company Name,,Nom de l'entreprise,Firmenname,Nombre de la empresa
forms.companySize,Company Size,,Taille de l'entreprise,Unternehmensgröße,Tamaño de la empresa
forms.contactDetails,Contact Details,,Coordonnées,Kontaktdaten,Datos de contacto
forms.emailPlaceholder,your.email@company.com,,your.email@company.com,your.email@company.com,your.email@company.com
forms.industry,Industry,,Secteur,Branche,Sector
forms.privacyConsent,I consent to Hand Line storing and processing my data in accordance with the ,Accetto ,J'accepte ,Ich akzeptiere ,Acepto 
forms.privacyConsentError,,Devi accettare l'informativa sulla privacy e i termini di servizio,Vous devez accepter la politique de confidentialité et les conditions d'utilisation,Sie müssen die Datenschutzerklärung und die Nutzungsbedingungen akzeptieren,Debe aceptar la política de privacidad y los términos de servicio
forms.privacyPolicy,Privacy Policy,l'Informativa sulla Privacy,la Politique de Confidentialité,die Datenschutzerklärung,la Política de Privacidad
forms.selectCompanySize,Select company size,,Sélectionnez la taille de l'entreprise,Unternehmensgröße auswählen,Seleccione el tamaño de la empresa
forms.sizeNeeded,Size Needed,,Taille nécessaire,Benötigte Größe,Talla necesaria
forms.submit,Submit Request,Invia Richiesta,Envoyer la demande,Anfrage senden,Enviar solicitud
forms.terms,Terms of Service,i Termini di Servizio,les Conditions d'Utilisation,die Nutzungsbedingungen,los Términos de Servicio
glovesHero.badge,Hand Protection,Protezione Mani,Protection des Mains,Handschutz,Protección de las Manos
glovesHero.browseProducts,Browse Gloves,Esplora Guanti,Explorez les Gants,Handschuhe entdecken,Explore los Guantes
glovesHero.description,"Discover our comprehensive range of high-performance safety gloves, designed to provide superior protection against heat, cuts, and mechanical hazards in industrial environments.","Scopri la nostra gamma completa di guanti di sicurezza ad alte prestazioni, progettati per fornire una protezione superiore contro calore, tagli e rischi meccanici in ambienti industriali.","Découvrez notre gamme complète de gants de sécurité haute performance, conçus pour offrir une protection supérieure contre la chaleur, les coupures et les risques mécaniques en environnement industriel.","Entdecken Sie unser komplettes Sortiment an Hochleistungs-Sicherheitshandschuhen, die für überlegenen Schutz vor Hitze, Schnitten und mechanischen Risiken in industriellen Umgebungen entwickelt wurden.","Descubra nuestra gama completa de guantes de seguridad de altas prestaciones, diseñados para ofrecer una protección superior contra el calor, los cortes y los riesgos mecánicos en entornos industriales."
glovesHero.getInTouch,Get in Touch,Contattaci,Contactez-nous,Kontaktieren Sie uns,Contáctenos
glovesHero.heading,Safety,Guanti,Gants,Handschuhe,Guantes
glovesHero.headingAccent,Gloves,Sicurezza,Sécurité,Sicherheit,Seguridad
glovesHero.stats.certified,Certified,Certificato,Certificat,Zertifikat,Certificado
glovesHero.stats.cut,Cut Resistance,Resistenza al Taglio,Résistance à la coupure,Schnittfestigkeit,Resistencia al corte
glovesHero.stats.cutValue,Level 5,Livello 5,Niveau 5,Stufe 5,Nivel 5
glovesHero.stats.heat,Heat Resistance,Resistenza al Calore,Résistance à la chaleur,Hitzebeständigkeit,Resistencia al calor
glovesHero.stats.years,Years Experience,Anni di Esperienza,Années d'expérience,Jahre Erfahrung,Años de experiencia
hero.description,"With over 40 years' experience in designing, manufacturing and distributing safety gloves, we developed tailored solutions for hand protection for heavy duty industries, with particular focus on heat and cut hazards.","Con oltre 40 anni di esperienza nella progettazione, produzione e distribuzione di guanti di sicurezza, abbiamo sviluppato soluzioni su misura per la protezione delle mani per industrie pesanti, con particolare attenzione ai rischi di calore e taglio.","Avec plus de 40 ans d'expérience dans la conception, la production et la distribution de gants de sécurité, nous avons développé des solutions sur mesure pour la protection des mains destinées aux industries lourdes, avec une attention particulière aux risques de chaleur et de coupure.","Mit über 40 Jahren Erfahrung in der Entwicklung, Herstellung und dem Vertrieb von Sicherheitshandschuhen haben wir maßgeschneiderte Handschutzlösungen für die Schwerindustrie entwickelt, mit besonderem Augenmerk auf Hitze- und Schnittrisiken.","Con más de 40 años de experiencia en el diseño, fabricación y distribución de guantes de seguridad, hemos desarrollado soluciones a medida para la protección de las manos destinadas a industrias pesadas, con especial atención a los riesgos de calor y corte."
hero.expertise,40+ Years of Expertise,40+ Anni di Esperienza,40+ Ans d'Expérience,40+ Jahre Erfahrung,40+ Años de Experiencia
hero.exploreProducts,Explore Products,Esplora Prodotti,Explorer les produits,Produkte entdecken,Explorar productos
hero.getInTouch,Get in Touch,Contattaci,Contactez-nous,Kontaktieren Sie uns,Contáctenos
hero.mainTitle.handline,HAND LINE,HAND LINE,HAND LINE,HAND LINE,HAND LINE
hero.mainTitle.safety,SAFETY,SICUREZZA,SÉCURITÉ,SICHERHEIT,SEGURIDAD
hero.mainTitle.weSpeak,WE SPEAK,ESPERTI DI,EXPERTS EN,EXPERTEN FÜR,EXPERTOS EN
hero.title,Your Hands Protected,Le Tue Mani Protette,Vos Mains Protégées,Ihre Hände Geschützt,Sus Manos Protegidas
industrialSwabsHero.badge,Precision Cleaning,Pulizia di precisione,Nettoyage de précision,Präzisionsreinigung,Limpieza de precisión
industrialSwabsHero.browseProducts,Browse Swabs,Esplora Scovoli,Explorez les Écouvillons,Bürsten entdecken,Explore las Escobillas
industrialSwabsHero.description,"Explore our specialised range of industrial swabs and cleaning solutions, designed for precision cleaning tasks in demanding industrial environments.","Esplora la nostra gamma specializzata di scovoli industriali e soluzioni di pulizia, progettati per attività di pulizia e lubrificazione di precisione in ambienti industriali impegnativi.","Découvrez notre gamme spécialisée d'écouvillons industriels et de solutions de nettoyage, conçus pour des opérations de nettoyage et de lubrification de précision dans des environnements industriels exigeants.","Entdecken Sie unser spezialisiertes Sortiment an Industriebürsten und Reinigungslösungen, die für präzise Reinigungs- und Schmierarbeiten in anspruchsvollen industriellen Umgebungen entwickelt wurden.","Descubra nuestra gama especializada de escobillas industriales y soluciones de limpieza, diseñadas para actividades de limpieza y lubricación de precisión en entornos industriales exigentes."
industrialSwabsHero.getInTouch,Get in Touch,Contattaci,Contactez-nous,Kontaktieren Sie uns,Contáctenos
industrialSwabsHero.heading,Industrial,Scovoli,Écouvillons,Bürsten,Escobillas
industrialSwabsHero.headingAccent,Swabs,Industriali,Industriels,Industrielle,Industriales
industrialSwabsHero.stats.applications,Applications,Applicazioni,Applications,Anwendungen,Aplicaciones
industrialSwabsHero.stats.applicationsValue,500+,500+,500+,500+,500+
industrialSwabsHero.stats.certified,Certified,Certificato,Certificat,Zertifikat,Certificado
industrialSwabsHero.stats.precision,Precision Cleaning,Pulizia di precisione,Nettoyage de précision,Präzisionsreinigung,Limpieza de precisión
industrialSwabsHero.stats.years,Years Experience,Anni di Esperienza,Années d'expérience,Jahre Erfahrung,Años de experiencia
industries.contactForDetails,Contact us for details,Contattaci per dettagli,Contactez-nous pour plus de détails,Kontaktieren Sie uns für Details,Contáctenos para más detalles
industries.features.count,{count}+ specialised safety features,{count}+ caratteristiche di sicurezza specializzate,{count}+ caractéristiques de sécurité spécialisées,{count}+ spezialisierte Sicherheitsmerkmale,{count}+ características de seguridad especializadas
industries.features.description,Discover the advanced safety features that make our {industry} solutions exceptional.,Scopri le caratteristiche avanzate di sicurezza che rendono eccezionali le nostre soluzioni per {industry}.,Découvrez les caractéristiques de sécurité avancées qui rendent nos solutions exceptionnelles pour {industry}.,"Entdecken Sie die fortschrittlichen Sicherheitsmerkmale, die unsere Lösungen für {industry} außergewöhnlich machen.",Descubra las características de seguridad avanzadas que hacen excepcionales nuestras soluciones para {industry}.
industries.features.title,Specialised Safety Features,Caratteristiche di Sicurezza Specializzate,Caractéristiques de Sécurité Spécialisées,Spezialisierte Sicherheitsmerkmale,Características de Seguridad Especializadas
industries.industrySummary,Industry Summary,Riassunto del Settore,Résumé du Secteur,Branchenübersicht,Resumen del Sector
industries.keyFeatures,Key Features,Caratteristiche principali,Caractéristiques principales,Hauptmerkmale,Características principales
industries.keyHazards,Key Hazards,Rischi Principali,Risques Principaux,Hauptrisiken,Riesgos Principales
industries.manufacturing,Manufacturing,Manifattura,Fabrication,Fertigung,Manufactura
industries.noSectionsAvailable,Detailed industry information is being updated. Please check back soon.,Le informazioni dettagliate del settore sono in aggiornamento. Si prega di riprovare presto.,Les informations détaillées sur le secteur sont en cours de mise à jour. Veuillez réessayer prochainement.,Die detaillierten Brancheninformationen werden aktualisiert. Bitte versuchen Sie es später erneut.,"La información detallada del sector se está actualizando. Por favor, inténtelo de nuevo más tarde."
industries.ppeSolutions,PPE Solutions,Soluzioni DPI,Solutions EPI,PSA-Lösungen,Soluciones EPI
industries.sectorsDescription,"At Hand Line, we develop specialised safety solutions for a diverse range of industries, each with unique challenges and requirements.","In Hand Line sviluppiamo soluzioni di sicurezza specializzate per una vasta gamma di settori, ciascuno con sfide e requisiti unici.","Chez Hand Line, nous développons des solutions de sécurité spécialisées pour un large éventail de secteurs, chacun avec ses défis et exigences spécifiques.","Bei Hand Line entwickeln wir spezialisierte Sicherheitslösungen für eine breite Palette von Branchen, von denen jede ihre eigenen Herausforderungen und Anforderungen hat.","En Hand Line desarrollamos soluciones de seguridad especializadas para una amplia gama de sectores, cada uno con desafíos y requisitos únicos."
industries.sectorsWeServe,Sectors We Serve,Settori Serviti,Secteurs desservis,Bediente Branchen,Sectores atendidos
industries.spotlight.badge,Featured Industry,In primo piano,Favoris,Im Fokus,Destacado
industries.spotlight.cta,Explore Solutions,Eplora le soluzioni,Explorez les solutions,Entdecken Sie die Lösungen,Explore las soluciones
industries.spotlight.description,Discover how Hand Line's innovative safety solutions are tailored to meet the unique challenges of this industry.,Scopri come le soluzioni innovative di Hand Line sono progettate per affrontare le sfide uniche di questo settore.,Découvrez comment les solutions innovantes de Hand Line sont conçues pour relever les défis uniques de ce secteur.,"Entdecken Sie, wie die innovativen Lösungen von Hand Line entwickelt wurden, um die einzigartigen Herausforderungen dieser Branche zu bewältigen.",Descubra cómo las soluciones innovadoras de Hand Line están diseñadas para afrontar los desafíos únicos de este sector.
industries.spotlight.subtitle,Specialised Safety Solutions,Soluzioni per l'industria,Solutions pour l'industrie,Lösungen für die Industrie,Soluciones para la industria
industries.spotlight.title,Industry Spotlight,Settore in evidenza,Secteur Favoris,Hervorgehobene Branche,Sector destacado
industries.summary,Industry Overview,Panoramica del Settore,Aperçu du Secteur,Branchenüberblick,Panorama del Sector
industries.viewSolutions,View Solutions,Vedi Soluzioni,Voir les Solutions,Lösungen Ansehen,Ver Soluciones
industriesHero.badge,Sector Solutions,Soluzioni per Settori,Solutions par secteur,Branchenlösungen,Soluciones por sector
industriesHero.description,"Discover how Hand Line's innovative safety solutions are tailored to meet the unique challenges of various industries, providing protection and performance when it matters most.","Grazie ad anni di esperienza ed un focus strategico su alcuni settori industriali, abbiamo sviluppato soluzioni innovative ed efficaci per rispondere alle sfide uniche dei nostri clienti. La nostra esperienza ci permette di aggiungere valore non solo nella fornitura dei DPI ma anche durante la fase di identificazione e creazione delle soluzioni di protezione.","Grâce à des années d'expérience et à une concentration stratégique sur certains secteurs industriels, nous avons développé des solutions innovantes et efficaces pour répondre aux défis uniques de nos clients. Notre expertise nous permet d'apporter de la valeur ajoutée non seulement dans la fourniture des EPI, mais aussi lors de l'identification et de la création des solutions de protection.","Dank jahrelanger Erfahrung und einer strategischen Fokussierung auf bestimmte Industriezweige haben wir innovative und wirksame Lösungen entwickelt, um den besonderen Herausforderungen unserer Kunden gerecht zu werden. Unsere Erfahrung ermöglicht es uns, nicht nur bei der Lieferung von PSA, sondern auch bei der Identifizierung und Entwicklung von Schutzlösungen einen Mehrwert zu schaffen.","Gracias a años de experiencia y a un enfoque estratégico en determinados sectores industriales, hemos desarrollado soluciones innovadoras y eficaces para responder a los desafíos únicos de nuestros clientes. Nuestra experiencia nos permite aportar valor no solo en el suministro de EPI, sino también durante la fase de identificación y creación de las soluciones de protección."
industriesHero.exploreIndustries,Explore Industries,Esplora Settori,Explorez les Secteurs,Branchen entdecken,Explore los Sectores
industriesHero.heading,Industry,Esperti di,Experts en,Experten für,Expertos en
industriesHero.headingAccent,Solutions,Settore,Secteur,Branche,Sector
industriesHero.stats.customers,Happy Customers,Clienti Soddisfatti,Clients Satisfaits,Zufriedene Kunden,Clientes Satisfechos
industriesHero.stats.industries,Industries Served,Settori Serviti,Secteurs desservis,Bediente Branchen,Sectores atendidos
industriesHero.stats.products,Products,Prodotti,Produits,Produkte,Productos
industriesHero.stats.years,Years Experience,Anni di Esperienza,Années d'expérience,Jahre Erfahrung,Años de experiencia
industriesHero.viewProducts,View Products,Prodotti,Produits,Produkte,Productos
industryCta.badge,Specialised Safety Solutions,Specialisti nel settore,Spécialistes du secteur,Branchenspezialisten,Especialistas del sector
industryCta.buttons.browseProducts,Browse Our Products,Esplora i Nostri Prodotti,Découvrez nos produits,Entdecken Sie unsere Produkte,Explora nuestros productos
industryCta.buttons.contactUs,Contact Us Today,Contattaci,Contactez-nous,Kontaktieren Sie uns,Contáctenos
industryCta.description,Discover our comprehensive range of safety solutions specifically designed for the {industry} industry.,Scopri la nostra gamma completa di soluzioni di sicurezza specificamente progettate per il settore {industry}.,Découvrez notre gamme complète de solutions de sécurité spécialement conçues pour le secteur {industry}.,"Entdecken Sie unser komplettes Sortiment an Sicherheitslösungen, die speziell für die Branche {industry} entwickelt wurden.",Descubra nuestra gama completa de soluciones de seguridad diseñadas específicamente para el sector {industry}.
industryCta.title,Ready to Enhance Safety in,Pronto a Migliorare la Sicurezza nel Settore,Prêts à renforcer la Sécurité dans le Secteur,"Bereit, die Sicherheit in der Branche zu Verbessern",Listo para Mejorar la Seguridad en el Sector
industryCta.trustIndicator,Trusted by leading companies in {industry},Fornitore di aziende leader nel settore {industry},Fournisseur d'entreprises leaders dans le secteur {industry},Lieferant führender Unternehmen der Branche {industry},Proveedor de empresas líderes en el sector {industry}
industrySolutions.badge,Sector Solutions,Soluzioni per Settori,Solutions par secteur,Branchenlösungen,Soluciones por sector
industrySolutions.description,"We design specialised hand protection for a wide range of industries, ensuring safety, comfort, and precision for every application.","Progettiamo protezioni specializzate per le mani per un'ampia gamma di settori industriali, garantendo sicurezza, comfort e precisione per ogni applicazione.","Nous concevons des protections spécialisées pour les mains destinées à un large éventail de secteurs industriels, garantissant sécurité, confort et précision pour chaque application.","Wir entwickeln spezialisierten Handschutz für eine breite Palette von Industriebranchen und gewährleisten Sicherheit, Komfort und Präzision für jede Anwendung.","Diseñamos protecciones especializadas para las manos destinadas a una amplia gama de sectores industriales, garantizando seguridad, confort y precisión para cada aplicación."
industrySolutions.detailedDescription,"We start from the person and design solutions around their needs. With almost half a century serving large organisations, we've developed deep industry expertise to help our customers improve protection and optimise productivity.","Partiamo dalla persona e progettiamo soluzioni attorno alle loro esigenze. Con quasi mezzo secolo di servizio a grandi organizzazioni, abbiamo sviluppato una profonda competenza del settore per aiutare i nostri clienti a migliorare la protezione e ottimizzare la produttività.","Nous partons de la personne et concevons des solutions autour de ses besoins. Avec près d'un demi-siècle au service de grandes organisations, nous avons développé une expertise sectorielle approfondie pour aider nos clients à améliorer la protection et optimiser la productivité.","Wir gehen vom Menschen aus und entwickeln Lösungen rund um seine Bedürfnisse. Mit fast einem halben Jahrhundert im Dienst großer Organisationen haben wir ein fundiertes Branchen-Know-how entwickelt, um unseren Kunden zu helfen, den Schutz zu verbessern und die Produktivität zu optimieren.","Partimos de la persona y diseñamos soluciones en torno a sus necesidades. Con casi medio siglo de servicio a grandes organizaciones, hemos desarrollado un profundo conocimiento del sector para ayudar a nuestros clientes a mejorar la protección y optimizar la productividad."
industrySolutions.learnMore,Learn more,Scopri di più,En savoir plus,Mehr erfahren,Saber más
industrySolutions.noIndustries,No industry solutions available at the moment.,Nessuna soluzione per settori disponibile al momento.,Aucune solution sectorielle disponible pour le moment.,Derzeit sind keine Branchenlösungen verfügbar.,No hay soluciones sectoriales disponibles en este momento.
industrySolutions.title,Industry Solutions,Soluzioni per Settori,Solutions par secteur,Branchenlösungen,Soluciones por sector
industrySolutions.viewAll,View all industries,Vedi tutti i settori,Voir tous les secteurs,Alle Branchen ansehen,Ver todos los sectores
legal.content.cookies.lastUpdated,Last updated: 4th August 2025,Ultimo aggiornamento: 4 agosto 2025,Dernière mise à jour : 4 août 2025,Letzte Aktualisierung: 4. August 2025,Última actualización: 4 de agosto de 2025
legal.content.cookies.title,Cookie Policy,Informativa sui Cookie,Politique en matière de Cookies,Cookie-Richtlinie,Política de Cookies
legal.content.privacy.lastUpdated,Last updated: 4th August 2025,Ultimo aggiornamento: 4 agosto 2025,Dernière mise à jour : 4 août 2025,Letzte Aktualisierung: 4. August 2025,Última actualización: 4 de agosto de 2025
legal.content.privacy.title,Privacy Policy,Informativa sulla Privacy,Politique de Confidentialité,Datenschutzerklärung,Política de Privacidad
legal.content.terms.lastUpdated,Last updated: 4th August 2025,Ultimo aggiornamento: 4 agosto 2025,Dernière mise à jour : 4 août 2025,Letzte Aktualisierung: 4. August 2025,Última actualización: 4 de agosto de 2025
legal.content.terms.title,Terms of Service,Termini di Utilizzo,Conditions d'utilisation,Nutzungsbedingungen,Términos de uso
legal.hero.badge,Important Documents,Documenti Importanti,Documents Importants,Wichtige Dokumente,Documentos Importantes
legal.hero.description,"Our commitment to transparency, protection, and compliance with all relevant laws and regulations.","Il nostro impegno per la trasparenza, la protezione e la conformità con tutte le leggi e i regolamenti pertinenti.","Notre engagement envers la transparence, la protection et la conformité avec toutes les lois et réglementations pertinentes.","Unser Engagement für Transparenz, Schutz und die Einhaltung aller einschlägigen Gesetze und Vorschriften.","Nuestro compromiso con la transparencia, la protección y el cumplimiento de todas las leyes y normativas pertinentes."
legal.hero.stats.compliance,100%,100%,1,1,1
legal.hero.stats.complianceLabel,EU Compliant,Conforme UE,Conforme UE,EU-konform,Conforme UE
legal.hero.stats.documents,3,3,3,3,3
legal.hero.stats.documentsLabel,Legal Documents,Documenti Legali,Documents Légaux,Rechtliche Dokumente,Documentos Legales
legal.hero.stats.updated,2025,2025,2025,2025,2025
legal.hero.stats.updatedLabel,Last Updated,Ultimo Aggiornamento,Dernière Mise à Jour,Letzte Aktualisierung,Última Actualización
legal.hero.title,Legal,Informazioni,Informations,Informationen,Información
legal.hero.titleAccent,Information,Legali,Juridique,Rechtliches,Legal
legal.tabs.cookies,Cookie Policy,Informativa Cookie,Politique de Cookies,Cookie-Hinweis,Política de Cookies
legal.tabs.privacy,Privacy Policy,Informativa Privacy,Politique de confidentialité,Datenschutzerklärung,Política de privacidad
legal.tabs.terms,Terms of Service,Termini di Utilizzo,Conditions d'utilisation,Nutzungsbedingungen,Términos de uso
navbar.about,About Us,Chi Siamo,À propos de nous,Über uns,Quiénes somos
navbar.aboutDropdown.careers,Careers,Lavora con Noi,Travaillez avec Nous,Arbeiten Sie mit Uns,Trabaja con Nosotros
navbar.aboutDropdown.esg,ESG Commitment,Impegno ESG,Engagement ESG,ESG-Engagement,Compromiso ESG
navbar.aboutDropdown.ourCompany,Our Company,La Nostra Azienda,Notre Entreprise,Unser Unternehmen,Nuestra Empresa
navbar.allGloves,All Gloves,Tutti i Guanti,Tous les Gants,Alle Handschuhe,Todos los Guantes
navbar.allProducts,All Products,Tutti i Prodotti,Tous les Produits,Alle Produkte,Todos los Productos
navbar.announcement,PROTECTING HANDS WITH INNOVATIVE SOLUTIONS,PROTEGGIAMO LE MANI CON SOLUZIONI INNOVATIVE,NOUS PROTÉGEONS LES MAINS AVEC DES SOLUTIONS INNOVANTES,WIR SCHÜTZEN HÄNDE MIT INNOVATIVEN LÖSUNGEN,PROTEGEMOS LAS MANOS CON SOLUCIONES INNOVADORAS
navbar.armProtection,Arm Protection,Protezione delle braccia,Protection des bras,Armschutz,Protección de los brazos
navbar.blog,Blog,Blog,Blog,Blog,Blog
navbar.contact,Contact,Contatti,Contacts,Kontakt,Contacto
navbar.cutResistant,Cut-Resistant,Guanti Antitaglio,Gants anticoupure,Schnittschutzhandschuhe,Guantes anticorte
navbar.dashboard,Dashboard,Pannello di controllo,Panneau de Contrôle,Kontrollpanel,Panel de Control
navbar.eyeFaceProtection,Eye & Face Protection,Protezione occhi e viso,Protection des yeux et du visage,Augen- und Gesichtsschutz,Protección de los ojos y la cara
navbar.generalPurpose,General Purpose,Uso Generale,Usage général,Allgemeiner Einsatz,Uso general
navbar.headProtection,Head Protection,Protezione della testa,Protection de la tête,Kopfschutz,Protección de la cabeza
navbar.hearingProtection,Hearing Protection,Protezione uditiva,Protection auditive,Gehörschutz,Protección auditiva
navbar.heatResistant,Heat-Resistant,Guanti Anticalore,Gants anti-chaleur,Hitzeschutzhandschuhe,Guantes resistentes al calor
navbar.home,Home,Home,Accueil,Startseite,Inicio
navbar.industrialSwabs,Industrial Swabs,Scovoli Industriali,Écouvillons industriels,Industriewischer,Escobillas industriales
navbar.industries,Industries,Settori,Secteurs,Branchen,Sectores
navbar.language.en,English,English,English,English,English
navbar.language.it,Italiano,Italiano,Italiano,Italiano,Italiano
navbar.language.toggleButton,Switch to {lang},Passa a {lang},Passer à {lang},Zu {lang} wechseln,Cambiar a {lang}
navbar.language.toggleLabel,Language / Lingua,Lingua / Language,Langue / Language,Sprache / Language,Idioma / Language
navbar.mechanicalHazards,Mechanical Hazards,Rischi Meccanici,Risques mécaniques,Mechanische Risiken,Riesgos mecánicos
navbar.menu,Menu,Menu,Menu,Menü,Menú
navbar.partners,Partners,Partner,Partenaires,Partner,Socios
navbar.partnersDropdown.distribution,Distribution,Distribuzione,Distribution,Vertrieb,Distribución
navbar.partnersDropdown.partnerships,Partnerships,Partnership,Partenariat,Partnerschaft,Asociación
navbar.products,Products,Prodotti,Produits,Produkte,Productos
navbar.protectiveClothing,Protective Clothing,Abbigliamento protettivo e da lavoro,Vêtements de protection et de travail,Schutz- und Arbeitskleidung,Ropa de protección y de trabajo
navbar.resources,Resources,Risorse,Ressources,Ressourcen,Recursos
navbar.resourcesDropdown.blog,Blog,Blog,Blog,Blog,Blog
navbar.resourcesDropdown.caseStudies,Case Studies,Casi Studio,Études de cas,Fallstudien,Casos de estudio
navbar.resourcesDropdown.declarations,Declarations,Dichiarazioni di conformitá,Déclarations de conformité,Konformitätserklärungen,Declaraciones de conformidad
navbar.resourcesDropdown.enResourceCentre,PPE Standards Hub,Libreria Standard DPI,Bibliothèque des Normes EPI,PSA-Normenbibliothek,Biblioteca de Normas EPI
navbar.resourcesDropdown.productDisclaimer,Product Disclaimer,Dichiarazione sui Prodotti,Déclaration sur les Produits,Produkterklärung,Declaración sobre los Productos
navbar.respiratoryProtection,Respiratory Protection,Protezione vie respiratorie,Protection des voies respiratoires,Atemschutz,Protección de las vías respiratorias
navbar.safetyFootwear,Safety Footwear,Calzature di sicurezza,Chaussures de sécurité,Sicherheitsschuhe,Calzado de seguridad
navbar.safetyGloves,Hand Protection,Protezione delle mani,Protection des mains,Handschutz,Protección de las manos
navbar.searchPlaceholder,"Search products, industries, or articles...","Cerca prodotti, settori o articoli...","Rechercher des produits, secteurs ou articles...","Produkte, Branchen oder Artikel suchen...","Buscar productos, sectores o artículos..."
navbar.welding,Welding,Saldatura,Soudage,Schweißen,Soldadura
partners.description,Join our global network of partners and distributors to bring Hand Line's innovative safety solutions to more workers around the world.,Unisciti alla nostra rete globale di partner e distributori per portare le soluzioni di sicurezza innovative di Hand Line a più lavoratori in tutto il mondo.,Rejoignez notre réseau mondial de partenaires et de distributeurs pour apporter les solutions de sécurité innovantes de Hand Line à un plus grand nombre de travailleurs dans le monde.,"Werden Sie Teil unseres globalen Netzwerks aus Partnern und Distributoren, um die innovativen Sicherheitslösungen von Hand Line mehr Arbeitern auf der ganzen Welt zugänglich zu machen.",Únase a nuestra red global de socios y distribuidores para llevar las soluciones de seguridad innovadoras de Hand Line a más trabajadores en todo el mundo.
partners.distribution.cta,Become a Distributor,Diventa Distributore,Devenir distributeur,Vertriebspartner werden,Conviértete en distribuidor
partners.distribution.description,Join our growing network of distributors to bring Hand Line's safety products to your region. We provide comprehensive support and competitive margins.,Unisciti alla nostra crescente rete di distributori per portare i prodotti di sicurezza Hand Line nella tua regione. Forniamo supporto completo e margini competitivi.,Rejoignez notre réseau croissant de distributeurs pour apporter les produits de sécurité Hand Line dans votre région. Nous fournissons un support complet et des marges compétitives.,"Werden Sie Teil unseres wachsenden Vertriebsnetzes, um die Sicherheitsprodukte von Hand Line in Ihre Region zu bringen. Wir bieten umfassende Unterstützung und wettbewerbsfähige Margen.",Únase a nuestra creciente red de distribuidores para llevar los productos de seguridad Hand Line a su región. Ofrecemos soporte completo y márgenes competitivos.
partners.distribution.title,Distribution Network,Distribuzione prodotti Hand Line,Distribution des produits Hand Line,Vertrieb von Hand Line Produkten,Distribución de productos Hand Line
partners.distributionPage.form.company,Company,Azienda,Entreprise,Unternehmen,Empresa
partners.distributionPage.form.companyPlaceholder,Your company name,Il nome della tua azienda,Le nom de votre entreprise,Der Name Ihres Unternehmens,El nombre de tu empresa
partners.distributionPage.form.country,Country,Paese,Pays,Land,País
partners.distributionPage.form.countryPlaceholder,Your country or region of operation,Il tuo paese o regione di operatività,Votre pays ou région d'activité,Ihr Land oder Ihre Tätigkeitsregion,Su país o región de actividad
partners.distributionPage.form.description,Fill out the form below to discuss distribution opportunities in your region.,Compila il modulo sottostante per discutere opportunità di distribuzione nella tua regione.,Remplissez le formulaire ci-dessous pour discuter des opportunités de distribution dans votre région.,"Füllen Sie das untenstehende Formular aus, um Vertriebsmöglichkeiten in Ihrer Region zu besprechen.",Complete el formulario a continuación para hablar sobre oportunidades de distribución en su región.
partners.distributionPage.form.details,Distribution Details,Messaggio,Message,Nachricht,Mensaje
partners.distributionPage.form.detailsPlaceholder,"Please tell us about your distribution capabilities, market reach, and why you're interested in Hand Line products...","Parlaci delle tue capacità di distribuzione, della tua portata di mercato e del motivo per cui sei interessato ai prodotti Hand Line...","Parlez-nous de vos capacités de distribution, de votre portée sur le marché et des raisons pour lesquelles vous êtes intéressé par les produits Hand Line...","Erzählen Sie uns von Ihren Vertriebskapazitäten, Ihrer Marktreichweite und dem Grund für Ihr Interesse an den Produkten von Hand Line...","Cuéntenos sobre sus capacidades de distribución, su alcance de mercado y el motivo por el que está interesado en los productos Hand Line..."
partners.distributionPage.form.email,Email Address,Indirizzo Email,Adresse e-mail,E-Mail-Adresse,Dirección de correo electrónico
partners.distributionPage.form.emailAddress,distribution@handlineco.com,distribution@handlineco.com,distribution@handlineco.com,distribution@handlineco.com,distribution@handlineco.com
partners.distributionPage.form.emailAlternative,"Alternatively, email us directly at","In alternativa, inviaci un'email direttamente a",Vous pouvez aussi nous envoyer un e-mail directement à,Alternativ können Sie uns direkt eine E-Mail senden an,"Alternativamente, envíanos un correo electrónico directamente a"
partners.distributionPage.form.emailPlaceholder,your.email@company.com,tua.email@azienda.com,tua.email@azienda.com,tua.email@azienda.com,tua.email@azienda.com
partners.distributionPage.form.errorMessage,Please try again later or contact us directly at distribution@handlineco.com,Riprova più tardi o contattaci direttamente a distribution@handlineco.com,Réessayez plus tard ou contactez-nous directement à distribution@handlineco.com,Versuchen Sie es später erneut oder kontaktieren Sie uns direkt unter distribution@handlineco.com,Vuelva a intentarlo más tarde o contáctenos directamente en distribution@handlineco.com
partners.distributionPage.form.errorTitle,Something went wrong,Qualcosa è andato storto,Une erreur s'est produite,Etwas ist schiefgelaufen,Algo salió mal
partners.distributionPage.form.fullName,Full Name,Nome,Nom,Name,Nombre
partners.distributionPage.form.fullNamePlaceholder,Your full name,Il tuo nome completo,Votre nom complet,Ihr vollständiger Name,Tu nombre completo
partners.distributionPage.form.phone,Phone (Optional),Telefono (Opzionale),Téléphone (facultatif),Telefon (optional),Teléfono (opcional)
partners.distributionPage.form.phonePlaceholder,Your phone number,Il tuo numero di telefono,Votre numéro de téléphone,Ihre Telefonnummer,Tu número de teléfono
partners.distributionPage.form.submit,Submit Distribution Enquiry,Invia Richiesta,Envoyer la demande,Anfrage senden,Enviar solicitud
partners.distributionPage.form.submitting,Submitting...,Invio in corso...,Envoi en cours...,Wird gesendet...,Enviando...
partners.distributionPage.form.successMessage,Thank you for your interest. We'll be in touch shortly at ,Grazie per il tuo interesse. Ti contatteremo presto all'indirizzo ,Merci pour votre intérêt. Nous vous contacterons bientôt à l'adresse ,Vielen Dank für Ihr Interesse. Wir werden Sie in Kürze unter folgender Adresse kontaktieren: ,Gracias por tu interés. Nos pondremos en contacto contigo pronto en la dirección 
partners.distributionPage.form.successTitle,Distribution enquiry sent,Richiesta distribuzione inviata,Demande de distribution envoyée,Vertriebsanfrage gesendet,Solicitud de distribución enviada
partners.distributionPage.form.title,Become a Distributor,Diventa Distributore,Devenir distributeur,Vertriebspartner werden,Conviértete en distribuidor
partners.distributionPage.hero.badge,Global Network,Rete Globale,Réseau Mondial,Globales Netzwerk,Red Global
partners.distributionPage.hero.becomeDistributor,Become a Distributor,Diventa Distributore,Devenir distributeur,Vertriebspartner werden,Conviértete en distribuidor
partners.distributionPage.hero.description,"Join our global distribution network to bring industry-leading safety solutions to your market. Our distributors benefit from exclusive products, competitive margins and comprehensive support.","Unisciti alla nostra rete di distribuzione globale per portare soluzioni di sicurezza all'avanguardia nel tuo mercato. I nostri distributori beneficiano di prodotti esclusivi, margini competitivi e supporto completo.","Rejoignez notre réseau de distribution mondial pour apporter des solutions de sécurité de pointe sur votre marché. Nos distributeurs bénéficient de produits exclusifs, de marges compétitives et d'un support complet.","Werden Sie Teil unseres globalen Vertriebsnetzes, um wegweisende Sicherheitslösungen auf Ihren Markt zu bringen. Unsere Distributoren profitieren von exklusiven Produkten, wettbewerbsfähigen Margen und umfassender Unterstützung.","Únase a nuestra red de distribución global para llevar soluciones de seguridad de vanguardia a su mercado. Nuestros distribuidores se benefician de productos exclusivos, márgenes competitivos y soporte completo."
partners.distributionPage.hero.seeProducts,See our products,Vedi i nostri prodotti,Voir nos produits,Unsere Produkte ansehen,Ver nuestros productos
partners.distributionPage.hero.title,Distribute,Distribuisci i Prodotti,Distribuez les Produits,Produkte Vertreiben,Distribuya los Productos
partners.distributionPage.hero.titleAccent,Hand Line,Hand Line,Hand Line,Hand Line,Hand Line
partners.distributionPage.hero.titleSuffix,Products,,Produits,Produkte,Productos
partners.hero.badge,Global Partnerships,Piú forti insieme,Plus forts ensemble,Gemeinsam stärker,Más fuertes juntos
partners.hero.description,Join our global network of partners to bring Hand Line's innovative safety solutions to more workers around the world. Discover opportunities for strategic partnerships and distribution.,Scopri le opportunità di partnership strategiche e distribuzione dei prodotti Hand Line e unisciti alla nostra rete di partner.,Découvrez les opportunités de partenariat stratégique et de distribution des produits Hand Line et rejoignez notre réseau de partenaires.,Entdecken Sie strategische Partnerschafts- und Vertriebsmöglichkeiten für Hand Line Produkte und werden Sie Teil unseres Partnernetzwerks.,Descubra las oportunidades de asociación estratégica y distribución de los productos Hand Line y únase a nuestra red de socios.
partners.hero.distribution,Distribution Network,Rete di Distribuzione,Réseau de Distribution,Vertriebsnetz,Red de Distribución
partners.hero.partnerships,Strategic Partnerships,Partnership Strategiche,Partenariats stratégiques,Strategische Partnerschaften,Alianzas estratégicas
partners.hero.stats.countries,Countries,Paesi,Pays,Länder,Países
partners.hero.stats.partners,Global Partners,Partner Globali,Partenaires Mondiaux,Globale Partner,Socios Globales
partners.hero.stats.products,Products,Prodotti,Produits,Produkte,Productos
partners.hero.stats.years,Years Experience,Anni di Esperienza,Années d'expérience,Jahre Erfahrung,Años de experiencia
partners.hero.title,Partner with,Collabora con,Collaborez avec,Arbeiten Sie zusammen mit,Colabora con
partners.partnerships.form.company,Company,Azienda,Entreprise,Unternehmen,Empresa
partners.partnerships.form.companyPlaceholder,Your company name,Il nome della tua azienda,Le nom de votre entreprise,Der Name Ihres Unternehmens,El nombre de tu empresa
partners.partnerships.form.description,Fill out the form below to discuss partnership opportunities with our team.,Compila il modulo sottostante per discutere opportunità di partnership con il nostro team.,Remplissez le formulaire ci-dessous pour discuter des opportunités de partenariat avec notre équipe.,"Füllen Sie das untenstehende Formular aus, um Partnerschaftsmöglichkeiten mit unserem Team zu besprechen.",Complete el formulario a continuación para hablar sobre oportunidades de asociación con nuestro equipo.
partners.partnerships.form.details,Partnership Details,Messaggio,Message,Nachricht,Mensaje
partners.partnerships.form.detailsPlaceholder,Please tell us about your partnership interests and how we might work together...,Parlaci dei tuoi interessi di partnership e di come potremmo collaborare...,Parlez-nous de vos intérêts en matière de partenariat et de la manière dont nous pourrions collaborer...,Erzählen Sie uns von Ihrem Interesse an einer Partnerschaft und wie wir zusammenarbeiten könnten...,Cuéntenos sus intereses de colaboración y cómo podríamos trabajar juntos...
partners.partnerships.form.email,Email Address,Indirizzo Email,Adresse e-mail,E-Mail-Adresse,Dirección de correo electrónico
partners.partnerships.form.emailAddress,partnerships@handlineco.com,partnerships@handlineco.com,partnerships@handlineco.com,partnerships@handlineco.com,partnerships@handlineco.com
partners.partnerships.form.emailAlternative,"Alternatively, email us directly at","In alternativa, inviaci un'email direttamente a",Vous pouvez aussi nous envoyer un e-mail directement à,Alternativ können Sie uns direkt eine E-Mail senden an,"Alternativamente, envíanos un correo electrónico directamente a"
partners.partnerships.form.emailPlaceholder,your.email@company.com,tua.email@azienda.com,tua.email@azienda.com,tua.email@azienda.com,tua.email@azienda.com
partners.partnerships.form.errorMessage,Please try again later or contact us directly at partnerships@handlineco.com,Riprova più tardi o contattaci direttamente a partnerships@handlineco.com,Réessayez plus tard ou contactez-nous directement à partnerships@handlineco.com,Versuchen Sie es später erneut oder kontaktieren Sie uns direkt unter partnerships@handlineco.com,Vuelva a intentarlo más tarde o contáctenos directamente en partnerships@handlineco.com
partners.partnerships.form.errorTitle,Something went wrong,Qualcosa è andato storto,Une erreur s'est produite,Etwas ist schiefgelaufen,Algo salió mal
partners.partnerships.form.fullName,Full Name,Nome,Nom,Name,Nombre
partners.partnerships.form.fullNamePlaceholder,Your full name,Il tuo nome completo,Votre nom complet,Ihr vollständiger Name,Tu nombre completo
partners.partnerships.form.phone,Phone (Optional),Telefono (Opzionale),Téléphone (facultatif),Telefon (optional),Teléfono (opcional)
partners.partnerships.form.phonePlaceholder,Your phone number,Il tuo numero di telefono,Votre numéro de téléphone,Ihre Telefonnummer,Tu número de teléfono
partners.partnerships.form.submit,Submit Partnership Enquiry,Invia Richiesta,Envoyer la demande,Anfrage senden,Enviar solicitud
partners.partnerships.form.submitting,Submitting...,Invio in corso...,Envoi en cours...,Wird gesendet...,Enviando...
partners.partnerships.form.successMessage,Thank you for your interest. We'll be in touch shortly at ,Grazie per il tuo interesse. Ti contatteremo presto all'indirizzo ,Merci pour votre intérêt. Nous vous contacterons bientôt à l'adresse ,Vielen Dank für Ihr Interesse. Wir werden Sie in Kürze unter folgender Adresse kontaktieren: ,Gracias por tu interés. Nos pondremos en contacto contigo pronto en la dirección 
partners.partnerships.form.successTitle,Partnership enquiry sent,Richiesta partnership inviata,Demande de partenariat envoyée,Partnerschaftsanfrage gesendet,Solicitud de colaboración enviada
partners.partnerships.form.title,Become a Partner,Diventa Partner,Devenir partenaire,Partner werden,Conviértete en socio
partners.partnerships.hero.badge,Strategic Alliances,Alleanze Strategiche,Alliances Stratégiques,Strategische Allianzen,Alianzas Estratégicas
partners.partnerships.hero.becomePartner,Become a Partner,Diventa Partner,Devenir partenaire,Partner werden,Conviértete en socio
partners.partnerships.hero.description,We build lasting partnerships to enhance worker safety and innovation. Join us to create protective solutions that make a difference in workplaces worldwide.,Costruiamo partnership durature per migliorare la sicurezza e l'innovazione sul lavoro. Unisciti a noi per creare soluzioni protettive che fanno la differenza nei luoghi di lavoro di tutto il mondo.,Nous construisons des partenariats durables pour améliorer la sécurité et l'innovation au travail. Rejoignez-nous pour créer des solutions de protection qui font la différence sur les lieux de travail du monde entier.,"Wir bauen dauerhafte Partnerschaften auf, um Sicherheit und Innovation am Arbeitsplatz zu verbessern. Werden Sie Teil unseres Teams, um Schutzlösungen zu entwickeln, die weltweit an Arbeitsplätzen einen Unterschied machen.",Construimos alianzas duraderas para mejorar la seguridad y la innovación en el trabajo. Únase a nosotros para crear soluciones de protección que marcan la diferencia en los lugares de trabajo de todo el mundo.
partners.partnerships.hero.seeProducts,See our products,Vedi i nostri prodotti,Voir nos produits,Unsere Produkte ansehen,Ver nuestros productos
partners.partnerships.hero.title,Partner with,Collabora con,Collaborez avec,Arbeiten Sie zusammen mit,Colabora con
partners.partnerships.hero.titleAccent,Hand Line,Hand Line,Hand Line,Hand Line,Hand Line
partners.strategic.cta,Explore Partnerships,Esplora Partnership,Explorez les Partenariats,Partnerschaften entdecken,Explore las Alianzas
partners.strategic.description,We're looking for industry leaders to collaborate on innovative safety solutions. Build a strategic alliance with Hand Line.,Vuoi promuovere e vendere i tuoi DPI attraverso Hand Line? Cerchiamo leader del settore per ampliare la nostra offerta con soluzioni di sicurezza innovative.,Vous souhaitez promouvoir et vendre vos EPI par l'intermédiaire de Hand Line ? Nous recherchons des leaders du secteur pour élargir notre offre avec des solutions de sécurité innovantes.,"Möchten Sie Ihre PSA über Hand Line bewerben und verkaufen? Wir suchen Branchenführer, um unser Angebot mit innovativen Sicherheitslösungen zu erweitern.",¿Desea promocionar y vender sus EPI a través de Hand Line? Buscamos líderes del sector para ampliar nuestra oferta con soluciones de seguridad innovadoras.
partners.strategic.title,Strategic Partnerships,Partnership Strategiche,Partenariats stratégiques,Strategische Partnerschaften,Alianzas estratégicas
partners.title,Partner with Hand Line,Collabora con Hand Line,Collaborez avec Hand Line,Arbeiten Sie mit Hand Line zusammen,Colabore con Hand Line
productCategories.cutResistantGloves,Cut resistant gloves,Guanti resistenti al taglio,Gants résistants à la coupure,Schnittfeste Handschuhe,Guantes resistentes al corte
productCategories.generalPurposeGloves,General purpose gloves,Guanti per uso generale,Gants à usage général,Universalhandschuhe,Guantes de uso general
productCategories.handProtection,Hand protection,Protezione delle mani,Protection des mains,Handschutz,Protección de las manos
productCategories.heatResistantGloves,Heat resistant gloves,Guanti resistenti al calore,Gants résistants à la chaleur,Hitzebeständige Handschuhe,Guantes resistentes al calor
productCategories.industrialSwabs,Industrial swabs,Tamponi industriali,Tampons industriels,Industrietupfer,Tampones industriales
productCategories.mechanicalHazardsGloves,Mechanical hazards gloves,Guanti per rischi meccanici,Gants contre les risques mécaniques,Handschuhe gegen mechanische Risiken,Guantes contra riesgos mecánicos
productCategories.respiratoryProtection,Respiratory protection,Protezione vie respiratorie,Protection des voies respiratoires,Atemschutz,Protección de las vías respiratorias
productCategories.weldingGloves,Welding gloves,Guanti per saldatura,Gants de soudage,Schweißerhandschuhe,Guantes de soldadura
productPage.abrasion,Abrasion,Abrasione,Abrasion,Abrieb,Abrasión
productPage.additionalMarking,Additional marking,Marcatura aggiuntiva,Marquage supplémentaire,Zusätzliche Kennzeichnung,Marcado adicional
productPage.additionalRequirements,Additional requirements,Requisiti supplementari,Exigences supplémentaires,Zusätzliche Anforderungen,Requisitos adicionales
productPage.additionalStandards,Additional Standards,Conformità standard aggiuntivi,Conformité aux normes supplémentaires,Konformität mit zusätzlichen Normen,Conformidad con normas adicionales
productPage.applications,Applications,Applicazioni,Applications,Anwendungen,Aplicaciones
productPage.arm,Arm,Asta,Tige,Bügel,Varilla
productPage.armProtectionAttributes,Arm Protection Attributes,Attributi protezione braccia,Attributs de protection des bras,Attribute Armschutz,Atributos de protección de brazos
productPage.attributes,Attributes,Attributi,Attributs,Attribute,Atributos
productPage.backToProducts,Back to products,Torna ai prodotti,Retour aux produits,Zurück zu den Produkten,Volver a los productos
productPage.biologicalHazards,Biological Hazards,Rischi Biologici,Risques biologiques,Biologische Risiken,Riesgos biológicos
productPage.bluetooth,Bluetooth,Bluetooth,Bluetooth,Bluetooth,Bluetooth
productPage.brimLong,Long brim,Visiera lunga,Visière longue,Langes Visier,Visor largo
productPage.brimShort,Short brim,Visiera corta,Visière courte,Kurzes Visier,Visor corto
productPage.category,Category,Categoria,Catégorie,Kategorie,Categoría
productPage.ceCategory,CE Category,Categoria CE,Catégorie CE,CE-Kategorie,Categoría CE
productPage.chemicalExposure,Chemical Exposure,Esposizione Chimica,Exposition chimique,Chemische Exposition,Exposición química
productPage.closedShell,Closed shell,Calotta chiusa,Calotte fermée,Geschlossene Kalotte,Casquete cerrado
productPage.closureTypes.elastic,Elastic,Elastico,Élastique,Gummiband,Elástico
productPage.closureTypes.none,None,Nessuno,Aucun,Keine,Ninguno
productPage.closureTypes.velcro,Velcro,Velcro,Velcro,Velcro,Velcro
productPage.clothingStandards.breathability,Breathability,Traspirabilità,Respirabilité,Atmungsaktivität,Transpirabilidad
productPage.clothingStandards.class,Class,Classe,Classe,Klasse,Clase
productPage.clothingStandards.contactHeat,Contact heat,Calore di contatto,Chaleur de contact,Kontaktwärme,Calor de contacto
productPage.clothingStandards.convectiveHeat,Convective heat,Calore convettivo,Chaleur convective,Konvektionswärme,Calor convectivo
productPage.clothingStandards.enStandards,EN Standards,Livelli di protezione,Niveaux de protection,Schutzstufen,Niveles de protección
productPage.clothingStandards.flameSpread,Flame spread,Propagazione della fiamma,Propagation de la flamme,Flammenausbreitung,Propagación de la llama
productPage.clothingStandards.moltenAluminium,Molten Aluminium,Alluminio fuso,Aluminium en fusion,Geschmolzenes Aluminium,Aluminio fundido
productPage.clothingStandards.moltenIron,Molten Iron,Ferro fuso,Fer en fusion,Geschmolzenes Eisen,Hierro fundido
productPage.clothingStandards.protection,Protection,Protezione,Protection,Schutz,Protección
productPage.clothingStandards.radiantHeat,Radiant heat,Calore radiante,Chaleur radiante,Strahlungswärme,Calor radiante
productPage.clothingStandards.waterPenetration,Water penetration,Penetrazione dell'acqua,Pénétration de l'eau,Wasserdurchdringung,Penetración de agua
productPage.clothingStandards.welding,Welding,Saldatura,Soudage,Schweißen,Soldadura
productPage.coating,Coating,Trattamento,Traitement,Behandlung,Tratamiento
productPage.coatingTypes.anti_fog,Anti Fog,Antiappannante,Anti-buée,Beschlagfrei,Antivaho
productPage.coatingTypes.chemical_resistant,Chemical Resistant,Resistente agli agenti chimici,Résistant aux agents chimiques,Beständig gegen Chemikalien,Resistente a los agentes químicos
productPage.coatingTypes.scratch_resistant,Scratch Resistant,Antigraffio,Anti-rayures,Kratzfest,Antirrayaduras
productPage.coldProtection,Cold Protection,Protezione dal freddo,Protection contre le froid,Kälteschutz,Protección contra el frío
productPage.colours,Colours,Colori,Couleurs,Farben,Colores
productPage.combined,Combined,Combinato,Combiné,Kombiniert,Combinado
productPage.comfortFeatures,Comfort & fit features,Comfort e vestibilità,Confort et ajustement,Komfort und Passform,Confort y ajuste
productPage.compatibleWith,Compatible with,Compatibile con,Compatible avec,Kompatibel mit,Compatible con
productPage.contactCold,Contact Cold,Freddo da contatto,Froid de contact,Kontaktkälte,Frío de contacto
productPage.contactHeat,Contact Heat,Calore da Contatto,Chaleur de Contact,Kontaktwärme,Calor de Contacto
productPage.contactUs,Contact Us,Contattaci,Contactez-nous,Kontaktieren Sie uns,Contáctenos
productPage.convectiveCold,Convective Cold,Freddo convettivo,Froid convectif,Konvektionskälte,Frío convectivo
productPage.convectiveHeat,Convective Heat,Calore Convettivo,Chaleur Convective,Konvektionswärme,Calor Convectivo
productPage.cut,Cut,Taglio,Coupure,Schnitt,Corte
productPage.cutResistanceLevel,Cut Resistance Level,Livello di Resistenza al Taglio,Niveau de Résistance à la Coupure,Schnittfestigkeitsstufe,Nivel de Resistencia al Corte
productPage.declarationOfConformity,Declaration of Conformity,Dichiarazione di Conformità,Déclaration de conformité,Konformitätserklärung,Declaración de conformidad
productPage.declarationsOfConformity,Declarations of Conformity,Dichiarazioni di Conformità,Déclarations de Conformité,Konformitätserklärungen,Declaraciones de Conformidad
productPage.dimensions,Dimensions,Dimensioni,Dimensions,Abmessungen,Dimensiones
productPage.documentation,Documents,Documenti,Documents,Dokumente,Documentos
productPage.download,Download,Scarica,Télécharger,Herunterladen,Descargar
productPage.dryConditions,Dry Conditions,Ambiente asciutto,Environnement sec,Trockene Umgebung,Entorno seco
productPage.dust,Dust,Polvere,Poussière,Staub,Polvo
productPage.dustyConditions,Dusty Conditions,Presenza di polveri,Présence de poussières,Vorhandensein von Staub,Presencia de polvo
productPage.electrical,Electrical risk,Rischio elettrico,Risque électrique,Elektrisches Risiko,Riesgo eléctrico
productPage.electricalInsulation,Electrical insulation,Isolamento elettrico,Isolation électrique,Elektrische Isolierung,Aislamiento eléctrico
productPage.electricalRisks,Electrical risks,Rischi elettrici,Risques électriques,Elektrische Risiken,Riesgos eléctricos
productPage.en352Parts,EN 352 parts,Parti EN 352,Parties EN 352,Teile EN 352,Partes EN 352
productPage.enIso20345,EN ISO 20345,EN ISO 20345,EN ISO 20345,EN ISO 20345,EN ISO 20345
productPage.enIso20345_2011,EN ISO 20345:2011,EN ISO 20345:2011,EN ISO 20345:2011,EN ISO 20345:2011,EN ISO 20345:2011
productPage.enIso20345_2022,EN ISO 20345:2022,EN ISO 20345:2022,EN ISO 20345:2022,EN ISO 20345:2022,EN ISO 20345:2022
productPage.enIso21420,EN ISO 21420,EN ISO 21420,EN ISO 21420,EN ISO 21420,EN ISO 21420
productPage.englishDocument,English,English,English,English,English
productPage.equipment,Equipment,Attrezzatura,Équipement,Ausrüstung,Equipo
productPage.features,Features,Caratteristiche,Caractéristiques,Merkmale,Características
productPage.filtersFitted,filters fitted,filtri installati,filtres installés,installierte Filter,filtros instalados
productPage.fit,Fit,Vestibilità,Ajustement,Passform,Ajuste
productPage.flammability,Flammability,Infiammabilità,Inflammabilité,Entflammbarkeit,Inflamabilidad
productPage.footwearAttributes.chemicalExposure,Chemical exposure,Esposizione chimica,Exposition chimique,Chemische Exposition,Exposición química
productPage.footwearAttributes.esd,ESD,ESD,ESD,ESD,ESD
productPage.footwearAttributes.metalFree,Metal-free,Senza metallo,Sans métal,Metallfrei,Sin metal
productPage.footwearAttributes.metatarsalProtection,Metatarsal protection,Protezione metatarsale,Protection métatarsienne,Mittelfußschutz,Protección metatarsal
productPage.footwearAttributes.slipResistance,Slip resistance,Resistenza allo scivolamento,Résistance au glissement,Rutschfestigkeit,Resistencia al deslizamiento
productPage.footwearAttributes.waterResistance,Water resistance,Resistenza all'acqua,Résistance à l'eau,Wasserbeständigkeit,Resistencia al agua
productPage.frame,Frame,Montatura,Monture,Fassung,Montura
productPage.frameMark,Frame mark,Montatura,Monture,Fassung,Montura
productPage.gasesVapours,Gases & Vapours,Gas e Vapori,Gaz et Vapeurs,Gase und Dämpfe,Gases y Vapores
productPage.gender,Gender,Genere,Genre,Geschlecht,Género
productPage.glare,Glare,Abbaglio,Éblouissement,Blendung,Deslumbramiento
productPage.headband,Headband,Fascia,Bandeau,Band,Banda
productPage.hearingAttributes.adjustments,Adjustments,Regolazioni,Réglages,Einstellungen,Ajustes
productPage.hearingAttributes.biohazard,Biohazard,Rischio biologico,Risque biologique,Biologisches Risiko,Riesgo biológico
productPage.hearingAttributes.compatibility,Compatibility,Compatibilità,Compatibilité,Kompatibilität,Compatibilidad
productPage.hearingAttributes.decontamination,Decontamination,Decontaminazione,Décontamination,Dekontamination,Descontaminación
productPage.hearingAttributes.electricalInsulation,Electrical insulation,Isolamento elettrico,Isolation électrique,Elektrische Isolierung,Aislamiento eléctrico
productPage.hearingAttributes.extremeTemperature,Extreme temperature,Temperatura estrema,Température extrême,Extreme Temperatur,Temperatura extrema
productPage.hearingAttributes.flame,Flame,Fiamma,Flamme,Flamme,Llama
productPage.hearingAttributes.lowTemperature,Low-temperature,Prestazioni a bassa temperatura,Performances à basse température,Leistung bei niedrigen Temperaturen,Rendimiento a baja temperatura
productPage.hearingAttributes.mechanicalStress,Mechanical stress,Stress meccanico,Contrainte mécanique,Mechanische Belastung,Estrés mecánico
productPage.hearingAttributes.mhNoise,M/H Noise,Rumore M/H,Bruit M/H,Lärm M/H,Ruido M/H
productPage.hearingAttributes.radioFrequency,Radio frequency,Radiofrequenza,Radiofréquence,Hochfrequenz,Radiofrecuencia
productPage.hearingAttributes.specialElectrical,Special electrical,Elettrico speciale,Électrique spécial,Speziell elektrisch,Eléctrico especial
productPage.hearingAttributes.temperatureWater,Temperature + Water,Temperatura + Acqua,Température + Eau,Temperatur + Wasser,Temperatura + Agua
productPage.hearingAttributes.waterResistance,Water resistance,Resistenza all'acqua,Résistance à l'eau,Wasserbeständigkeit,Resistencia al agua
productPage.highTemperature,High temperature,Alta temperatura,Haute température,Hohe Temperatur,Alta temperatura
productPage.impact,Impact,Impatto,Impact,Stoß,Impacto
productPage.industries,Industries,Settori,Secteurs,Branchen,Sectores
productPage.ir,IR,IR,IR,IR,IR
productPage.italianDocument,Italiano,Italiano,Italiano,Italiano,Italiano
productPage.keyIndustries,Key Industries,Indicato per i settori,Indiqué pour les secteurs,Geeignet für die Bereiche,Indicado para los sectores
productPage.largeSplashes,Large Splashes,Grandi Schizzi,Grandes Éclaboussures,Große Spritzer,Grandes Salpicaduras
productPage.lateralDeformation,Lateral deformation,Deformazione laterale,Déformation latérale,Seitliche Verformung,Deformación lateral
productPage.lens,Lens,Lenti,Verres,Gläser,Lentes
productPage.lensMark,Lens mark,Lente,Verre,Glas,Lente
productPage.lensTintTypes.amber,Amber,Ambra,Ambre,Bernstein,Ámbar
productPage.lensTintTypes.blue,Blue,Blu,Bleu,Blau,Azul
productPage.lensTintTypes.brown,Brown,Marrone,Marron,Braun,Marrón
productPage.lensTintTypes.clear,Clear,Trasparente,Transparent,Transparent,Transparente
productPage.lensTintTypes.green,Green,Verde,Vert,Grün,Verde
productPage.lensTintTypes.grey,Grey,Grigio,Gris,Grau,Gris
productPage.lensTintTypes.mirror,Mirror,Specchiata,Miroir,Verspiegelt,Espejada
productPage.lensTintTypes.smoke,Smoke,Fumé,Fumé,Rauchgrau,Ahumado
productPage.lensTintTypes.transparent,Transparent,Trasparente,Transparent,Transparent,Transparente
productPage.lensTintTypes.yellow,Yellow,Giallo,Jaune,Gelb,Amarillo
productPage.lowTemperature,Low temperature,Prestazioni a bassa temperatura,Performances à basse température,Leistung bei niedrigen Temperaturen,Rendimiento a baja temperatura
productPage.lowVisibility,Low visibility,Bassa visibilità,Faible visibilité,Geringe Sichtbarkeit,Baja visibilidad
productPage.manufacturersInstruction,Manufacturers Instruction,Istruzioni del Produttore,Instructions du Fabricant,Herstelleranweisungen,Instrucciones del Fabricante
productPage.materialLabels.insole,Insole,Soletta,Semelle intérieure,Einlegesohle,Plantilla
productPage.materialLabels.lining,Lining,Fodera,Doublure,Futter,Forro
productPage.materialLabels.sole,Sole,Suola,Semelle,Sohle,Suela
productPage.materialLabels.toeCap,Toe Cap,Puntale,Embout,Zehenschutzkappe,Puntera
productPage.materialLabels.upper,Upper,Tomaia,Tige,Obermaterial,Empeine
productPage.materials,Materials,Materiali,Matériaux,Materialien,Materiales
productPage.mechanical,Mechanical,Meccanico,Mécanique,Mechanisch,Mecánico
productPage.mechanicalRisks,Mechanical Risks,Rischi Meccanici,Risques mécaniques,Mechanische Risiken,Riesgos mecánicos
productPage.metalFree,Metal-free,Senza metallo,Sans métal,Metallfrei,Sin metal
productPage.no,No,No,Non,Nein,No
productPage.noDocuments,No documents available,Nessun documento disponibile,Aucun document disponible,Kein Dokument verfügbar,Ningún documento disponible
productPage.npf,NPF,NPF,NPF,NPF,NPF
productPage.oilyGreasy,Oily / Greasy,Oleoso / Grasso,Huileux / Gras,Ölig / Fettig,Aceitoso / Graso
productPage.opticalClass,Optical class,Classe ottica,Classe optique,Optische Klasse,Clase óptica
productPage.otherDetails,Other details,Altri dettagli,Autres détails,Weitere Details,Otros detalles
productPage.padSize,Pad Size,Dimensione scovolo,Taille de l'écouvillon,Wischergröße,Tamaño de la escobilla
productPage.productDeclarations,Declaration of Conformity,Dichiarazione di Conformità,Déclaration de conformité,Konformitätserklärung,Declaración de conformidad
productPage.productDetails,Product Details,Dettagli Prodotto,Détails du Produit,Produktdetails,Detalles del Producto
productPage.productInfo.brand,Brand,Marca,Marque,Marke,Marca
productPage.productInfo.length,Length,Lunghezza,Longueur,Länge,Longitud
productPage.productInfo.rodLength,Rod length,Lunghezza asta,Longueur de branche,Bügellänge,Longitud de patilla
productPage.productInfo.size,Size,Taglia,Taille,Größe,Talla
productPage.protection,Protection,Protezione,Protection,Schutz,Protección
productPage.protectionCodes,Protection codes,Codici di protezione,Codes de protection,Schutzcodes,Códigos de protección
productPage.protectiveFilter,Protective filter,Filtro protettivo,Filtre de protection,Schutzfilter,Filtro de protección
productPage.protectiveFilters,Protective filters,Filtri protettivi,Filtres de protection,Schutzfilter,Filtros de protección
productPage.puncture,Puncture,Perforazione,Perforation,Durchstichfestigkeit,Perforación
productPage.radiantHeat,Radiant Heat,Calore Radiante,Chaleur Radiante,Strahlungswärme,Calor Radiante
productPage.radiation,Radiation,Radiazione,Radiation,Strahlung,Radiación
productPage.requestSample,Request Sample,Richiedi Campione,Demander un Échantillon,Muster Anfordern,Solicitar Muestra
productPage.respiratoryStandards.class,Class,Classe,Classe,Klasse,Clase
productPage.respiratoryStandards.gasFilters,Gas Filters,Filtri Gas,Filtres à Gaz,Gasfilter,Filtros de Gas
productPage.respiratoryStandards.gases.a,Organic gases,Gas organici,Gaz organiques,Organische Gase,Gases orgánicos
productPage.respiratoryStandards.gases.ax,Organic gas < 65°C,Gas organico < 65°C,Gaz organique < 65°C,Organisches Gas < 65°C,Gas orgánico < 65°C
productPage.respiratoryStandards.gases.b,Inorganic gases,Gas inorganici,Gaz inorganiques,Anorganische Gase,Gases inorgánicos
productPage.respiratoryStandards.gases.co,Carbon monoxide,Monossido di carbonio,Monoxyde de carbone,Kohlenmonoxid,Monóxido de carbono
productPage.respiratoryStandards.gases.e,Acid gases,Gas acidi,Gaz acides,Saure Gase,Gases ácidos
productPage.respiratoryStandards.gases.hg,Mercury,Mercurio,Mercure,Quecksilber,Mercurio
productPage.respiratoryStandards.gases.k,Ammonia,Ammoniaca,Ammoniac,Ammoniak,Amoníaco
productPage.respiratoryStandards.gases.no,Nitrous gas,Gas nitrosi,Gaz nitreux,Nitrose Gase,Gases nitrosos
productPage.respiratoryStandards.gases.p,Dust,Polvere,Poussière,Staub,Polvo
productPage.respiratoryStandards.gases.sx,Specific gas,Gas specifico,Gaz spécifique,Spezifisches Gas,Gas específico
productPage.respiratoryStandards.highDust,High dust,Alta polvere,Poussière élevée,Hohe Staubbelastung,Alto nivel de polvo
productPage.respiratoryStandards.nonReusable,Non-reusable,Non riutilizzabile,Non réutilisable,Nicht wiederverwendbar,No reutilizable
productPage.respiratoryStandards.reusable,Reusable,Riutilizzabile,Réutilisable,Wiederverwendbar,Reutilizable
productPage.safety,EN Standards,Livelli di protezione,Niveaux de protection,Schutzstufen,Niveles de protección
productPage.safetyFeatures,Safety features,Caratteristiche di sicurezza,Caractéristiques de sécurité,Sicherheitsmerkmale,Características de seguridad
productPage.safetyStandards,Protection Levels,Livelli di Protezione,Niveaux de protection,Schutzstufen,Niveles de protección
productPage.size,Size,Taglie,Tailles,Größen,Tallas
productPage.sleeveFeatures,Sleeve features,Caratteristiche manicotto,Caractéristiques du manchon,Merkmale des Armschutzes,Características del manguito
productPage.slipResistance,Slip resistance,Resistenza allo scivolamento,Résistance au glissement,Rutschfestigkeit,Resistencia al deslizamiento
productPage.smallSplashes,Small Splashes,Piccoli Schizzi,Petites Éclaboussures,Kleine Spritzer,Pequeñas Salpicaduras
productPage.snr,SNR,SNR,SNR,SNR,SNR
productPage.specifications,Specifications,Specifiche,Spécifications,Spezifikationen,Especificaciones
productPage.standards,Standards,Standard,Standard,Standard,Estándar
productPage.stdLabel.din31813,Respiratory protective devices - Gas filters,Dispositivi di protezione delle vie respiratorie - Filtri per gas,Équipements de protection respiratoire - Filtres à gaz,Atemschutzgeräte - Gasfilter,Equipos de protección respiratoria - Filtros para gases
productPage.stdLabel.en12492,Mountaineering helmets,Caschi da alpinismo,Casques d'alpinisme,Kletterhelme,Cascos de alpinismo
productPage.stdLabel.en140,Respiratory protective devices - Half masks and quarter masks,Dispositivi di protezione delle vie respiratorie - Semimaschere e quarti di maschera,Équipements de protection respiratoire - Demi-masques et quarts de masque,Atemschutzgeräte - Halbmasken und Viertelmasken,Equipos de protección respiratoria - Semimáscaras y cuartos de máscara
productPage.stdLabel.en143,Respiratory protective devices - Particle filters,Dispositivi di protezione delle vie respiratorie - Filtri per particelle,Équipements de protection respiratoire - Filtres à particules,Atemschutzgeräte - Partikelfilter,Equipos de protección respiratoria - Filtros para partículas
productPage.stdLabel.en169,Welding filters,Filtri per saldatura,Filtres pour soudage,Schweißfilter,Filtros para soldadura
productPage.stdLabel.en170,UV filters,Filtri UV,Filtres UV,UV-Filter,Filtros UV
productPage.stdLabel.en172,Sunglare filters for industrial use,Filtri antiabbagliamento per uso industriale,Filtres anti-éblouissement pour usage industriel,Blendschutzfilter für den industriellen Einsatz,Filtros antideslumbrantes para uso industrial
productPage.stdLabel.en175,Equipment for welding and allied processes,Apparecchi per saldatura e processi affini,Appareils de soudage et procédés connexes,Geräte für Schweißen und verwandte Verfahren,Equipos de soldadura y procesos afines
productPage.stdLabel.en397,Industrial safety helmets,Caschi di sicurezza industriali,Casques de sécurité industriels,Industrieschutzhelme,Cascos de seguridad industriales
productPage.stdLabel.en421,Ionising radiation and radioactive contamination,Radiazioni ionizzanti e contaminazione radioattiva,Radiations ionisantes et contamination radioactive,Ionisierende Strahlung und radioaktive Kontamination,Radiaciones ionizantes y contaminación radiactiva
productPage.stdLabel.en50365,Electrical insulation,Isolamento elettrico,Isolation électrique,Elektrische Isolierung,Aislamiento eléctrico
productPage.stdLabel.en659,Firefighters' protective footwear,Calzature di sicurezza per vigili del fuoco,Chaussures de sécurité pour pompiers,Sicherheitsschuhe für Feuerwehrleute,Calzado de seguridad para bomberos
productPage.stdLabel.en812,Bump caps,Berretti antiurto,Casquettes anti-heurt,Anstoßkappen,Gorras antigolpes
productPage.stdLabel.en_iso_21420,General requirements,Requisiti generali,Exigences générales,Allgemeine Anforderungen,Requisitos generales
productPage.stdLabel.foodGrade,Food contact safe,Idoneo al contatto alimentare,Apte au contact alimentaire,Für Lebensmittelkontakt geeignet,Apto para contacto alimentario
productPage.stdLabel.gset29,Electric arc protection (face shields),Protezione da arco elettrico (visiere),Protection contre l'arc électrique (visières),Schutz vor Lichtbogen (Visiere),Protección contra el arco eléctrico (visores)
productPage.stdLabel.ionisingRadiation,Protection against ionising radiation,Protezione contro radiazioni ionizzanti,Protection contre les radiations ionisantes,Schutz vor ionisierender Strahlung,Protección contra radiaciones ionizantes
productPage.stdLabel.radioactiveContamination,Protection against radioactive contamination,Protezione contro contaminazione radioattiva,Protection contre la contamination radioactive,Schutz vor radioaktiver Kontamination,Protección contra la contaminación radiactiva
productPage.submitEnquiry,Submit Enquiry,Invia richiesta,Envoyer la demande,Anfrage senden,Enviar solicitud
productPage.suitableFor,Suitable for,Adatto per,Adapté pour,Geeignet für,Adecuado para
productPage.sun,Sun,Sole,Soleil,Sonne,Sol
productPage.tear,Tear,Strappo,Déchirure,Weiterreißfestigkeit,Desgarro
productPage.technicalSheets,Technical Sheet,Scheda Tecnica,Fiche Technique,Technisches Datenblatt,Ficha Técnica
productPage.technicalSpecifications,Technical Specifications,Specifiche Tecniche,Spécifications Techniques,Technische Spezifikationen,Especificaciones Técnicas
productPage.temperatureRating,Temperature Rating,Resistenza al Calore,Résistance à la chaleur,Hitzebeständigkeit,Resistencia al calor
productPage.thermalRisks,Thermal Risks,Rischi Termici,Risques Thermiques,Thermische Risiken,Riesgos Térmicos
productPage.uv,UV,UV,UV,UV,UV
productPage.uvProtection,UV protection,Protezione UV,Protection UV,UV-Schutz,Protección UV
productPage.waterPermeability,Water Permeability,Permeabilità all'acqua,Perméabilité à l'eau,Wasserdurchlässigkeit,Permeabilidad al agua
productPage.weight,Weight,Peso,Poids,Gewicht,Peso
productPage.welding,Welding,Saldatura,Soudage,Schweißen,Soldadura
productPage.wetConditions,Wet Conditions,Ambiente umido,Environnement humide,Feuchte Umgebung,Ambiente húmedo
productPage.workEnvironment.biological,Biological Hazards,Rischi Biologici,Risques biologiques,Biologische Risiken,Riesgos biológicos
productPage.workEnvironment.chemical,Chemical Exposure,Esposizione Chimica,Exposition chimique,Chemische Exposition,Exposición química
productPage.workEnvironment.electrical,Electrical risk,Rischio elettrico,Risque électrique,Elektrisches Risiko,Riesgo eléctrico
productPage.workEnvironmentSuitability,Work Environment Suitability,Idoneità ambiente di lavoro,Adéquation à l'environnement de travail,Eignung für die Arbeitsumgebung,Idoneidad para el entorno de trabajo
productPage.workEnvironments,work environments,ambienti di lavoro,environnements de travail,Arbeitsumgebungen,entornos de trabajo
productPage.yes,Yes,Sì,Oui,Ja,Sí
products.applications,Applications,Applicazioni,Applications,Anwendungen,Aplicaciones
products.badge,Our Products,I Nostri Prodotti,Nos Produits,Unsere Produkte,Nuestros Productos
products.browseTitle,Browse Our Products,Sfoglia i Nostri Prodotti,Parcourir Nos Produits,Unsere Produkte durchsuchen,Explorar Nuestros Productos
products.categories.main.armProtection.badge,Arm Protection,Protezione braccia,Protection des bras,Armschutz,Protección de los brazos
products.categories.main.armProtection.description,Cut-resistant sleeves and arm protection for industrial applications,Manicotti antitaglio e protezione avambraccio per applicazioni industriali,Manchons anticoupure et protection de l'avant-bras pour applications industrielles,Schnittschutzärmel und Unterarmschutz für industrielle Anwendungen,Manguitos anticorte y protección del antebrazo para aplicaciones industriales
products.categories.main.armProtection.detailedDescription,"The arm protection range provides reliable forearm coverage for demanding industrial environments. Focusing on cut and heat resistance, our sleeves ensure safety, comfort, and a secure fit, helping operators work safely when handling sharp edges, glass, and metal parts.","La gamma per la protezione delle braccia offre affidabile copertura dell'avambraccio per ambienti industriali impegnativi. Con un focus sulla protezione da taglio e calore, i nostri manicotti garantiscono sicurezza, comfort e vestibilità aiutando gli operatori a lavorare in sicurezza nella movimentazione di spigoli taglienti, vetro e parti metalliche.","La gamme de protection des bras offre une couverture fiable de l'avant-bras pour les environnements industriels exigeants. Avec un accent sur la protection contre la coupure et la chaleur, nos manchons garantissent sécurité, confort et ajustement, aidant les opérateurs à travailler en toute sécurité lors de la manipulation d'arêtes coupantes, de verre et de pièces métalliques.","Das Sortiment für den Armschutz bietet zuverlässigen Unterarmschutz für anspruchsvolle industrielle Umgebungen. Mit Fokus auf Schnitt- und Hitzeschutz gewährleisten unsere Ärmelschoner Sicherheit, Komfort und Passform und helfen den Anwendern, beim Umgang mit scharfen Kanten, Glas und Metallteilen sicher zu arbeiten.","La gama de protección de brazos ofrece una cobertura fiable del antebrazo para entornos industriales exigentes. Con un enfoque en la protección contra cortes y calor, nuestros manguitos garantizan seguridad, comodidad y ajuste, ayudando a los operarios a trabajar de forma segura en la manipulación de bordes cortantes, vidrio y piezas metálicas."
products.categories.main.armProtection.title,Arm protection,Protezione braccia,Protection des bras,Armschutz,Protección de los brazos
products.categories.main.badge,Product Categories,Catalogo,Catalogue,Katalog,Catálogo
products.categories.main.clothing.badge,Protective Clothing,Abbigliamento protettivo,Vêtements de protection,Schutzkleidung,Ropa de protección
products.categories.main.clothing.categoriesDescription,"Choose from our specialised clothing ranges designed for visibility, multi‑risk protection and welding applications.","Scegli tra le nostre linee di abbigliamento dedicate a visibilità, protezione multirischio e saldatura.","Choisissez parmi nos lignes de vêtements dédiées à la visibilité, à la protection multirisque et au soudage.","Wählen Sie aus unseren Bekleidungslinien für Sichtbarkeit, Mehrfachrisikoschutz und Schweißen.","Elija entre nuestras líneas de ropa dedicadas a la visibilidad, la protección multirriesgo y la soldadura."
products.categories.main.clothing.description,"High‑visibility garments, safety clothing and workwear",Capi alta visibilità e abbigliamento di sicurezza e da lavoro,Vêtements haute visibilité et vêtements de sécurité et de travail,Warnschutzkleidung sowie Sicherheits- und Arbeitskleidung,Prendas de alta visibilidad y ropa de seguridad y trabajo
products.categories.main.clothing.detailedDescription,"The clothing range includes high-visibility garments as well as protective and workwear certified according to EN standards, ensuring visibility, protection, and comfort","La gamma di abbigliamento include abbigliamento ad alta visibilità e abbigliamento protettivo e da lavoro certificato secondo le norme EN, garantendo visibilità, protezione e comfort.","La gamme de vêtements comprend des vêtements haute visibilité ainsi que des vêtements de protection et de travail certifiés selon les normes EN, garantissant visibilité, protection et confort.","Das Bekleidungssortiment umfasst Warnschutzkleidung sowie nach EN-Normen zertifizierte Schutz- und Arbeitskleidung, die Sichtbarkeit, Schutz und Komfort gewährleistet.","La gama de ropa incluye prendas de alta visibilidad y ropa de protección y trabajo certificada según las normas EN, garantizando visibilidad, protección y comodidad."
products.categories.main.clothing.subcategories.highVisibility.description,EN ISO 20471 garments for high-visibility and safety,Capi EN ISO 20471 per alta visibilità e sicurezza,Vêtements EN ISO 20471 pour haute visibilité et sécurité,EN ISO 20471 Kleidung für Warnschutz und Sicherheit,Prendas EN ISO 20471 para alta visibilidad y seguridad
products.categories.main.clothing.subcategories.highVisibility.detailedDescription,,"Abbigliamento ad alta visibilità certificato EN ISO 20471 progettato per garantire visibilità affidabile in condizioni di scarsa illuminazione e in aree ad alto rischio in diverse classi adatte fino a rischi più elevati. Tessuti traspiranti e durevoli e tagli ergonomici assicurano comfort per tutta la giornata in manutenzione stradale, edilizia, logistica e servizi pubblici, con opzioni invernali e impermeabili.","Vêtements haute visibilité certifiés EN ISO 20471, conçus pour garantir une visibilité fiable dans des conditions de faible luminosité et dans des zones à haut risque, en différentes classes adaptées jusqu'aux risques les plus élevés. Des tissus respirants et durables ainsi que des coupes ergonomiques assurent un confort tout au long de la journée pour l'entretien routier, le bâtiment, la logistique et les services publics, avec des options hivernales et imperméables.","Warnschutzkleidung nach EN ISO 20471 zertifiziert, entwickelt, um zuverlässige Sichtbarkeit bei schlechten Lichtverhältnissen und in Hochrisikobereichen zu gewährleisten, in verschiedenen Klassen bis hin zu höheren Risiken. Atmungsaktive, langlebige Stoffe und ergonomische Schnitte sorgen für ganztägigen Komfort bei Straßeninstandhaltung, Bauwesen, Logistik und öffentlichen Dienstleistungen, mit Winter- und wasserdichten Optionen.","Ropa de alta visibilidad certificada EN ISO 20471, diseñada para garantizar una visibilidad fiable en condiciones de poca luz y en zonas de alto riesgo, en distintas clases adecuadas incluso para los riesgos más elevados. Los tejidos transpirables y duraderos y los cortes ergonómicos garantizan comodidad durante toda la jornada en mantenimiento vial, logística y construcción, con opciones de invierno e impermeables."
products.categories.main.clothing.subcategories.highVisibility.title,High‑visibility clothing,Abbigliamento alta visibilità,Vêtements haute visibilité,Warnschutzkleidung,Ropa de alta visibilidad
products.categories.main.clothing.subcategories.safetyWorkwear.description,Industrial workwear and safety clothing,Abbigliamento da lavoro e di sicurezza per uso industriale,Vêtements de travail et de sécurité pour usage industriel,Arbeits- und Sicherheitskleidung für den industriellen Einsatz,Ropa de trabajo y seguridad para uso industrial
products.categories.main.clothing.subcategories.safetyWorkwear.detailedDescription,,"Abbigliamento da lavoro e di sicurezza che offre protezione multirischio per operazioni in ambienti industriali dove durata e conformità non sono negoziabili. Vestibilità moderne ed ergonomiche supportano libertà di movimento e lunga durata, aiutando gli operatori a mantenere la produttività in manutenzione, produzione e attività sul campo.","Vêtements de travail et de sécurité offrant une protection multirisque pour les opérations en environnements industriels où durabilité et conformité ne sont pas négociables. Des coupes modernes et ergonomiques favorisent la liberté de mouvement et une longue durée de vie, aidant les opérateurs à maintenir leur productivité en maintenance, en production et sur le terrain.","Arbeits- und Sicherheitskleidung, die Mehrfachrisikoschutz für Einsätze in industriellen Umgebungen bietet, in denen Langlebigkeit und Konformität nicht verhandelbar sind. Moderne, ergonomische Passformen unterstützen Bewegungsfreiheit und lange Lebensdauer und helfen den Anwendern, ihre Produktivität bei Wartung, Produktion und Feldeinsätzen aufrechtzuerhalten.","Ropa de trabajo y seguridad que ofrece protección multirriesgo para operaciones en entornos industriales donde la durabilidad y el cumplimiento normativo no son negociables. Los cortes modernos y ergonómicos favorecen la libertad de movimiento y una larga vida útil, ayudando a los operarios a mantener la productividad en mantenimiento, producción y trabajo de campo."
products.categories.main.clothing.subcategories.safetyWorkwear.title,Safety clothing and Workwear,Abbigliamento di sicurezza e da lavoro,Vêtements de sécurité et de travail,Sicherheits- und Arbeitskleidung,Ropa de seguridad y de trabajo
products.categories.main.clothing.subcategories.welding.description,Heat and spatter resistant clothing for welding operations,Abbigliamento resistente a calore e spruzzi per la saldatura,Vêtements résistants à la chaleur et aux projections pour le soudage,Hitze- und spritzbeständige Kleidung für das Schweißen,Ropa resistente al calor y a las salpicaduras para soldadura
products.categories.main.clothing.subcategories.welding.detailedDescription,,"Abbigliamento per saldatura pensato per ambienti di fabbricazione impegnativi e protezione da scintille, spruzzi e calore convettivo. Giacche, grembiuli e manicotti utilizzano tessuti ignifughi e cuciture rinforzate, con design in linea con i requisiti prestazionali EN ISO 11611 ed EN ISO 11612. Il bilanciamento tra traspirabilità e copertura consente agli operatori di lavorare in sicurezza mantenendo comfort per tutta la durata del turno.","Vêtements de soudage conçus pour des environnements de fabrication exigeants et pour la protection contre les étincelles, les projections et la chaleur convective. Vestes, tabliers et manchons utilisent des tissus ignifuges et des coutures renforcées, avec une conception conforme aux exigences de performance des normes EN ISO 11611 et EN ISO 11612. L'équilibre entre respirabilité et couverture permet aux opérateurs de travailler en toute sécurité tout en conservant leur confort pendant toute la durée du poste.","Schweißerkleidung für anspruchsvolle Fertigungsumgebungen und Schutz vor Funken, Spritzern und konvektiver Hitze. Jacken, Schürzen und Ärmelschoner bestehen aus schwer entflammbaren Geweben mit verstärkten Nähten und einem Design gemäß den Leistungsanforderungen von EN ISO 11611 und EN ISO 11612. Das Gleichgewicht zwischen Atmungsaktivität und Abdeckung ermöglicht es den Anwendern, sicher zu arbeiten und während der gesamten Schicht komfortabel zu bleiben.","Ropa de soldadura pensada para entornos de fabricación exigentes y protección frente a chispas, salpicaduras y calor por convección. Chaquetas, mandiles y manguitos utilizan tejidos ignífugos y costuras reforzadas, con un diseño acorde con los requisitos de rendimiento de las normas EN ISO 11611 y EN ISO 11612. El equilibrio entre transpirabilidad y cobertura permite a los operarios trabajar con seguridad manteniendo la comodidad durante todo el turno."
products.categories.main.clothing.subcategories.welding.title,Welding clothing,Abbigliamento per saldatori,Vêtements pour soudeurs,Kleidung für Schweißer,Ropa para soldadores
products.categories.main.clothing.title,Protective Clothing,Abbigliamento protettivo e da lavoro,Vêtements de protection et de travail,Schutz- und Arbeitskleidung,Ropa de protección y de trabajo
products.categories.main.contactCard.cta,Contact Us,Contattaci,Contactez-nous,Kontaktieren Sie uns,Contáctenos
products.categories.main.contactCard.description,Get in touch with our team and we'll help you find the right safety solution for your needs.,Contatta il nostro team e ti aiuteremo a trovare la soluzione di sicurezza adatta alle tue esigenze.,Contactez notre équipe et nous vous aiderons à trouver la solution de sécurité adaptée à vos besoins.,"Kontaktieren Sie unser Team, und wir helfen Ihnen, die passende Sicherheitslösung für Ihre Anforderungen zu finden.",Contacte con nuestro equipo y le ayudaremos a encontrar la solución de seguridad adecuada a sus necesidades.
products.categories.main.contactCard.title,Can't see what you're looking for?,Non trovi quello che cerchi?,Vous ne trouvez pas ce que vous cherchez ?,"Finden Sie nicht, wonach Sie suchen?",¿No encuentra lo que busca?
products.categories.main.description,Explore our comprehensive range of industrial safety products designed to protect workers across various industries.,Esplora la nostra gamma completa di prodotti di sicurezza industriale progettati per proteggere i lavoratori da capo a piedi.,Découvrez notre gamme complète de produits de sécurité industrielle conçus pour protéger les travailleurs de la tête aux pieds.,"Entdecken Sie unser komplettes Sortiment an industriellen Sicherheitsprodukten, die Arbeiter von Kopf bis Fuß schützen.",Descubra nuestra gama completa de productos de seguridad industrial diseñados para proteger a los trabajadores de la cabeza a los pies.
products.categories.main.eyeFace.badge,Eye & Face Protection,Protezione occhi e viso,Protection des yeux et du visage,Augen- und Gesichtsschutz,Protección de los ojos y la cara
products.categories.main.eyeFace.description,Protective eyewear and visors for industrial environments,Occhiali e visiere protettive per ambienti industriali,Lunettes et visières de protection pour environnements industriels,Schutzbrillen und Gesichtsschutzschirme für industrielle Umgebungen,Gafas y pantallas faciales de protección para entornos industriales
products.categories.main.eyeFace.detailedDescription,"The eye and face protection range includes safety glasses, goggles, and visors with arc flash protection, designed according to EN standards. They offer maximum clarity and comfort with anti-fog and anti-scratch coatings, UV filters, and options for IR protection.","La gamma per la protezione di occhi e viso include occhiali di sicurezza, occhiali a mascherina e visiere con protezione da arco elettrico, progettati secondo le norme EN. Massima chiarezza e comfort con trattamenti antiappannanti e antigraffio, filtri UV e opzioni per protezione IR.","La gamme de protection des yeux et du visage comprend des lunettes de sécurité, des lunettes-masques et des visières avec protection contre l'arc électrique, conçues selon les normes EN. Une clarté et un confort maximum grâce à des traitements anti-buée et anti-rayures, des filtres UV et des options de protection IR.","Das Sortiment für Augen- und Gesichtsschutz umfasst Schutzbrillen, Korbbrillen und Visiere mit Lichtbogenschutz, entwickelt nach EN-Normen. Maximale Klarheit und Komfort dank Anti-Beschlag- und Anti-Kratz-Beschichtungen, UV-Filtern und IR-Schutzoptionen.","La gama de protección de los ojos y la cara incluye gafas de seguridad, gafas panorámicas y visores con protección contra el arco eléctrico, diseñados según las normas EN. Máxima claridad y comodidad con tratamientos antivaho y antirrayaduras, filtros UV y opciones de protección IR."
products.categories.main.eyeFace.title,Eye & Face Protection,Protezione occhi e viso,Protection des yeux et du visage,Augen- und Gesichtsschutz,Protección de los ojos y la cara
products.categories.main.footwear.badge,Safety Footwear,Calzature di sicurezza,Chaussures de sécurité,Sicherheitsschuhe,Calzado de seguridad
products.categories.main.footwear.description,Feet protection from safety hazards and slip,Protezione dei piedi da rischi industriali,Protection des pieds contre les risques industriels,Fußschutz vor industriellen Gefahren,Protección de los pies frente a riesgos industriales
products.categories.main.footwear.detailedDescription,"The safety footwear range includes shoes, sneakers, and boots designed for various risks in accordance with EN ISO 20345, offering both comfort and protection in demanding environments.","La gamma di calzature di sicurezza include scarpe, sneakers e stivali progettati per diversi rischi secondo la norma EN ISO 20345 e pensati per offrire comfort e protezione in ambienti impegnativi.","La gamme de chaussures de sécurité comprend des chaussures, des baskets et des bottes conçues pour différents risques selon la norme EN ISO 20345, pensées pour offrir confort et protection dans des environnements exigeants.","Das Sortiment an Sicherheitsschuhen umfasst Schuhe, Sneaker und Stiefel, die gemäß EN ISO 20345 für unterschiedliche Risiken entwickelt wurden und Komfort und Schutz in anspruchsvollen Umgebungen bieten.","La gama de calzado de seguridad incluye zapatos, zapatillas y botas diseñados para distintos riesgos según la norma EN ISO 20345, pensados para ofrecer comodidad y protección en entornos exigentes."
products.categories.main.footwear.title,Safety Footwear,Calzature di sicurezza,Chaussures de sécurité,Sicherheitsschuhe,Calzado de seguridad
products.categories.main.gloves.badge,Safety Gloves,Guanti di Sicurezza,Gants de sécurité,Sicherheitshandschuhe,Guantes de seguridad
products.categories.main.gloves.categoriesDescription,Choose from our specialised range of safety gloves designed for specific industrial applications.,Scegli dalla nostra gamma specializzata di guanti di sicurezza progettati per specifiche applicazioni industriali.,Choisissez parmi notre gamme spécialisée de gants de sécurité conçus pour des applications industrielles spécifiques.,"Wählen Sie aus unserem spezialisierten Sortiment an Sicherheitshandschuhen, die für spezifische industrielle Anwendungen entwickelt wurden.",Elija entre nuestra gama especializada de guantes de seguridad diseñados para aplicaciones industriales específicas.
products.categories.main.gloves.description,High-performance protective gloves for all industrial applications,Guanti protettivi ad alte prestazioni per tutte le applicazioni industriali,Gants de protection haute performance pour toutes les applications industrielles,Hochleistungs-Schutzhandschuhe für alle industriellen Anwendungen,Guantes de protección de alto rendimiento para todas las aplicaciones industriales
products.categories.main.gloves.detailedDescription,"Our comprehensive range of safety gloves provides superior protection across all industrial applications. From extreme heat resistance to advanced cut protection, our gloves are designed with precision engineering and tested to exceed industry standards. Each category is specifically tailored to meet the unique challenges of different work environments while maintaining comfort and dexterity.","La nostra gamma completa di guanti di sicurezza offre una protezione superiore in tutte le applicazioni industriali. Dalla resistenza al calore estremo alla protezione avanzata contro i tagli e i rischi meccanici, i nostri guanti sono progettati con ingegneria di precisione e testati per superare gli standard del settore. Ogni categoria è specificamente adattata per affrontare le sfide uniche di diversi ambienti di lavoro mantenendo comfort e destrezza.","Notre gamme complète de gants de sécurité offre une protection supérieure dans toutes les applications industrielles. De la résistance à la chaleur extrême à la protection avancée contre la coupure et les risques mécaniques, nos gants sont conçus avec une ingénierie de précision et testés pour dépasser les normes du secteur. Chaque catégorie est spécifiquement adaptée pour relever les défis uniques des différents environnements de travail tout en préservant confort et dextérité.","Unser komplettes Sortiment an Sicherheitshandschuhen bietet überlegenen Schutz für alle industriellen Anwendungen. Von der Beständigkeit gegen extreme Hitze bis zum fortschrittlichen Schutz vor Schnitten und mechanischen Risiken werden unsere Handschuhe mit Präzisionstechnik entwickelt und getestet, um die Branchenstandards zu übertreffen. Jede Kategorie ist speziell auf die besonderen Herausforderungen unterschiedlicher Arbeitsumgebungen zugeschnitten und bietet dabei Komfort und Fingerfertigkeit.","Nuestra gama completa de guantes de seguridad ofrece una protección superior en todas las aplicaciones industriales. Desde la resistencia al calor extremo hasta la protección avanzada contra cortes y riesgos mecánicos, nuestros guantes están diseñados con ingeniería de precisión y probados para superar los estándares del sector. Cada categoría está específicamente adaptada para afrontar los desafíos únicos de los distintos entornos de trabajo, manteniendo comodidad y destreza."
products.categories.main.gloves.subcategories.cut.description,Protection against cuts and lacerations and handling of sharp objects,Protezione in ambienti ad elevato rischio di tagli e lacerazioni e per operazioni con materiali taglienti,Protection dans les environnements à haut risque de coupures et de lacérations et pour les opérations avec des matériaux tranchants,Schutz in Umgebungen mit hohem Schnitt- und Verletzungsrisiko sowie bei Arbeiten mit scharfen Materialien,Protección en entornos de alto riesgo de cortes y laceraciones y para operaciones con materiales cortantes
products.categories.main.gloves.subcategories.cut.title,Cut-Resistant Gloves,Guanti Antitaglio,Gants anticoupure,Schnittschutzhandschuhe,Guantes anticorte
products.categories.main.gloves.subcategories.general.description,Versatile protection for everyday industrial tasks and construction work,"Protezione versatile per attività industriali quotidiane, imballaggio ed edilizia","Protection polyvalente pour les activités industrielles quotidiennes, l'emballage et le bâtiment","Vielseitiger Schutz für tägliche Industrietätigkeiten, Verpackung und Bauwesen","Protección versátil para actividades industriales cotidianas, embalaje y construcción"
products.categories.main.gloves.subcategories.general.title,General Use Gloves,Guanti per Uso Generale,Gants à usage général,Universalhandschuhe,Guantes de uso general
products.categories.main.gloves.subcategories.heat.description,Protection for high-temperature environments and applications,Protezione termica avanzata per ambienti ad alta temperatura fino a 1000°C,Protection thermique avancée pour les environnements à haute température jusqu'à 1000°C,Fortschrittlicher Hitzeschutz für Hochtemperaturumgebungen bis 1000°C,Protección térmica avanzada para entornos de alta temperatura de hasta 1000°C
products.categories.main.gloves.subcategories.heat.title,Heat-Resistant Gloves,Guanti Anticalore,Gants anti-chaleur,Hitzeschutzhandschuhe,Guantes resistentes al calor
products.categories.main.gloves.subcategories.mechanical.description,Superior protection against mechanical risks and general workplace hazards,Protezione superiore contro rischi meccanici e pericoli industriali,Protection supérieure contre les risques mécaniques et les dangers industriels,Überlegener Schutz vor mechanischen Risiken und industriellen Gefahren,Protección superior frente a riesgos mecánicos y peligros industriales
products.categories.main.gloves.subcategories.mechanical.title,Mechanical Hazards Gloves,Guanti per Rischi Meccanici,Gants contre les risques mécaniques,Handschuhe gegen mechanische Risiken,Guantes contra riesgos mecánicos
products.categories.main.gloves.subcategories.welding.description,Specialised protection for welding and high-heat metalworking tasks,Protezione specializzata per saldatura e lavorazioni metalliche intense,Protection spécialisée pour le soudage et les travaux intensifs de métallurgie,Spezialisierter Schutz für Schweißen und intensive Metallbearbeitung,Protección especializada para soldadura y trabajos intensivos de metalurgia
products.categories.main.gloves.subcategories.welding.title,Welding Gloves,Guanti per Saldatori,Gants de soudage,Schweißerhandschuhe,Guantes de soldadura
products.categories.main.gloves.title,Safety Gloves,Guanti di Sicurezza,Gants de sécurité,Sicherheitshandschuhe,Guantes de seguridad
products.categories.main.head.badge,Head Protection,Protezione della testa,Protection de la tête,Kopfschutz,Protección de la cabeza
products.categories.main.head.description,Safety helmets and bump caps for industrial environments,Caschi di sicurezza e berretti antiurto per ambienti industriali,Casques de sécurité et casquettes anti-heurt pour environnements industriels,Schutzhelme und Anstoßkappen für industrielle Umgebungen,Cascos de seguridad y gorras antigolpes para entornos industriales
products.categories.main.head.detailedDescription,The head protection range includes safety helmets and bump caps designed according to EN standards and compatible with complete safety systems for eye and hearing protection.,La gamma per la protezione della testa include caschi di sicurezza e berretti antiurto progettati secondo le norme EN e compatibili con sistemi di sicurezza completi per la protezione di occhi e udito.,La gamme de protection de la tête comprend des casques de sécurité et des casquettes anti-heurt conçus selon les normes EN et compatibles avec des systèmes de sécurité complets pour la protection des yeux et de l'ouïe.,"Das Sortiment für den Kopfschutz umfasst Schutzhelme und Anstoßkappen, die nach EN-Normen entwickelt wurden und mit vollständigen Sicherheitssystemen für Augen- und Gehörschutz kompatibel sind.",La gama de protección de la cabeza incluye cascos de seguridad y gorras antigolpes diseñados según las normas EN y compatibles con sistemas de seguridad completos para la protección de los ojos y el oído.
products.categories.main.head.title,Head Protection,Protezione della testa,Protection de la tête,Kopfschutz,Protección de la cabeza
products.categories.main.hearing.badge,Hearing Protection,Protezione uditiva,Protection auditive,Gehörschutz,Protección auditiva
products.categories.main.hearing.description,Hearing protection devices for noisy industrial environments,Dispositivi per la protezione dell'udito da ambienti rumorosi,Dispositifs de protection auditive contre les environnements bruyants,Gehörschutzgeräte für laute Umgebungen,Dispositivos de protección auditiva frente a entornos ruidosos
products.categories.main.hearing.detailedDescription,"The hearing protection range includes disposable earplugs and earmuffs, either helmet-mounted or standalone. These solutions are designed to reduce exposure to harmful noise levels while maintaining comfort even during prolonged use. Ideal for manufacturing, construction, aviation, and heavy industry.","La gamma per la protezione uditiva include tappi auricolari monouso e cuffie antirumore montate su elmetto o indipendenti. Soluzioni studiate per ridurre l'esposizione a livelli sonori dannosi mantenendo comfort anche per utilizzi prolungati. Ideali per manifattura, edilizia, aviazione e industria pesante.","La gamme de protection auditive comprend des bouchons d'oreille jetables et des casques antibruit montés sur casque ou indépendants. Des solutions étudiées pour réduire l'exposition à des niveaux sonores nocifs tout en maintenant le confort, même lors d'une utilisation prolongée. Idéales pour la fabrication, le bâtiment, l'aviation et l'industrie lourde.","Das Sortiment für den Gehörschutz umfasst Einweg-Gehörschutzstöpsel sowie helmmontierte oder eigenständige Kapselgehörschützer. Lösungen, die entwickelt wurden, um die Exposition gegenüber schädlichen Schallpegeln zu verringern und dabei auch bei längerem Gebrauch Komfort zu bieten. Ideal für die Fertigung, das Bauwesen, die Luftfahrt und die Schwerindustrie.","La gama de protección auditiva incluye tapones desechables y orejeras antirruido montadas en casco o independientes. Soluciones diseñadas para reducir la exposición a niveles sonoros nocivos manteniendo la comodidad incluso en usos prolongados. Ideales para la industria manufacturera, la construcción, la aviación y la industria pesada."
products.categories.main.hearing.title,Hearing Protection,Protezione uditiva,Protection auditive,Gehörschutz,Protección auditiva
products.categories.main.industrialSwabs.badge,Industrial Swabs,Scovoli Industriali,Écouvillons industriels,Industriewischer,Escobillas industriales
products.categories.main.industrialSwabs.description,Specialised solutions for industrial mold lubrication and maintenance ,Soluzioni specializzate per la lubrificazione e manutenzione di stampi industriali,Solutions spécialisées pour la lubrification et l'entretien des moules industriels,Spezialisierte Lösungen für die Schmierung und Wartung von Industrieformen,Soluciones especializadas para la lubricación y el mantenimiento de moldes industriales
products.categories.main.industrialSwabs.detailedDescription,"Our industrial swabs provide lubrication and maintenance solutions for demanding industrial environments. Designed for precision tasks involving hot molds, our brushes can be custom-made for specific and high-accuracy operations.","I nostri scovoli industriali forniscono soluzioni lubrificazione e manutenzione per ambienti industriali impegnativi. Progettati per attività di precisione in presenza di stampi caldi, i nostri scovoli possono essere prodotti su misura per operazioni di precisione.","Nos écouvillons industriels fournissent des solutions de lubrification et d'entretien pour des environnements industriels exigeants. Conçus pour des activités de précision en présence de moules chauds, nos écouvillons peuvent être fabriqués sur mesure pour des opérations de précision.",Unsere Industriebürsten bieten Schmier- und Wartungslösungen für anspruchsvolle industrielle Umgebungen. Sie sind für Präzisionsarbeiten an heißen Formen konzipiert und können für Präzisionsvorgänge maßgeschneidert hergestellt werden.,"Nuestros escobillones industriales proporcionan soluciones de lubricación y mantenimiento para entornos industriales exigentes. Diseñados para actividades de precisión en presencia de moldes calientes, nuestros escobillones pueden fabricarse a medida para operaciones de precisión."
products.categories.main.industrialSwabs.title,Industrial Swabs,Scovoli Industriali,Écouvillons industriels,Industriewischer,Escobillas industriales
products.categories.main.respiratory.badge,Respiratory Protection,Protezione vie respiratorie,Protection des voies respiratoires,Atemschutz,Protección de las vías respiratorias
products.categories.main.respiratory.description,Respiratory protection equipment against multiple contaminants,Dispositivi di protezione delle vie respiratorie da diversi agenti contaminanti,Équipements de protection respiratoire contre différents agents contaminants,Atemschutzgeräte gegen verschiedene Schadstoffe,Equipos de protección respiratoria frente a distintos agentes contaminantes
products.categories.main.respiratory.detailedDescription,"Respiratory protection equipment provide advanced defense against airborne contaminants in industrial environments. From dust masks to full-face respirators, we offer products designed to meet the highest safety standards while ensuring comfort during prolonged use.","I dispositivi per la protezione delle vie respiratorie forniscono una protezione avanzata contro i contaminanti aerodispersi in ambienti industriali. Dalle maschere antipolvere ai respiratori facciali completi, offriamo prodotti progettati per soddisfare i più alti standard di sicurezza garantendo comfort durante l'uso prolungato.","Les équipements de protection respiratoire offrent une protection avancée contre les contaminants en suspension dans l'air dans les environnements industriels. Des masques anti-poussière aux masques faciaux complets, nous proposons des produits conçus pour répondre aux normes de sécurité les plus élevées tout en garantissant le confort lors d'une utilisation prolongée.","Atemschutzgeräte bieten fortschrittlichen Schutz vor luftgetragenen Schadstoffen in industriellen Umgebungen. Von Staubmasken bis zu Vollgesichts-Atemschutzmasken bieten wir Produkte, die höchste Sicherheitsstandards erfüllen und gleichzeitig Komfort bei längerem Gebrauch gewährleisten.","Los equipos de protección respiratoria proporcionan una protección avanzada frente a los contaminantes transportados por el aire en entornos industriales. Desde mascarillas antipolvo hasta máscaras faciales completas, ofrecemos productos diseñados para cumplir los más altos estándares de seguridad garantizando comodidad durante el uso prolongado."
products.categories.main.respiratory.title,Respiratory Protection,Protezione vie respiratorie,Protection des voies respiratoires,Atemschutz,Protección de las vías respiratorias
products.categories.main.title,Product Categories,Categorie Prodotti,Catégories de produits,Produktkategorien,Categorías de productos
products.categories.pages.clothing.highVisibility.detailedDescription,"High-visibility clothing certified to EN ISO 20471, designed to provide reliable visibility in low-light conditions and high-risk areas across different classes, suitable for even the highest-risk situations. Breathable, durable fabrics and ergonomic cuts ensure all-day comfort in road maintenance, construction, logistics, and public services, with winter and waterproof options available.","Il nostro abbigliamento ad alta visibilità è certificato EN ISO 20471 e progettato per garantire visibilità affidabile in condizioni di scarsa illuminazione e in aree ad alto rischio. I capi sono disponibili nelle Classi 1–3 e combinano tessuti ad alto contrasto con nastri retroriflettenti di qualità che massimizzano la visibilità a distanza e in movimento. Tessuti traspiranti e durevoli e tagli ergonomici assicurano comfort per tutta la giornata in manutenzione stradale, utilities, logistica ed edilizia, con opzioni invernali e gusci impermeabili per le diverse stagioni.","Nos vêtements haute visibilité sont certifiés EN ISO 20471 et conçus pour garantir une visibilité fiable dans des conditions de faible luminosité et dans les zones à haut risque. Les vêtements sont disponibles dans les Classes 1 à 3 et associent des tissus à fort contraste à des bandes rétroréfléchissantes de qualité qui maximisent la visibilité à distance et en mouvement. Des tissus respirants et durables ainsi que des coupes ergonomiques garantissent un confort tout au long de la journée pour l'entretien routier, les services publics, la logistique et le bâtiment, avec des options hivernales et des coques imperméables pour les différentes saisons.","Unsere Warnschutzkleidung ist nach EN ISO 20471 zertifiziert und wurde entwickelt, um zuverlässige Sichtbarkeit bei schlechten Lichtverhältnissen und in Hochrisikobereichen zu gewährleisten. Die Kleidungsstücke sind in den Klassen 1–3 erhältlich und kombinieren kontrastreiche Stoffe mit hochwertigen retroreflektierenden Bändern, die die Sichtbarkeit aus der Ferne und in Bewegung maximieren. Atmungsaktive, langlebige Stoffe und ergonomische Schnitte sorgen für ganztägigen Komfort bei Straßeninstandhaltung, Versorgungsbetrieben, Logistik und Bauwesen, mit Winter- und wasserdichten Außenschichten für die verschiedenen Jahreszeiten.","Nuestra ropa de alta visibilidad está certificada según EN ISO 20471 y diseñada para garantizar una visibilidad fiable en condiciones de poca luz y en zonas de alto riesgo. Las prendas están disponibles en las Clases 1 a 3 y combinan tejidos de alto contraste con cintas retrorreflectantes de calidad que maximizan la visibilidad a distancia y en movimiento. Los tejidos transpirables y duraderos y los cortes ergonómicos garantizan comodidad durante toda la jornada en mantenimiento vial, servicios públicos, logística y construcción, con opciones de invierno y capas exteriores impermeables para las distintas estaciones."
products.categories.pages.clothing.safetyWorkwear.detailedDescription,"Work and safety clothing that provides multi-risk protection for operations in industrial environments where durability and compliance are non-negotiable. Modern, ergonomic fits support freedom of movement and long-lasting performance, helping operators maintain productivity in maintenance, production, and field activities","La nostra linea di abbigliamento da lavoro di sicurezza offre protezione multirischio per operazioni industriali dove durata e conformità non sono negoziabili. Alcuni modelli garantiscono prestazioni contro calore e fiamma secondo EN ISO 11612, proprietà antistatiche secondo EN 1149‑5 e protezione opzionale contro l’arco elettrico secondo IEC 61482‑2, abbinate a tessuti robusti, cuciture rinforzate e sistemi di tasche funzionali. Vestibilità moderne ed ergonomiche supportano libertà di movimento e lunga durata, aiutando i team a mantenere la produttività in manutenzione, produzione e attività sul campo.","Notre gamme de vêtements de travail de sécurité offre une protection multirisque pour les opérations industrielles où durabilité et conformité ne sont pas négociables. Certains modèles garantissent des performances contre la chaleur et la flamme selon EN ISO 11612, des propriétés antistatiques selon EN 1149‑5 et une protection optionnelle contre l’arc électrique selon IEC 61482‑2, associées à des tissus robustes, des coutures renforcées et des systèmes de poches fonctionnels. Des coupes modernes et ergonomiques favorisent la liberté de mouvement et une longue durée de vie, aidant les équipes à maintenir leur productivité en maintenance, en production et lors d’activités sur le terrain.","Unsere Linie an Sicherheits-Arbeitsbekleidung bietet Multirisiko-Schutz für industrielle Einsätze, bei denen Haltbarkeit und Konformität nicht verhandelbar sind. Einige Modelle bieten Leistung gegen Hitze und Flamme gemäß EN ISO 11612, antistatische Eigenschaften gemäß EN 1149‑5 sowie optionalen Schutz gegen elektrische Lichtbögen gemäß IEC 61482‑2, kombiniert mit robusten Stoffen, verstärkten Nähten und funktionalen Taschensystemen. Moderne, ergonomische Passformen unterstützen die Bewegungsfreiheit und eine lange Lebensdauer und helfen den Teams, die Produktivität bei Wartung, Produktion und Feldeinsätzen aufrechtzuerhalten.","Nuestra línea de ropa de trabajo de seguridad ofrece protección multirriesgo para operaciones industriales donde la durabilidad y el cumplimiento normativo no son negociables. Algunos modelos garantizan prestaciones frente al calor y la llama según la norma EN ISO 11612, propiedades antiestáticas según EN 1149‑5 y protección opcional contra el arco eléctrico según IEC 61482‑2, combinadas con tejidos robustos, costuras reforzadas y sistemas de bolsillos funcionales. Los cortes modernos y ergonómicos favorecen la libertad de movimiento y una larga duración, ayudando a los equipos a mantener la productividad en mantenimiento, producción y actividades de campo."
products.categories.pages.clothing.welding.detailedDescription,"Welding clothing designed for demanding manufacturing environments, providing protection against sparks, spatter, and convective heat. Jackets, aprons, and sleeves use flame-resistant fabrics and reinforced stitching, with designs compliant with EN ISO 11611 and EN ISO 11612 performance requirements. The balance between breathability and coverage allows operators to work safely while maintaining comfort throughout the entire shift.","Il nostro abbigliamento per saldatura è pensato per ambienti di fabbricazione impegnativi e protegge il corpo da scintille, spruzzi e calore convettivo. Giacche, grembiuli e manicotti utilizzano tessuti ignifughi e cuciture rinforzate, con design in linea con i requisiti prestazionali EN ISO 11611 ed EN ISO 11612. Il bilanciamento tra traspirabilità e copertura consente agli operatori di lavorare in sicurezza ed efficienza durante attività di saldatura gravose e molatura, mantenendo comfort per tutta la durata del turno.","Nos vêtements de soudage sont conçus pour des environnements de fabrication exigeants et protègent le corps contre les étincelles, les projections et la chaleur convective. Vestes, tabliers et manchons utilisent des tissus ignifuges et des coutures renforcées, avec une conception conforme aux exigences de performance des normes EN ISO 11611 et EN ISO 11612. L'équilibre entre respirabilité et couverture permet aux opérateurs de travailler en sécurité et efficacement lors d'opérations de soudage intensives et de meulage, tout en conservant leur confort pendant toute la durée du poste.","Unsere Schweißerkleidung ist für anspruchsvolle Fertigungsumgebungen konzipiert und schützt den Körper vor Funken, Spritzern und konvektiver Hitze. Jacken, Schürzen und Ärmelschoner bestehen aus schwer entflammbaren Geweben mit verstärkten Nähten und einem Design gemäß den Leistungsanforderungen von EN ISO 11611 und EN ISO 11612. Das Gleichgewicht zwischen Atmungsaktivität und Abdeckung ermöglicht es den Anwendern, bei intensiven Schweiß- und Schleifarbeiten sicher und effizient zu arbeiten und dabei während der gesamten Schicht komfortabel zu bleiben.","Nuestra ropa de soldadura está pensada para entornos de fabricación exigentes y protege el cuerpo frente a chispas, salpicaduras y calor por convección. Chaquetas, mandiles y manguitos utilizan tejidos ignífugos y costuras reforzadas, con un diseño acorde con los requisitos de rendimiento de las normas EN ISO 11611 y EN ISO 11612. El equilibrio entre transpirabilidad y cobertura permite a los operarios trabajar con seguridad y eficacia durante tareas intensas de soldadura y esmerilado, manteniendo la comodidad durante todo el turno."
products.categories.pages.cut.badge,Cut Protection,Protezione dal Taglio,Protection contre la coupure,Schnittschutz,Protección contra el corte
products.categories.pages.cut.description,Browse our complete range of cut-resistant gloves designed for maximum protection against sharp objects.,Sfoglia la nostra gamma completa di guanti antitaglio progettati per la massima protezione contro i rischi da taglio.,Parcourez notre gamme complète de gants anticoupure conçus pour une protection maximale contre les risques de coupure.,Durchstöbern Sie unser komplettes Sortiment an Schnittschutzhandschuhen für maximalen Schutz vor Schnittrisiken.,Explore nuestra gama completa de guantes anticorte diseñados para la máxima protección frente a los riesgos de corte.
products.categories.pages.cut.detailedDescription,"Our cut-resistant gloves provide superior protection against cuts and lacerations whilst maintaining exceptional dexterity and comfort. Engineered with advanced materials and tested to achieve very high cut resistance, these gloves are essential for workers handling sharp materials, glass, metal fabrication, and precision assembly operations.","I nostri guanti antitaglio forniscono una protezione superiore contro tagli e lacerazioni mantenendo una destrezza e un comfort eccezionali. Progettati con materiali avanzati e testati per raggiungere elevatissima resistenza al taglio, questi guanti sono essenziali per i lavoratori che maneggiano materiali taglienti, vetro, metalli e per operazioni di assemblaggio di precisione.","Nos gants anticoupure offrent une protection supérieure contre les coupures et les lacérations tout en conservant une dextérité et un confort exceptionnels. Conçus avec des matériaux avancés et testés pour atteindre une résistance à la coupure très élevée, ces gants sont essentiels pour les travailleurs manipulant des matériaux tranchants, du verre, des métaux, ainsi que pour les opérations d'assemblage de précision.","Unsere Schnittschutzhandschuhe bieten überlegenen Schutz vor Schnitten und Rissen bei außergewöhnlicher Fingerfertigkeit und Komfort. Sie werden aus fortschrittlichen Materialien entwickelt und getestet, um eine sehr hohe Schnittfestigkeit zu erreichen, und sind unverzichtbar für Arbeiter, die mit scharfen Materialien, Glas und Metallen umgehen, sowie für präzise Montagearbeiten.","Nuestros guantes anticorte ofrecen una protección superior frente a cortes y desgarros manteniendo una destreza y comodidad excepcionales. Diseñados con materiales avanzados y probados para alcanzar una altísima resistencia al corte, estos guantes son esenciales para los trabajadores que manipulan materiales cortantes, vidrio, metales y para operaciones de montaje de precisión."
products.categories.pages.cut.title,Cut-Resistant Products,Prodotti Antitaglio,Produits Anticoupure,Schnittschutzprodukte,Productos Anticorte
products.categories.pages.general.badge,General Purpose,Uso Generale,Usage général,Allgemeiner Einsatz,Uso general
products.categories.pages.general.description,Browse our complete range of general purpose gloves designed for everyday industrial tasks.,Sfoglia la nostra gamma completa di guanti uso generale progettati per attività industriali quotidiane.,Parcourez notre gamme complète de gants à usage général conçus pour les activités industrielles quotidiennes.,Durchstöbern Sie unser komplettes Sortiment an Universalhandschuhen für tägliche Industrietätigkeiten.,Explore nuestra gama completa de guantes de uso general diseñados para actividades industriales cotidianas.
products.categories.pages.general.detailedDescription,"Our general purpose gloves provide reliable protection for everyday industrial tasks and construction work. Designed for versatility and comfort, these gloves offer excellent grip, durability, and protection for a wide range of applications including assembly work, material handling, maintenance tasks, and general construction activities.","I nostri guanti per uso generale forniscono affidabile protezione per attività industriali quotidiane e lavori di costruzione. Progettati per versatilità e comfort, questi guanti offrono eccellente presa, durata e protezione per un'ampia gamma di applicazioni inclusi lavori di assemblaggio, movimentazione materiali, attività di manutenzione e attività generali di costruzione.","Nos gants à usage général offrent une protection fiable pour les activités industrielles quotidiennes et les travaux de construction. Conçus pour la polyvalence et le confort, ces gants offrent une excellente adhérence, durabilité et protection pour un large éventail d'applications, y compris les travaux d'assemblage, la manutention de matériaux, les activités de maintenance et les travaux généraux de construction.","Unsere Universalhandschuhe bieten zuverlässigen Schutz für tägliche Industriearbeiten und Bautätigkeiten. Diese Handschuhe wurden auf Vielseitigkeit und Komfort ausgelegt und bieten hervorragenden Grip, Haltbarkeit und Schutz für ein breites Anwendungsspektrum, einschließlich Montagearbeiten, Materialhandhabung, Wartungstätigkeiten und allgemeine Bauarbeiten.","Nuestros guantes de uso general ofrecen una protección fiable para las actividades industriales cotidianas y los trabajos de construcción. Diseñados para la versatilidad y la comodidad, estos guantes ofrecen un excelente agarre, durabilidad y protección para una amplia gama de aplicaciones, incluidos los trabajos de montaje, la manipulación de materiales, las tareas de mantenimiento y los trabajos generales de construcción."
products.categories.pages.general.title,General Purpose Products,Prodotti per Uso Generale,Produits à usage général,Produkte für den allgemeinen Gebrauch,Productos de uso general
products.categories.pages.heat.badge,Heat Protection,Protezione da rischi termici,Protection contre les risques thermiques,Schutz vor thermischen Gefahren,Protección frente a riesgos térmicos
products.categories.pages.heat.description,Browse our complete range of heat-resistant gloves designed for extreme temperature protection.,Sfoglia la nostra gamma completa di guanti anticalore progettati per la protezione da temperature estreme.,Parcourez notre gamme complète de gants anti-chaleur conçus pour la protection contre les températures extrêmes.,"Durchstöbern Sie unser komplettes Sortiment an Hitzeschutzhandschuhen, die für den Schutz vor extremen Temperaturen entwickelt wurden.",Explore nuestra gama completa de guantes resistentes al calor diseñados para la protección frente a temperaturas extremas.
products.categories.pages.heat.detailedDescription,"Our heat-resistant gloves provide exceptional thermal protection for workers in high-temperature environments. Engineered with advanced materials and tested to withstand temperatures up to 1000°C, these gloves offer superior protection without compromising dexterity. Perfect for glass manufacturing, metalworking, welding, and other high-heat industrial applications.","I nostri guanti anticalore forniscono una protezione termica eccezionale per i lavoratori in ambienti ad alta temperatura. Progettati con materiali avanzati e testati per resistere a temperature fino a oltre 1,000°C, i nostri guanti offrono una protezione superiore senza compromettere la destrezza. Perfetti per la produzione del vetro, la lavorazione dei metalli, la saldatura e altre applicazioni industriali ad alto calore.","Nos gants anti-chaleur offrent une protection thermique exceptionnelle aux travailleurs évoluant dans des environnements à haute température. Conçus avec des matériaux avancés et testés pour résister à des températures dépassant 1 000 °C, nos gants offrent une protection supérieure sans compromettre la dextérité. Parfaits pour la production du verre, le travail des métaux, le soudage et d'autres applications industrielles à forte chaleur.","Unsere Hitzeschutzhandschuhe bieten außergewöhnlichen Wärmeschutz für Beschäftigte in Umgebungen mit hohen Temperaturen. Sie wurden aus fortschrittlichen Materialien entwickelt und getestet, um Temperaturen von über 1.000 °C standzuhalten, und bieten überlegenen Schutz, ohne die Fingerfertigkeit zu beeinträchtigen. Perfekt für die Glasherstellung, die Metallbearbeitung, das Schweißen und andere industrielle Anwendungen mit hoher Hitzeeinwirkung.","Nuestros guantes resistentes al calor proporcionan una protección térmica excepcional a los trabajadores en entornos de alta temperatura. Diseñados con materiales avanzados y probados para resistir temperaturas de más de 1.000 °C, nuestros guantes ofrecen una protección superior sin comprometer la destreza. Perfectos para la producción de vidrio, el trabajo de metales, la soldadura y otras aplicaciones industriales de alto calor."
products.categories.pages.heat.title,Heat-Resistant Products,Prodotti Anticalore,Produits anti-chaleur,Hitzeschutzprodukte,Productos resistentes al calor
products.categories.pages.industrialSwabs.badge,Precision Operations,Operazioni di Precisione,Opérations de précision,Präzisionsarbeiten,Operaciones de precisión
products.categories.pages.industrialSwabs.description,Browse our complete range of industrial swabs designed for precision cleaning tasks.,Sfoglia la nostra gamma completa di scovoli industriali progettati per attività di pulizia di precisione.,Parcourez notre gamme complète de goupillons industriels conçus pour les activités de nettoyage de précision.,"Durchstöbern Sie unser komplettes Sortiment an Industrie-Reinigungsbürsten, die für präzise Reinigungsarbeiten entwickelt wurden.",Explore nuestra gama completa de escobillas industriales diseñadas para tareas de limpieza de precisión.
products.categories.pages.industrialSwabs.detailedDescription,Explore our range of specialised cleaning solutions designed for industrial applications.,Esplora la nostra gamma di soluzioni di pulizia specializzate progettate per applicazioni industriali.,Découvrez notre gamme de solutions de nettoyage spécialisées conçues pour les applications industrielles.,"Entdecken Sie unser Sortiment an spezialisierten Reinigungslösungen, die für industrielle Anwendungen entwickelt wurden.",Descubra nuestra gama de soluciones de limpieza especializadas diseñadas para aplicaciones industriales.
products.categories.pages.industrialSwabs.title,Industrial Swab Products,Prodotti Scovoli Industriali,Goupillons industriels,Industrie-Reinigungsbürsten,Escobillas industriales
products.categories.pages.mechanical.badge,Mechanical Protection,Protezione dai rischi meccanici,Protection contre les risques mécaniques,Schutz vor mechanischen Gefahren,Protección frente a riesgos mecánicos
products.categories.pages.mechanical.description,Browse our complete range of mechanical hazards gloves designed for superior workplace protection.,Sfoglia la nostra gamma completa di guanti per rischi meccanici progettati per una protezione superiore sul lavoro.,Parcourez notre gamme complète de gants contre les risques mécaniques conçus pour une protection supérieure au travail.,"Durchstöbern Sie unser komplettes Sortiment an Handschuhen gegen mechanische Gefahren, die für überlegenen Schutz bei der Arbeit entwickelt wurden.",Explore nuestra gama completa de guantes contra riesgos mecánicos diseñados para ofrecer una protección superior en el trabajo.
products.categories.pages.mechanical.detailedDescription,"Our mechanical hazards gloves provide superior protection against mechanical risks and general workplace hazards whilst maintaining exceptional dexterity and comfort. Engineered with advanced materials and tested to meet EN388 standards, these gloves are essential for workers in manufacturing, assembly, construction, and general industrial environments.","I nostri guanti per rischi meccanici forniscono una protezione superiore contro i rischi meccanici e i pericoli generali del posto di lavoro mantenendo una destrezza e un comfort eccezionali. Progettati con materiali avanzati e testati per soddisfare gli standard EN388, questi guanti sono essenziali per i lavoratori nella produzione, assemblaggio, costruzione e ambienti industriali generici.","Nos gants contre les risques mécaniques offrent une protection supérieure contre les risques mécaniques et les dangers généraux du lieu de travail, tout en conservant une dextérité et un confort exceptionnels. Conçus avec des matériaux avancés et testés conformément à la norme EN388, ces gants sont essentiels pour les travailleurs de la production, de l'assemblage, de la construction et des environnements industriels généraux.","Unsere Handschuhe gegen mechanische Gefahren bieten überlegenen Schutz vor mechanischen Risiken und allgemeinen Gefahren am Arbeitsplatz bei außergewöhnlicher Fingerfertigkeit und Tragekomfort. Sie wurden aus fortschrittlichen Materialien entwickelt und gemäß dem EN388-Standard geprüft und sind unverzichtbar für Beschäftigte in Produktion, Montage, Bauwesen und allgemeinen Industrieumgebungen.","Nuestros guantes contra riesgos mecánicos proporcionan una protección superior frente a riesgos mecánicos y peligros generales del lugar de trabajo, manteniendo una destreza y una comodidad excepcionales. Diseñados con materiales avanzados y probados conforme a la norma EN388, estos guantes son esenciales para los trabajadores de producción, montaje, construcción y entornos industriales generales."
products.categories.pages.mechanical.title,Mechanical Hazards Products,Prodotti per rischi Meccanici,Produits contre les risques mécaniques,Produkte gegen mechanische Gefahren,Productos contra riesgos mecánicos
products.categories.pages.respiratory.badge,Respiratory Safety,Sicurezza Respiratoria,Sécurité respiratoire,Atemschutzsicherheit,Seguridad respiratoria
products.categories.pages.respiratory.description,Browse our complete range of respiratory protection equipment for hazardous environments.,Sfoglia la nostra gamma completa di dispositivi di protezione respiratoria per ambienti pericolosi.,Parcourez notre gamme complète de dispositifs de protection respiratoire pour environnements dangereux.,Durchstöbern Sie unser komplettes Sortiment an Atemschutzgeräten für gefährliche Umgebungen.,Explore nuestra gama completa de equipos de protección respiratoria para entornos peligrosos.
products.categories.pages.respiratory.title,Respiratory Protection Products,Prodotti Protezione Respiratoria,Produits de protection respiratoire,Atemschutzprodukte,Productos de protección respiratoria
products.categories.pages.welding.badge,Welding Protection,Linea per saldatori,Ligne pour soudeurs,Schweißerlinie,Línea para soldadores
products.categories.pages.welding.description,Browse our complete range of welding gloves designed for high-heat metalworking tasks.,Sfoglia la nostra gamma completa di guanti per saldatura progettati per attività di lavorazione metalli ad alto calore.,Parcourez notre gamme complète de gants de soudage conçus pour les activités de travail des métaux à forte chaleur.,"Durchstöbern Sie unser komplettes Sortiment an Schweißerhandschuhen, die für Metallbearbeitungstätigkeiten mit hoher Hitzeeinwirkung entwickelt wurden.",Explore nuestra gama completa de guantes de soldadura diseñados para tareas de trabajo de metales con alto calor.
products.categories.pages.welding.detailedDescription,"Our welding gloves provide specialised protection for welding and high-heat metalworking tasks with superior durability and comfort. Engineered with heat-resistant materials and designed for demanding welding environments, these gloves offer excellent protection against sparks, spatter, and high temperatures whilst maintaining the dexterity needed for precision work.","I nostri guanti per saldatori forniscono una protezione specializzata per le attività di saldatura e di lavorazione dei metalli, sia ad elevato rischio meccanico e termico che in ambienti di saldatura di precisione. Progettati con materiali resistenti al calore e agli stress meccanici, questi guanti offrono un'eccellente protezione contro scintille, spruzzi e alte temperature mantenendo la destrezza necessaria per il lavoro di precisione.","Nos gants de soudage offrent une protection spécialisée pour les activités de soudage et de travail des métaux, aussi bien dans des contextes à risque mécanique et thermique élevé que dans des environnements de soudage de précision. Conçus avec des matériaux résistants à la chaleur et aux contraintes mécaniques, ces gants offrent une excellente protection contre les étincelles, les projections et les hautes températures, tout en conservant la dextérité nécessaire au travail de précision.","Unsere Schweißerhandschuhe bieten spezialisierten Schutz für Schweiß- und Metallbearbeitungstätigkeiten, sowohl bei hohem mechanischem und thermischem Risiko als auch in Umgebungen für Präzisionsschweißarbeiten. Sie wurden aus hitze- und mechanisch belastbaren Materialien entwickelt und bieten hervorragenden Schutz vor Funken, Spritzern und hohen Temperaturen, während sie die für Präzisionsarbeiten erforderliche Fingerfertigkeit erhalten.","Nuestros guantes de soldadura proporcionan una protección especializada para las tareas de soldadura y de trabajo de metales, tanto en contextos de alto riesgo mecánico y térmico como en entornos de soldadura de precisión. Diseñados con materiales resistentes al calor y a los esfuerzos mecánicos, estos guantes ofrecen una excelente protección frente a chispas, salpicaduras y altas temperaturas, manteniendo la destreza necesaria para el trabajo de precisión."
products.categories.pages.welding.title,Welding Products,Prodotti per saldatori,Produits pour soudeurs,Produkte für Schweißer,Productos para soldadores
products.categoryOverview,Category Overview,Panoramica Categoria,Aperçu de la catégorie,Kategorieübersicht,Resumen de la categoría
products.comingSoon,Coming Soon,In arrivo,Bientôt disponible,In Kürze verfügbar,Próximamente
products.details,Details,Dettagli,Détails,Details,Detalles
products.enStandards,EN Standards,Livelli di protezione,Niveaux de protection,Schutzstufen,Niveles de protección
products.enStandardsMobile,EN,EN,EN,EN,EN
products.featured,Featured,In Evidenza,Favoris,Empfohlen,Destacado
products.filters.activeFilters,Active filters:,Filtri attivi:,Filtres actifs :,Aktive Filter:,Filtros activos:
products.filters.allCategories,All Categories,Tutte le Categorie,Toutes les catégories,Alle Kategorien,Todas las categorías
products.filters.antistatic,Antistatic (EN 1149-5),Antistatico (EN 1149-5),Antistatique (EN 1149-5),Antistatisch (EN 1149-5),Antiestático (EN 1149-5)
products.filters.any,Any,Tutti,Tous,Alle,Todos
products.filters.apply,Apply,Applica,Appliquer,Anwenden,Aplicar
products.filters.arcClass,Arc protection class,Classe protezione arco,Classe de protection contre l'arc électrique,Lichtbogenschutzklasse,Clase de protección contra el arco
products.filters.bluetooth,Bluetooth,Bluetooth,Bluetooth,Bluetooth,Bluetooth
products.filters.brimLength,Brim length,Lunghezza visiera,Longueur de la visière,Visierlänge,Longitud de la visera
products.filters.category,Category,Categoria,Catégorie,Kategorie,Categoría
products.filters.ceCategory,CE Category,Categoria CE,Catégorie CE,CE-Kategorie,Categoría CE
products.filters.clearAll,Clear All Filters,Cancella Tutto,Tout effacer,Alles löschen,Borrar todo
products.filters.clearFilter,,Cancella {filter},Effacer {filter},{filter} löschen,Borrar {filter}
products.filters.closureType,Closure type,Tipo di chiusura,Type de fermeture,Verschlussart,Tipo de cierre
products.filters.clothingCategory.title,Clothing Category,Categoria abbigliamento,Catégorie de vêtements,Bekleidungskategorie,Categoría de ropa
products.filters.clothingType,Clothing Type,Tipologia abbigliamento,Type de vêtement,Bekleidungstyp,Tipo de prenda
products.filters.clothingTypeOptions.high-visibility,High-visibility clothing,Abbigliamento ad alta visibilità,Vêtements à haute visibilité,Warnschutzkleidung,Ropa de alta visibilidad
products.filters.clothingTypeOptions.safety-workwear,Safety clothing and workwear,Abbigliamento di sicurezza e da lavoro,Vêtements de sécurité et de travail,Sicherheits- und Arbeitskleidung,Ropa de seguridad y de trabajo
products.filters.clothingTypeOptions.welding,Welding clothing,Abbigliamento per saldatura,Vêtements de soudage,Schweißerbekleidung,Ropa de soldadura
products.filters.coating,Coating,Trattamento,Traitement,Behandlung,Tratamiento
products.filters.connection,Connection,Attacco,Fixation,Befestigung,Fijación
products.filters.contentType,,Tipo di Contenuto,Type de contenu,Inhaltstyp,Tipo de contenido
products.filters.cutLevel,Cut Resistance Level,Livello Resistenza Taglio,Niveau de résistance à la coupure,Schnittfestigkeitsstufe,Nivel de resistencia al corte
products.filters.cutResistantGloves,Cut-Resistant Gloves,Guanti Resistenti al Taglio,Gants résistants à la coupure,Schnittfeste Handschuhe,Guantes resistentes al corte
products.filters.diameter,Diameter (mm),Diametro (mm),Diamètre (mm),Durchmesser (mm),Diámetro (mm)
products.filters.electricalInsulation,Electrical insulation (EN 50365),Isolamento elettrico (EN 50365),Isolation électrique (EN 50365),Elektrische Isolierung (EN 50365),Aislamiento eléctrico (EN 50365)
products.filters.en352Part,EN 352 part,Parte EN 352,Partie EN 352,Teil EN 352,Parte EN 352
products.filters.enStandard,EN Standard,Norma EN,Norme EN,EN-Norm,Norma EN
products.filters.esd,ESD,ESD,ESD,ESD,ESD
products.filters.filterType,Filter type (Filters),Tipo di filtro (Filtri),Type de filtre (Filtres),Filtertyp (Filter),Tipo de filtro (Filtros)
products.filters.filteredParticles,Filtered particles (Filters),Particelle filtrate (Filtri),Particules filtrées (Filtres),Gefilterte Partikel (Filter),Partículas filtradas (Filtros)
products.filters.flameStandard,Flame/heat standard (EN ISO 11612),Norma calore/fiamma (EN ISO 11612),Norme chaleur/flamme (EN ISO 11612),Hitze-/Flammnorm (EN ISO 11612),Norma calor/llama (EN ISO 11612)
products.filters.footwearClass,Footwear class,Classe calzatura,Classe de chaussure,Schuhklasse,Clase de calzado
products.filters.garmentType,Garment Type,Tipo di indumento,Type de vêtement,Kleidungstyp,Tipo de prenda
products.filters.garmentTypes.Accessories,Accessories,Accessori,Accessoires,Zubehör,Accesorios
products.filters.garmentTypes.Aprons,Aprons,Grembiuli,Tabliers,Schürzen,Delantales
products.filters.garmentTypes.Body warmers,Body warmers,Scaldacorpo,Sous-vêtements chauffants,Wärmeunterwäsche,Ropa térmica interior
products.filters.garmentTypes.Coveralls,Coveralls,Tute,Combinaisons,Overalls,Monos
products.filters.garmentTypes.Fleece & Sweatshirts,Fleece & Sweatshirts,Pile e felpe,Polaires et sweat-shirts,Fleecejacken und Sweatshirts,Forros polares y sudaderas
products.filters.garmentTypes.Jackets,Jackets,Giacche,Vestes,Jacken,Chaquetas
products.filters.garmentTypes.Other workwear,Other workwear,Altri indumenti da lavoro,Autres vêtements de travail,Andere Arbeitskleidung,Otras prendas de trabajo
products.filters.garmentTypes.Polo & T-shirts,Polo & T-shirts,Polo e magliette,Polos et T-shirts,Polos und T-Shirts,Polos y camisetas
products.filters.garmentTypes.Trousers,Trousers,Pantaloni,Pantalons,Hosen,Pantalones
products.filters.garmentTypes.Waistcoats,Waistcoats,Gilet,Gilets,Westen,Chalecos
products.filters.generalPurposeGloves,General Purpose Gloves,Guanti Uso Generale,Gants à usage général,Universalhandschuhe,Guantes de uso general
products.filters.hazardProtection,Hazard Protection,Protezione dai Rischi,Protection contre les risques,Schutz vor Risiken,Protección contra riesgos
products.filters.hazardProtectionItems.abrasionProtection,Abrasion protection,Protezione dall'abrasione,Protection contre l'abrasion,Schutz vor Abrieb,Protección contra la abrasión
products.filters.hazardProtectionItems.generalMechanical,General mechanical risks,Rischi meccanici generali,Risques mécaniques généraux,Allgemeine mechanische Risiken,Riesgos mecánicos generales
products.filters.hazardProtectionItems.heavyDutyWelding,Heavy-duty welding,Saldatura pesante,Soudage lourd,Schweres Schweißen,Soldadura pesada
products.filters.hazardProtectionItems.highContactTemperature,High contact temperature,Temperatura di contatto elevata,Température de contact élevée,Hohe Kontakttemperatur,Temperatura de contacto elevada
products.filters.hazardProtectionItems.highCutAndHeat,High Cut and Heat,Taglio e Calore Elevati,Coupure et chaleur élevées,Hohe Schnitt- und Hitzebeständigkeit,Corte y calor elevados
products.filters.hazardProtectionItems.highCutRisks,High cut risks,Rischi di taglio elevati,Risques de coupure élevés,Hohe Schnittrisiken,Riesgos de corte elevados
products.filters.hazardProtectionItems.highHeatTemperature,High heat/temperature,Calore/temperatura elevata,Chaleur/température élevée,Hitze/hohe Temperatur,Calor/temperatura elevada
products.filters.hazardProtectionItems.hotSplashes,Hot splashes,Schizzi caldi,Éclaboussures chaudes,Heiße Spritzer,Salpicaduras calientes
products.filters.hazardProtectionItems.precisionWelding,Precision welding,Saldatura di precisione,Soudage de précision,Präzisionsschweißen,Soldadura de precisión
products.filters.heatLevel,Heat Resistance Level,Livello Resistenza Calore,Niveau de résistance à la chaleur,Hitzebeständigkeitsstufe,Nivel de resistencia al calor
products.filters.heatResistantGloves,Heat-Resistant Gloves,Guanti Resistenti al Calore,Gants résistants à la chaleur,Hitzebeständige Handschuhe,Guantes resistentes al calor
products.filters.hiVisClass,Hi-Vis class,Classe alta visibilità,Classe haute visibilité,Warnschutzklasse,Clase de alta visibilidad
products.filters.industrialSwabs,Industrial Swabs,Scovoli Industriali,Écouvillons industriels,Industriewischer,Escobillas industriales
products.filters.industries,Industries,Industrie,Industries,Industrien,Industrias
products.filters.length,Length,Lunghezza,Longueur,Länge,Longitud
products.filters.lensTint,Lens tint,Colore lente,Couleur de verre,Glasfarbe,Color de lente
products.filters.loading,,Caricamento filtri...,Chargement des filtres...,Filter werden geladen...,Cargando filtros...
products.filters.lowTemperature,Low-temperature performance,Prestazioni a bassa temperatura,Performances à basse température,Leistung bei niedrigen Temperaturen,Rendimiento a baja temperatura
products.filters.material,Material,Materiale,Matériau,Material,Material
products.filters.max,Max,Max,Max,Max,Máx
products.filters.mechanicalHazardsGloves,Mechanical Hazards Gloves,Guanti per Rischi Meccanici,Gants contre les risques mécaniques,Handschuhe gegen mechanische Risiken,Guantes contra riesgos mecánicos
products.filters.min,Min,Min,Min,Min,Mín
products.filters.moltenMetalSplash,Molten metal splash (MM),Schizzi di metallo fuso (MM),Projections de métal en fusion (MM),Spritzer von geschmolzenem Metall (MM),Salpicaduras de metal fundido (MM)
products.filters.mountType,Mount type,Tipo di montaggio,Type de montage,Montageart,Tipo de montaje
products.filters.padLength,Pad length (mm),Lunghezza tampone (mm),Longueur du tampon (mm),Polsterlänge (mm),Longitud de la almohadilla (mm)
products.filters.padSize,Pad size,Dimensione scovolo,Taille de l'écouvillon,Wischergröße,Tamaño de la escobilla
products.filters.protectionClass,Protection class (Masks),Classe di protezione (Maschere),Classe de protection (Masques),Schutzklasse (Masken),Clase de protección (Mascarillas)
products.filters.protectionType,Protection type,Tipo di protezione,Type de protection,Schutzart,Tipo de protección
products.filters.protectiveClothing,Protective Clothing,,Vêtements de protection,Schutzkleidung,Ropa de protección
products.filters.respiratoryProtection,Respiratory Protection,Protezione vie respiratorie,Protection des voies respiratoires,Atemschutz,Protección de las vías respiratorias
products.filters.resultsCount,,{count} risultati,{count} résultats,{count} Ergebnisse,{count} resultados
products.filters.reusable,Reusable,Riutilizzabile,Réutilisable,Wiederverwendbar,Reutilizable
products.filters.size,Size,Taglie,Tailles,Größen,Tallas
products.filters.sizeRange,Size range,Intervallo taglie,Plage de tailles,Größenbereich,Rango de tallas
products.filters.sleeveLength,Sleeve length,Lunghezza manicotto,Longueur du manchon,Stulpenlänge,Longitud del manguito
products.filters.snr,SNR,SNR,SNR,SNR,SNR
products.filters.soleMaterial,Sole material,Materiale suola,Matériau de la semelle,Sohlenmaterial,Material de la suela
products.filters.standardCodes,Standard codes,Codici standard,Codes des normes,Normcodes,Códigos de norma
products.filters.subCategory,Sub-Category,Sottocategoria,Sous-catégorie,Unterkategorie,Subcategoría
products.filters.temperature,Temperature Rating,Resistenza alla Temperatura,Résistance à la température,Temperaturbeständigkeit,Resistencia a la temperatura
products.filters.temperatureRating,,Resistenza alla Temperatura,Résistance à la température,Temperaturbeständigkeit,Resistencia a la temperatura
products.filters.thumbLoop,Thumb loop,Passante per pollice,Passant pour le pouce,Daumenschlaufe,Presilla para el pulgar
products.filters.title,Filters,Filtri,Filtres,Filter,Filtros
products.filters.toeCap,Toe cap,Puntale,Embout,Zehenschutzkappe,Puntera
products.filters.uncategorised,Uncategorised,Non Categorizzato,Non catégorisé,Nicht kategorisiert,Sin categorizar
products.filters.uvCode,UV protection,Protezione UV,Protection UV,UV-Schutz,Protección UV
products.filters.ventilation,Ventilation,Ventilazione,Ventilation,Belüftung,Ventilación
products.filters.weldingGlove,Welding Gloves,Guanti da Saldatura,Gants de soudage,Schweißerhandschuhe,Guantes de soldadura
products.filters.widthFit,Width fit,Larghezza pianta,Largeur de la forme,Schuhweite,Ancho de horma
products.filters.workEnvironment,Work Environment,Ambiente di Lavoro,Environnement de travail,Arbeitsumgebung,Entorno de trabajo
products.industries,Industries,Settori,Secteurs,Branchen,Sectores
products.keyFeatures,Key Features:,Caratteristiche principali:,Principales caractéristiques :,Haupteigenschaften:,Características principales:
products.mainPageDescription,Explore our complete range of industrial safety products and protective equipment designed for professional environments.,Esplora la nostra gamma completa di prodotti per la sicurezza industriale e dispositivi di protezione progettati per ambienti professionali.,Découvrez notre gamme complète de produits de sécurité industrielle et de dispositifs de protection conçus pour les environnements professionnels.,"Entdecken Sie unser komplettes Sortiment an Industriesicherheitsprodukten und Schutzausrüstungen, die für professionelle Umgebungen entwickelt wurden.",Descubra nuestra gama completa de productos de seguridad industrial y dispositivos de protección diseñados para entornos profesionales.
products.mainPageTitle,Browse All of Our Products,Sfoglia Tutti i Nostri Prodotti,Parcourir tous nos produits,Alle unsere Produkte durchsuchen,Explorar todos nuestros productos
products.moreFeatures,+{{count}} more,+{{count}} altre,+{{count}} autres,+{{count}} weitere,+{{count}} más
products.new,New,Nuovo,Nouveau,Neu,Nuevo
products.outOfStock,Out of Stock,Esaurito,Épuisé,Nicht auf Lager,Agotado
products.preview,Preview,Anteprima,Aperçu,Vorschau,Vista previa
products.product,Product,Prodotto,Produit,Produkt,Producto
products.results.clearFilters,Clear Filters,Cancella Filtri,Effacer les filtres,Filter löschen,Borrar filtros
products.results.noResults,No products found,Nessun prodotto trovato,Aucun produit trouvé,Keine Produkte gefunden,No se han encontrado productos
products.results.noResultsDescription,We couldn't find any products matching your search criteria.,Non abbiamo trovato prodotti corrispondenti ai tuoi criteri di ricerca.,Nous n'avons trouvé aucun produit correspondant à vos critères de recherche.,"Wir haben keine Produkte gefunden, die Ihren Suchkriterien entsprechen.",No hemos encontrado productos que coincidan con sus criterios de búsqueda.
products.results.seeMore,See More Products,Vedi Altri Prodotti,Voir plus de produits,Weitere Produkte anzeigen,Ver más productos
products.results.showLess,Show Less,Mostra Meno,Afficher moins,Weniger anzeigen,Mostrar menos
products.results.showing,Showing {current} of {total} products,{current} di {total} prodotti visualizzati,{current} sur {total} produits affichés,{current} von {total} Produkten angezeigt,{current} de {total} productos mostrados
products.searchPlaceholder,Search products...,Cerca prodotti...,Rechercher des produits...,Produkte suchen...,Buscar productos...
products.sortOptions.featured,Featured,In Evidenza,Favoris,Empfohlen,Destacado
products.sortOptions.name-asc,Name: A to Z,Nome: A-Z,Nom : A-Z,Name: A-Z,Nombre: A-Z
products.sortOptions.name-desc,Name: Z to A,Nome: Z-A,Nom : Z-A,Name: Z-A,Nombre: Z-A
products.sortOptions.newest,Newest,Più Recenti,Plus récents,Neueste,Más recientes
products.temperature,Temperature,Temperatura,Température,Temperatur,Temperatura
products.temperatureMobile,Temp,Temp,Temp.,Temp.,Temp.
products.viewFullDetails,View Full Details,Vedi tutti i dettagli,Voir tous les détails,Alle Details anzeigen,Ver todos los detalles
productsDesignPrinciples.affordability.description,Meticulous production planning and strong international partnerships allow us to offer our quality products at competitive price.,Una pianificazione meticolosa della produzione e forti partnership internazionali ci permettono di offrire i nostri prodotti di qualità a prezzi competitivi.,Une planification minutieuse de la production et de solides partenariats internationaux nous permettent de proposer nos produits de qualité à des prix compétitifs.,"Eine sorgfältige Produktionsplanung und starke internationale Partnerschaften ermöglichen es uns, unsere Qualitätsprodukte zu wettbewerbsfähigen Preisen anzubieten.",Una planificación meticulosa de la producción y sólidas alianzas internacionales nos permiten ofrecer nuestros productos de calidad a precios competitivos.
productsDesignPrinciples.affordability.title,Affordability,Convenienza,Rapport qualité-prix,Preisvorteil,Rentabilidad
productsDesignPrinciples.comfort.description,"From material selection to task-specific customisation, we make our product fit the operators' needs, not the opposite.","Dalla selezione dei materiali alla modifica in base alle attività, facciamo in modo che il nostro prodotto si adatti alle esigenze degli operatori, non il contrario.","De la sélection des matériaux à l'adaptation en fonction des tâches, nous veillons à ce que notre produit s'adapte aux besoins des opérateurs, et non l'inverse.","Von der Materialauswahl bis zur Anpassung an die jeweilige Tätigkeit sorgen wir dafür, dass sich unser Produkt an die Bedürfnisse der Beschäftigten anpasst, und nicht umgekehrt.","Desde la selección de materiales hasta la adaptación en función de las tareas, nos aseguramos de que nuestro producto se adapte a las necesidades de los operarios, y no al revés."
productsDesignPrinciples.comfort.title,Comfort,Comfort,Confort,Komfort,Confort
productsDesignPrinciples.protection.description,Safety is our core objective and every product we design starts with protecting people,La sicurezza è il nostro obiettivo principale e ogni prodotto che progettiamo inizia con la protezione delle persone,"La sécurité est notre objectif principal, et chaque produit que nous concevons commence par la protection des personnes","Sicherheit ist unser wichtigstes Ziel, und jedes Produkt, das wir entwickeln, beginnt mit dem Schutz der Menschen","La seguridad es nuestro objetivo principal, y cada producto que diseñamos comienza con la protección de las personas"
productsDesignPrinciples.protection.title,Protection,Protezione,Protection,Schutz,Protección
productsDesignPrinciples.quality.description,Consistent quality is ensured by stringent checks and certified production chain to ensure compliance.,La qualità consistente è garantita da controlli rigorosi e catene di produzione certificate per garantire la conformità.,Une qualité constante est garantie par des contrôles rigoureux et des chaînes de production certifiées pour assurer la conformité.,"Gleichbleibende Qualität wird durch strenge Kontrollen und zertifizierte Produktionsketten gewährleistet, um die Konformität sicherzustellen.",La calidad constante está garantizada por controles rigurosos y cadenas de producción certificadas que aseguran el cumplimiento normativo.
productsDesignPrinciples.quality.title,Quality,Qualità,Qualité,Qualität,Calidad
productsDesignPrinciples.title,Our product design principles,I nostri principi di progettazione,Nos principes de conception,Unsere Designprinzipien,Nuestros principios de diseño
productsHero.badge,Industrial Safety,Sicurezza Industriale,Sécurité industrielle,Industriesicherheit,Seguridad industrial
productsHero.browseProducts,Browse Products,Esplora Prodotti,Explorer les produits,Produkte entdecken,Explorar productos
productsHero.description,"The right PPE is a critical line of defence that protects workers from hazards, prevents injuries, and saves lives. Research shows that effective PPE usage can reduce workplace injury rates by up to 60%, underscoring how crucial the right equipment is to a safer, more productive work environment. Poorly fitted or inadequate PPE, on the other hand, is demonstrated to be a concurring factor to the majority of registered injuries.","I DPI adeguati sono la linea di difesa critica che protegge i lavoratori dai pericoli, previene gli infortuni e salva vite. La ricerca dimostra che l'uso efficace dei DPI può ridurre i tassi di infortuni sul lavoro fino al 60%, sottolineando quanto sia cruciale l'attrezzatura giusta per un ambiente di lavoro più sicuro e produttivo. I DPI mal adattati o inadeguati, d'altra parte, sono un fattore concorrente per la maggioranza degli infortuni registrati.","Des EPI adéquats constituent la ligne de défense essentielle qui protège les travailleurs contre les dangers, prévient les accidents et sauve des vies. Les recherches montrent qu'une utilisation efficace des EPI peut réduire jusqu'à 60 % les taux d'accidents du travail, soulignant à quel point un équipement adapté est crucial pour un environnement de travail plus sûr et plus productif. Des EPI mal adaptés ou inadéquats, en revanche, constituent un facteur concomitant dans la majorité des accidents enregistrés.","Geeignete PSA sind die entscheidende Verteidigungslinie, die Beschäftigte vor Gefahren schützt, Unfälle verhindert und Leben rettet. Untersuchungen zeigen, dass der wirksame Einsatz von PSA die Arbeitsunfallraten um bis zu 60 % senken kann, was verdeutlicht, wie entscheidend die richtige Ausrüstung für ein sichereres und produktiveres Arbeitsumfeld ist. Schlecht angepasste oder ungeeignete PSA sind hingegen ein mitwirkender Faktor bei der Mehrheit der erfassten Unfälle.","Los EPI adecuados son la línea de defensa fundamental que protege a los trabajadores frente a los peligros, previene lesiones y salva vidas. Las investigaciones demuestran que el uso eficaz de los EPI puede reducir las tasas de accidentes laborales hasta en un 60 %, lo que subraya lo crucial que resulta contar con el equipo adecuado para un entorno de trabajo más seguro y productivo. Los EPI mal ajustados o inadecuados, por otro lado, son un factor concurrente en la mayoría de los accidentes registrados."
productsHero.getInTouch,Get in Touch,Contattaci,Contactez-nous,Kontaktieren Sie uns,Contáctenos
productsHero.heading.line1End,that,che,qui,die,que
productsHero.heading.line1Highlight,protect the people,proteggiamo le persone,nous protégeons les personnes,schützen wir Menschen,protegemos a las personas
productsHero.heading.line1Start,We,Noi,Nous,Wir,Nosotros
productsHero.heading.line2,build our world,costruiscono il nostro mondo,construisent notre monde,bauen unsere Welt,construyen nuestro mundo
productsHero.headingAccent,,,,,
productsHero.secondDescription,"With over 40 years of industry expertise, we specialise in designing and distributing top-quality products that meet rigorous industry standards, ensuring the perfect fit and protection tailored to your unique challenges. We offer comprehensive head-to-toe safety solutions with particular expertise in hand protection.","Con oltre 40 anni di competenza nel settore, ci specializziamo nella progettazione e distribuzione di prodotti di alta qualità che soddisfano rigorosi standard industriali, garantendo la perfetta vestibilità e protezione su misura per le vostre esigenze. Offriamo soluzioni di sicurezza complete dalla testa ai piedi con particolare competenza nella protezione delle mani.","Avec plus de 40 ans d'expertise dans le secteur, nous sommes spécialisés dans la conception et la distribution de produits de haute qualité répondant à des normes industrielles rigoureuses, garantissant un ajustement parfait et une protection sur mesure adaptée à vos besoins. Nous proposons des solutions de sécurité complètes de la tête aux pieds, avec une expertise particulière en matière de protection des mains.","Mit über 40 Jahren Branchenerfahrung sind wir auf die Entwicklung und den Vertrieb hochwertiger Produkte spezialisiert, die strenge Industriestandards erfüllen und eine perfekte Passform sowie maßgeschneiderten Schutz für Ihre Anforderungen gewährleisten. Wir bieten umfassende Sicherheitslösungen von Kopf bis Fuß mit besonderem Know-how im Bereich Handschutz.","Con más de 40 años de experiencia en el sector, nos especializamos en el diseño y la distribución de productos de alta calidad que cumplen con estrictas normas industriales, garantizando un ajuste perfecto y una protección a medida para sus necesidades. Ofrecemos soluciones de seguridad completas de la cabeza a los pies, con especial experiencia en protección de las manos."
productsHero.stats.certified,Certified,Certificato,Certificat,Zertifikat,Certificado
productsHero.stats.cut,Cut Resistance,Resistenza al Taglio,Résistance à la coupure,Schnittfestigkeit,Resistencia al corte
productsHero.stats.cutValue,Level 5,Livello 5,Niveau 5,Stufe 5,Nivel 5
productsHero.stats.heat,Heat Resistance,Resistenza al Calore,Résistance à la chaleur,Hitzebeständigkeit,Resistencia al calor
productsHero.stats.years,Years Experience,Anni di Esperienza,Années d'expérience,Jahre Erfahrung,Años de experiencia
relatedProducts.title,Related Products,Prodotti correlati,Produits associés,Verwandte Produkte,Productos relacionados
respiratoryHero.badge,Respiratory Safety,Protezione vie respiratorie,Protection des voies respiratoires,Atemschutz,Protección de las vías respiratorias
respiratoryHero.browseProducts,Browse Protection,Esplora Protezione,Découvrir la protection,Schutz entdecken,Descubrir protección
respiratoryHero.description,"Discover our advanced respiratory protection equipment, designed to provide superior protection against airborne hazards in industrial environments.","Scopri la nostra attrezzatura avanzata per la protezione respiratoria, progettata per fornire una protezione superiore contro i rischi aerodispersi in ambienti industriali.","Découvrez notre équipement avancé de protection respiratoire, conçu pour offrir une protection supérieure contre les risques aéroportés en milieu industriel.","Entdecken Sie unsere fortschrittliche Atemschutzausrüstung, die für überlegenen Schutz vor luftgetragenen Gefahren in industriellen Umgebungen entwickelt wurde.","Descubra nuestro avanzado equipo de protección respiratoria, diseñado para ofrecer una protección superior frente a los riesgos transportados por el aire en entornos industriales."
respiratoryHero.getInTouch,Get in Touch,Contattaci,Contactez-nous,Kontaktieren Sie uns,Contáctenos
respiratoryHero.heading,Respiratory,Protezione,Protection,Schutz,Protección
respiratoryHero.headingAccent,Protection,Respiratoria,Respiratoire,Atemschutz,Respiratoria
respiratoryHero.stats.certified,Certified,Certificato,Certificat,Zertifikat,Certificado
respiratoryHero.stats.protection,Protection Levels,Livelli Protezione,Niveaux de protection,Schutzstufen,Niveles de protección
respiratoryHero.stats.standards,Standards,Standard,Standard,Standard,Estándar
respiratoryHero.stats.standardsValue,EN 149,EN 149,EN 149,EN 149,EN 149
respiratoryHero.stats.years,Years Experience,Anni di Esperienza,Années d'expérience,Jahre Erfahrung,Años de experiencia
search.categories.blog,Blog Articles,Articoli del Blog,Articles de blog,Blogartikel,Artículos del blog
search.categories.career,Career Opportunities,Opportunità di Carriera,Opportunités de carrière,Karrieremöglichkeiten,Oportunidades profesionales
search.categories.caseStudy,Case Studies,Casi Studio,Études de cas,Fallstudien,Casos de estudio
search.categories.cutResistant,Cut-Resistant Gloves,Guanti Resistenti al Taglio,Gants résistants à la coupure,Schnittfeste Handschuhe,Guantes resistentes al corte
search.categories.enResource,EN Standards,Standard EN,Norme EN,EN-Norm,Norma EN
search.categories.generalPurpose,General Purpose Gloves,Guanti per Uso Generale,Gants à usage général,Universalhandschuhe,Guantes de uso general
search.categories.heatResistant,Heat-Resistant Gloves,Guanti Resistenti al Calore,Gants résistants à la chaleur,Hitzebeständige Handschuhe,Guantes resistentes al calor
search.categories.industrialSwabs,Industrial Swabs,Scovoli Industriali,Écouvillons industriels,Industriewischer,Escobillas industriales
search.categories.industry,Industry Solutions,Soluzioni Settoriali,Solutions sectorielles,Branchenlösungen,Soluciones sectoriales
search.categories.respiratory,Respiratory Protection,Protezione Vie Respiratorie,Protection des voies respiratoires,Atemschutz,Protección respiratoria
search.clearSearch,Clear search,Cancella ricerca,Effacer la recherche,Suche löschen,Borrar búsqueda
search.contentTypes.blog,Article,Articolo,Article,Artikel,Artículo
search.contentTypes.career,Career,Carriera,Carrière,Karriere,Carrera
search.contentTypes.case_study,Case Study,Caso Studio,Étude de cas,Fallstudie,Caso de estudio
search.contentTypes.category,Category,Categoria,Catégorie,Kategorie,Categoría
search.contentTypes.en_resource,EN Standard,Standard EN,Norme EN,EN-Norm,Norma EN
search.contentTypes.industry_solution,Industry Solution,Soluzione per Settore,Solution par secteur,Branchenlösung,Solución por sector
search.contentTypes.product,Product,Prodotto,Produit,Produkt,Producto
search.dropdown.clearRecent,Clear recent searches,Cancella ricerche recenti,Effacer les recherches récentes,Letzte Suchanfragen löschen,Borrar búsquedas recientes
search.dropdown.noResults,No results found,Nessun risultato trovato,Aucun résultat trouvé,Keine Ergebnisse gefunden,No se han encontrado resultados
search.dropdown.noResultsDescription,Try a different search term,Prova un termine di ricerca diverso,Essayez un autre terme de recherche,Versuchen Sie einen anderen Suchbegriff,Pruebe con un término de búsqueda diferente
search.dropdown.popularSearches,Popular Searches,Ricerche Popolari,Recherches populaires,Beliebte Suchanfragen,Búsquedas populares
search.dropdown.recentSearches,Recent Searches,Ricerche Recenti,Recherches récentes,Letzte Suchanfragen,Búsquedas recientes
search.dropdown.suggestions,Suggestions,Suggerimenti,Suggestions,Vorschläge,Sugerencias
search.dropdown.viewAll,View all results,Visualizza tutti i risultati,Afficher tous les résultats,Alle Ergebnisse anzeigen,Ver todos los resultados
search.dropdown.viewAllFor,"View all results for ""{query}""","Visualizza tutti i risultati per ""{query}""",Afficher tous les résultats pour « {query} »,Alle Ergebnisse für „{query}“ anzeigen,Ver todos los resultados para «{query}»
search.errors.general,Something went wrong. Please try again.,Qualcosa è andato storto. Riprova.,Un problème est survenu. Veuillez réessayer.,Etwas ist schiefgelaufen. Bitte versuchen Sie es erneut.,Algo salió mal. Inténtelo de nuevo.
search.errors.network,Network error. Please check your connection.,Errore di rete. Controlla la connessione.,Erreur réseau. Vérifiez votre connexion.,Netzwerkfehler. Überprüfen Sie Ihre Verbindung.,Error de red. Compruebe su conexión.
search.errors.timeout,Search timed out. Please try again.,Ricerca scaduta. Riprova.,La recherche a expiré. Veuillez réessayer.,Zeitüberschreitung bei der Suche. Bitte versuchen Sie es erneut.,La búsqueda ha caducado. Inténtelo de nuevo.
search.errors.tooManyRequests,Too many search requests. Please wait a moment.,Troppe richieste di ricerca. Attendi un momento.,Trop de requêtes de recherche. Veuillez patienter un instant.,Zu viele Suchanfragen. Bitte warten Sie einen Moment.,Demasiadas solicitudes de búsqueda. Espere un momento.
search.filters.activeFilters,Active Filters,Filtri attivi:,Filtres actifs :,Aktive Filter:,Filtros activos:
search.filters.allCategories,All Categories,Tutte le Categorie,Toutes les catégories,Alle Kategorien,Todas las categorías
search.filters.applied,Applied Filters,,Filtres appliqués,Angewendete Filter,Filtros aplicados
search.filters.apply,Apply Filters,Applica,Appliquer,Anwenden,Aplicar
search.filters.brimLength,,Lunghezza visiera,Longueur de la visière,Visierlänge,Longitud de la visera
search.filters.categories.all,All Categories,,Toutes les catégories,Alle Kategorien,Todas las categorías
search.filters.categories.title,Categories,,Catégories,Kategorien,Categorías
search.filters.category,Category,Categoria,Catégorie,Kategorie,Categoría
search.filters.clearAll,Clear All,Cancella Tutti i Filtri,Effacer tous les filtres,Alle Filter löschen,Borrar todos los filtros
search.filters.clearFilter,Clear {filter},,Effacer {filter},{filter} löschen,Borrar {filter}
search.filters.closureType,,Tipo di chiusura,Type de fermeture,Verschlussart,Tipo de cierre
search.filters.coating,,Trattamento,Traitement,Behandlung,Tratamiento
search.filters.contentType,Content Type,,Type de contenu,Inhaltstyp,Tipo de contenido
search.filters.contentTypes.all,All Content,,Tout le contenu,Alle Inhalte,Todo el contenido
search.filters.contentTypes.articles,Articles,,Articles,Artikel,Artículos
search.filters.contentTypes.careers,Careers,,Carrières,Karriere,Empleo
search.filters.contentTypes.caseStudies,Case Studies,,Études de cas,Fallstudien,Casos de estudio
search.filters.contentTypes.enStandards,EN Standards,,Normes EN,EN-Normen,Normas EN
search.filters.contentTypes.industries,Industries,,Secteurs,Branchen,Sectores
search.filters.contentTypes.products,Products,,Produits,Produkte,Productos
search.filters.contentTypes.title,Content Type,,Type de contenu,Inhaltstyp,Tipo de contenido
search.filters.cutLevel,,Livello Resistenza Taglio,Niveau de résistance à la coupure,Schnittfestigkeitsstufe,Nivel de resistencia al corte
search.filters.cutResistantGloves,,Guanti Resistenti al Taglio,Gants résistants à la coupure,Schnittfeste Handschuhe,Guantes resistentes al corte
search.filters.electricalInsulation,,Isolamento elettrico (EN 50365),Isolation électrique (EN 50365),Elektrische Isolierung (EN 50365),Aislamiento eléctrico (EN 50365)
search.filters.esd,,ESD,ESD,ESD,ESD
search.filters.footwearClass,,Classe calzatura,Classe de chaussure,Schuhklasse,Clase de calzado
search.filters.generalPurposeGloves,,Guanti Uso Generale,Gants à usage général,Universalhandschuhe,Guantes de uso general
search.filters.hazardProtection,,Protezione dai Rischi,Protection contre les risques,Schutz vor Risiken,Protección contra riesgos
search.filters.hazardProtectionItems.abrasionProtection,,Protezione dall'abrasione,Protection contre l'abrasion,Schutz vor Abrieb,Protección contra la abrasión
search.filters.hazardProtectionItems.generalMechanical,,Rischi meccanici generali,Risques mécaniques généraux,Allgemeine mechanische Risiken,Riesgos mecánicos generales
search.filters.hazardProtectionItems.heavyDutyWelding,,Saldatura pesante,Soudage lourd,Schweres Schweißen,Soldadura pesada
search.filters.hazardProtectionItems.highContactTemperature,,Temperatura di contatto elevata,Température de contact élevée,Hohe Kontakttemperatur,Temperatura de contacto elevada
search.filters.hazardProtectionItems.highCutAndHeat,,Taglio e Calore Elevati,Coupure et chaleur élevées,Hohe Schnitt- und Hitzebeständigkeit,Corte y calor elevados
search.filters.hazardProtectionItems.highCutRisks,,Rischi di taglio elevati,Risques de coupure élevés,Hohe Schnittrisiken,Riesgos de corte elevados
search.filters.hazardProtectionItems.highHeatTemperature,,Calore/temperatura elevata,Chaleur/température élevée,Hitze/hohe Temperatur,Calor/temperatura elevada
search.filters.hazardProtectionItems.hotSplashes,,Schizzi caldi,Éclaboussures chaudes,Heiße Spritzer,Salpicaduras calientes
search.filters.hazardProtectionItems.precisionWelding,,Saldatura di precisione,Soudage de précision,Präzisionsschweißen,Soldadura de precisión
search.filters.heatLevel,,Livello Resistenza Calore,Niveau de résistance à la chaleur,Hitzebeständigkeitsstufe,Nivel de resistencia al calor
search.filters.heatResistantGloves,,Guanti Resistenti al Calore,Gants résistants à la chaleur,Hitzebeständige Handschuhe,Guantes resistentes al calor
search.filters.industrialSwabs,,Scovoli Industriali,Écouvillons industriels,Industriewischer,Escobillas industriales
search.filters.industries,,Industrie,Industries,Industrien,Industrias
search.filters.lensTint,,Colore lente,Couleur de verre,Glasfarbe,Color de lente
search.filters.loading,Loading filters...,,Chargement des filtres...,Filter werden geladen...,Cargando filtros...
search.filters.lowTemperature,,Prestazioni a bassa temperatura,Performances à basse température,Leistung bei niedrigen Temperaturen,Rendimiento a baja temperatura
search.filters.mechanicalHazardsGloves,,Guanti per Rischi Meccanici,Gants contre les risques mécaniques,Handschuhe gegen mechanische Risiken,Guantes contra riesgos mecánicos
search.filters.moltenMetalSplash,,Schizzi di metallo fuso (MM),Projections de métal en fusion (MM),Spritzer von geschmolzenem Metall (MM),Salpicaduras de metal fundido (MM)
search.filters.protectionType,,Tipo di protezione,Type de protection,Schutzart,Tipo de protección
search.filters.respiratoryProtection,,Protezione vie respiratorie,Protection des voies respiratoires,Atemschutz,Protección de las vías respiratorias
search.filters.resultsCount,{count} results,,{count} résultats,{count} Ergebnisse,{count} resultados
search.filters.sizeRange,,Taglia,Taille,Größe,Talla
search.filters.sleeveLength,,Lunghezza manicotto,Longueur du manchon,Stulpenlänge,Longitud del manguito
search.filters.soleMaterial,,Materiale suola,Matériau de la semelle,Sohlenmaterial,Material de la suela
search.filters.sortBy.alphabetical,Alphabetical,,Alphabétique,Alphabetisch,Alfabético
search.filters.sortBy.newest,Newest First,,Plus récents en premier,Neueste zuerst,Más recientes primero
search.filters.sortBy.relevance,Relevance,,Pertinence,Relevanz,Relevancia
search.filters.sortBy.title,Sort By,,Trier par,Sortieren nach,Ordenar por
search.filters.standardCodes,,Marcatura standard EN,Marquage des normes EN,EN-Normkennzeichnung,Marcado de normas EN
search.filters.subCategory,,Sottocategoria,Sous-catégorie,Unterkategorie,Subcategoría
search.filters.temperature,,Resistenza alla Temperatura,Résistance à la température,Temperaturbeständigkeit,Resistencia a la temperatura
search.filters.thumbLoop,,Passante per pollice,Passant pour le pouce,Daumenschlaufe,Presilla para el pulgar
search.filters.title,Filters,Filtri,Filtres,Filter,Filtros
search.filters.toeCap,,Puntale,Embout,Zehenschutzkappe,Puntera
search.filters.uncategorised,,Non Categorizzato,Non catégorisé,Nicht kategorisiert,Sin categorizar
search.filters.uvCode,,Protezione UV,Protection UV,UV-Schutz,Protección UV
search.filters.ventilation,,Ventilazione,Ventilation,Belüftung,Ventilación
search.filters.weldingGlove,,Guanti da Saldatura,Gants de soudage,Schweißerhandschuhe,Guantes de soldadura
search.filters.widthFit,,Larghezza pianta,Largeur de la forme,Schuhweite,Ancho de horma
search.filters.workEnvironment,,Ambiente di Lavoro,Environnement de travail,Arbeitsumgebung,Entorno de trabajo
search.hero.badge,Global Search,Ricerca Globale,Recherche globale,Globale Suche,Búsqueda global
search.hero.description,"Find the safety solutions, industry insights, and resources you need across our complete product range and knowledge base.","Trova le soluzioni di sicurezza, approfondimenti settoriali e risorse di cui hai bisogno nella nostra gamma completa di prodotti e contenuti.","Trouvez les solutions de sécurité, les analyses sectorielles et les ressources dont vous avez besoin dans notre gamme complète de produits et de contenus.","Finden Sie die Sicherheitslösungen, Brancheneinblicke und Ressourcen, die Sie benötigen, in unserem gesamten Produkt- und Inhaltsangebot.","Encuentre las soluciones de seguridad, los análisis sectoriales y los recursos que necesita en nuestra gama completa de productos y contenidos."
search.hero.descriptionNoResults,No results found for '{query}'. Try different keywords or browse our categories below.,Nessun risultato trovato per '{query}'. Prova parole chiave diverse o naviga nelle categorie qui sotto.,Aucun résultat trouvé pour « {query} ». Essayez d'autres mots-clés ou parcourez les catégories ci-dessous.,Keine Ergebnisse für „{query}“ gefunden. Versuchen Sie andere Suchbegriffe oder durchsuchen Sie die untenstehenden Kategorien.,No se han encontrado resultados para «{query}». Pruebe con otras palabras clave o explore las categorías a continuación.
search.hero.descriptionWithResults,"Found {count} results for '{query}' across our products, industries, and resources.",Trovati {count} risultati per '{query}' tra i nostri prodotti e risorse.,{count} résultats trouvés pour « {query} » parmi nos produits et ressources.,{count} Ergebnisse für „{query}“ in unseren Produkten und Ressourcen gefunden.,Se han encontrado {count} resultados para «{query}» entre nuestros productos y recursos.
search.hero.heading,Search,Ricerca,Recherche,Suche,Búsqueda
search.hero.headingAccent,Results,Risultati,Résultats,Ergebnisse,Resultados
search.hero.headingWithQuery,Results for,Risultati per,Résultats pour,Ergebnisse für,Resultados para
search.hero.searching,Searching...,Ricerca in corso...,Recherche en cours...,Suche läuft...,Buscando...
search.hero.stats.availability,Available,Disponibile,Disponible,Verfügbar,Disponible
search.hero.stats.categories,Categories,Categorie,Catégories,Kategorien,Categorías
search.hero.stats.languages,Languages,Lingue,Langues,Sprachen,Idiomas
search.hero.stats.results,Results,Risultati,Résultats,Ergebnisse,Resultados
search.hero.tips.browseCategories,Browse categories below for inspiration,Sfoglia le categorie qui sotto per ispirazione,Parcourez les catégories ci-dessous pour vous inspirer,Durchstöbern Sie die untenstehenden Kategorien zur Inspiration,Explore las categorías a continuación para inspirarse
search.hero.tips.checkSpelling,Check your spelling and try again,Controlla l'ortografia e riprova,Vérifiez l'orthographe et réessayez,Überprüfen Sie die Rechtschreibung und versuchen Sie es erneut,Compruebe la ortografía e inténtelo de nuevo
search.hero.tips.title,Search Tips,Suggerimenti per la Ricerca,Suggestions de recherche,Suchvorschläge,Sugerencias de búsqueda
search.hero.tips.tryKeywords,Try different or more general keywords,Prova parole chiave diverse o più generali,Essayez des mots-clés différents ou plus généraux,Versuchen Sie andere oder allgemeinere Suchbegriffe,Pruebe con palabras clave diferentes o más generales
search.hero.tips.useSynonyms,Use synonyms or alternative terms,Usa sinonimi o termini alternativi,Utilisez des synonymes ou des termes alternatifs,Verwenden Sie Synonyme oder alternative Begriffe,Utilice sinónimos o términos alternativos
search.hero.title,Search,Ricerca,Recherche,Suche,Búsqueda
search.hero.titleAccent,Results,Risultati,Résultats,Ergebnisse,Resultados
search.noQuery,Enter a search term to begin,Inserisci un termine di ricerca per iniziare,Saisissez un terme de recherche pour commencer,"Geben Sie einen Suchbegriff ein, um zu beginnen",Introduzca un término de búsqueda para empezar
search.results.error,Search Error,Errore di Ricerca,Erreur de recherche,Suchfehler,Error de búsqueda
search.results.loadMore,Load more results,Carica altri risultati,Charger plus de résultats,Weitere Ergebnisse laden,Cargar más resultados
search.results.loading,Loading more results...,Caricamento di altri risultati...,Chargement d'autres résultats...,Weitere Ergebnisse werden geladen...,Cargando más resultados...
search.results.loadingMore,Loading more results...,Caricamento altri risultati...,Chargement d'autres résultats...,Weitere Ergebnisse werden geladen...,Cargando más resultados...
search.results.next,Next,Successivo,Suivant,Weiter,Siguiente
search.results.noQuery,Start Your Search,Inizia la Tua Ricerca,Commencez votre recherche,Beginnen Sie Ihre Suche,Comience su búsqueda
search.results.noQueryDescription,"Enter search terms above to find products, industries, articles, and more.","Inserisci i termini di ricerca sopra per trovare prodotti, settori, articoli e altro.","Saisissez vos termes de recherche ci-dessus pour trouver des produits, des secteurs, des articles et plus encore.","Geben Sie oben Ihre Suchbegriffe ein, um Produkte, Branchen, Artikel und mehr zu finden.","Introduzca sus términos de búsqueda arriba para encontrar productos, sectores, artículos y más."
search.results.noResults,No results found,Nessun risultato trovato,Aucun résultat trouvé,Keine Ergebnisse gefunden,No se han encontrado resultados
search.results.noResultsDescription,Try adjusting your search terms or filters,Non siamo riusciti a trovare nulla che corrisponda a {query}. Prova a cercare con parole diverse o sfoglia le nostre categorie.,Nous n'avons rien trouvé correspondant à {query}. Essayez de rechercher avec d'autres mots ou parcourez nos catégories.,"Wir konnten nichts finden, das {query} entspricht. Versuchen Sie es mit anderen Suchbegriffen oder durchstöbern Sie unsere Kategorien.",No hemos podido encontrar nada que coincida con {query}. Intente buscar con otras palabras o explore nuestras categorías.
search.results.noResultsFor,"No results found for ""{query}""","Nessun risultato trovato per ""{query}""",Aucun résultat trouvé pour « {query} »,Keine Ergebnisse für „{query}“ gefunden,No se han encontrado resultados para «{query}»
search.results.pageInfo,Page {current} of {total},Pagina {current} di {total},Page {current} sur {total},Seite {current} von {total},Página {current} de {total}
search.results.previous,Previous,Precedente,Précédent,Zurück,Anterior
search.results.searching,Searching...,Ricerca in corso...,Recherche en cours...,Suche läuft...,Buscando...
search.results.searchingDescription,"Please wait while we search through our products, industries, and resources.",Stiamo cercando tra i nostri prodotti e contenuto.,Nous recherchons parmi nos produits et notre contenu.,Wir durchsuchen unsere Produkte und Inhalte.,Estamos buscando entre nuestros productos y contenidos.
search.results.showing,Showing {count} of {total} results,Visualizzazione di {count} su {total} risultati,Affichage de {count} sur {total} résultats,Anzeige von {count} von {total} Ergebnissen,Mostrando {count} de {total} resultados
search.results.showingFor,"Showing {count} of {total} results for ""{query}""","Visualizzazione di {count} su {total} risultati per ""{query}""",Affichage de {count} sur {total} résultats pour « {query} »,Anzeige von {count} von {total} Ergebnissen für „{query}“,Mostrando {count} de {total} resultados para «{query}»
search.results.suggestions.checkSpelling,Check your spelling,Controlla l'ortografia,Vérifiez l'orthographe,Überprüfen Sie die Rechtschreibung,Compruebe la ortografía
search.results.suggestions.clearFilters,Clear active filters,Cancella i filtri attivi,Effacer les filtres actifs,Aktive Filter löschen,Borrar los filtros activos
search.results.suggestions.title,Suggestions:,Suggerimenti:,Suggestions :,Vorschläge:,Sugerencias:
search.results.suggestions.tryDifferent,Try different keywords,Prova parole chiave diverse,Essayez d'autres mots-clés,Versuchen Sie andere Suchbegriffe,Pruebe con otras palabras clave
search.results.suggestions.useGeneral,Use more general terms,Usa termini più generali,Utilisez des termes plus généraux,Verwenden Sie allgemeinere Begriffe,Utilice términos más generales
search.results.title,Search Results,Risultati di Ricerca,Résultats de recherche,Suchergebnisse,Resultados de búsqueda
search.results.tryAgain,Try Again,Riprova,Réessayer,Erneut versuchen,Reintentar
search.searchButton,Search,Cerca,Rechercher,Suchen,Buscar
search.searchPlaceholder,Search products or content,Cerca prodotti o contenuti,Rechercher des produits ou du contenu,Produkte oder Inhalte suchen,Buscar productos o contenidos
search.searching,Searching...,Ricerca in corso...,Recherche en cours...,Suche läuft...,Buscando...
search.sidebarSearchPlaceholder,Search products...,Cerca prodotti...,Rechercher des produits...,Produkte suchen...,Buscar productos...
search.sorting.alphabetical,A-Z,A-Z,A-Z,A-Z,A-Z
search.sorting.newest,Newest First,Più Recenti,Plus récents,Neueste,Más recientes
search.sorting.relevance,Most Relevant,Più Rilevanti,Les plus pertinents,Relevanteste,Más relevantes
sidebar.categories,Product Categories,Categorie Prodotti,Catégories de produits,Produktkategorien,Categorías de productos
sidebar.industries,Industries,Settori,Secteurs,Branchen,Sectores
sidebar.products.categories.corporateCustomisation,Corporate Solutions,Soluzioni Aziendali,Solutions pour entreprises,Unternehmenslösungen,Soluciones para empresas
sidebar.products.categories.cutResistantGloves,Cut-Resistant Gloves,Guanti Antitaglio,Gants anticoupure,Schnittschutzhandschuhe,Guantes anticorte
sidebar.products.categories.cutResistantSleeves,Cut-Resistant Sleeves,Manicotti Antitaglio,Manchettes anticoupure,Schnittschutzstulpen,Manguitos anticorte
sidebar.products.categories.heatResistantGloves,Heat-Resistant Gloves,Guanti Anticalore,Gants anti-chaleur,Hitzeschutzhandschuhe,Guantes resistentes al calor
sidebar.products.categories.heatResistantSleeves,Heat-Resistant Sleeves,Manicotti Anticalore,Manchettes anti-chaleur,Hitzeschutzstulpen,Manguitos resistentes al calor
sidebar.products.categories.industrialCustomisation,Industrial Solutions,Soluzioni Industriali,Solutions industrielles,Industrielösungen,Soluciones industriales
sidebar.resources,Resources,Risorse,Ressources,Ressourcen,Recursos
standards.backToStandards,Back to Standards,Torna agli Standard,Retour aux normes,Zurück zu den Normen,Volver a las normas
standards.buckets.categories.subtitle,Understand PPE classes of risk and protected hazards,Comprendi le classi di rischio dei DPI e i pericoli protetti,Comprenez les classes de risque des EPI et les dangers couverts,Verstehen Sie die PSA-Risikoklassen und die abgedeckten Gefahren,Comprenda las clases de riesgo de los EPI y los peligros cubiertos
standards.buckets.categories.title,PPE Categories,Categorie DPI,Catégories d'EPI,PSA-Kategorien,Categorías de EPI
standards.buckets.regulation.subtitle,Know what regulations & safety requirements are in place,Scopri quali regolamenti e requisiti di sicurezza sono in vigore,Découvrez quelles réglementations et exigences de sécurité sont en vigueur,"Erfahren Sie, welche Vorschriften und Sicherheitsanforderungen gelten",Descubra qué normativas y requisitos de seguridad están en vigor
standards.buckets.regulation.title,PPE Regulation,Normative DPI,Réglementations relatives aux EPI,PSA-Vorschriften,Normativa de EPI
standards.buckets.standards.subtitle,Get clarity on standards across EU and UK,Chiarezza sugli standard in vigore in UE e Regno Unito,Clarté sur les normes en vigueur dans l'UE et au Royaume-Uni,Klarheit über die geltenden Normen in der EU und im Vereinigten Königreich,Claridad sobre las normas vigentes en la UE y el Reino Unido
standards.buckets.standards.title,"EN, UKCA & ANSI Standards","Standard EN, UKCA e ANSI","Normes EN, UKCA et ANSI","EN-, UKCA- und ANSI-Normen","Normas EN, UKCA y ANSI"
standards.cards.learnMore,Learn more,Scopri di più,En savoir plus,Mehr erfahren,Saber más
standards.categories.navTitle,Categories,Categorie,Catégories,Kategorien,Categorías
standards.categoriesIntro.badge,Category Overview,Standard EN,Norme EN,EN-Norm,Norma EN
standards.categoriesIntro.description,"Explore the main PPE categories and learn which standards, tests and requirements apply to each area. Choose a category below to dive into practical guidance, key standards and selection advice.","Esplora le principali categorie di DPI e scopri quali standard, prove e requisiti si applicano a ciascuna area. Seleziona una categoria qui sotto per entrare nelle guide pratiche, standard chiave e consigli di scelta.","Découvrez les principales catégories d'EPI et les normes, essais et exigences applicables à chaque domaine. Sélectionnez une catégorie ci-dessous pour accéder aux guides pratiques, aux normes clés et aux conseils de choix.","Entdecken Sie die wichtigsten PSA-Kategorien und erfahren Sie, welche Normen, Prüfungen und Anforderungen für jeden Bereich gelten. Wählen Sie unten eine Kategorie aus, um zu praktischen Leitfäden, wichtigen Normen und Auswahlempfehlungen zu gelangen.","Descubra las principales categorías de EPI y conozca qué normas, ensayos y requisitos se aplican a cada área. Seleccione una categoría a continuación para acceder a guías prácticas, normas clave y consejos de elección."
standards.categoriesIntro.title,Standards by Category,Standard per Categoria,Normes par catégorie,Normen nach Kategorie,Normas por categoría
standards.download,Download,Scarica,Télécharger,Herunterladen,Descargar
standards.downloads,Downloads,Download,Télécharger,Download,Descargar
standards.footerCta.badge,Keep up to date,Aggiornamenti,Mises à jour,Aktualisierungen,Actualizaciones
standards.footerCta.buttons.blog,Hand Line Insights,Hand Line Insights,Hand Line Insights,Hand Line Insights,Hand Line Insights
standards.footerCta.buttons.contact,Contact Us,Contattaci,Contactez-nous,Kontaktieren Sie uns,Contáctenos
standards.footerCta.text,"PPE Regulation is constantly in motion and can be difficult to navigate. We have started a section in our Hand Line Insights Blog dedicated to compliance and regulation updates. You have more questions or want to discuss further, we are one click away.",Le normative sui DPI sono in continua evoluzione e possono essere difficili da navigare. Abbiamo creato una sezione dedicata del nostro blog Hand Line Insights con aggiornamenti su conformità e regolamentazione. Hai altre domande o vuoi approfondire temi specifici? Siamo a un clic di distanza.,La réglementation relative aux EPI évolue constamment et peut être difficile à appréhender. Nous avons créé une section dédiée de notre blog Hand Line Insights avec des mises à jour sur la conformité et la réglementation. Vous avez d'autres questions ou souhaitez approfondir des sujets spécifiques ? Nous sommes à un clic de distance.,PSA-Vorschriften entwickeln sich ständig weiter und können schwer zu überblicken sein. Wir haben einen eigenen Bereich unseres Blogs Hand Line Insights mit Updates zu Konformität und Regulierung eingerichtet. Haben Sie weitere Fragen oder möchten Sie bestimmte Themen vertiefen? Wir sind nur einen Klick entfernt.,La normativa sobre EPI evoluciona constantemente y puede resultar difícil de seguir. Hemos creado una sección dedicada de nuestro blog Hand Line Insights con actualizaciones sobre cumplimiento normativo y regulación. ¿Tiene más preguntas o desea profundizar en temas específicos? Estamos a solo un clic de distancia.
standards.footerCta.title,Stay in touch for the latest updates,Resta in contatto per gli ultimi aggiornamenti,Restez en contact pour les dernières mises à jour,"Bleiben Sie in Kontakt, um die neuesten Aktualisierungen zu erhalten",Manténgase en contacto para recibir las últimas actualizaciones
standards.grid.badge,Safety Standards,Standard di Sicurezza,Normes de sécurité,Sicherheitsnormen,Normas de seguridad
standards.grid.clearFilters,Clear Filters,Cancella Filtri,Effacer les filtres,Filter löschen,Borrar filtros
standards.grid.description,"Browse our comprehensive collection of European safety standards, guides, and resources for personal protective equipment.","Sfoglia la nostra raccolta di standard europei, guide e risorse per i dispositivi di protezione individuale.","Parcourez notre collection de normes européennes, guides et ressources pour les équipements de protection individuelle.","Durchstöbern Sie unsere Sammlung europäischer Normen, Leitfäden und Ressourcen für persönliche Schutzausrüstungen.","Explore nuestra colección de normas europeas, guías y recursos para equipos de protección individual."
standards.grid.filterByCategory,Filter by Category,Filtra per Categoria,Filtrer par catégorie,Nach Kategorie filtern,Filtrar por categoría
standards.grid.noStandards,No standards found,Nessuno standard trovato,Aucune norme trouvée,Keine Norm gefunden,No se ha encontrado ninguna norma
standards.grid.noStandardsDescription,Try adjusting your search or filter criteria,Prova a modificare i criteri di ricerca o filtro,Essayez de modifier les critères de recherche ou de filtrage,"Versuchen Sie, die Such- oder Filterkriterien zu ändern",Intenta modificar los criterios de búsqueda o filtro
standards.grid.searchPlaceholder,Search standards by code or keyword...,Cerca standard per codice o parola chiave...,Rechercher des normes par code ou mot-clé...,Normen nach Code oder Stichwort suchen...,Buscar normas por código o palabra clave...
standards.grid.showing,Showing,Mostrando,Affichage,Anzeige,Mostrando
standards.grid.standards,standards,standard,norme,Norm,norma
standards.grid.title,European Standards Library,Libreria Standard Europei,Bibliothèque des normes européennes,Bibliothek der europäischen Normen,Biblioteca de normas europeas
standards.hero.badge,Standards and Regulations,Standard e Regolamenti,Normes et réglementations,Normen und Vorschriften,Normas y reglamentos
standards.hero.buttons.contact,Contact us,Contattaci,Contactez-nous,Kontaktieren Sie uns,Contáctenos
standards.hero.buttons.viewProducts,View products,Prodotti,Produits,Produkte,Productos
standards.hero.contactLine.after,and our team of PPE experts will assist you.,: il nostro team di esperti in DPI sarà a vostra disposizione., : notre équipe d'experts en EPI sera à votre disposition.,: Unser Team von PSA-Experten steht Ihnen zur Verfügung.,: nuestro equipo de expertos en EPI estará a su disposición.
standards.hero.contactLine.before,"For further guidance or specific enquiries, please","Per ulteriori indicazioni o richieste specifiche,","Pour toute indication complémentaire ou demande spécifique,",Für weitere Hinweise oder spezifische Anfragen,"Para obtener más indicaciones o solicitudes específicas,"
standards.hero.contactLine.linkText,contact us,contattateci,contactez-nous,kontaktieren Sie uns,contáctenos
standards.hero.description,Access comprehensive information on European safety standards that ensure our products meet the highest quality and safety requirements.,Accedi a informazioni complete sugli standard europei che garantiscono che i nostri prodotti soddisfino i massimi requisiti di qualità e sicurezza.,Accédez à des informations complètes sur les normes européennes qui garantissent que nos produits répondent aux exigences les plus élevées en matière de qualité et de sécurité.,"Erhalten Sie umfassende Informationen zu den europäischen Normen, die sicherstellen, dass unsere Produkte die höchsten Qualitäts- und Sicherheitsanforderungen erfüllen.",Acceda a información completa sobre las normas europeas que garantizan que nuestros productos cumplen los máximos requisitos de calidad y seguridad.
standards.hero.exploreStandards,Explore Standards,Esplora Standard,Découvrir les normes,Normen entdecken,Descubrir normas
standards.hero.important,The information provided in this hub is for guidance purposes only and it should never replace professional advice and independent evaluation.,Importante: le informazioni fornite in questo hub hanno solo scopo informativo e non sostituiscono in alcun caso consulenze professionali o valutazioni indipendenti.,Important : les informations fournies dans ce hub ont uniquement un but informatif et ne remplacent en aucun cas des conseils professionnels ou des évaluations indépendantes.,Wichtig: Die in diesem Hub bereitgestellten Informationen dienen ausschließlich zu Informationszwecken und ersetzen in keinem Fall eine professionelle Beratung oder unabhängige Bewertungen.,Importante: la información proporcionada en este hub tiene únicamente fines informativos y no sustituye en ningún caso el asesoramiento profesional ni las evaluaciones independientes.
standards.hero.intro,"Welcome to our PPE Standards Hub, where you can find clear guidance on safety standards and regulations relevant to personal protective equipment (PPE). Explore our detailed pages to understand which standards apply to each type of PPE, what they mean in practice, and how products are tested to ensure safety.","Benvenuti nel nostro Hub sugli Standard dei DPI, dove potrete trovare indicazioni chiare sugli standard di sicurezza e le normative relative ai dispositivi di protezione individuale (DPI). Esplorate le nostre pagine dettagliate per capire quali standard si applicano a ciascun tipo di DPI, cosa significano nella pratica e come i prodotti vengono testati per garantire la sicurezza.","Bienvenue sur notre Hub des normes EPI, où vous trouverez des indications claires sur les normes de sécurité et les réglementations relatives aux équipements de protection individuelle (EPI). Explorez nos pages détaillées pour comprendre quelles normes s'appliquent à chaque type d'EPI, ce qu'elles signifient en pratique et comment les produits sont testés pour garantir la sécurité.","Willkommen in unserem PSA-Normen-Hub, in dem Sie klare Hinweise zu Sicherheitsnormen und Vorschriften für persönliche Schutzausrüstung (PSA) finden. Entdecken Sie unsere ausführlichen Seiten, um zu verstehen, welche Normen für die jeweilige PSA-Art gelten, was sie in der Praxis bedeuten und wie die Produkte getestet werden, um die Sicherheit zu gewährleisten.","Bienvenido a nuestro Hub de Normas de EPI, donde encontrará indicaciones claras sobre las normas de seguridad y la normativa relativa a los equipos de protección individual (EPI). Explore nuestras páginas detalladas para entender qué normas se aplican a cada tipo de EPI, qué significan en la práctica y cómo se prueban los productos para garantizar la seguridad."
standards.hero.learnAboutUs,Learn About Us,Scopri Chi Siamo,Découvrez qui nous sommes,Erfahren Sie mehr über uns,Descubre quiénes somos
standards.hero.stats.categories,15+,15+,15+,15+,15+
standards.hero.stats.categoriesLabel,Categories,Categorie,Catégories,Kategorien,Categorías
standards.hero.stats.guides,40+,40+,40+,40+,40+
standards.hero.stats.guidesLabel,Years Expertise,Anni di esperienza,Années d'expérience,Jahre Erfahrung,Años de experiencia
standards.hero.stats.resources,100%,100%,1,1,1
standards.hero.stats.resourcesLabel,Compliance,Conformità,Conformité,Konformität,Conformidad
standards.hero.stats.standards,50+,50+,50+,50+,50+
standards.hero.title,PPE Standards,Libreria Standard,Bibliothèque des normes,Normenbibliothek,Biblioteca de normas
standards.hero.titleAccent,Hub,DPI,EPI,PSA,EPI
standards.overview.badge,Overarching Regulation,Normativa di Riferimento,Réglementation de référence,Referenznormen,Normativa de referencia
standards.overview.subtitle,"Explore our comprehensive guide to PPE regulations, including UKCA, CE, and international standards, product categories, and conformity requirements. Understand which protective equipment meets legal safety standards and how to select the right PPE for your workplace.","Scopri la nostra guida completa alle normative sui DPI, inclusi gli standard UKCA, CE e internazionali, le categorie di prodotti e i requisiti di conformità. Comprendi quali dispositivi di protezione rispettano le norme di sicurezza e come scegliere i DPI più adatti per il tuo ambiente di lavoro","Découvrez notre guide complet des réglementations sur les EPI, incluant les normes UKCA, CE et internationales, les catégories de produits et les exigences de conformité. Comprenez quels équipements de protection respectent les normes de sécurité et comment choisir les EPI les plus adaptés à votre environnement de travail","Entdecken Sie unseren umfassenden Leitfaden zu den PSA-Vorschriften, einschließlich der UKCA-, CE- und internationalen Normen, der Produktkategorien und der Konformitätsanforderungen. Erfahren Sie, welche Schutzausrüstungen die Sicherheitsnormen erfüllen und wie Sie die passende PSA für Ihr Arbeitsumfeld auswählen","Descubra nuestra guía completa sobre la normativa de EPI, incluidas las normas UKCA, CE e internacionales, las categorías de productos y los requisitos de conformidad. Comprenda qué equipos de protección cumplen las normas de seguridad y cómo elegir los EPI más adecuados para su entorno de trabajo"
standards.overview.title,PPE Regulations Overview,Guida alle Normative sui DPI,Guide des réglementations sur les EPI,Leitfaden zu den PSA-Vorschriften,Guía sobre la normativa de EPI
standards.productDisclaimer.hero.badge,Important Information,Informazioni Importanti,Informations importantes,Wichtige Informationen,Información importante
standards.productDisclaimer.hero.description,Hand Line Company Srl strives to support customers with the right product and best-in-class expertise and knowledge. Our services and products must be met with employer/user rigour in selecting and utilising the PPE supplied.,Hand Line Company Srl si impegna a supportare i clienti con il prodotto giusto e con competenze e conoscenze di livello superiore. I nostri servizi e prodotti devono essere utilizzati con il necessario rigore da parte del datore di lavoro/operatore nella selezione e nell’impiego dei DPI forniti.,Hand Line Company Srl s'engage à accompagner ses clients avec le bon produit ainsi qu'avec des compétences et des connaissances de haut niveau. Nos services et produits doivent être utilisés avec la rigueur nécessaire par l'employeur/l'opérateur lors de la sélection et de l'utilisation des EPI fournis.,"Hand Line Company Srl setzt sich dafür ein, Kunden mit dem richtigen Produkt sowie mit erstklassigem Fachwissen und Kompetenz zu unterstützen. Unsere Dienstleistungen und Produkte müssen vom Arbeitgeber/Anwender mit der gebotenen Sorgfalt bei der Auswahl und Verwendung der bereitgestellten PSA eingesetzt werden.",Hand Line Company Srl se compromete a apoyar a los clientes con el producto adecuado y con competencias y conocimientos de primer nivel. Nuestros servicios y productos deben utilizarse con el rigor necesario por parte del empleador/operador en la selección y el uso de los EPI suministrados.
standards.productDisclaimer.hero.title,Product,Dichiarazione,Déclaration,Erklärung,Declaración
standards.productDisclaimer.hero.titleAccent,Disclaimer,Prodotto,Produit,Produkt,Producto
standards.productDisclaimer.sections.cutResistance.content,"While our personal protective equipment (PPE) is designed and certified in accordance with European regulations and standards, including Regulation (EU) 2016/425, no equipment can offer absolute or unlimited protection. Different types of PPE reduce specific hazards but do not eliminate the risk they are designed to mitigate. As non-exhaustive examples: cut, puncture, abrasion, tear, etc. resistance/protection reduce the risk of mechanical hazards but do not completely prevent or eliminate such risks, flame-resistant PPE lowers the risk of burns but does not prevent injury in all fire situations and are not 'fire-proof', cold-protective clothing mitigates frostbite but does not eliminate cold-related injury, chemical-resistant PPE reduce exposure risk but do not guarantee total protection against all substances, insulating gloves and mats reduce the risk of electrocution but cannot fully eliminate electrical hazards, radiation protective equipment mitigates certain radiation exposure risks but does not fully remove them. PPE should always be used as part of a comprehensive workplace safety system, which includes hazard control measures, training, supervision, and safe work procedures.","Sebbene i nostri DPI siano progettati e certificati in conformità alle normative e agli standard europei, incluso il Regolamento (UE) 2016/425, nessuna attrezzatura può offrire una protezione assoluta o illimitata. I diversi tipi di DPI riducono specifici rischi ma non eliminano completamente i pericoli che sono destinati a mitigare. A titolo di esempio non esaustivo: la resistenza/protezione al taglio, alla perforazione, all’abrasione, allo strappo, ecc. riduce il rischio di lesioni meccaniche ma non le previene o elimina completamente; i DPI resistenti alla fiamma riducono il rischio di ustioni ma non impediscono infortuni in tutte le situazioni di incendio e non sono “ignifughi”; l’abbigliamento protettivo contro il freddo riduce il rischio di congelamento ma non elimina le lesioni da freddo; i DPI resistenti agli agenti chimici riducono il rischio di esposizione ma non garantiscono una protezione totale contro tutte le sostanze; i guanti e i tappeti isolanti riducono il rischio di elettrocuzione ma non eliminano completamente i pericoli elettrici; i dispositivi di protezione dalle radiazioni mitigano alcuni rischi di esposizione ma non li eliminano completamente. I DPI devono essere sempre utilizzati come parte di un sistema completo di sicurezza sul lavoro, che includa misure di controllo dei rischi, formazione, supervisione e procedure di lavoro sicure.","Bien que nos EPI soient conçus et certifiés conformément aux réglementations et normes européennes, y compris le Règlement (UE) 2016/425, aucun équipement ne peut offrir une protection absolue ou illimitée. Les différents types d'EPI réduisent des risques spécifiques mais n'éliminent pas complètement les dangers qu'ils sont destinés à atténuer. À titre d'exemple non exhaustif : la résistance/protection à la coupure, à la perforation, à l'abrasion, à la déchirure, etc. réduit le risque de lésions mécaniques mais ne les prévient ni ne les élimine complètement ; les EPI résistants à la flamme réduisent le risque de brûlures mais n'empêchent pas les blessures dans toutes les situations d'incendie et ne sont pas « ignifuges » ; les vêtements de protection contre le froid réduisent le risque de gelure mais n'éliminent pas les lésions dues au froid ; les EPI résistants aux agents chimiques réduisent le risque d'exposition mais ne garantissent pas une protection totale contre toutes les substances ; les gants et tapis isolants réduisent le risque d'électrocution mais n'éliminent pas complètement les dangers électriques ; les dispositifs de protection contre les radiations atténuent certains risques d'exposition mais ne les éliminent pas complètement. Les EPI doivent toujours être utilisés dans le cadre d'un système complet de sécurité au travail, incluant des mesures de contrôle des risques, une formation, une supervision et des procédures de travail sûres.","Obwohl unsere PSA gemäß den europäischen Vorschriften und Normen, einschließlich der Verordnung (EU) 2016/425, entwickelt und zertifiziert werden, kann keine Ausrüstung einen absoluten oder unbegrenzten Schutz bieten. Die verschiedenen Arten von PSA verringern bestimmte Risiken, beseitigen jedoch nicht vollständig die Gefahren, die sie mindern sollen. Als nicht erschöpfendes Beispiel: Die Schnittfestigkeit/der Schnittschutz, der Schutz vor Durchstich, Abrieb, Weiterreißen usw. verringert das Risiko mechanischer Verletzungen, verhindert oder beseitigt diese jedoch nicht vollständig; flammfeste PSA verringert das Verbrennungsrisiko, verhindert jedoch nicht Verletzungen in allen Brandsituationen und ist nicht „feuerfest“; Kälteschutzkleidung verringert das Erfrierungsrisiko, beseitigt jedoch keine Kälteschäden; gegen Chemikalien beständige PSA verringert das Expositionsrisiko, garantiert jedoch keinen vollständigen Schutz gegen alle Stoffe; isolierende Handschuhe und Matten verringern das Risiko eines Stromschlags, beseitigen jedoch nicht vollständig die elektrischen Gefahren; Strahlenschutzgeräte mindern bestimmte Expositionsrisiken, beseitigen sie jedoch nicht vollständig. PSA muss stets als Teil eines umfassenden Arbeitssicherheitssystems eingesetzt werden, das Maßnahmen zur Risikokontrolle, Schulung, Aufsicht und sichere Arbeitsverfahren umfasst.","Aunque nuestros EPI están diseñados y certificados conforme a las normativas y estándares europeos, incluido el Reglamento (UE) 2016/425, ningún equipo puede ofrecer una protección absoluta o ilimitada. Los distintos tipos de EPI reducen riesgos específicos, pero no eliminan por completo los peligros que están destinados a mitigar. A modo de ejemplo no exhaustivo: la resistencia/protección al corte, a la perforación, a la abrasión, al desgarro, etc. reduce el riesgo de lesiones mecánicas, pero no las previene ni elimina por completo; los EPI resistentes a la llama reducen el riesgo de quemaduras, pero no impiden lesiones en todas las situaciones de incendio y no son «ignífugos»; la ropa de protección contra el frío reduce el riesgo de congelación, pero no elimina las lesiones por frío; los EPI resistentes a agentes químicos reducen el riesgo de exposición, pero no garantizan una protección total frente a todas las sustancias; los guantes y las alfombras aislantes reducen el riesgo de electrocución, pero no eliminan por completo los peligros eléctricos; los dispositivos de protección contra radiaciones mitigan algunos riesgos de exposición, pero no los eliminan por completo. Los EPI deben utilizarse siempre como parte de un sistema completo de seguridad laboral, que incluya medidas de control de riesgos, formación, supervisión y procedimientos de trabajo seguros."
standards.productDisclaimer.sections.cutResistance.title,Protection levels,Livelli di Protezione,Niveaux de protection,Schutzstufen,Niveles de protección
standards.productDisclaimer.sections.generalGuidelines.content,"Any alteration, repair, or modification of PPE invalidates the product's certification and immediately voids any warranty. Modified equipment cannot be guaranteed to meet the original performance standards and must not be used. Only genuine products, purchased through authorized channels, are covered by certification and warranty. Counterfeit or imitation products may not provide the required level of protection and must not be used. Hand Line Company Srl disclaims all warranties and declines any liability other than where expressly provided or arising from misuse of the PPE.","Qualsiasi alterazione, riparazione o modifica dei DPI invalida la certificazione del prodotto e annulla immediatamente ogni garanzia. I dispositivi modificati non possono essere garantiti come conformi ai livelli di prestazione originali e non devono essere utilizzati. Solo i prodotti originali, acquistati tramite canali autorizzati, sono coperti da certificazione e garanzia. I prodotti contraffatti o imitazioni possono non fornire il livello di protezione richiesto e non devono essere utilizzati. Hand Line Company Srl declina ogni garanzia e responsabilità salvo nei casi espressamente previsti o derivante da un uso improprio dei DPI.","Toute altération, réparation ou modification des EPI invalide la certification du produit et annule immédiatement toute garantie. Les dispositifs modifiés ne peuvent pas être garantis comme conformes aux niveaux de performance d'origine et ne doivent pas être utilisés. Seuls les produits originaux, achetés via des canaux autorisés, sont couverts par la certification et la garantie. Les produits contrefaits ou les imitations peuvent ne pas offrir le niveau de protection requis et ne doivent pas être utilisés. Hand Line Company Srl décline toute garantie et responsabilité, sauf dans les cas expressément prévus ou résultant d'une utilisation impropre des EPI.","Jede Veränderung, Reparatur oder Modifikation der PSA macht die Produktzertifizierung ungültig und hebt sofort jegliche Garantie auf. Bei veränderten Geräten kann nicht garantiert werden, dass sie den ursprünglichen Leistungsstufen entsprechen, und sie dürfen nicht verwendet werden. Nur Originalprodukte, die über autorisierte Kanäle erworben wurden, sind durch Zertifizierung und Garantie abgedeckt. Gefälschte Produkte oder Nachahmungen bieten möglicherweise nicht das erforderliche Schutzniveau und dürfen nicht verwendet werden. Hand Line Company Srl lehnt jede Garantie und Haftung ab, außer in ausdrücklich vorgesehenen Fällen oder bei einem unsachgemäßen Gebrauch der PSA.","Cualquier alteración, reparación o modificación de los EPI invalida la certificación del producto y anula inmediatamente cualquier garantía. Los dispositivos modificados no pueden garantizarse como conformes con los niveles de prestación originales y no deben utilizarse. Solo los productos originales, adquiridos a través de canales autorizados, están cubiertos por certificación y garantía. Los productos falsificados o las imitaciones pueden no ofrecer el nivel de protección requerido y no deben utilizarse. Hand Line Company Srl declina toda garantía y responsabilidad, salvo en los casos expresamente previstos o derivados de un uso indebido de los EPI."
standards.productDisclaimer.sections.generalGuidelines.title,PPE Modification & Counterfeit Products,Modifica dei DPI & Prodotti Contraffatti,Modification des EPI et produits contrefaits,Änderung von PSA & gefälschte Produkte,Modificación de los EPI y productos falsificados
standards.productDisclaimer.sections.heatResistance.content,"All PPE must be used strictly in line with the manufacturer's instructions and safety guidelines. Improper use, modification, or use outside the intended scope may reduce the level of protection and increase the risk of injury. Employers and users are responsible for ensuring correct fit and training in proper use, maintaining and storing PPE as instructed, and replacing equipment when damaged, worn, or beyond its service life. PPE should be thoroughly inspected before any use to ensure they present no visible defect or damage. PPE use should never and cannot replace caution and care in handling hazardous materials and/or operating in hazardous environments.","Tutti i DPI devono essere utilizzati esclusivamente in conformità alle istruzioni del produttore e alle linee guida sulla sicurezza. Un uso improprio, una modifica o un impiego al di fuori dell’ambito previsto possono ridurre il livello di protezione ed aumentare il rischio di infortuni. I datori di lavoro e gli utenti sono responsabili di garantire il corretto utilizzo, la formazione all’uso appropriato, la manutenzione e conservazione dei DPI come indicato, nonché la loro sostituzione quando danneggiati, usurati o giunti al termine della loro vita utile. I DPI devono essere accuratamente ispezionati prima di ogni utilizzo per assicurarsi che non presentino difetti o danni visibili. L’uso dei DPI non deve mai e non può sostituire la cautela e l’attenzione nella manipolazione di materiali pericolosi e/o nelle attività svolte in ambienti rischiosi.","Tous les EPI doivent être utilisés exclusivement conformément aux instructions du fabricant et aux directives de sécurité. Une utilisation inappropriée, une modification ou un emploi en dehors du cadre prévu peuvent réduire le niveau de protection et augmenter le risque de blessures. Les employeurs et les utilisateurs sont responsables de garantir une utilisation correcte, la formation à un usage approprié, l'entretien et la conservation des EPI comme indiqué, ainsi que leur remplacement en cas de dommage, d'usure ou en fin de vie utile. Les EPI doivent être soigneusement inspectés avant chaque utilisation afin de s'assurer qu'ils ne présentent aucun défaut ou dommage visible. L'utilisation des EPI ne doit jamais et ne peut jamais remplacer la prudence et l'attention lors de la manipulation de matériaux dangereux et/ou lors d'activités menées dans des environnements à risque.","Sämtliche PSA dürfen ausschließlich gemäß den Anweisungen des Herstellers und den Sicherheitsrichtlinien verwendet werden. Ein unsachgemäßer Gebrauch, eine Veränderung oder ein Einsatz außerhalb des vorgesehenen Anwendungsbereichs können das Schutzniveau verringern und das Verletzungsrisiko erhöhen. Arbeitgeber und Anwender sind dafür verantwortlich, den korrekten Gebrauch, die Schulung im richtigen Umgang, die Wartung und Aufbewahrung der PSA gemäß den Vorgaben sowie deren Austausch bei Beschädigung, Verschleiß oder Erreichen des Endes ihrer Nutzungsdauer sicherzustellen. Die PSA müssen vor jedem Gebrauch sorgfältig überprüft werden, um sicherzustellen, dass keine sichtbaren Mängel oder Schäden vorliegen. Der Gebrauch von PSA darf und kann niemals die Vorsicht und Aufmerksamkeit beim Umgang mit gefährlichen Materialien und/oder bei Tätigkeiten in gefährlichen Umgebungen ersetzen.","Todos los EPI deben utilizarse exclusivamente de conformidad con las instrucciones del fabricante y las directrices de seguridad. Un uso indebido, una modificación o un empleo fuera del ámbito previsto pueden reducir el nivel de protección y aumentar el riesgo de lesiones. Los empleadores y los usuarios son responsables de garantizar el uso correcto, la formación en el uso adecuado, el mantenimiento y la conservación de los EPI según lo indicado, así como su sustitución cuando estén dañados, desgastados o hayan llegado al final de su vida útil. Los EPI deben inspeccionarse cuidadosamente antes de cada uso para asegurarse de que no presenten defectos o daños visibles. El uso de los EPI nunca debe ni puede sustituir la cautela y la atención en la manipulación de materiales peligrosos y/o en las actividades realizadas en entornos de riesgo."
standards.productDisclaimer.sections.heatResistance.title,PPE Use,Utilizzo dei DPI,Utilisation des EPI,Verwendung der PSA,Uso de los EPI
standards.productDisclaimer.sections.usage.content,"All provided information is based upon our current knowledge and understanding of the subject matter. This information is offered solely as suggestion for use in making your own decisions or product choices. We reserve the right to revise this information as new knowledge, experience, or regulatory guidance becomes available. The correct choice of PPE depends on the hazards present in the workplace. It is the responsibility of the employer and/or user to, among other things, carry out a proper risk assessment, select the appropriate PPE for the specific task, and ensure compatibility with other protective equipment where relevant.","Tutte le informazioni fornite si basano sulle nostre attuali conoscenze e comprensione della materia. Queste informazioni sono offerte esclusivamente come suggerimenti a supporto delle vostre decisioni o scelte di prodotto. Ci riserviamo il diritto di aggiornare tali informazioni qualora diventino disponibili nuove conoscenze, esperienze o indicazioni normative. La scelta corretta dei DPI dipende dai rischi presenti sul luogo di lavoro. È responsabilità esclusiva del datore di lavoro e/o dell’utente, tra le altre cose, effettuare una corretta valutazione dei rischi, selezionare i DPI appropriati per lo specifico compito e garantire la compatibilità con altri dispositivi di protezione ove rilevante.","Toutes les informations fournies se basent sur nos connaissances actuelles et notre compréhension du sujet. Ces informations sont proposées exclusivement à titre de suggestions pour vous aider dans vos décisions ou choix de produits. Nous nous réservons le droit de mettre à jour ces informations si de nouvelles connaissances, expériences ou indications réglementaires venaient à être disponibles. Le choix correct des EPI dépend des risques présents sur le lieu de travail. Il incombe exclusivement à l'employeur et/ou à l'utilisateur, entre autres, d'effectuer une évaluation correcte des risques, de sélectionner les EPI appropriés pour la tâche spécifique et de garantir la compatibilité avec d'autres dispositifs de protection, le cas échéant.","Alle bereitgestellten Informationen beruhen auf unserem gegenwärtigen Wissensstand und Verständnis des Themas. Diese Informationen werden ausschließlich als Empfehlungen zur Unterstützung Ihrer Entscheidungen oder Produktauswahl angeboten. Wir behalten uns das Recht vor, diese Informationen zu aktualisieren, sobald neue Erkenntnisse, Erfahrungen oder gesetzliche Vorgaben verfügbar werden. Die richtige Wahl der PSA hängt von den am Arbeitsplatz vorhandenen Risiken ab. Es liegt in der alleinigen Verantwortung des Arbeitgebers und/oder des Anwenders, unter anderem eine korrekte Risikobewertung durchzuführen, die für die jeweilige Aufgabe geeignete PSA auszuwählen und, sofern relevant, die Kompatibilität mit anderen Schutzausrüstungen sicherzustellen.","Toda la información proporcionada se basa en nuestros conocimientos actuales y en la comprensión de la materia. Esta información se ofrece exclusivamente a modo de sugerencia para apoyar sus decisiones o elecciones de producto. Nos reservamos el derecho de actualizar dicha información en caso de que se disponga de nuevos conocimientos, experiencias o indicaciones normativas. La elección correcta de los EPI depende de los riesgos presentes en el lugar de trabajo. Es responsabilidad exclusiva del empleador y/o del usuario, entre otras cosas, llevar a cabo una correcta evaluación de riesgos, seleccionar los EPI adecuados para la tarea específica y garantizar la compatibilidad con otros dispositivos de protección cuando proceda."
standards.productDisclaimer.sections.usage.title,PPE Selection,Selezione dei DPI,Sélection des EPI,Auswahl der PSA,Selección de los EPI
standards.relatedStandards,Related Standards,Standard correlati,Normes connexes,Zugehörige Normen,Normas relacionadas
standards.viewStandard,View Standard,Vedi Standard,Voir la norme,Norm ansehen,Ver norma