source_table,record_id,slug,locale_field,english,italian,french,german,spanish
ppe_categories,7c329c88-eb36-4886-a1ec-1b1b2f50c00a,hand-and-arm-protection,title_locales,Hand and arm protection,Protezione di mani e braccia,Protection des mains et des bras,Hand- und Armschutz,Protección de las manos y los brazos
ppe_categories,7c329c88-eb36-4886-a1ec-1b1b2f50c00a,hand-and-arm-protection,summary_locales,"Glove standards for mechanical, cut and thermal risks; selection and markings. ","Norme per guanti contro rischi meccanici, da taglio e termici; scelta e marcature.","Normes relatives aux gants contre les risques mécaniques, de coupure et thermiques ; choix et marquages.","Normen für Handschuhe gegen mechanische, Schnitt- und thermische Risiken; Auswahl und Kennzeichnungen.","Normas para guantes contra riesgos mecánicos, de corte y térmicos; selección y marcados."
ppe_categories,11c78157-b966-466b-9836-d458979a976a,protezione-del-capo,title_locales,Head protection,Protezione del capo,Protection de la tête,Kopfschutz,Protección de la cabeza
ppe_categories,11c78157-b966-466b-9836-d458979a976a,protezione-del-capo,summary_locales,Key norms for head protection and PPE selection guide based on environment and risks.,Norme e livelli di protezione per testa e guida alla selezione dei DPI in base ad ambiente e rischi.,Normes et niveaux de protection pour la tête et guide de sélection des EPI en fonction de l'environnement et des risques.,Normen und Schutzstufen für den Kopf sowie Leitfaden zur Auswahl der PSA je nach Umgebung und Risiken.,Normas y niveles de protección para la cabeza y guía de selección de los EPI según el entorno y los riesgos.
ppe_categories,80998942-6686-4f48-9578-6a64719f6681,hearing-protection,title_locales,Hearing protection,Protezione delle vie uditive,Protection auditive,Gehörschutz,Protección auditiva
ppe_categories,80998942-6686-4f48-9578-6a64719f6681,hearing-protection,summary_locales,Guide on hearing protection norms and selection.,Guida alla selezione della protezione vie uditive.,Guide de sélection de la protection auditive.,Leitfaden zur Auswahl des Gehörschutzes.,Guía para la selección de la protección auditiva.
ppe_sections,1a2206fc-598c-4734-b63b-f9570b269740,new-1,title_locales,EN ISO 21420 - General requirements for protective gloves,EN ISO 21420 - Guanti di protezione - Requisiti generali e metodi di prova,EN ISO 21420 - Gants de protection - Exigences générales et méthodes d'essai,EN ISO 21420 - Schutzhandschuhe - Allgemeine Anforderungen und Prüfverfahren,EN ISO 21420 - Guantes de protección - Requisitos generales y métodos de ensayo
ppe_sections,1a2206fc-598c-4734-b63b-f9570b269740,new-1,intro_locales,"       
### What the Standard Covers

**EN ISO 21420** sets the *general requirements and test methods* for all protective gloves.  
It doesn’t define protection levels itself (that’s done by specific standards like **EN 388** or **EN 407**), but it ensures that every glove on the market meets **basic safety, comfort, and information requirements** before being tested for specific risks.

In short:  
> **EN ISO 21420 defines what every glove must meet to be safe, comfortable, trustworthy and correctly labelled. It’s the first step toward full CE certification for any glove type.**  


       

### Why It Matters When Choosing PPE

When you see **EN ISO 21420** on a glove, it means:

✅ The glove is made from **materials proven safe for skin contact**  
✅ It has been tested for **ergonomic comfort and fit**  
✅ Its **labelling and user information** are complete and reliable  
✅ It provides a **consistent reference** for all other EN glove standards  

This standard guarantees that every performance test (cut, heat, chemical, etc.) is carried out on a glove that already meets fundamental safety and quality rules.

.
### Key Requirements at a Glance

| Category | What It Covers | Why It Matters |
|-----------|----------------|----------------|
| **Innocuousness** | Materials must not harm the skin; pH, chromium VI, azo dyes, and nickel are checked. | Prevents allergic or toxic reactions. |
| **Comfort and Fit** | Glove sizing (from 5 to 12), dexterity tests, and water vapour transmission. | Ensures wearability and performance in real use. |
| **Cleaning Instructions** | The glove must not degrade or lose performance after washing (if washable). | Maintains safety after cleaning. |
| **Electrostatic Properties** | If relevant, gloves tested for static dissipation. | Important for electronics or explosive environments. |
| **Labelling and Information** | Clear manufacturer name, size, EN ISO 21420 pictogram, and instructions. | Helps users select and use gloves correctly. |

.
### Typical Glove Applications
",".

### Cosa Copre la Norma

**EN ISO 21420** definisce i *requisiti generali e i metodi di prova* per tutti i guanti di protezione.  
Non stabilisce di per sé i livelli di protezione (questo è compito di norme specifiche come **EN 388** o **EN 407**), ma garantisce che ogni guanto sul mercato rispetti **requisiti fondamentali di sicurezza, comfort e informazioni** prima di essere testato per rischi specifici.

In breve:  
> **EN ISO 21420 definisce ciò che ogni guanto deve rispettare per essere sicuro, confortevole, affidabile e correttamente etichettato. È il primo passo verso la completa certificazione CE per qualsiasi tipo di guanto.**

.

### Perché È Importante nella Scelta dei DPI

Quando vedi **EN ISO 21420** su un guanto, significa che:  

✅ Il guanto è realizzato con **materiali sicuri per il contatto con la pelle**  
✅ È stato testato per **comfort ergonomico e vestibilità**  
✅ La sua **etichettatura e le informazioni per l’utente** sono complete e affidabili  
✅ Fornisce un **riferimento coerente** per tutte le altre norme EN sui guanti  

Questa norma garantisce che ogni test di prestazione (taglio, calore, sostanze chimiche, ecc.) venga eseguito su un guanto che già rispetta regole fondamentali di sicurezza e qualità.

.

### Requisiti Chiave a Colpo d’Occhio

| Categoria | Cosa Copre | Perché È Importante |
|-----------|------------|------------------|
| **Innocuità** | I materiali non devono danneggiare la pelle; controllati pH, cromo VI, coloranti azoici e nichel. | Previene reazioni allergiche o tossiche. |
| **Comfort e Vestibilità** | Taglie del guanto (da 5 a 12), test di destrezza e trasmissione del vapore acqueo. | Garantisce portabilità e prestazioni in uso reale. |
| **Istruzioni di Pulizia** | Il guanto non deve degradarsi o perdere prestazioni dopo il lavaggio (se lavabile). | Mantiene la sicurezza dopo la pulizia. |
| **Proprietà Elettrostatiche** | Se rilevante, guanti testati per dissipazione statica. | Importante per ambienti elettronici o esplosivi. |
| **Etichettatura e Informazioni** | Nome chiaro del produttore, taglia, pittogramma EN ISO 21420 e istruzioni. | Aiuta l’utente a selezionare e usare correttamente i guanti. |

.

### Applicazioni Tipiche dei Guanti
",".

### Ce que couvre la norme

**EN ISO 21420** définit les *exigences générales et les méthodes d'essai* pour tous les gants de protection.  
Elle n'établit pas en soi les niveaux de protection (ce qui relève de normes spécifiques comme **EN 388** ou **EN 407**), mais garantit que chaque gant présent sur le marché respecte des **exigences fondamentales de sécurité, de confort et d'information** avant d'être testé pour des risques spécifiques.

En bref :  
> **La norme EN ISO 21420 définit ce que chaque gant doit respecter pour être sûr, confortable, fiable et correctement étiqueté. C'est la première étape vers la certification CE complète pour tout type de gant.**

.

### Pourquoi c'est important dans le choix des EPI

Lorsque vous voyez **EN ISO 21420** sur un gant, cela signifie que :  

✅ Le gant est fabriqué avec des **matériaux sûrs pour le contact avec la peau**  
✅ Il a été testé pour le **confort ergonomique et l'ajustement**  
✅ Son **étiquetage et les informations destinées à l'utilisateur** sont complets et fiables  
✅ Il fournit une **référence cohérente** pour toutes les autres normes EN relatives aux gants  

Cette norme garantit que chaque test de performance (coupure, chaleur, produits chimiques, etc.) est réalisé sur un gant qui respecte déjà des règles fondamentales de sécurité et de qualité.

.

### Exigences clés en un coup d'œil

| Catégorie | Ce qu'elle couvre | Pourquoi c'est important |
|-----------|------------|------------------|
| **Innocuité** | Les matériaux ne doivent pas endommager la peau ; contrôle du pH, du chrome VI, des colorants azoïques et du nickel. | Prévient les réactions allergiques ou toxiques. |
| **Confort et ajustement** | Tailles de gants (de 5 à 12), test de dextérité et transmission de la vapeur d'eau. | Garantit le port et les performances en conditions réelles. |
| **Instructions de nettoyage** | Le gant ne doit pas se dégrader ni perdre en performance après lavage (s'il est lavable). | Maintient la sécurité après le nettoyage. |
| **Propriétés électrostatiques** | Le cas échéant, gants testés pour la dissipation statique. | Important pour les environnements électroniques ou explosifs. |
| **Étiquetage et informations** | Nom clair du fabricant, taille, pictogramme EN ISO 21420 et instructions. | Aide l'utilisateur à choisir et à utiliser correctement les gants. |

.

### Applications typiques des gants
",".

### Was die Norm abdeckt

**EN ISO 21420** legt die *allgemeinen Anforderungen und Prüfverfahren* für alle Schutzhandschuhe fest.  
Sie legt an sich keine Schutzstufen fest (dies ist Aufgabe spezifischer Normen wie **EN 388** oder **EN 407**), stellt aber sicher, dass jeder auf dem Markt befindliche Handschuh **grundlegende Anforderungen an Sicherheit, Komfort und Information** erfüllt, bevor er auf spezifische Risiken geprüft wird.

Kurz gesagt:  
> **EN ISO 21420 legt fest, was jeder Handschuh erfüllen muss, um sicher, komfortabel, zuverlässig und korrekt gekennzeichnet zu sein. Es ist der erste Schritt zur vollständigen CE-Zertifizierung für jede Art von Handschuh.**

.

### Warum das bei der Auswahl der PSA wichtig ist

Wenn Sie **EN ISO 21420** auf einem Handschuh sehen, bedeutet das:  

✅ Der Handschuh besteht aus **Materialien, die für den Hautkontakt sicher sind**  
✅ Er wurde auf **ergonomischen Komfort und Passform** getestet  
✅ Seine **Kennzeichnung und Benutzerinformationen** sind vollständig und zuverlässig  
✅ Er bietet eine **einheitliche Referenz** für alle anderen EN-Normen für Handschuhe  

Diese Norm stellt sicher, dass jeder Leistungstest (Schnitt, Hitze, Chemikalien usw.) an einem Handschuh durchgeführt wird, der bereits grundlegende Sicherheits- und Qualitätsregeln erfüllt.

.

### Wichtigste Anforderungen auf einen Blick

| Kategorie | Was sie abdeckt | Warum es wichtig ist |
|-----------|------------|------------------|
| **Unschädlichkeit** | Die Materialien dürfen die Haut nicht schädigen; kontrolliert werden pH-Wert, Chrom VI, Azofarbstoffe und Nickel. | Verhindert allergische oder toxische Reaktionen. |
| **Komfort und Passform** | Handschuhgrößen (von 5 bis 12), Fingerfertigkeitstest und Wasserdampfdurchlässigkeit. | Gewährleistet Tragekomfort und Leistung im realen Einsatz. |
| **Reinigungsanweisungen** | Der Handschuh darf sich nach dem Waschen (falls waschbar) nicht verschlechtern oder an Leistung verlieren. | Erhält die Sicherheit nach der Reinigung. |
| **Elektrostatische Eigenschaften** | Falls relevant, auf statische Ableitung geprüfte Handschuhe. | Wichtig für elektronische oder explosionsgefährdete Umgebungen. |
| **Kennzeichnung und Informationen** | Klarer Herstellername, Größe, Piktogramm EN ISO 21420 und Anweisungen. | Hilft dem Anwender bei der richtigen Auswahl und Verwendung der Handschuhe. |

.

### Typische Anwendungen von Handschuhen
",".

### Qué cubre la norma

**EN ISO 21420** define los *requisitos generales y los métodos de ensayo* para todos los guantes de protección.  
No establece por sí misma los niveles de protección (esto corresponde a normas específicas como **EN 388** o **EN 407**), pero garantiza que cada guante presente en el mercado cumpla **requisitos fundamentales de seguridad, comodidad e información** antes de ser sometido a ensayos frente a riesgos específicos.

En resumen:  
> **La norma EN ISO 21420 define lo que cada guante debe cumplir para ser seguro, cómodo, fiable y estar correctamente etiquetado. Es el primer paso hacia la certificación CE completa para cualquier tipo de guante.**

.

### Por qué es importante en la elección de los EPI

Cuando ves **EN ISO 21420** en un guante, significa que:  

✅ El guante está fabricado con **materiales seguros para el contacto con la piel**  
✅ Ha sido probado en cuanto a **comodidad ergonómica y ajuste**  
✅ Su **etiquetado e información para el usuario** son completos y fiables  
✅ Proporciona una **referencia coherente** para todas las demás normas EN sobre guantes  

Esta norma garantiza que cada ensayo de rendimiento (corte, calor, sustancias químicas, etc.) se realice sobre un guante que ya cumple normas fundamentales de seguridad y calidad.

.

### Requisitos clave de un vistazo

| Categoría | Qué cubre | Por qué es importante |
|-----------|------------|------------------|
| **Inocuidad** | Los materiales no deben dañar la piel; se controlan el pH, el cromo VI, los colorantes azoicos y el níquel. | Previene reacciones alérgicas o tóxicas. |
| **Comodidad y ajuste** | Tallas de guante (de 5 a 12), prueba de destreza y transmisión del vapor de agua. | Garantiza la usabilidad y el rendimiento en condiciones reales. |
| **Instrucciones de limpieza** | El guante no debe degradarse ni perder prestaciones tras el lavado (si es lavable). | Mantiene la seguridad después de la limpieza. |
| **Propiedades electrostáticas** | Si procede, guantes probados para la disipación estática. | Importante en entornos electrónicos o explosivos. |
| **Etiquetado e información** | Nombre claro del fabricante, talla, pictograma EN ISO 21420 e instrucciones. | Ayuda al usuario a elegir y usar correctamente los guantes. |

.

### Aplicaciones típicas de los guantes
"
ppe_sections,1a2206fc-598c-4734-b63b-f9570b269740,new-1,bullets_locales,"[""General handling and industrial work "",""Gloves certified under any EN protection category (mechanical, thermal, chemical, etc.)"",""General handling and industrial work""]","[""Lavori generici di manipolazione e attività industriali "",""Guanti certificati secondo qualsiasi categoria di protezione EN (meccanica, termica, chimica, ecc.)  "",""Lavori di manipolazione e attività industriali in generale""]","[""Travaux de manipulation généraux et activités industrielles"", ""Gants certifiés selon toute catégorie de protection EN (mécanique, thermique, chimique, etc.)"", ""Travaux de manipulation et activités industrielles en général""]","[""Allgemeine Handhabungsarbeiten und industrielle Tätigkeiten"", ""Nach jeder EN-Schutzkategorie zertifizierte Handschuhe (mechanisch, thermisch, chemisch usw.)"", ""Handhabungsarbeiten und industrielle Tätigkeiten im Allgemeinen""]","[""Trabajos genéricos de manipulación y actividades industriales"", ""Guantes certificados según cualquier categoría de protección EN (mecánica, térmica, química, etc.)"", ""Trabajos de manipulación y actividades industriales en general""]"
ppe_sections,8d1430a1-896f-46b4-837d-3fff02f9cdd4,new-3,title_locales,ANSI/ISEA 105-2016 - Cut resistance,ANSI/ISEA 105-2016 - Resistenza al taglio,ANSI/ISEA 105-2016 - Résistance à la coupure,ANSI/ISEA 105-2016 - Schnittfestigkeit,ANSI/ISEA 105-2016 - Resistencia al corte
ppe_sections,8d1430a1-896f-46b4-837d-3fff02f9cdd4,new-3,intro_locales,".

### Understanding Cut Protection Standards

Gloves are often tested for **cut resistance** using either the **European EN 388 ISO 13997 test** or the **American ANSI/ISEA 105 standard**. Both measure how well gloves resist cuts, but they differ in **method, scale, and interpretation**.

> Both systems tell you how strong a glove is against cutting hazards. EN 388 ISO uses a **straight blade under tension** and rates performance from A to F, while ANSI uses a **rotating circular blade** and assigns performance levels from 1 to 9. 

**Important:** Whilst both system measure glove cut resistance accurately, ANSI scale goes further and covers higher mechanical stress.

.

### Cut Level Comparison Table

| EN ISO   | Force (N)   | ANSI Level   | Cut Threshold (grams)   | Notes   |
|------------|------------|----------------|----------------------|-------|
| A | 2–5 N | A1 | 200–499 g | Minimal cut protection |
| B | 5–10 N | A2 | 500–999 g | Light cut protection |
| C | 10–15 N | A3 | 1000–1499 g | Medium cut protection |
| D | 15–22 N | A4 | 1500–2199 g | Moderate cut protection |
| E | 22–30 N | A5 | 2200–2999 g | High cut protection |
| F | 30+ N | A6 | 3000–3999 g | Very high cut protection |
| — | — | A7 | 4000–4999 g | Specialty/high-performance gloves |
| — | — | A8 | 5000–5999 g | Extreme protection |
| — | — | A9 | 6000+ g | Ultra/high-end protection |

",".

### Comprendere le Norme sulla Resistenza al Taglio

I guanti vengono spesso testati per la **resistenza al taglio** utilizzando due principali standard: il **test europeo EN 388 ISO 13997** e la **norma americana ANSI/ISEA 105**.  
Entrambi misurano quanto bene un guanto resiste ai tagli, ma differiscono per **metodo, scala e interpretazione**.

> Entrambi i sistemi indicano quanto un guanto sia resistente ai rischi di taglio. EN 388 ISO utilizza una **lama dritta sotto tensione** e classifica le prestazioni da A a F, mentre ANSI usa una **lama circolare rotante** e assegna livelli da 1 a 9.

**Importante:** Sebbene entrambi i sistemi misurino con precisione la resistenza al taglio dei guanti, la scala ANSI copre livelli di stress meccanico più elevati.

.

### Tabella di Confronto dei Livelli di Taglio

| Livello EN ISO | Forza (N) | Livello ANSI | Soglia di Taglio (grammi) | Note |
|----------------|------------|---------------|----------------------------|------|
| A | 2–5 N | A1 | 200–499 g | Protezione minima dal taglio |
| B | 5–10 N | A2 | 500–999 g | Protezione leggera |
| C | 10–15 N | A3 | 1000–1499 g | Protezione media |
| D | 15–22 N | A4 | 1500–2199 g | Protezione moderata |
| E | 22–30 N | A5 | 2200–2999 g | Alta protezione |
| F | 30+ N | A6 | 3000–3999 g | Protezione molto alta |
| — | — | A7 | 4000–4999 g | Guanti speciali / alte prestazioni |
| — | — | A8 | 5000–5999 g | Protezione estrema |
| — | — | A9 | 6000+ g | Protezione ultra / di fascia alta |
",".

### Comprendre les Normes de Résistance à la Coupure

Les gants sont souvent testés pour la **résistance à la coupure** à l'aide de deux normes principales : le **test européen EN 388 ISO 13997** et la **norme américaine ANSI/ISEA 105**.  
Les deux mesurent la capacité d'un gant à résister aux coupures, mais diffèrent par **méthode, échelle et interprétation**.

> Les deux systèmes indiquent le niveau de résistance d'un gant aux risques de coupure. EN 388 ISO utilise une **lame droite sous tension** et classe les performances de A à F, tandis qu'ANSI utilise une **lame circulaire rotative** et attribue des niveaux de 1 à 9.

**Important :** Bien que les deux systèmes mesurent avec précision la résistance à la coupure des gants, l'échelle ANSI couvre des niveaux de contrainte mécanique plus élevés.

.

### Tableau Comparatif des Niveaux de Coupure

| Niveau EN ISO | Force (N) | Niveau ANSI | Seuil de Coupure (grammes) | Remarques |
|----------------|------------|---------------|----------------------------|------|
| A | 2–5 N | A1 | 200–499 g | Protection minimale contre la coupure |
| B | 5–10 N | A2 | 500–999 g | Protection légère |
| C | 10–15 N | A3 | 1000–1499 g | Protection moyenne |
| D | 15–22 N | A4 | 1500–2199 g | Protection modérée |
| E | 22–30 N | A5 | 2200–2999 g | Haute protection |
| F | 30+ N | A6 | 3000–3999 g | Protection très élevée |
| — | — | A7 | 4000–4999 g | Gants spéciaux / hautes performances |
| — | — | A8 | 5000–5999 g | Protection extrême |
| — | — | A9 | 6000+ g | Protection ultra / haut de gamme |
",".

### Die Normen zur Schnittfestigkeit verstehen

Handschuhe werden häufig auf ihre **Schnittfestigkeit** geprüft, wobei zwei Hauptnormen verwendet werden: der **europäische Test EN 388 ISO 13997** und die **amerikanische Norm ANSI/ISEA 105**.  
Beide messen, wie gut ein Handschuh Schnitten standhält, unterscheiden sich jedoch in **Methode, Skala und Auslegung**.

> Beide Systeme geben an, wie widerstandsfähig ein Handschuh gegenüber Schnittrisiken ist. EN 388 ISO verwendet eine **gerade Klinge unter Spannung** und klassifiziert die Leistung von A bis F, während ANSI eine **rotierende Rundklinge** verwendet und Stufen von 1 bis 9 vergibt.

**Wichtig:** Obwohl beide Systeme die Schnittfestigkeit von Handschuhen präzise messen, deckt die ANSI-Skala höhere mechanische Belastungsstufen ab.

.

### Vergleichstabelle der Schnittschutzstufen

| EN-ISO-Stufe | Kraft (N) | ANSI-Stufe | Schnittschwelle (Gramm) | Hinweise |
|----------------|------------|---------------|----------------------------|------|
| A | 2–5 N | A1 | 200–499 g | Minimaler Schnittschutz |
| B | 5–10 N | A2 | 500–999 g | Leichter Schutz |
| C | 10–15 N | A3 | 1000–1499 g | Mittlerer Schutz |
| D | 15–22 N | A4 | 1500–2199 g | Moderater Schutz |
| E | 22–30 N | A5 | 2200–2999 g | Hoher Schutz |
| F | 30+ N | A6 | 3000–3999 g | Sehr hoher Schutz |
| — | — | A7 | 4000–4999 g | Spezialhandschuhe / Hochleistung |
| — | — | A8 | 5000–5999 g | Extremer Schutz |
| — | — | A9 | 6000+ g | Ultra-/Premiumschutz |
",".

### Comprender las Normas de Resistencia al Corte

Los guantes suelen someterse a pruebas de **resistencia al corte** utilizando dos normas principales: el **ensayo europeo EN 388 ISO 13997** y la **norma estadounidense ANSI/ISEA 105**.  
Ambas miden lo bien que un guante resiste los cortes, pero difieren en **método, escala e interpretación**.

> Ambos sistemas indican el grado de resistencia de un guante frente a los riesgos de corte. EN 388 ISO utiliza una **cuchilla recta bajo tensión** y clasifica el rendimiento de A a F, mientras que ANSI utiliza una **cuchilla circular giratoria** y asigna niveles del 1 al 9.

**Importante:** Aunque ambos sistemas miden con precisión la resistencia al corte de los guantes, la escala ANSI cubre niveles de estrés mecánico más elevados.

.

### Tabla Comparativa de Niveles de Corte

| Nivel EN ISO | Fuerza (N) | Nivel ANSI | Umbral de Corte (gramos) | Notas |
|----------------|------------|---------------|----------------------------|------|
| A | 2–5 N | A1 | 200–499 g | Protección mínima frente al corte |
| B | 5–10 N | A2 | 500–999 g | Protección ligera |
| C | 10–15 N | A3 | 1000–1499 g | Protección media |
| D | 15–22 N | A4 | 1500–2199 g | Protección moderada |
| E | 22–30 N | A5 | 2200–2999 g | Alta protección |
| F | 30+ N | A6 | 3000–3999 g | Protección muy alta |
| — | — | A7 | 4000–4999 g | Guantes especiales / alto rendimiento |
| — | — | A8 | 5000–5999 g | Protección extrema |
| — | — | A9 | 6000+ g | Protección ultra / gama alta |
"
ppe_sections,8d1430a1-896f-46b4-837d-3fff02f9cdd4,new-3,bullets_locales,[],"""""","""""","""""",""""""
ppe_sections,bcaed282-348b-4285-a1db-c35750dd310b,new-5,title_locales,EN 407:2020 - Gloves against thermal risks,EN 407:2020 - Guanti contro rischi termici,EN 407:2020 - Gants contre les risques thermiques,EN 407:2020 - Handschuhe gegen thermische Risiken,EN 407:2020 - Guantes contra riesgos térmicos
ppe_sections,bcaed282-348b-4285-a1db-c35750dd310b,new-5,intro_locales,".
### What the Standard Covers

**EN 407:2020** is the key European standard for protection against **thermal hazards** in gloves.
It defines how gloves are tested and rated for resistance to Flame and contact heat, Convective heat, Radiant heat, and Small and large splashes of molten metal.

> Gloves marked EN 407 protect your hands from **burns, heat exposure, and molten metal splashes**.  
> Often combined with EN 388 for gloves that require **mechanical + thermal protection**.

.

### Why It Matters When Choosing PPE

When you see **EN 407:2020** on a glove, it means:

✅ The glove provides **tested protection against heat and flame hazards**  
✅ You can **match the performance level to the specific thermal risk** in your workplace  
✅ The glove has been **lab-tested for flame resistance, contact heat, radiant heat, convective heat, and molten metal**  
✅ It helps ensure **both safety and compliance** in industrial or laboratory environments  

.

### Key Test Areas and Performance Levels

| Test Type | Description | Performance Levels |
|-----------|------------|------------------|
| **Flammability** | Measures how quickly the glove ignites and stops burning. | 0–4 |
| **Contact Heat** | Measures time until pain threshold when touching a hot surface. | 0–4 |
| **Convective Heat** | Measures resistance to hot air or gas flow. | 0–4 |
| **Radiant Heat** | Measures resistance to heat radiated from flame or hot object. | 0–4 |
| **Molten Metal – Small Drops** | Resistance to splashes of small amounts of molten metal. | 0–4 |
| **Molten Metal – Large Splashes** | Resistance to splashes of larger amounts of molten metal. | 0–4 |

.

### Thresholds for Each Test and Performance Level

| Test Type | Level | Threshold / Criteria |
|-----------|-------|-------------------|
| **Flammability** | 0 | Ignites immediately or burns > 3 s |
|  | 1 | Burns ≤ 3 s |
|  | 2 | Burns ≤ 2 s |
|  | 3 | Burns ≤ 1.5 s |
|  | 4 | Burns ≤ 1 s |
| **Contact Heat** | 0 | ≤ 60°C (time to pain < 15 s) |
|  | 1 | 100°C ≥ 15 s |
|  | 2 | 250°C ≥ 15 s |
|  | 3 | 350°C ≥ 15 s |
|  | 4 | 500°C ≥ 15 s |
| **Convective Heat** | 0 | < 2 s |
|  | 1 | ≥ 2 s |
|  | 2 | ≥ 7 s |
|  | 3 | ≥ 20 s |
|  | 4 | ≥ 50 s |
| **Radiant Heat** | 0 | < 10 s |
|  | 1 | ≥ 10 s |
|  | 2 | ≥ 15 s |
|  | 3 | ≥ 20 s |
|  | 4 | ≥ 40 s |
| **Molten Metal – Small Drops** | 0 | 0 drops |
|  | 1 | 1–5 drops |
|  | 2 | 6–15 drops |
|  | 3 | 16–35 drops |
|  | 4 | ≥36 drops |
| **Molten Metal – Large Splashes** | 0 | < 15 g |
|  | 1 | 15–50 g |
|  | 2 | 51–100 g |
|  | 3 | 101–200 g |
|  | 4 | >200 g |

.

### Example of Marking

A glove meeting EN 407:2020 may be marked as:  EN 407:2020 4 3 4 3 3 3


| Position | Number | Meaning |
|----------|--------|---------|
| 1 | 4 | **Flammability** – highest flame resistance |
| 2 | 3 | **Contact Heat** – can withstand 350°C for ≥15 s |
| 3 | 4 | **Convective Heat** – can withstand hot air ≥50 s |
| 4 | 3 | **Radiant Heat** – can withstand radiant heat ≥20 s |
| 5 | 3 | **Molten Metal – Small Drops** – tolerates 16–35 drops |
| 6 | 3 | **Molten Metal – Large Splashes** – tolerates 101–200 g |

.

### Typical Applications
",".

### Cosa Copre la Norma

**EN 407:2020** è la principale norma europea per la protezione contro i **rischi termici** nei guanti di protezione.  
Definisce come i guanti vengono testati e classificati per la resistenza a **fiamma e calore da contatto, calore convettivo, calore radiante**, e **piccoli o grandi schizzi di metallo fuso**.

> I guanti marcati EN 407 proteggono le mani da **ustioni, esposizione al calore e schizzi di metallo fuso**.  
> Spesso sono combinati con la norma **EN 388** per offrire **protezione meccanica + termica**.

.

### Perché È Importante nella Scelta dei DPI

Quando trovi la marcatura **EN 407:2020** su un guanto, significa che:

✅ Il guanto offre **protezione testata contro i rischi di calore e fiamma**  
✅ Puoi **associare il livello di prestazione al tipo di rischio termico** presente nel tuo ambiente di lavoro  
✅ Il guanto è stato **testato in laboratorio per resistenza a fiamma, calore da contatto, calore radiante, calore convettivo e metallo fuso**  
✅ Garantisce **sicurezza e conformità** in ambienti industriali o di laboratorio  

.

### Aree di Prova e Livelli di Prestazione

| Tipo di Test | Descrizione | Livelli di Prestazione |
|--------------|-------------|------------------------|
| **Infiammabilità** | Misura quanto rapidamente il guanto si accende e smette di bruciare. | 0–4 |
| **Calore da Contatto** | Misura il tempo fino alla soglia di dolore al contatto con una superficie calda. | 0–4 |
| **Calore Convettivo** | Misura la resistenza al flusso di aria o gas caldo. | 0–4 |
| **Calore Radiante** | Misura la resistenza al calore irradiato da fiamme o superfici calde. | 0–4 |
| **Metallo Fuso – Piccole Gocce** | Resistenza a schizzi di piccole quantità di metallo fuso. | 0–4 |
| **Metallo Fuso – Grandi Schizzi** | Resistenza a schizzi di grandi quantità di metallo fuso. | 0–4 |

.

### Soglie di Prova per Ogni Livello di Prestazione

| Tipo di Test | Livello | Soglia / Criteri |
|---------------|---------|------------------|
| **Infiammabilità** | 0 | Si accende immediatamente o brucia > 3 s |
|  | 1 | Brucia ≤ 3 s |
|  | 2 | Brucia ≤ 2 s |
|  | 3 | Brucia ≤ 1,5 s |
|  | 4 | Brucia ≤ 1 s |
| **Calore da Contatto** | 0 | ≤ 60°C (tempo al dolore < 15 s) |
|  | 1 | 100°C ≥ 15 s |
|  | 2 | 250°C ≥ 15 s |
|  | 3 | 350°C ≥ 15 s |
|  | 4 | 500°C ≥ 15 s |
| **Calore Convettivo** | 0 | < 2 s |
|  | 1 | ≥ 2 s |
|  | 2 | ≥ 7 s |
|  | 3 | ≥ 20 s |
|  | 4 | ≥ 50 s |
| **Calore Radiante** | 0 | < 10 s |
|  | 1 | ≥ 10 s |
|  | 2 | ≥ 15 s |
|  | 3 | ≥ 20 s |
|  | 4 | ≥ 40 s |
| **Metallo Fuso – Piccole Gocce** | 0 | 0 gocce |
|  | 1 | 1–5 gocce |
|  | 2 | 6–15 gocce |
|  | 3 | 16–35 gocce |
|  | 4 | ≥36 gocce |
| **Metallo Fuso – Grandi Schizzi** | 0 | < 15 g |
|  | 1 | 15–50 g |
|  | 2 | 51–100 g |
|  | 3 | 101–200 g |
|  | 4 | >200 g |

.

### Esempio di Marcatura

Un guanto conforme alla **EN 407:2020** può riportare la marcatura: **EN 407:2020 4 3 4 3 3 3**

| Posizione | Numero | Significato |
|------------|---------|-------------|
| 1 | 4 | **Infiammabilità** – massima resistenza alla fiamma |
| 2 | 3 | **Calore da Contatto** – resiste a 350°C per ≥15 s |
| 3 | 4 | **Calore Convettivo** – resiste a flusso d’aria calda ≥50 s |
| 4 | 3 | **Calore Radiante** – resiste a calore irradiato ≥20 s |
| 5 | 3 | **Metallo Fuso – Piccole Gocce** – tollera 16–35 gocce |
| 6 | 3 | **Metallo Fuso – Grandi Schizzi** – tollera 101–200 g |

.

### Applicazioni Tipiche
",".

### Ce que couvre la norme

**EN 407:2020** est la principale norme européenne pour la protection contre les **risques thermiques** dans les gants de protection.  
Elle définit comment les gants sont testés et classés pour la résistance à la **flamme et à la chaleur de contact, la chaleur convective, la chaleur radiante**, et aux **petites ou grandes projections de métal en fusion**.

> Les gants marqués EN 407 protègent les mains contre les **brûlures, l'exposition à la chaleur et les projections de métal en fusion**.  
> Ils sont souvent combinés avec la norme **EN 388** pour offrir une **protection mécanique + thermique**.

.

### Pourquoi c'est important dans le choix des EPI

Lorsque vous trouvez le marquage **EN 407:2020** sur un gant, cela signifie que :

✅ Le gant offre une **protection testée contre les risques de chaleur et de flamme**  
✅ Vous pouvez **associer le niveau de performance au type de risque thermique** présent dans votre environnement de travail  
✅ Le gant a été **testé en laboratoire pour la résistance à la flamme, à la chaleur de contact, à la chaleur radiante, à la chaleur convective et au métal en fusion**  
✅ Il garantit **sécurité et conformité** dans les environnements industriels ou de laboratoire  

.

### Zones d'essai et niveaux de performance

| Type d'essai | Description | Niveaux de performance |
|--------------|-------------|------------------------|
| **Inflammabilité** | Mesure la rapidité avec laquelle le gant s'enflamme et cesse de brûler. | 0–4 |
| **Chaleur de contact** | Mesure le temps jusqu'au seuil de douleur au contact d'une surface chaude. | 0–4 |
| **Chaleur convective** | Mesure la résistance au flux d'air ou de gaz chaud. | 0–4 |
| **Chaleur radiante** | Mesure la résistance à la chaleur rayonnée par des flammes ou des surfaces chaudes. | 0–4 |
| **Métal en fusion – Petites gouttes** | Résistance aux projections de petites quantités de métal en fusion. | 0–4 |
| **Métal en fusion – Grandes projections** | Résistance aux projections de grandes quantités de métal en fusion. | 0–4 |

.

### Seuils d'essai pour chaque niveau de performance

| Type d'essai | Niveau | Seuil / Critères |
|---------------|---------|------------------|
| **Inflammabilité** | 0 | S'enflamme immédiatement ou brûle > 3 s |
|  | 1 | Brûle ≤ 3 s |
|  | 2 | Brûle ≤ 2 s |
|  | 3 | Brûle ≤ 1,5 s |
|  | 4 | Brûle ≤ 1 s |
| **Chaleur de contact** | 0 | ≤ 60°C (temps jusqu'à la douleur < 15 s) |
|  | 1 | 100°C ≥ 15 s |
|  | 2 | 250°C ≥ 15 s |
|  | 3 | 350°C ≥ 15 s |
|  | 4 | 500°C ≥ 15 s |
| **Chaleur convective** | 0 | < 2 s |
|  | 1 | ≥ 2 s |
|  | 2 | ≥ 7 s |
|  | 3 | ≥ 20 s |
|  | 4 | ≥ 50 s |
| **Chaleur radiante** | 0 | < 10 s |
|  | 1 | ≥ 10 s |
|  | 2 | ≥ 15 s |
|  | 3 | ≥ 20 s |
|  | 4 | ≥ 40 s |
| **Métal en fusion – Petites gouttes** | 0 | 0 goutte |
|  | 1 | 1–5 gouttes |
|  | 2 | 6–15 gouttes |
|  | 3 | 16–35 gouttes |
|  | 4 | ≥36 gouttes |
| **Métal en fusion – Grandes projections** | 0 | < 15 g |
|  | 1 | 15–50 g |
|  | 2 | 51–100 g |
|  | 3 | 101–200 g |
|  | 4 | >200 g |

.

### Exemple de marquage

Un gant conforme à la **EN 407:2020** peut porter le marquage : **EN 407:2020 4 3 4 3 3 3**

| Position | Numéro | Signification |
|------------|---------|-------------|
| 1 | 4 | **Inflammabilité** – résistance maximale à la flamme |
| 2 | 3 | **Chaleur de contact** – résiste à 350°C pendant ≥15 s |
| 3 | 4 | **Chaleur convective** – résiste à un flux d'air chaud ≥50 s |
| 4 | 3 | **Chaleur radiante** – résiste à la chaleur rayonnée ≥20 s |
| 5 | 3 | **Métal en fusion – Petites gouttes** – tolère 16–35 gouttes |
| 6 | 3 | **Métal en fusion – Grandes projections** – tolère 101–200 g |

.

### Applications typiques
",".

### Was die Norm abdeckt

**EN 407:2020** ist die wichtigste europäische Norm für den Schutz vor **thermischen Risiken** bei Schutzhandschuhen.  
Sie legt fest, wie Handschuhe auf Beständigkeit gegen **Flamme und Kontaktwärme, konvektive Wärme, Strahlungswärme** sowie **kleine oder große Spritzer von geschmolzenem Metall** getestet und klassifiziert werden.

> Mit EN 407 gekennzeichnete Handschuhe schützen die Hände vor **Verbrennungen, Wärmeeinwirkung und Spritzern von geschmolzenem Metall**.  
> Sie werden oft mit der Norm **EN 388** kombiniert, um **mechanischen + thermischen Schutz** zu bieten.

.

### Warum das bei der Wahl der PSA wichtig ist

Wenn Sie die Kennzeichnung **EN 407:2020** auf einem Handschuh finden, bedeutet das:

✅ Der Handschuh bietet **getesteten Schutz gegen Wärme- und Flammrisiken**  
✅ Sie können **das Leistungsniveau dem in Ihrer Arbeitsumgebung vorhandenen thermischen Risiko zuordnen**  
✅ Der Handschuh wurde **im Labor auf Beständigkeit gegen Flamme, Kontaktwärme, Strahlungswärme, konvektive Wärme und geschmolzenes Metall getestet**  
✅ Er gewährleistet **Sicherheit und Konformität** in industriellen Umgebungen oder Laborumgebungen  

.

### Prüfbereiche und Leistungsstufen

| Prüfart | Beschreibung | Leistungsstufen |
|--------------|-------------|------------------------|
| **Entflammbarkeit** | Misst, wie schnell sich der Handschuh entzündet und aufhört zu brennen. | 0–4 |
| **Kontaktwärme** | Misst die Zeit bis zur Schmerzschwelle bei Kontakt mit einer heißen Oberfläche. | 0–4 |
| **Konvektive Wärme** | Misst die Beständigkeit gegen heißen Luft- oder Gasstrom. | 0–4 |
| **Strahlungswärme** | Misst die Beständigkeit gegen von Flammen oder heißen Oberflächen abgestrahlte Wärme. | 0–4 |
| **Geschmolzenes Metall – Kleine Tropfen** | Beständigkeit gegen Spritzer kleiner Mengen geschmolzenen Metalls. | 0–4 |
| **Geschmolzenes Metall – Große Spritzer** | Beständigkeit gegen Spritzer großer Mengen geschmolzenen Metalls. | 0–4 |

.

### Prüfschwellen für jede Leistungsstufe

| Prüfart | Stufe | Schwelle / Kriterien |
|---------------|---------|------------------|
| **Entflammbarkeit** | 0 | Entzündet sich sofort oder brennt > 3 s |
|  | 1 | Brennt ≤ 3 s |
|  | 2 | Brennt ≤ 2 s |
|  | 3 | Brennt ≤ 1,5 s |
|  | 4 | Brennt ≤ 1 s |
| **Kontaktwärme** | 0 | ≤ 60°C (Zeit bis zum Schmerz < 15 s) |
|  | 1 | 100°C ≥ 15 s |
|  | 2 | 250°C ≥ 15 s |
|  | 3 | 350°C ≥ 15 s |
|  | 4 | 500°C ≥ 15 s |
| **Konvektive Wärme** | 0 | < 2 s |
|  | 1 | ≥ 2 s |
|  | 2 | ≥ 7 s |
|  | 3 | ≥ 20 s |
|  | 4 | ≥ 50 s |
| **Strahlungswärme** | 0 | < 10 s |
|  | 1 | ≥ 10 s |
|  | 2 | ≥ 15 s |
|  | 3 | ≥ 20 s |
|  | 4 | ≥ 40 s |
| **Geschmolzenes Metall – Kleine Tropfen** | 0 | 0 Tropfen |
|  | 1 | 1–5 Tropfen |
|  | 2 | 6–15 Tropfen |
|  | 3 | 16–35 Tropfen |
|  | 4 | ≥36 Tropfen |
| **Geschmolzenes Metall – Große Spritzer** | 0 | < 15 g |
|  | 1 | 15–50 g |
|  | 2 | 51–100 g |
|  | 3 | 101–200 g |
|  | 4 | >200 g |

.

### Beispiel für eine Kennzeichnung

Ein Handschuh, der der **EN 407:2020** entspricht, kann folgende Kennzeichnung tragen: **EN 407:2020 4 3 4 3 3 3**

| Position | Zahl | Bedeutung |
|------------|---------|-------------|
| 1 | 4 | **Entflammbarkeit** – maximale Flammbeständigkeit |
| 2 | 3 | **Kontaktwärme** – widersteht 350°C für ≥15 s |
| 3 | 4 | **Konvektive Wärme** – widersteht heißem Luftstrom ≥50 s |
| 4 | 3 | **Strahlungswärme** – widersteht abgestrahlter Wärme ≥20 s |
| 5 | 3 | **Geschmolzenes Metall – Kleine Tropfen** – erträgt 16–35 Tropfen |
| 6 | 3 | **Geschmolzenes Metall – Große Spritzer** – erträgt 101–200 g |

.

### Typische Anwendungen
",".

### Qué cubre la norma

**EN 407:2020** es la principal norma europea para la protección contra los **riesgos térmicos** en los guantes de protección.  
Define cómo se prueban y clasifican los guantes en cuanto a la resistencia a la **llama y al calor de contacto, el calor convectivo, el calor radiante**, y a **pequeñas o grandes salpicaduras de metal fundido**.

> Los guantes marcados con EN 407 protegen las manos contra **quemaduras, exposición al calor y salpicaduras de metal fundido**.  
> A menudo se combinan con la norma **EN 388** para ofrecer **protección mecánica + térmica**.

.

### Por qué es importante en la elección de los EPI

Cuando encuentras el marcado **EN 407:2020** en un guante, significa que:

✅ El guante ofrece **protección probada contra los riesgos de calor y llama**  
✅ Puedes **asociar el nivel de rendimiento al tipo de riesgo térmico** presente en tu entorno de trabajo  
✅ El guante ha sido **probado en laboratorio en cuanto a resistencia a la llama, el calor de contacto, el calor radiante, el calor convectivo y el metal fundido**  
✅ Garantiza **seguridad y conformidad** en entornos industriales o de laboratorio  

.

### Áreas de prueba y niveles de rendimiento

| Tipo de prueba | Descripción | Niveles de rendimiento |
|--------------|-------------|------------------------|
| **Inflamabilidad** | Mide la rapidez con la que el guante se enciende y deja de arder. | 0–4 |
| **Calor de contacto** | Mide el tiempo hasta el umbral de dolor al contacto con una superficie caliente. | 0–4 |
| **Calor convectivo** | Mide la resistencia al flujo de aire o gas caliente. | 0–4 |
| **Calor radiante** | Mide la resistencia al calor irradiado por llamas o superficies calientes. | 0–4 |
| **Metal fundido – Pequeñas gotas** | Resistencia a salpicaduras de pequeñas cantidades de metal fundido. | 0–4 |
| **Metal fundido – Grandes salpicaduras** | Resistencia a salpicaduras de grandes cantidades de metal fundido. | 0–4 |

.

### Umbrales de prueba para cada nivel de rendimiento

| Tipo de prueba | Nivel | Umbral / Criterios |
|---------------|---------|------------------|
| **Inflamabilidad** | 0 | Se enciende inmediatamente o arde > 3 s |
|  | 1 | Arde ≤ 3 s |
|  | 2 | Arde ≤ 2 s |
|  | 3 | Arde ≤ 1,5 s |
|  | 4 | Arde ≤ 1 s |
| **Calor de contacto** | 0 | ≤ 60°C (tiempo hasta el dolor < 15 s) |
|  | 1 | 100°C ≥ 15 s |
|  | 2 | 250°C ≥ 15 s |
|  | 3 | 350°C ≥ 15 s |
|  | 4 | 500°C ≥ 15 s |
| **Calor convectivo** | 0 | < 2 s |
|  | 1 | ≥ 2 s |
|  | 2 | ≥ 7 s |
|  | 3 | ≥ 20 s |
|  | 4 | ≥ 50 s |
| **Calor radiante** | 0 | < 10 s |
|  | 1 | ≥ 10 s |
|  | 2 | ≥ 15 s |
|  | 3 | ≥ 20 s |
|  | 4 | ≥ 40 s |
| **Metal fundido – Pequeñas gotas** | 0 | 0 gotas |
|  | 1 | 1–5 gotas |
|  | 2 | 6–15 gotas |
|  | 3 | 16–35 gotas |
|  | 4 | ≥36 gotas |
| **Metal fundido – Grandes salpicaduras** | 0 | < 15 g |
|  | 1 | 15–50 g |
|  | 2 | 51–100 g |
|  | 3 | 101–200 g |
|  | 4 | >200 g |

.

### Ejemplo de marcado

Un guante conforme a la **EN 407:2020** puede llevar el marcado: **EN 407:2020 4 3 4 3 3 3**

| Posición | Número | Significado |
|------------|---------|-------------|
| 1 | 4 | **Inflamabilidad** – máxima resistencia a la llama |
| 2 | 3 | **Calor de contacto** – resiste 350°C durante ≥15 s |
| 3 | 4 | **Calor convectivo** – resiste un flujo de aire caliente ≥50 s |
| 4 | 3 | **Calor radiante** – resiste el calor irradiado ≥20 s |
| 5 | 3 | **Metal fundido – Pequeñas gotas** – tolera 16–35 gotas |
| 6 | 3 | **Metal fundido – Grandes salpicaduras** – tolera 101–200 g |

.

### Aplicaciones típicas
"
ppe_sections,bcaed282-348b-4285-a1db-c35750dd310b,new-5,bullets_locales,"[""Welding and metalworking"",""Foundries and casting  "",""Glass handling and manufacturing"",""Laboratory work with hot chemicals or equipment  "",""Industrial processes with exposure to hot surfaces, flames, or molten metal ""]","[""Saldatura e lavorazioni metalliche"",""Industria pesante, del vetro e fonderie"",""Laboratori e test termici"",""Cucine industriali e forni"",""Manutenzione industriale""]","[""Soudage et travail des métaux"", ""Industrie lourde, du verre et fonderies"", ""Laboratoires et essais thermiques"", ""Cuisines industrielles et fours"", ""Maintenance industrielle""]","[""Schweißen und Metallbearbeitung"", ""Schwerindustrie, Glasindustrie und Gießereien"", ""Labore und thermische Tests"", ""Industrieküchen und Öfen"", ""Industriewartung""]","[""Soldadura y trabajo de metales"", ""Industria pesada, del vidrio y fundiciones"", ""Laboratorios y pruebas térmicas"", ""Cocinas industriales y hornos"", ""Mantenimiento industrial""]"
ppe_sections,477f5bfe-d334-44cd-9180-e74593be782d,new-7,title_locales, ,"""""","""""","""""",""""""
ppe_sections,477f5bfe-d334-44cd-9180-e74593be782d,new-7,intro_locales,"This section provides a clear, practical guide to the main international standards for hand protection — so you can make confident, informed choices when selecting your gloves:

🧤 **EN ISO 21420** — *General Requirements*

⚙️ **EN 388:2016+A1:2018** — *Mechanical Risks*

🪓 **ANSI/ISEA 105** — *Cut Resistance*

💥 **ANSI/ISEA 138** — *Impact Protection*

🔥 **EN 407:2020** — *Thermal Risks*

❄️ **EN 511:2006** — *Cold Risks*","Questa sezione offre una guida chiara e pratica alle principali norme internazionali per la protezione delle mani — per aiutarti a scegliere i guanti in modo consapevole e sicuro:

🧤 **EN ISO 21420** — Requisiti Generali

⚙️ **EN 388:2016+A1:2018** — Rischi Meccanici

🪓 **ANSI/ISEA 105** — Resistenza al Taglio

💥 **ANSI/ISEA 138** — Protezione da Impatto

🔥 **EN 407:2020** — Rischi Termici

❄️ **EN 511:2006** — Rischi da Freddo","Cette section offre un guide clair et pratique sur les principales normes internationales pour la protection des mains — pour vous aider à choisir vos gants de manière consciente et sûre :

🧤 **EN ISO 21420** — Exigences Générales

⚙️ **EN 388:2016+A1:2018** — Risques Mécaniques

🪓 **ANSI/ISEA 105** — Résistance à la Coupure

💥 **ANSI/ISEA 138** — Protection contre les Chocs

🔥 **EN 407:2020** — Risques Thermiques

❄️ **EN 511:2006** — Risques dus au Froid","Dieser Abschnitt bietet einen klaren und praktischen Leitfaden zu den wichtigsten internationalen Normen für den Handschutz — damit Sie Ihre Handschuhe bewusst und sicher auswählen können:

🧤 **EN ISO 21420** — Allgemeine Anforderungen

⚙️ **EN 388:2016+A1:2018** — Mechanische Risiken

🪓 **ANSI/ISEA 105** — Schnittfestigkeit

💥 **ANSI/ISEA 138** — Schutz vor Stößen

🔥 **EN 407:2020** — Thermische Risiken

❄️ **EN 511:2006** — Kälterisiken","Esta sección ofrece una guía clara y práctica sobre las principales normas internacionales para la protección de las manos — para ayudarte a elegir los guantes de forma consciente y segura:

🧤 **EN ISO 21420** — Requisitos Generales

⚙️ **EN 388:2016+A1:2018** — Riesgos Mecánicos

🪓 **ANSI/ISEA 105** — Resistencia al Corte

💥 **ANSI/ISEA 138** — Protección contra Impactos

🔥 **EN 407:2020** — Riesgos Térmicos

❄️ **EN 511:2006** — Riesgos por Frío"
ppe_sections,477f5bfe-d334-44cd-9180-e74593be782d,new-7,bullets_locales,[],"""""","""""","""""",""""""
ppe_sections,64348932-a01b-4ef6-bfac-e5ddf8da12e5,new-6,title_locales,EN 511:2006 - Gloves against cold,EN 511:2006 - Guanti contro il freddo,EN 511:2006 - Gants contre le froid,EN 511:2006 - Handschuhe gegen Kälte,EN 511:2006 - Guantes contra el frío
ppe_sections,64348932-a01b-4ef6-bfac-e5ddf8da12e5,new-6,intro_locales,".

### What the Standard Covers

**EN 511:2020** specifies requirements and test methods for gloves designed to protect against **convective and contact cold**, including gloves for wet or dry cold environments.  

> Gloves marked EN 511 reduce the **risk of cold injuries**, frostbite, and discomfort during work in low-temperature environments.

.

### Why It Matters When Choosing PPE

When you see **EN 511** on a glove, it means:  

✅ The glove has been **tested for cold protection in standardized lab conditions**  
✅ You can **compare gloves based on insulation and water resistance**  
✅ It helps ensure **worker safety and compliance** in cold industrial, outdoor, or refrigerated work environments  

.

### Key Test Areas and Performance Levels

| Test Type | Description | Performance Levels |
|-----------|------------|------------------|
| **Convective Cold Resistance** | Measures thermal insulation against cold air. | 0–4 |
| **Contact Cold Resistance** | Measures thermal insulation when touching cold surfaces. | 0–4 |
| **Water Penetration** | Measures resistance to water penetration over time. | 0–1 |

.

### Thresholds for Each Test and Performance Level

| Test Type | Level | Threshold / Criteria |
|-----------|-------|-------------------|
| **Convective Cold** | 0 | <0.10 m²·K/W (lowest insulation) |
|  | 1 | 0.10–0.19 m²·K/W |
|  | 2 | 0.20–0.29 m²·K/W |
|  | 3 | 0.30–0.39 m²·K/W |
|  | 4 | ≥0.40 m²·K/W (highest insulation) |
| **Contact Cold** | 0 | <5°C temperature rise after 30 s |
|  | 1 | 5–9°C temperature rise |
|  | 2 | 10–14°C temperature rise |
|  | 3 | 15–19°C temperature rise |
|  | 4 | ≥20°C temperature rise (best insulation) |
| **Water Penetration** | 0 | Glove allows water penetration within 30 min |
|  | 1 | No water penetration after 30 min |

.

### Example of Marking

A glove tested to EN 511 may be marked as: EN 511:2020: 3 4 1


| Position | Number | Meaning |
|----------|--------|---------|
| 1 | 3 | **Convective Cold** – good insulation against cold air |
| 2 | 4 | **Contact Cold** – highest protection when touching cold surfaces |
| 3 | 1 | **Water Penetration** – fully resistant to water for 30 minutes |

.

### Typical Applications
",".

### Cosa Copre la Norma

**EN 511:2020** specifica i requisiti e i metodi di prova per i guanti progettati per proteggere dal **freddo convettivo e da contatto**, inclusi quelli destinati ad ambienti **freddi, umidi o asciutti**.

> I guanti marcati EN 511 riducono il **rischio di lesioni da freddo, congelamento e disagio** durante il lavoro in ambienti a basse temperature.

.

### Perché È Importante nella Scelta dei DPI

Quando trovi la marcatura **EN 511** su un guanto, significa che:

✅ Il guanto è stato **testato per la protezione dal freddo in condizioni di laboratorio standardizzate**  
✅ Puoi **confrontare i guanti in base all’isolamento termico e alla resistenza all’acqua**  
✅ Garantisce **sicurezza e conformità** per chi lavora in ambienti freddi, all’aperto o in celle frigorifere  

.

### Aree di Prova e Livelli di Prestazione

| Tipo di Test | Descrizione | Livelli di Prestazione |
|--------------|-------------|------------------------|
| **Resistenza al Freddo Convettivo** | Misura l’isolamento termico contro l’aria fredda. | 0–4 |
| **Resistenza al Freddo da Contatto** | Misura l’isolamento quando si toccano superfici fredde. | 0–4 |
| **Penetrazione d’Acqua** | Misura la resistenza alla penetrazione dell’acqua nel tempo. | 0–1 |

.

### Soglie di Prova per Ogni Livello di Prestazione

| Tipo di Test | Livello | Soglia / Criteri |
|---------------|---------|------------------|
| **Freddo Convettivo** | 0 | <0,10 m²·K/W (isolamento minimo) |
|  | 1 | 0,10–0,19 m²·K/W |
|  | 2 | 0,20–0,29 m²·K/W |
|  | 3 | 0,30–0,39 m²·K/W |
|  | 4 | ≥0,40 m²·K/W (isolamento massimo) |
| **Freddo da Contatto** | 0 | Aumento di temperatura <5°C dopo 30 s |
|  | 1 | Aumento di temperatura 5–9°C |
|  | 2 | Aumento di temperatura 10–14°C |
|  | 3 | Aumento di temperatura 15–19°C |
|  | 4 | Aumento di temperatura ≥20°C (isolamento ottimale) |
| **Penetrazione d’Acqua** | 0 | Penetrazione d’acqua entro 30 min |
|  | 1 | Nessuna penetrazione d’acqua dopo 30 min |

.

### Esempio di Marcatura

Un guanto testato secondo la norma **EN 511:2020** può riportare la seguente marcatura:  
**EN 511:2020 3 4 1**

| Posizione | Numero | Significato |
|------------|---------|-------------|
| 1 | 3 | **Freddo Convettivo** – buon isolamento contro l’aria fredda |
| 2 | 4 | **Freddo da Contatto** – massima protezione al contatto con superfici fredde |
| 3 | 1 | **Penetrazione d’Acqua** – nessuna penetrazione entro 30 minuti |

.

### Applicazioni Tipiche
",".

### Ce que couvre la norme

**EN 511:2020** spécifie les exigences et les méthodes d'essai pour les gants conçus pour protéger contre le **froid convectif et de contact**, y compris ceux destinés à des environnements **froids, humides ou secs**.

> Les gants marqués EN 511 réduisent le **risque de lésions dues au froid, d'engelures et d'inconfort** lors du travail dans des environnements à basses températures.

.

### Pourquoi c'est important dans le choix des EPI

Lorsque vous trouvez le marquage **EN 511** sur un gant, cela signifie que :

✅ Le gant a été **testé pour la protection contre le froid dans des conditions de laboratoire normalisées**  
✅ Vous pouvez **comparer les gants en fonction de l'isolation thermique et de la résistance à l'eau**  
✅ Il garantit **sécurité et conformité** pour ceux qui travaillent dans des environnements froids, en extérieur ou en chambres froides  

.

### Zones d'essai et niveaux de performance

| Type de test | Description | Niveaux de performance |
|--------------|-------------|------------------------|
| **Résistance au froid convectif** | Mesure l'isolation thermique contre l'air froid. | 0–4 |
| **Résistance au froid de contact** | Mesure l'isolation lors du contact avec des surfaces froides. | 0–4 |
| **Pénétration d'eau** | Mesure la résistance à la pénétration de l'eau dans le temps. | 0–1 |

.

### Seuils d'essai pour chaque niveau de performance

| Type de test | Niveau | Seuil / Critères |
|---------------|---------|------------------|
| **Froid convectif** | 0 | <0,10 m²·K/W (isolation minimale) |
|  | 1 | 0,10–0,19 m²·K/W |
|  | 2 | 0,20–0,29 m²·K/W |
|  | 3 | 0,30–0,39 m²·K/W |
|  | 4 | ≥0,40 m²·K/W (isolation maximale) |
| **Froid de contact** | 0 | Augmentation de température <5°C après 30 s |
|  | 1 | Augmentation de température 5–9°C |
|  | 2 | Augmentation de température 10–14°C |
|  | 3 | Augmentation de température 15–19°C |
|  | 4 | Augmentation de température ≥20°C (isolation optimale) |
| **Pénétration d'eau** | 0 | Pénétration d'eau dans les 30 min |
|  | 1 | Aucune pénétration d'eau après 30 min |

.

### Exemple de marquage

Un gant testé selon la norme **EN 511:2020** peut porter le marquage suivant :  
**EN 511:2020 3 4 1**

| Position | Numéro | Signification |
|------------|---------|-------------|
| 1 | 3 | **Froid convectif** – bonne isolation contre l'air froid |
| 2 | 4 | **Froid de contact** – protection maximale au contact de surfaces froides |
| 3 | 1 | **Pénétration d'eau** – aucune pénétration en 30 minutes |

.

### Applications typiques
",".

### Was die Norm abdeckt

**EN 511:2020** legt die Anforderungen und Prüfmethoden für Handschuhe fest, die zum Schutz vor **konvektiver Kälte und Kontaktkälte** entwickelt wurden, einschließlich solcher, die für **kalte, feuchte oder trockene** Umgebungen bestimmt sind.

> Handschuhe mit der Kennzeichnung EN 511 verringern das **Risiko von Kälteverletzungen, Erfrierungen und Unbehagen** bei der Arbeit in Umgebungen mit niedrigen Temperaturen.

.

### Warum dies bei der Wahl der PSA wichtig ist

Wenn Sie die Kennzeichnung **EN 511** auf einem Handschuh finden, bedeutet dies, dass:

✅ Der Handschuh wurde **unter standardisierten Laborbedingungen auf Kälteschutz geprüft**  
✅ Sie können **Handschuhe anhand der Wärmedämmung und der Wasserbeständigkeit vergleichen**  
✅ Er gewährleistet **Sicherheit und Konformität** für alle, die in kalten Umgebungen, im Freien oder in Kühlräumen arbeiten  

.

### Prüfbereiche und Leistungsstufen

| Testart | Beschreibung | Leistungsstufen |
|--------------|-------------|------------------------|
| **Beständigkeit gegen konvektive Kälte** | Misst die Wärmedämmung gegen kalte Luft. | 0–4 |
| **Beständigkeit gegen Kontaktkälte** | Misst die Isolierung beim Berühren kalter Oberflächen. | 0–4 |
| **Wasserdurchdringung** | Misst die Beständigkeit gegen das Eindringen von Wasser über die Zeit. | 0–1 |

.

### Prüfschwellen für jede Leistungsstufe

| Testart | Stufe | Schwellenwert / Kriterien |
|---------------|---------|------------------|
| **Konvektive Kälte** | 0 | <0,10 m²·K/W (minimale Isolierung) |
|  | 1 | 0,10–0,19 m²·K/W |
|  | 2 | 0,20–0,29 m²·K/W |
|  | 3 | 0,30–0,39 m²·K/W |
|  | 4 | ≥0,40 m²·K/W (maximale Isolierung) |
| **Kontaktkälte** | 0 | Temperaturanstieg <5°C nach 30 s |
|  | 1 | Temperaturanstieg 5–9°C |
|  | 2 | Temperaturanstieg 10–14°C |
|  | 3 | Temperaturanstieg 15–19°C |
|  | 4 | Temperaturanstieg ≥20°C (optimale Isolierung) |
| **Wasserdurchdringung** | 0 | Wasserdurchdringung innerhalb von 30 Min. |
|  | 1 | Keine Wasserdurchdringung nach 30 Min. |

.

### Beispiel für eine Kennzeichnung

Ein nach der Norm **EN 511:2020** geprüfter Handschuh kann folgende Kennzeichnung tragen:  
**EN 511:2020 3 4 1**

| Position | Zahl | Bedeutung |
|------------|---------|-------------|
| 1 | 3 | **Konvektive Kälte** – gute Isolierung gegen kalte Luft |
| 2 | 4 | **Kontaktkälte** – maximaler Schutz bei Kontakt mit kalten Oberflächen |
| 3 | 1 | **Wasserdurchdringung** – keine Durchdringung innerhalb von 30 Minuten |

.

### Typische Anwendungen
",".

### Qué cubre la norma

**EN 511:2020** especifica los requisitos y los métodos de ensayo para los guantes diseñados para proteger contra el **frío convectivo y de contacto**, incluidos los destinados a entornos **fríos, húmedos o secos**.

> Los guantes marcados con EN 511 reducen el **riesgo de lesiones por frío, congelación e incomodidad** durante el trabajo en entornos con bajas temperaturas.

.

### Por qué es importante en la elección de los EPI

Cuando encuentras el marcado **EN 511** en un guante, significa que:

✅ El guante ha sido **probado para la protección contra el frío en condiciones de laboratorio estandarizadas**  
✅ Puedes **comparar los guantes según el aislamiento térmico y la resistencia al agua**  
✅ Garantiza **seguridad y conformidad** para quienes trabajan en entornos fríos, al aire libre o en cámaras frigoríficas  

.

### Áreas de ensayo y niveles de rendimiento

| Tipo de ensayo | Descripción | Niveles de rendimiento |
|--------------|-------------|------------------------|
| **Resistencia al frío convectivo** | Mide el aislamiento térmico frente al aire frío. | 0–4 |
| **Resistencia al frío de contacto** | Mide el aislamiento al tocar superficies frías. | 0–4 |
| **Penetración de agua** | Mide la resistencia a la penetración del agua a lo largo del tiempo. | 0–1 |

.

### Umbrales de ensayo para cada nivel de rendimiento

| Tipo de ensayo | Nivel | Umbral / Criterios |
|---------------|---------|------------------|
| **Frío convectivo** | 0 | <0,10 m²·K/W (aislamiento mínimo) |
|  | 1 | 0,10–0,19 m²·K/W |
|  | 2 | 0,20–0,29 m²·K/W |
|  | 3 | 0,30–0,39 m²·K/W |
|  | 4 | ≥0,40 m²·K/W (aislamiento máximo) |
| **Frío de contacto** | 0 | Aumento de temperatura <5°C tras 30 s |
|  | 1 | Aumento de temperatura 5–9°C |
|  | 2 | Aumento de temperatura 10–14°C |
|  | 3 | Aumento de temperatura 15–19°C |
|  | 4 | Aumento de temperatura ≥20°C (aislamiento óptimo) |
| **Penetración de agua** | 0 | Penetración de agua dentro de 30 min |
|  | 1 | Sin penetración de agua tras 30 min |

.

### Ejemplo de marcado

Un guante probado según la norma **EN 511:2020** puede llevar el siguiente marcado:  
**EN 511:2020 3 4 1**

| Posición | Número | Significado |
|------------|---------|-------------|
| 1 | 3 | **Frío convectivo** – buen aislamiento contra el aire frío |
| 2 | 4 | **Frío de contacto** – máxima protección al contacto con superficies frías |
| 3 | 1 | **Penetración de agua** – ninguna penetración en 30 minutos |

.

### Aplicaciones típicas
"
ppe_sections,64348932-a01b-4ef6-bfac-e5ddf8da12e5,new-6,bullets_locales,"[""Outdoor work in winter conditions  "",""Refrigerated warehouses and cold storage  "",""Freezing process industries (food, chemical, pharmaceutical)  "",""Transport, logistics, and cold chain handling  "",""Any industrial environment with prolonged exposure to cold or wet conditions ""]","[""Lavori in celle frigorifere o magazzini a freddo"",""Logistica e trasporti in ambienti freddi o invernali"",""Lavori all’aperto in condizioni climatiche rigide"",""Manutenzione o movimentazione di materiali refrigerati"",""Industrie alimentari o ittiche** – ambienti umidi e freddi""]","[""Travaux en chambres froides ou entrepôts frigorifiques"", ""Logistique et transports en environnements froids ou hivernaux"", ""Travaux en extérieur par conditions climatiques rigoureuses"", ""Maintenance ou manutention de matériaux réfrigérés"", ""Industries alimentaires ou de la pêche** – environnements humides et froids""]","[""Arbeiten in Kühlzellen oder Kühllagern"", ""Logistik und Transport in kalten oder winterlichen Umgebungen"", ""Arbeiten im Freien bei rauen Witterungsbedingungen"", ""Wartung oder Handhabung von gekühlten Materialien"", ""Lebensmittel- oder Fischereiindustrie** – feuchte und kalte Umgebungen""]","[""Trabajos en cámaras frigoríficas o almacenes refrigerados"", ""Logística y transporte en entornos fríos o invernales"", ""Trabajos al aire libre en condiciones climáticas rigurosas"", ""Mantenimiento o manipulación de materiales refrigerados"", ""Industrias alimentarias o pesqueras** – entornos húmedos y fríos""]"
ppe_sections,265dddce-a36c-4705-888b-9ec76b7f6bf5,new-1,title_locales, ,,"""""","""""",""""""
ppe_sections,265dddce-a36c-4705-888b-9ec76b7f6bf5,new-1,intro_locales,"Head protection PPE is designed to protect users from **impact, penetration, electrical hazards, and injuries caused by falling or moving objects**.

In the UK and Europe, head protection is regulated through harmonised standards that define performance requirements and testing methods. The most important standards are:

- **EN 397** – Industrial safety helmets for protection against falling objects and top impact  
- **EN 14052** – High-performance helmets with enhanced impact and penetration resistance, including side impacts  
- **EN 812** – Lightweight head protection for minor bumps and scrapes (not suitable for falling objects)  
- **EN 50365** – Helmets designed to protect against electrical hazards  
.

Choosing the correct standard is critical, as different types of head protection offer **very different levels of safety**. In particular, bump caps and safety helmets are often confused, despite being designed for completely different risk levels.

This guide explains each standard in detail to help you select the most appropriate head protection for your application.

## How to Choose the Right Head Protection Standard

Selecting the correct head protection depends on the specific risks present in the working environment:

- **Falling objects → EN 397**  
- **High impact or side impact risk → EN 14052**  
- **Minor bumps only → EN 812**  
- **Electrical hazards → EN 50365**  
- **Working at height → EN 12492**

Always base selection on a **risk assessment**, ensuring the chosen helmet meets the required level of protection for the task.","Questa guida fornisce una panoramica chiara e pratica sui caschi di sicurezza.
.
Gli elmetti di sicurezza devono essere conformi a specifiche norme europee che ne definiscono requisiti, prove e marcature.
Le principali norme sono:
DIN EN 397 – Elmetti di protezione per l’industria 
EN 812 – Caschi anti urto (bump cap)
EN 50365 – Elmetti isolanti elettrici per lavori sotto tensione 
EN 12492 – Caschi per lavori in quota / alpinismo industriale
","Ce guide offre un aperçu clair et pratique des casques de sécurité.
.
Les casques de sécurité doivent être conformes à des normes européennes spécifiques qui en définissent les exigences, les essais et les marquages.
Les principales normes sont :
DIN EN 397 – Casques de protection pour l'industrie 
EN 812 – Casques anti-heurt (bump cap)
EN 50365 – Casques isolants électriques pour les travaux sous tension 
EN 12492 – Casques pour travaux en hauteur / alpinisme industriel
","Dieser Leitfaden bietet einen klaren und praktischen Überblick über Schutzhelme.
.
Schutzhelme müssen bestimmten europäischen Normen entsprechen, die Anforderungen, Prüfungen und Kennzeichnungen festlegen.
Die wichtigsten Normen sind:
DIN EN 397 – Industrieschutzhelme 
EN 812 – Anstoßkappen (Bump Cap)
EN 50365 – Elektrisch isolierende Helme für Arbeiten unter Spannung 
EN 12492 – Helme für Höhenarbeiten / industrielles Bergsteigen
","Esta guía ofrece una visión clara y práctica sobre los cascos de seguridad.
.
Los cascos de seguridad deben cumplir con normas europeas específicas que definen sus requisitos, ensayos y marcados.
Las principales normas son:
DIN EN 397 – Cascos de protección para la industria 
EN 812 – Cascos antigolpes (bump cap)
EN 50365 – Cascos aislantes eléctricos para trabajos con tensión 
EN 12492 – Cascos para trabajos en altura / alpinismo industrial
"
ppe_sections,265dddce-a36c-4705-888b-9ec76b7f6bf5,new-1,bullets_locales,"""""",[],"""""","""""",""""""
ppe_sections,e1fafc85-62fb-48c0-afb6-85b9c05c8da7,new-3,title_locales,EN 14052: High Performance Industrial helments,"""""",EN 14052 : Casques industriels haute performance,EN 14052: Hochleistungs-Industriehelme,EN 14052: Cascos industriales de alto rendimiento
ppe_sections,e1fafc85-62fb-48c0-afb6-85b9c05c8da7,new-3,intro_locales,"**EN 14052** specifies helmets designed for **higher-risk environments** where standard industrial helmets may not provide sufficient protection.

### What it covers
- High-energy impacts  
- Falling and moving objects  
- Penetration (higher resistance than EN 397)  
- Lateral (side) impacts  

### Key differences vs EN 397
- Greater shock absorption  
- Improved penetration resistance  
- Mandatory side impact protection  

### Typical applications
- Heavy industry  
- High-risk construction  
- Environments with multi-directional hazards  

### Key insight
If there is a risk of **side impact**, EN 397 helmets may not provide adequate protection—EN 14052 should be considered.
","""""","**EN 14052** spécifie des casques conçus pour des **environnements à risque élevé** où les casques industriels standard peuvent ne pas offrir une protection suffisante.

### Ce qu'elle couvre
- Chocs à haute énergie  
- Chutes et objets en mouvement  
- Pénétration (résistance supérieure à EN 397)  
- Chocs latéraux  

### Principales différences par rapport à EN 397
- Meilleure absorption des chocs  
- Résistance à la pénétration améliorée  
- Protection contre les chocs latéraux obligatoire  

### Applications typiques
- Industrie lourde  
- Construction à haut risque  
- Environnements présentant des dangers multidirectionnels  

### Point clé
S'il existe un risque de **choc latéral**, les casques EN 397 peuvent ne pas offrir une protection adéquate—il convient d'envisager la norme EN 14052.
","**EN 14052** legt Helme fest, die für **Umgebungen mit höherem Risiko** entwickelt wurden, in denen Standard-Industriehelme möglicherweise keinen ausreichenden Schutz bieten.

### Was sie abdeckt
- Stöße mit hoher Energie  
- Herabfallende und sich bewegende Gegenstände  
- Durchdringung (höherer Widerstand als EN 397)  
- Seitliche Stöße  

### Wesentliche Unterschiede zu EN 397
- Höhere Stoßdämpfung  
- Verbesserter Durchdringungswiderstand  
- Verpflichtender Seitenaufprallschutz  

### Typische Anwendungen
- Schwerindustrie  
- Hochrisikobau  
- Umgebungen mit mehrdirektionalen Gefahren  

### Wichtiger Hinweis
Besteht ein Risiko eines **seitlichen Stoßes**, bieten EN 397-Helme möglicherweise keinen ausreichenden Schutz—in diesem Fall sollte EN 14052 in Betracht gezogen werden.
","**EN 14052** especifica cascos diseñados para **entornos de mayor riesgo** en los que los cascos industriales estándar pueden no ofrecer una protección suficiente.

### Qué cubre
- Impactos de alta energía  
- Objetos que caen o se mueven  
- Penetración (resistencia superior a la de EN 397)  
- Impactos laterales  

### Diferencias clave respecto a EN 397
- Mayor absorción de impactos  
- Resistencia a la penetración mejorada  
- Protección contra impactos laterales obligatoria  

### Aplicaciones típicas
- Industria pesada  
- Construcción de alto riesgo  
- Entornos con peligros multidireccionales  

### Idea clave
Si existe riesgo de **impacto lateral**, los cascos EN 397 pueden no ofrecer una protección adecuada; debería considerarse la norma EN 14052.
"
ppe_sections,e1fafc85-62fb-48c0-afb6-85b9c05c8da7,new-3,bullets_locales,[],"""""","""""","""""",""""""
ppe_sections,96dce74f-2122-4f3c-b7d1-39fc3f6038b8,new-1,title_locales,EN352: Hearing protection Standards,EN352: Protezione dell'udito,EN352 : Protection auditive,EN352: Gehörschutz,EN352: Protección auditiva
ppe_sections,96dce74f-2122-4f3c-b7d1-39fc3f6038b8,new-1,intro_locales,".

### What the Standard Covers

The **EN 352 series** defines the safety and performance requirements for **hearing protection devices** such as **earmuffs, earplugs, and communication protectors**.  
These standards ensure that hearing protectors effectively reduce noise exposure, are comfortable to wear for extended periods, and remain safe and durable in industrial use.

.

### Why It Matters When Choosing PPE

Exposure to excessive noise can lead to **irreversible hearing damage**.  
In many workplaces — such as construction sites, factories, and workshops — daily noise levels can exceed **85 dB(A)**, the threshold at which employers must take preventive action.  

Hearing protectors compliant with EN 352 guarantee that the equipment has been **tested for real protective performance**, enabling employers to select suitable devices for their environment and meet legal obligations under **Regulation (EU) 2016/425** on Personal Protective Equipment.

.

## The EN 352 Series

The EN 352 series is composed of several parts, each dedicated to a specific type of hearing protector or electronic function.

| Standard | Title | Description |
|-----------|--------|-------------|
| **EN 352-1** | Earmuffs | Passive earmuffs that cover the ear and create an acoustic seal against the head. |
| **EN 352-2** | Earplugs | Pre-moulded, banded, or roll-down plugs inserted into the ear canal. |
| **EN 352-3** | Helmet-mounted earmuffs | For earmuffs designed to attach directly to industrial safety helmets. |
| **EN 352-4** | Level-dependent earmuffs | Allow perception of ambient sounds at low levels while blocking hazardous noise peaks. |
| **EN 352-5** | Active noise reduction earmuffs | Include electronic systems that generate anti-phase sound to reduce continuous noise. |
| **EN 352-6** | Earmuffs with audio input | Earmuffs incorporating wired audio communication. |
| **EN 352-7** | Level-dependent earplugs | Same as EN 352-4 but for earplugs. |
| **EN 352-8** | Entertainment audio earmuffs | Allow music or audio playback while limiting maximum sound output. |
| **EN 352-9 / EN 352-10** | Wireless communication protectors | Cover Bluetooth or similar communication-enabled devices. |

All EN 352 standards require hearing protectors to be **effective, comfortable, and robust**, maintaining their protective qualities during normal use and cleaning.

.

## Understanding Attenuation Ratings

Unlike hand protection standards, hearing protectors do not have “performance levels.”  
Instead, they are assessed by **attenuation values** measured in **decibels (dB)**, which represent how much noise is reduced before reaching the ear.

The main indicators are:

- **SNR (Single Number Rating):**  
  Overall noise reduction value in dB, providing a general indication of protection.

- **HML Values:**  
  Separate attenuation values for **High (H)**, **Medium (M)**, and **Low (L)** frequencies.  
  Useful for selecting protectors that best match the noise profile of a workplace.

- **Octave Band Data:**  
  A detailed table showing attenuation at different frequencies (available in the product’s technical file).

> **Example:**  
> A protector marked “SNR 32 dB, H 34 M 29 L 23” reduces overall noise by 32 dB on average, providing strongest protection at high frequencies.

.

## Selecting the Right Hearing Protector

Selecting the correct protector involves more than choosing the highest SNR.  
The aim is to **reduce exposure to a safe level**, not to eliminate all sound.

Key factors include:
- The **measured noise level and frequency content** at the workplace  
- **Duration of exposure** during the shift  
- Compatibility with other PPE (helmets, visors, masks)  
- **Fit and comfort**, since poor fit drastically reduces protection  
- Avoiding **over-protection**, which can cause isolation or communication difficulties

> As a rule, effective selection should bring the daily noise exposure to between **70–80 dB(A)** at the ear.

",".
### Cosa Copre la Norma

La serie **EN 352** definisce i requisiti di sicurezza e prestazione per i **dispositivi di protezione dell’udito**, come **cuffie, tappi auricolari e dispositivi di protezione con comunicazione**.  
Queste norme garantiscono che i dispositivi di protezione dell’udito riducano efficacemente l’esposizione al rumore, siano confortevoli da indossare per periodi prolungati e rimangano sicuri e duraturi nell’uso industriale.

.

### Perché È Importante Scegliere il PPE Correttamente

L’esposizione a rumori eccessivi può provocare **danni uditivi irreversibili**.  
In molti ambienti di lavoro — come cantieri, fabbriche e officine — i livelli di rumore giornalieri possono superare gli **85 dB(A)**, soglia oltre la quale il datore di lavoro deve adottare misure preventive.  

I dispositivi di protezione dell’udito conformi alla norma EN 352 garantiscono che l’equipaggiamento sia stato **testato per le reali prestazioni protettive**, permettendo ai datori di lavoro di scegliere dispositivi adatti all’ambiente e rispettare gli obblighi legali secondo il **Regolamento (UE) 2016/425** sui Dispositivi di Protezione Individuale.

.

## La Serie EN 352

La serie EN 352 è composta da diverse parti, ognuna dedicata a un tipo specifico di dispositivo di protezione dell’udito o funzione elettronica.

| Norma | Titolo | Descrizione |
|-------|--------|-------------|
| **EN 352-1** | Cuffie | Cuffie passive che coprono l’orecchio e creano una sigillatura acustica con la testa. |
| **EN 352-2** | Tappi auricolari | Tappi preformati, a fascia o roll-down inseriti nel canale uditivo. |
| **EN 352-3** | Cuffie montate su casco | Cuffie progettate per essere fissate direttamente ai caschi di sicurezza industriali. |
| **EN 352-4** | Cuffie a attenuazione variabile | Permettono di percepire i suoni ambientali a basso livello, bloccando i picchi di rumore pericolosi. |
| **EN 352-5** | Cuffie con riduzione attiva del rumore | Comprendono sistemi elettronici che generano suono in controfase per ridurre il rumore continuo. |
| **EN 352-6** | Cuffie con ingresso audio | Cuffie che integrano comunicazione audio cablata. |
| **EN 352-7** | Tappi auricolari a attenuazione variabile | Stesso principio della EN 352-4 ma applicato ai tappi auricolari. |
| **EN 352-8** | Cuffie audio per intrattenimento | Permettono la riproduzione di musica o audio limitando il livello massimo di volume. |
| **EN 352-9 / EN 352-10** | Dispositivi di protezione con comunicazione wireless | Coprono dispositivi con comunicazione Bluetooth o simili. |

Tutte le norme EN 352 richiedono che i dispositivi di protezione dell’udito siano **efficaci, confortevoli e robusti**, mantenendo le loro proprietà protettive durante l’uso normale e la pulizia.

.

## Comprendere i Valori di Attenuazione

A differenza delle norme per la protezione delle mani, i dispositivi di protezione dell’udito non hanno “livelli di prestazione”.  
Vengono invece valutati tramite **valori di attenuazione**, misurati in **decibel (dB)**, che indicano quanto il rumore viene ridotto prima di raggiungere l’orecchio.

I principali indicatori sono:

- **SNR (Single Number Rating):**  
  Valore complessivo di riduzione del rumore in dB, che fornisce un’indicazione generale della protezione.

- **Valori HML:**  
  Attenuazione separata per **High (H)**, **Medium (M)** e **Low (L)** frequenze.  
  Utile per selezionare i dispositivi più adatti al profilo di rumore del luogo di lavoro.

- **Dati per bande di ottava:**  
  Tabella dettagliata che mostra l’attenuazione a diverse frequenze (disponibile nella scheda tecnica del prodotto).

> **Esempio:**  
> Un dispositivo marcato “SNR 32 dB, H 34 M 29 L 23” riduce il rumore complessivo di 32 dB in media, con protezione maggiore alle alte frequenze.

.

## Come Scegliere il Dispositivo di Protezione dell’Udito Giusto

La scelta del dispositivo corretto non consiste solo nel selezionare il SNR più alto.  
L’obiettivo è **ridurre l’esposizione a un livello sicuro**, non eliminare completamente i suoni.

Fattori chiave da considerare:
- Il **livello di rumore misurato e il contenuto in frequenze** del luogo di lavoro  
- **Durata dell’esposizione** durante il turno  
- Compatibilità con altri DPI (caschi, visiere, maschere)  
- **Vestibilità e comfort**, poiché una scarsa aderenza riduce drasticamente la protezione  
- Evitare la **sovraprotezione**, che può causare isolamento o difficoltà di comunicazione

> In generale, la scelta efficace dovrebbe portare l’esposizione giornaliera a valori compresi tra **70 e 80 dB(A)** all’orecchio.
",".
### Ce que couvre la norme

La série **EN 352** définit les exigences de sécurité et de performance pour les **dispositifs de protection auditive**, tels que les **casques antibruit, bouchons d'oreille et dispositifs de protection avec communication**.  
Ces normes garantissent que les dispositifs de protection auditive réduisent efficacement l'exposition au bruit, restent confortables à porter pendant des périodes prolongées et demeurent sûrs et durables en usage industriel.

.

### Pourquoi il est important de bien choisir les EPI

L'exposition à des bruits excessifs peut provoquer des **lésions auditives irréversibles**.  
Dans de nombreux environnements de travail — tels que les chantiers, les usines et les ateliers — les niveaux de bruit quotidiens peuvent dépasser **85 dB(A)**, seuil au-delà duquel l'employeur doit adopter des mesures préventives.  

Les dispositifs de protection auditive conformes à la norme EN 352 garantissent que l'équipement a été **testé pour ses performances de protection réelles**, permettant aux employeurs de choisir des dispositifs adaptés à l'environnement et de respecter les obligations légales prévues par le **Règlement (UE) 2016/425** relatif aux équipements de protection individuelle.

.

## La série EN 352

La série EN 352 se compose de plusieurs parties, chacune dédiée à un type spécifique de dispositif de protection auditive ou à une fonction électronique.

| Norme | Titre | Description |
|-------|--------|-------------|
| **EN 352-1** | Casques antibruit | Casques passifs qui couvrent l'oreille et créent une étanchéité acoustique avec la tête. |
| **EN 352-2** | Bouchons d'oreille | Bouchons préformés, à bande ou roulés, insérés dans le conduit auditif. |
| **EN 352-3** | Casques montés sur casque de sécurité | Casques antibruit conçus pour être fixés directement sur les casques de sécurité industriels. |
| **EN 352-4** | Casques à atténuation variable | Permettent de percevoir les sons ambiants de faible niveau tout en bloquant les pics de bruit dangereux. |
| **EN 352-5** | Casques à réduction active du bruit | Comprennent des systèmes électroniques qui génèrent un son en opposition de phase pour réduire le bruit continu. |
| **EN 352-6** | Casques avec entrée audio | Casques intégrant une communication audio filaire. |
| **EN 352-7** | Bouchons d'oreille à atténuation variable | Même principe que l'EN 352-4 mais appliqué aux bouchons d'oreille. |
| **EN 352-8** | Casques audio de divertissement | Permettent la reproduction de musique ou de son en limitant le niveau de volume maximal. |
| **EN 352-9 / EN 352-10** | Dispositifs de protection avec communication sans fil | Couvrent les dispositifs avec communication Bluetooth ou similaire. |

Toutes les normes EN 352 exigent que les dispositifs de protection auditive soient **efficaces, confortables et robustes**, tout en conservant leurs propriétés protectrices lors d'un usage normal et du nettoyage.

.

## Comprendre les valeurs d'atténuation

Contrairement aux normes relatives à la protection des mains, les dispositifs de protection auditive n'ont pas de « niveaux de performance ».  
Ils sont plutôt évalués au moyen de **valeurs d'atténuation**, mesurées en **décibels (dB)**, qui indiquent dans quelle mesure le bruit est réduit avant d'atteindre l'oreille.

Les principaux indicateurs sont :

- **SNR (Single Number Rating) :**  
  Valeur globale de réduction du bruit en dB, qui fournit une indication générale de la protection.

- **Valeurs HML :**  
  Atténuation séparée pour les fréquences **High (H)**, **Medium (M)** et **Low (L)**.  
  Utile pour sélectionner les dispositifs les plus adaptés au profil sonore du lieu de travail.

- **Données par bandes d'octave :**  
  Tableau détaillé indiquant l'atténuation à différentes fréquences (disponible dans la fiche technique du produit).

> **Exemple :**  
> Un dispositif marqué « SNR 32 dB, H 34 M 29 L 23 » réduit le bruit global de 32 dB en moyenne, avec une protection plus élevée aux hautes fréquences.

.

## Comment choisir le bon dispositif de protection auditive

Le choix du dispositif correct ne consiste pas seulement à sélectionner le SNR le plus élevé.  
L'objectif est de **réduire l'exposition à un niveau sûr**, et non d'éliminer totalement les sons.

Facteurs clés à prendre en compte :
- Le **niveau de bruit mesuré et le contenu en fréquences** du lieu de travail  
- **Durée de l'exposition** pendant le poste de travail  
- Compatibilité avec d'autres EPI (casques, visières, masques)  
- **Ajustement et confort**, car une mauvaise adhérence réduit considérablement la protection  
- Éviter la **surprotection**, qui peut provoquer un isolement ou des difficultés de communication

> D'une manière générale, un choix efficace devrait permettre de ramener l'exposition quotidienne à des valeurs comprises entre **70 et 80 dB(A)** au niveau de l'oreille.
",".
### Was die Norm abdeckt

Die Normenreihe **EN 352** legt die Sicherheits- und Leistungsanforderungen für **Gehörschutzgeräte** fest, wie **Kapselgehörschützer, Gehörschutzstöpsel und Gehörschutzgeräte mit Kommunikationsfunktion**.  
Diese Normen stellen sicher, dass Gehörschutzgeräte die Lärmexposition wirksam reduzieren, auch über längere Zeiträume hinweg angenehm zu tragen sind und im industriellen Einsatz sicher und langlebig bleiben.

.

### Warum die richtige Wahl der PSA wichtig ist

Die Exposition gegenüber übermäßigem Lärm kann **irreversible Hörschäden** verursachen.  
In vielen Arbeitsumgebungen — wie Baustellen, Fabriken und Werkstätten — können die täglichen Lärmpegel **85 dB(A)** überschreiten, ein Schwellenwert, ab dem der Arbeitgeber Präventivmaßnahmen ergreifen muss.  

Gehörschutzgeräte, die der Norm EN 352 entsprechen, garantieren, dass die Ausrüstung **auf ihre tatsächliche Schutzleistung geprüft wurde**, sodass Arbeitgeber für die jeweilige Umgebung geeignete Geräte auswählen und die gesetzlichen Pflichten gemäß der **Verordnung (EU) 2016/425** über persönliche Schutzausrüstungen einhalten können.

.

## Die Normenreihe EN 352

Die Normenreihe EN 352 besteht aus mehreren Teilen, von denen jeder einem bestimmten Typ von Gehörschutzgerät oder einer elektronischen Funktion gewidmet ist.

| Norm | Titel | Beschreibung |
|-------|--------|-------------|
| **EN 352-1** | Kapselgehörschützer | Passive Kapselgehörschützer, die das Ohr bedecken und eine akustische Abdichtung mit dem Kopf herstellen. |
| **EN 352-2** | Gehörschutzstöpsel | Vorgeformte, bügelverbundene oder roll-down Stöpsel, die in den Gehörgang eingeführt werden. |
| **EN 352-3** | Helmgebundene Kapselgehörschützer | Kapselgehörschützer, die zur direkten Befestigung an Industrieschutzhelmen konzipiert sind. |
| **EN 352-4** | Kapselgehörschützer mit pegelabhängiger Dämpfung | Ermöglichen die Wahrnehmung leiser Umgebungsgeräusche, während gefährliche Lärmspitzen blockiert werden. |
| **EN 352-5** | Kapselgehörschützer mit aktiver Lärmkompensation | Umfassen elektronische Systeme, die einen gegenphasigen Schall zur Reduzierung von Dauerlärm erzeugen. |
| **EN 352-6** | Kapselgehörschützer mit Audioeingang | Kapselgehörschützer mit integrierter kabelgebundener Audiokommunikation. |
| **EN 352-7** | Gehörschutzstöpsel mit pegelabhängiger Dämpfung | Gleiches Prinzip wie EN 352-4, jedoch auf Gehörschutzstöpsel angewendet. |
| **EN 352-8** | Audio-Kapselgehörschützer für Unterhaltungszwecke | Ermöglichen die Wiedergabe von Musik oder Audioinhalten bei Begrenzung der maximalen Lautstärke. |
| **EN 352-9 / EN 352-10** | Gehörschutzgeräte mit drahtloser Kommunikation | Umfassen Geräte mit Bluetooth- oder ähnlicher Kommunikation. |

Alle Normen der Reihe EN 352 verlangen, dass Gehörschutzgeräte **wirksam, komfortabel und robust** sind und ihre Schutzeigenschaften bei normalem Gebrauch und Reinigung beibehalten.

.

## Dämpfungswerte verstehen

Im Gegensatz zu den Normen für Handschutz verfügen Gehörschutzgeräte nicht über „Leistungsstufen“.  
Stattdessen werden sie anhand von **Dämpfungswerten** bewertet, gemessen in **Dezibel (dB)**, die angeben, in welchem Maß der Lärm reduziert wird, bevor er das Ohr erreicht.

Die wichtigsten Kennwerte sind:

- **SNR (Single Number Rating):**  
  Gesamtwert der Lärmreduzierung in dB, der einen allgemeinen Hinweis auf den Schutz liefert.

- **HML-Werte:**  
  Getrennte Dämpfung für **hohe (H)**, **mittlere (M)** und **tiefe (L)** Frequenzen.  
  Nützlich zur Auswahl der Geräte, die am besten zum Lärmprofil des Arbeitsplatzes passen.

- **Daten nach Oktavbändern:**  
  Detaillierte Tabelle, die die Dämpfung bei verschiedenen Frequenzen zeigt (im technischen Datenblatt des Produkts verfügbar).

> **Beispiel:**  
> Ein Gerät mit der Kennzeichnung „SNR 32 dB, H 34 M 29 L 23“ reduziert den Gesamtlärm im Durchschnitt um 32 dB, mit stärkerem Schutz bei hohen Frequenzen.

.

## So wählen Sie das richtige Gehörschutzgerät

Die Wahl des richtigen Geräts besteht nicht nur darin, den höchsten SNR-Wert auszuwählen.  
Ziel ist es, **die Exposition auf ein sicheres Niveau zu reduzieren**, nicht die Geräusche vollständig zu eliminieren.

Wichtige zu berücksichtigende Faktoren:
- Der **gemessene Lärmpegel und der Frequenzgehalt** des Arbeitsplatzes  
- **Dauer der Exposition** während der Schicht  
- Kompatibilität mit anderer PSA (Helme, Visiere, Masken)  
- **Passform und Komfort**, da eine schlechte Abdichtung den Schutz drastisch verringert  
- Vermeidung von **Überschutz**, der zu Isolation oder Kommunikationsschwierigkeiten führen kann

> Im Allgemeinen sollte eine wirksame Wahl die tägliche Exposition am Ohr auf Werte zwischen **70 und 80 dB(A)** senken.
",".
### Qué cubre la norma

La serie **EN 352** define los requisitos de seguridad y rendimiento para los **dispositivos de protección auditiva**, como **orejeras, tapones auditivos y dispositivos de protección con comunicación**.  
Estas normas garantizan que los dispositivos de protección auditiva reduzcan eficazmente la exposición al ruido, sean cómodos de llevar durante períodos prolongados y permanezcan seguros y duraderos en el uso industrial.

.

### Por qué es importante elegir correctamente el EPI

La exposición a ruidos excesivos puede provocar **daños auditivos irreversibles**.  
En muchos entornos de trabajo —como obras, fábricas y talleres— los niveles de ruido diarios pueden superar los **85 dB(A)**, umbral por encima del cual el empleador debe adoptar medidas preventivas.  

Los dispositivos de protección auditiva conformes a la norma EN 352 garantizan que el equipo haya sido **probado en cuanto a su rendimiento protector real**, permitiendo a los empleadores elegir dispositivos adecuados al entorno y cumplir con las obligaciones legales establecidas en el **Reglamento (UE) 2016/425** sobre Equipos de Protección Individual.

.

## La serie EN 352

La serie EN 352 está compuesta por varias partes, cada una dedicada a un tipo específico de dispositivo de protección auditiva o función electrónica.

| Norma | Título | Descripción |
|-------|--------|-------------|
| **EN 352-1** | Orejeras | Orejeras pasivas que cubren el oído y crean un sellado acústico con la cabeza. |
| **EN 352-2** | Tapones auditivos | Tapones preformados, con banda o roll-down, insertados en el conducto auditivo. |
| **EN 352-3** | Orejeras montadas en casco | Orejeras diseñadas para fijarse directamente a los cascos de seguridad industriales. |
| **EN 352-4** | Orejeras de atenuación variable | Permiten percibir los sonidos ambientales de bajo nivel, bloqueando los picos de ruido peligrosos. |
| **EN 352-5** | Orejeras con reducción activa de ruido | Incluyen sistemas electrónicos que generan sonido en contrafase para reducir el ruido continuo. |
| **EN 352-6** | Orejeras con entrada de audio | Orejeras que integran comunicación de audio por cable. |
| **EN 352-7** | Tapones auditivos de atenuación variable | Mismo principio que la EN 352-4 pero aplicado a los tapones auditivos. |
| **EN 352-8** | Orejeras de audio para entretenimiento | Permiten la reproducción de música o audio limitando el nivel máximo de volumen. |
| **EN 352-9 / EN 352-10** | Dispositivos de protección con comunicación inalámbrica | Cubren dispositivos con comunicación Bluetooth o similar. |

Todas las normas EN 352 exigen que los dispositivos de protección auditiva sean **eficaces, cómodos y robustos**, manteniendo sus propiedades protectoras durante el uso normal y la limpieza.

.

## Comprender los valores de atenuación

A diferencia de las normas para la protección de las manos, los dispositivos de protección auditiva no tienen «niveles de rendimiento».  
En cambio, se evalúan mediante **valores de atenuación**, medidos en **decibelios (dB)**, que indican en qué medida se reduce el ruido antes de llegar al oído.

Los principales indicadores son:

- **SNR (Single Number Rating):**  
  Valor global de reducción del ruido en dB, que ofrece una indicación general de la protección.

- **Valores HML:**  
  Atenuación separada para frecuencias **altas (H)**, **medias (M)** y **bajas (L)**.  
  Útil para seleccionar los dispositivos más adecuados al perfil de ruido del lugar de trabajo.

- **Datos por bandas de octava:**  
  Tabla detallada que muestra la atenuación a diferentes frecuencias (disponible en la ficha técnica del producto).

> **Ejemplo:**  
> Un dispositivo marcado «SNR 32 dB, H 34 M 29 L 23» reduce el ruido global en 32 dB de media, con mayor protección en las frecuencias altas.

.

## Cómo elegir el dispositivo de protección auditiva adecuado

La elección del dispositivo correcto no consiste solo en seleccionar el SNR más alto.  
El objetivo es **reducir la exposición a un nivel seguro**, no eliminar por completo los sonidos.

Factores clave a considerar:
- El **nivel de ruido medido y el contenido en frecuencias** del lugar de trabajo  
- **Duración de la exposición** durante el turno  
- Compatibilidad con otros EPI (cascos, viseras, mascarillas)  
- **Ajuste y comodidad**, ya que una adherencia deficiente reduce drásticamente la protección  
- Evitar la **sobreprotección**, que puede causar aislamiento o dificultades de comunicación

> En general, una elección eficaz debería llevar la exposición diaria a valores comprendidos entre **70 y 80 dB(A)** en el oído.
"
ppe_sections,96dce74f-2122-4f3c-b7d1-39fc3f6038b8,new-1,bullets_locales,[],"""""","""""","""""",""""""
ppe_sections,2452b5b7-e697-491f-9008-2466e9ed7145,new-4,title_locales,ANSI/ISEA 133 - Impact protection,ANSI/ISEA 133 - Protezione urti e impatto,ANSI/ISEA 133 - Protection contre les chocs et impacts,ANSI/ISEA 133 - Stoß- und Schlagschutz,ANSI/ISEA 133 - Protección contra golpes e impactos
ppe_sections,2452b5b7-e697-491f-9008-2466e9ed7145,new-4,intro_locales,".

### Understanding Impact Protection

**ANSI/ISEA 133-2020** is the American standard for **hand and finger impact protection** in gloves; it measures **actual force reduction** to your hand, not just padding thickness.  
It measures how well gloves protect against **blunt impact forces** from dropping objects, tools, or machinery.  

> If a glove meets ANSI 133, it has **impact-resistant padding or inserts** that reduce the force transmitted to your hands.

This standard is widely used in **construction, manufacturing, mining, and industrial maintenance**, where hands are exposed to potential impact hazards.

.

### Connection to EN 388:2016

- EN 388:2016 includes an **optional impact protection test** for gloves.  
- Gloves that **pass the EN 13594 impact test** are marked with **“P”** next to the EN 388 performance numbers, for example:  
.

# Performance Levels

| ANSI/ISEA Level | Max Transmitted Force (lbf) | EN 388:2016 Equivalent | Notes |
|-----------------|----------------------------|-----------------------|-------|
| 0 | >60 lbf | No “P” | No significant impact protection |
| 1 | 50–60 lbf | Optional “P” | Minimal impact protection |
| 2 | 40–49 lbf | Optional “P” | Light impact protection for general tasks |
| 3 | 30–39 lbf | Optional “P” | Moderate impact protection |
| 4 | ≤29 lbf | Optional “P” | High impact protection for heavy-duty tasks |

> **Note:**  Whilst ANSI/ISEA 133 provides **specific numeric thresholds** for transmitted force, **EN 388:2016 “P” marking indicates the glove **passed the impact test, but does not provide numeric force levels.**  

",".

### Comprendere la Protezione da Impatto

**ANSI/ISEA 133-2020** è la norma americana per la **protezione da impatto di mani e dita** nei guanti; misura la **riduzione effettiva della forza** trasmessa alla mano, non solo lo spessore dell’imbottitura.  
Valuta quanto efficacemente i guanti proteggono da **forze d’impatto contundenti** causate da caduta di oggetti, utensili o macchinari.

> Se un guanto è conforme alla ANSI 133, significa che dispone di **imbottiture o inserti antiurto** capaci di ridurre la forza trasmessa alla mano.

Questa norma è ampiamente utilizzata in **edilizia, manifattura, estrazione mineraria e manutenzione industriale**, dove le mani sono esposte a potenziali urti e impatti.

.

### Collegamento con EN 388:2016

- EN 388:2016 include un **test opzionale di protezione da impatto** per i guanti.  
- I guanti che **superano il test d’impatto EN 13594** sono contrassegnati con la lettera **“P”** accanto ai valori di prestazione EN 388, ad esempio:  

.

### Livelli di Prestazione

| Livello ANSI/ISEA | Forza Massima Trasmetta (lbf) | Equivalente EN 388:2016 | Note |
|--------------------|-------------------------------|--------------------------|------|
| 0 | >60 lbf | Nessuna “P” | Nessuna protezione da impatto significativa |
| 1 | 50–60 lbf | “P” opzionale | Protezione minima da impatto |
| 2 | 40–49 lbf | “P” opzionale | Protezione leggera per attività generali |
| 3 | 30–39 lbf | “P” opzionale | Protezione moderata |
| 4 | ≤29 lbf | “P” opzionale | Alta protezione da impatto per lavori gravosi |

> **Nota:** Sebbene la norma **ANSI/ISEA 133** fornisca **soglie numeriche specifiche** per la forza trasmessa, la marcatura **“P” di EN 388:2016** indica solo che il guanto **ha superato il test d’impatto**, senza specificare il valore numerico della forza.
",".

### Comprendre la Protection contre les Impacts

**ANSI/ISEA 133-2020** est la norme américaine relative à la **protection contre les impacts au niveau des mains et des doigts** dans les gants ; elle mesure la **réduction effective de la force** transmise à la main, et non seulement l'épaisseur du rembourrage.  
Elle évalue l'efficacité avec laquelle les gants protègent contre les **forces d'impact contondantes** causées par la chute d'objets, d'outils ou de machines.

> Si un gant est conforme à la norme ANSI 133, cela signifie qu'il dispose de **rembourrages ou d'inserts anti-chocs** capables de réduire la force transmise à la main.

Cette norme est largement utilisée dans le **bâtiment, l'industrie manufacturière, l'extraction minière et la maintenance industrielle**, où les mains sont exposées à des chocs et impacts potentiels.

.

### Lien avec la norme EN 388:2016

- La norme EN 388:2016 inclut un **test optionnel de protection contre les impacts** pour les gants.  
- Les gants qui **réussissent le test d'impact EN 13594** sont marqués de la lettre **« P »** à côté des valeurs de performance EN 388, par exemple :  

.

### Niveaux de Performance

| Niveau ANSI/ISEA | Force Maximale Transmise (lbf) | Équivalent EN 388:2016 | Remarques |
|--------------------|-------------------------------|--------------------------|------|
| 0 | >60 lbf | Aucun « P » | Aucune protection contre les impacts significative |
| 1 | 50–60 lbf | « P » optionnel | Protection minimale contre les impacts |
| 2 | 40–49 lbf | « P » optionnel | Protection légère pour les activités générales |
| 3 | 30–39 lbf | « P » optionnel | Protection modérée |
| 4 | ≤29 lbf | « P » optionnel | Protection élevée contre les impacts pour les travaux pénibles |

> **Remarque :** Bien que la norme **ANSI/ISEA 133** fournisse des **seuils numériques précis** pour la force transmise, le marquage **« P » de l'EN 388:2016** indique seulement que le gant **a réussi le test d'impact**, sans préciser la valeur numérique de la force.
",".

### Aufprallschutz verstehen

**ANSI/ISEA 133-2020** ist die amerikanische Norm für den **Aufprallschutz von Händen und Fingern** bei Handschuhen; sie misst die **tatsächliche Reduzierung der Kraft**, die auf die Hand übertragen wird, und nicht nur die Dicke der Polsterung.  
Sie bewertet, wie wirksam die Handschuhe vor **stumpfen Aufprallkräften** schützen, die durch herabfallende Gegenstände, Werkzeuge oder Maschinen verursacht werden.

> Wenn ein Handschuh der ANSI 133 entspricht, bedeutet dies, dass er über **Polsterungen oder stoßdämpfende Einsätze** verfügt, die die auf die Hand übertragene Kraft reduzieren können.

Diese Norm wird häufig im **Bauwesen, in der Fertigung, im Bergbau und in der industriellen Instandhaltung** eingesetzt, wo die Hände potenziellen Stößen und Aufprallen ausgesetzt sind.

.

### Zusammenhang mit EN 388:2016

- EN 388:2016 enthält einen **optionalen Aufprallschutztest** für Handschuhe.  
- Handschuhe, die den **Aufpralltest EN 13594 bestehen**, werden mit dem Buchstaben **„P“** neben den EN 388-Leistungswerten gekennzeichnet, zum Beispiel:  

.

### Leistungsstufen

| ANSI/ISEA-Stufe | Maximal übertragene Kraft (lbf) | Entsprechung EN 388:2016 | Anmerkungen |
|--------------------|-------------------------------|--------------------------|------|
| 0 | >60 lbf | Kein „P“ | Kein nennenswerter Aufprallschutz |
| 1 | 50–60 lbf | „P“ optional | Minimaler Aufprallschutz |
| 2 | 40–49 lbf | „P“ optional | Leichter Schutz für allgemeine Tätigkeiten |
| 3 | 30–39 lbf | „P“ optional | Mäßiger Schutz |
| 4 | ≤29 lbf | „P“ optional | Hoher Aufprallschutz für schwere Arbeiten |

> **Hinweis:** Obwohl die Norm **ANSI/ISEA 133** **konkrete numerische Schwellenwerte** für die übertragene Kraft angibt, zeigt die Kennzeichnung **„P“ nach EN 388:2016** lediglich an, dass der Handschuh **den Aufpralltest bestanden hat**, ohne den numerischen Kraftwert anzugeben.
",".

### Comprender la Protección contra Impactos

**ANSI/ISEA 133-2020** es la norma estadounidense para la **protección contra impactos en manos y dedos** en los guantes; mide la **reducción efectiva de la fuerza** transmitida a la mano, no solo el grosor del acolchado.  
Evalúa la eficacia con la que los guantes protegen contra **fuerzas de impacto contundentes** causadas por la caída de objetos, herramientas o maquinaria.

> Si un guante cumple con la norma ANSI 133, significa que dispone de **acolchados o insertos antiimpacto** capaces de reducir la fuerza transmitida a la mano.

Esta norma se utiliza ampliamente en **construcción, fabricación, minería y mantenimiento industrial**, donde las manos están expuestas a posibles golpes e impactos.

.

### Relación con la norma EN 388:2016

- La norma EN 388:2016 incluye una **prueba opcional de protección contra impactos** para los guantes.  
- Los guantes que **superan la prueba de impacto EN 13594** se marcan con la letra **«P»** junto a los valores de rendimiento de la EN 388, por ejemplo:  

.

### Niveles de Rendimiento

| Nivel ANSI/ISEA | Fuerza Máxima Transmitida (lbf) | Equivalente EN 388:2016 | Notas |
|--------------------|-------------------------------|--------------------------|------|
| 0 | >60 lbf | Sin «P» | Sin protección significativa contra impactos |
| 1 | 50–60 lbf | «P» opcional | Protección mínima contra impactos |
| 2 | 40–49 lbf | «P» opcional | Protección ligera para actividades generales |
| 3 | 30–39 lbf | «P» opcional | Protección moderada |
| 4 | ≤29 lbf | «P» opcional | Alta protección contra impactos para trabajos pesados |

> **Nota:** Aunque la norma **ANSI/ISEA 133** proporciona **umbrales numéricos específicos** para la fuerza transmitida, el marcado **«P» de la EN 388:2016** solo indica que el guante **ha superado la prueba de impacto**, sin especificar el valor numérico de la fuerza.
"
ppe_sections,2452b5b7-e697-491f-9008-2466e9ed7145,new-4,bullets_locales,[],"""""","""""","""""",""""""
ppe_sections,998213a6-f374-40fd-806b-e1f92ee54b51,new-4,title_locales,EN812: Bump Caps,"""""",EN812 : Casquettes anti-heurt,EN812: Anstoßkappen,EN812: Gorras antigolpes
ppe_sections,998213a6-f374-40fd-806b-e1f92ee54b51,new-4,intro_locales,"**EN 812** applies to bump caps designed for **low-risk environments** where users may encounter minor head impacts.

### What it covers
- Minor bumps  
- Scrapes against fixed objects  

### What it does NOT cover
- Falling objects  
- High-energy impacts  
- Penetration hazards  

### Typical applications
- Warehousing  
- Maintenance  
- Automotive and light industrial work  

### Critical warning
Bump caps are **not safety helmets** and must not be used where there is a risk of falling objects.
","""""","**EN 812** s'applique aux casquettes anti-heurt conçues pour des **environnements à faible risque** où les utilisateurs peuvent subir des chocs mineurs à la tête.

### Ce qu'elle couvre
- Chocs mineurs  
- Éraflures contre des objets fixes  

### Ce qu'elle ne couvre PAS
- Chutes d'objets  
- Impacts à haute énergie  
- Risques de perforation  

### Applications typiques
- Entreposage  
- Maintenance  
- Automobile et industrie légère  

### Avertissement important
Les casquettes anti-heurt ne sont **pas des casques de sécurité** et ne doivent pas être utilisées en cas de risque de chute d'objets.
","**EN 812** gilt für Anstoßkappen, die für **Umgebungen mit geringem Risiko** konzipiert sind, in denen Benutzer leichte Kopfstöße erleiden können.

### Was sie abdeckt
- Leichte Stöße  
- Schürfwunden an feststehenden Objekten  

### Was sie NICHT abdeckt
- Herabfallende Gegenstände  
- Hochenergetische Stöße  
- Durchdringungsgefahren  

### Typische Anwendungen
- Lagerhaltung  
- Wartung  
- Automobilindustrie und leichte Industriearbeiten  

### Wichtiger Warnhinweis
Anstoßkappen sind **keine Schutzhelme** und dürfen nicht dort verwendet werden, wo die Gefahr herabfallender Gegenstände besteht.
","**EN 812** se aplica a las gorras antigolpes diseñadas para **entornos de bajo riesgo** en los que los usuarios pueden sufrir golpes leves en la cabeza.

### Qué cubre
- Golpes leves  
- Rozaduras contra objetos fijos  

### Qué NO cubre
- Caída de objetos  
- Impactos de alta energía  
- Riesgos de perforación  

### Aplicaciones típicas
- Almacenamiento  
- Mantenimiento  
- Automoción y trabajos industriales ligeros  

### Advertencia importante
Las gorras antigolpes **no son cascos de seguridad** y no deben utilizarse cuando exista riesgo de caída de objetos.
"
ppe_sections,998213a6-f374-40fd-806b-e1f92ee54b51,new-4,bullets_locales,[],"""""","""""","""""",""""""
ppe_sections,91a64210-4d9f-4a35-be46-08e8675ac516,new-5,title_locales,EN 50365: Electrically Insulating Helmets,"""""",EN 50365 : Casques isolants électriques,EN 50365: Elektrisch isolierende Helme,EN 50365: Cascos aislantes eléctricos
ppe_sections,91a64210-4d9f-4a35-be46-08e8675ac516,new-5,intro_locales,"**EN 50365** specifies helmets that provide protection against **electrical hazards** in low-voltage environments.

### What it covers
- Electrical insulation  
- Protection when working on or near live installations  

### Performance
- Typically protects up to **1000V AC / 1500V DC**

### Relationship with EN 397
Most EN 50365 helmets are based on EN 397, with additional electrical insulation requirements.

### Typical applications
- Electrical installation  
- Utilities  
- Maintenance of live systems  

### Important note
Electrical protection is only effective when the helmet is used correctly and without contamination or damage.
","""""","**EN 50365** définit les casques offrant une protection contre les **risques électriques** dans les environnements basse tension.

### Ce qu'elle couvre
- Isolation électrique  
- Protection lors de travaux sur ou à proximité d'installations sous tension  

### Performance
- Protège généralement jusqu'à **1000 V CA / 1500 V CC**

### Relation avec l'EN 397
La plupart des casques EN 50365 sont basés sur l'EN 397, avec des exigences supplémentaires en matière d'isolation électrique.

### Applications typiques
- Installation électrique  
- Services publics (utilities)  
- Maintenance des systèmes sous tension  

### Remarque importante
La protection électrique n'est efficace que lorsque le casque est utilisé correctement et sans contamination ni dommage.
","**EN 50365** legt Helme fest, die Schutz vor **elektrischen Gefahren** in Niederspannungsumgebungen bieten.

### Was sie abdeckt
- Elektrische Isolierung  
- Schutz bei Arbeiten an oder in der Nähe von spannungsführenden Anlagen  

### Leistung
- Schützt in der Regel bis zu **1000V AC / 1500V DC**

### Zusammenhang mit EN 397
Die meisten EN 50365-Helme basieren auf der EN 397, mit zusätzlichen Anforderungen an die elektrische Isolierung.

### Typische Anwendungen
- Elektroinstallation  
- Versorgungsunternehmen  
- Wartung spannungsführender Systeme  

### Wichtiger Hinweis
Der elektrische Schutz ist nur wirksam, wenn der Helm korrekt und ohne Verunreinigung oder Beschädigung verwendet wird.
","La norma **EN 50365** especifica cascos que ofrecen protección contra **riesgos eléctricos** en entornos de baja tensión.

### Qué cubre
- Aislamiento eléctrico  
- Protección al trabajar en instalaciones en tensión o cerca de ellas  

### Rendimiento
- Normalmente protege hasta **1000V CA / 1500V CC**

### Relación con la EN 397
La mayoría de los cascos EN 50365 se basan en la EN 397, con requisitos adicionales de aislamiento eléctrico.

### Aplicaciones típicas
- Instalación eléctrica  
- Servicios públicos (utilities)  
- Mantenimiento de sistemas en tensión  

### Nota importante
La protección eléctrica solo es eficaz cuando el casco se utiliza correctamente y sin contaminación ni daños.
"
ppe_sections,91a64210-4d9f-4a35-be46-08e8675ac516,new-5,bullets_locales,[],"""""","""""","""""",""""""
ppe_sections,2892dda1-a582-4c8e-bafc-3518448703bd,new-2,title_locales,EN 397: Industrial safety helmets,"""""",EN 397 : Casques de sécurité industriels,EN 397: Industrieschutzhelme,EN 397: Cascos de seguridad industriales
ppe_sections,2892dda1-a582-4c8e-bafc-3518448703bd,new-2,intro_locales,"**EN 397** is the core European standard for industrial safety helmets. It applies to helmets designed to protect against common workplace hazards, particularly in construction, logistics, and manufacturing.

### What it covers
- Falling objects  
- Impact to the top of the head  
- Penetration  

### Key tests
- Shock absorption (vertical impact)  
- Resistance to penetration  
- Flame resistance  

### Optional requirements
- Electrical insulation  
- Molten metal splash (MM)  
- Extreme temperatures (-30°C / +150°C)  
- Lateral deformation (LD)  

### Key limitation
EN 397 helmets are primarily designed for **vertical (top) impact** and offer limited protection against side impacts.
","""""","**EN 397** est la norme européenne de référence pour les casques de sécurité industriels. Elle s'applique aux casques conçus pour protéger contre les risques courants sur le lieu de travail, en particulier dans le bâtiment, la logistique et l'industrie manufacturière.

### Ce qu'elle couvre
- Chute d'objets  
- Impact sur le sommet de la tête  
- Pénétration  

### Essais clés
- Absorption des chocs (impact vertical)  
- Résistance à la pénétration  
- Résistance à la flamme  

### Exigences optionnelles
- Isolation électrique  
- Projections de métal en fusion (MM)  
- Températures extrêmes (-30°C / +150°C)  
- Déformation latérale (LD)  

### Limite principale
Les casques EN 397 sont principalement conçus pour les **impacts verticaux (sur le sommet)** et offrent une protection limitée contre les impacts latéraux.
","**EN 397** ist die grundlegende europäische Norm für industrielle Schutzhelme. Sie gilt für Helme, die vor häufigen Gefahren am Arbeitsplatz schützen sollen, insbesondere im Bauwesen, in der Logistik und in der Fertigung.

### Was sie abdeckt
- Herabfallende Gegenstände  
- Stoß auf den Scheitelbereich des Kopfes  
- Durchdringung  

### Wichtige Prüfungen
- Stoßdämpfung (vertikaler Aufprall)  
- Durchdringungswiderstand  
- Flammbeständigkeit  

### Optionale Anforderungen
- Elektrische Isolierung  
- Spritzer von geschmolzenem Metall (MM)  
- Extreme Temperaturen (-30°C / +150°C)  
- Seitliche Verformung (LD)  

### Wesentliche Einschränkung
EN 397-Helme sind in erster Linie für **vertikale Stöße (von oben)** ausgelegt und bieten nur begrenzten Schutz vor seitlichen Stößen.
","**EN 397** es la norma europea fundamental para cascos de seguridad industriales. Se aplica a cascos diseñados para proteger contra los riesgos habituales en el lugar de trabajo, especialmente en construcción, logística y fabricación.

### Qué cubre
- Caída de objetos  
- Impacto en la parte superior de la cabeza  
- Penetración  

### Pruebas clave
- Absorción de impactos (impacto vertical)  
- Resistencia a la penetración  
- Resistencia a la llama  

### Requisitos opcionales
- Aislamiento eléctrico  
- Salpicaduras de metal fundido (MM)  
- Temperaturas extremas (-30°C / +150°C)  
- Deformación lateral (LD)  

### Limitación principal
Los cascos EN 397 están diseñados principalmente para **impactos verticales (en la parte superior)** y ofrecen una protección limitada contra los impactos laterales.
"
ppe_sections,2892dda1-a582-4c8e-bafc-3518448703bd,new-2,bullets_locales,[],"""""","""""","""""",""""""
ppe_sections,66989258-b4d4-4b85-a895-801e6a583bc3,new-6,title_locales,EN 12492: Mountaneering & Working at height helmets,"""""",EN 12492 : Casques d'alpinisme et de travail en hauteur,EN 12492: Helme für Bergsteigen und Höhenarbeiten,EN 12492: Cascos de alpinismo y trabajo en altura
ppe_sections,66989258-b4d4-4b85-a895-801e6a583bc3,new-6,intro_locales,"**EN 12492** applies to helmets originally developed for mountaineering but widely used in **working at height** applications.

### What it covers
- Impact from multiple directions  
- Falling objects  
- Retention during falls  

### Key differences vs EN 397
- Stronger, mandatory chin strap  
- Improved helmet retention (stays on during a fall)  
- Better protection against side impacts  

### Typical applications
- Rope access  
- Climbing  
- Working at height  

### Key insight
For certain work-at-height applications, EN 12492 helmets may provide more appropriate protection than EN 397, depending on the risk assessment.
","""""","**EN 12492** s'applique aux casques développés à l'origine pour l'alpinisme, mais largement utilisés dans les applications de **travail en hauteur**.

### Ce qu'elle couvre
- Impacts provenant de plusieurs directions  
- Chutes d'objets  
- Maintien en place lors des chutes  

### Différences clés par rapport à l'EN 397
- Jugulaire renforcée et obligatoire  
- Meilleur maintien du casque (reste en place pendant une chute)  
- Meilleure protection contre les impacts latéraux  

### Applications typiques
- Accès sur corde  
- Escalade  
- Travail en hauteur  

### Point clé
Pour certaines applications de travail en hauteur, les casques EN 12492 peuvent offrir une protection plus adaptée que les casques EN 397, selon l'évaluation des risques.
","**EN 12492** gilt für Helme, die ursprünglich für das Bergsteigen entwickelt wurden, aber häufig bei Anwendungen für **Arbeiten in der Höhe** eingesetzt werden.

### Was die Norm abdeckt
- Stöße aus mehreren Richtungen  
- Herabfallende Gegenstände  
- Rückhaltung während eines Sturzes  

### Wesentliche Unterschiede zu EN 397
- Stärkeres, obligatorisches Kinnband  
- Verbesserter Halt des Helms (bleibt während eines Sturzes auf dem Kopf)  
- Besserer Schutz gegen seitliche Stöße  

### Typische Anwendungen
- Seilzugang  
- Klettern  
- Arbeiten in der Höhe  

### Wichtiger Hinweis
Für bestimmte Anwendungen bei Arbeiten in der Höhe können Helme nach EN 12492 je nach Risikobeurteilung einen geeigneteren Schutz bieten als Helme nach EN 397.
","La norma **EN 12492** se aplica a los cascos desarrollados originalmente para el montañismo, pero ampliamente utilizados en aplicaciones de **trabajo en altura**.

### Qué cubre
- Impactos procedentes de varias direcciones  
- Caída de objetos  
- Retención durante las caídas  

### Diferencias clave respecto a la EN 397
- Barboquejo más resistente y obligatorio  
- Mejor retención del casco (permanece colocado durante una caída)  
- Mejor protección frente a impactos laterales  

### Aplicaciones típicas
- Acceso mediante cuerdas  
- Escalada  
- Trabajo en altura  

### Idea clave
Para determinadas aplicaciones de trabajo en altura, los cascos EN 12492 pueden ofrecer una protección más adecuada que los EN 397, en función de la evaluación de riesgos.
"
ppe_sections,66989258-b4d4-4b85-a895-801e6a583bc3,new-6,bullets_locales,[],"""""","""""","""""",""""""
ppe_sections,8350a37d-3f13-4d70-a357-325e73aa55cc,new-2,title_locales,EN 388:2016 - Gloves against mechanical risks,EN 388: Guanti contro i rischi meccanici,EN 388 : Gants contre les risques mécaniques,EN 388: Handschuhe gegen mechanische Risiken,EN 388: Guantes contra riesgos mecánicos
ppe_sections,8350a37d-3f13-4d70-a357-325e73aa55cc,new-2,intro_locales,".
### What the Standard Covers

**EN 388:2016+A1:2018** is the key European standard for **mechanical protection** in gloves.  
It defines how gloves are tested and rated for resistance to **abrasion, blade cuts, tearing, puncture**, and — when relevant — **impact protection**.

In short:  
> **EN 388 helps you understand how well a glove resists physical damage during work.**

It applies to gloves designed to protect hands from mechanical hazards such as handling sharp or rough materials, tools, or machinery.

.

### Why It Matters When Choosing PPE

When you see **EN 388** on a glove, it means:

✅ The glove has been **tested in a laboratory** for specific mechanical risks.  
✅ The **numbers and letters** following the standard tell you *how strong* that protection is.  
✅ It gives a **clear, comparable system** for selecting the right glove for each task.  

This makes EN 388 essential for applications like construction, metalworking, warehousing, automotive assembly, and general handling.

.

### Key Test Areas and Performance Levels

Each EN 388 glove is tested for up to **six mechanical properties**, displayed as a series of **numbers and letters** after the standard reference:


| Position | Test | Scale | Meaning |
|-----------|------|--------|----------|
| **1st** | **Abrasion Resistance** | 1–4 | Number of cycles needed to wear through the glove material. Higher = more durable. |
| **2nd** | **Blade Cut Resistance (Coup Test)** | 1–5 | Measures cuts by a rotating blade. Marked “X” if ISO test used instead. |
| **3rd** | **Tear Resistance** | 1–4 | Force required to tear the glove. Higher = stronger. |
| **4th** | **Puncture Resistance** | 1–4 | Force needed to pierce the glove with a point. |
| **5th** | **Cut Resistance (ISO 13997)** | A–F | Measured by straight blade under tension. Used for high-cut materials. Higher = better. |
| **6th** | **Impact Protection (optional)** | P or absent | “P” if passed EN 13594 impact test. Blank if not applicable. |

.

### Example of Marking

**How to read this example marking:** EN 388:2016: **4X43F**

- **4** → High abrasion resistance  
- **X** → Coup cut test not applicable (because ISO test used)  
- **4** → High tear resistance  
- **3** → Good puncture resistance  
- **F** → Highest ISO cut protection level  
- *(no “P”)* → No impact protection claimed  

💡 **Tip:**  
If both cut tests are performed, the ISO (A–F) result is considered **more accurate** for modern high-performance fibers.

.

### Typical Applications
",".

### Cosa Copre la Norma

**EN 388:2016+A1:2018** è la principale norma europea per la **protezione meccanica** nei guanti.  
Definisce come i guanti vengono testati e classificati per resistenza a **abrasione, taglio da lama, strappo, perforazione** e — quando rilevante — **protezione da impatto**.

In breve:  
> **EN 388 aiuta a capire quanto un guanto resista ai danni fisici durante il lavoro.**

Si applica ai guanti progettati per proteggere le mani da rischi meccanici come la manipolazione di materiali taglienti o ruvidi, utensili o macchinari.

.

### Perché È Importante nella Scelta dei DPI

Quando vedi **EN 388** su un guanto, significa:

✅ Il guanto è stato **testato in laboratorio** per rischi meccanici specifici  
✅ I **numeri e le lettere** che seguono la norma indicano *quanto efficace* è quella protezione  
✅ Fornisce un **sistema chiaro e confrontabile** per selezionare il guanto giusto per ogni attività

EN 388 è quindi essenziale per applicazioni come costruzione, metalmeccanica, magazzinaggio, assemblaggio automotive e manipolazione generale.

.

### Aree Chiave di Test e Livelli di Prestazione

Ogni guanto EN 388 è testato per fino a **sei proprietà meccaniche**, mostrate come una serie di **numeri e lettere** dopo la norma di riferimento:

| Posizione | Test | Scala | Significato |
|-----------|------|--------|-------------|
| **1ª** | **Resistenza all’Abrasione** | 1–4 | Numero di cicli necessari a consumare il materiale del guanto. Maggiore = più durevole. |
| **2ª** | **Resistenza al Taglio (Coup Test)** | 1–5 | Misura i tagli con lama rotante. Segnato “X” se usato test ISO invece. |
| **3ª** | **Resistenza allo Strappo** | 1–4 | Forza necessaria per strappare il guanto. Maggiore = più resistente. |
| **4ª** | **Resistenza alla Perforazione** | 1–4 | Forza necessaria a perforare il guanto con una punta. |
| **5ª** | **Resistenza al Taglio (ISO 13997)** | A–F | Misurata con lama dritta sotto tensione. Usata per materiali ad alto taglio. Maggiore = migliore. |
| **6ª** | **Protezione da Impatto (opzionale)** | P o assente | “P” se passato il test EN 13594; vuoto se non applicabile. |

.

### Esempio di Marcatura

**Come leggere questo esempio di marcatura:** EN 388:2016: **4X43F**

- **4** → Alta resistenza all’abrasione  
- **X** → Coup test non applicabile (perché è stato usato test ISO)  
- **4** → Alta resistenza allo strappo  
- **3** → Buona resistenza alla perforazione  
- **F** → Massimo livello di protezione ISO da taglio  
- *(nessuna “P”)* → Nessuna protezione da impatto dichiarata  

💡 **Suggerimento:**  
Se entrambi i test di taglio sono eseguiti, il risultato ISO (A–F) è considerato **più accurato** per fibre ad alte prestazioni moderne.

.

### Applicazioni Tipiche dei Guanti
",".

### Ce que couvre la norme

**EN 388:2016+A1:2018** est la principale norme européenne pour la **protection mécanique** des mains.  
Elle définit comment les gants sont testés et classés en fonction de leur résistance à l'**abrasion, à la coupure par lame, à la déchirure, à la perforation** et — le cas échéant — à leur **protection contre les chocs**.

En bref :  
> **La norme EN 388 permet de comprendre dans quelle mesure un gant résiste aux dommages physiques pendant le travail.**

Elle s'applique aux gants conçus pour protéger les mains contre les risques mécaniques, comme la manipulation de matériaux coupants ou rugueux, d'outils ou de machines.

.

### Pourquoi c'est important dans le choix des EPI

Lorsque vous voyez **EN 388** sur un gant, cela signifie que :

✅ Le gant a été **testé en laboratoire** pour des risques mécaniques spécifiques  
✅ Les **chiffres et lettres** qui suivent la norme indiquent *l'efficacité* de cette protection  
✅ Elle fournit un **système clair et comparable** pour choisir le bon gant pour chaque activité

L'EN 388 est donc essentielle pour des applications telles que la construction, la métallurgie, la logistique, le montage automobile et la manipulation générale.

.

### Principaux domaines de test et niveaux de performance

Chaque gant EN 388 est testé sur un maximum de **six propriétés mécaniques**, indiquées par une série de **chiffres et de lettres** après la référence de la norme :

| Position | Test | Échelle | Signification |
|-----------|------|--------|-------------|
| **1re** | **Résistance à l'abrasion** | 1–4 | Nombre de cycles nécessaires pour user le matériau du gant. Plus le chiffre est élevé, plus le gant est durable. |
| **2e** | **Résistance à la coupure (Coup Test)** | 1–5 | Mesure les coupures avec une lame rotative. Indiqué par ""X"" si le test ISO a été utilisé à la place. |
| **3e** | **Résistance à la déchirure** | 1–4 | Force nécessaire pour déchirer le gant. Plus le chiffre est élevé, plus la résistance est grande. |
| **4e** | **Résistance à la perforation** | 1–4 | Force nécessaire pour perforer le gant avec une pointe. |
| **5e** | **Résistance à la coupure (ISO 13997)** | A–F | Mesurée avec une lame droite sous tension. Utilisée pour les matériaux à haute résistance à la coupure. Plus la lettre est élevée, meilleure est la protection. |
| **6e** | **Protection contre les chocs (facultative)** | P ou absente | ""P"" si le test EN 13594 est réussi ; vide si non applicable. |

.

### Exemple de marquage

**Comment lire cet exemple de marquage :** EN 388:2016 : **4X43F**

- **4** → Résistance élevée à l'abrasion  
- **X** → Coup Test non applicable (car le test ISO a été utilisé)  
- **4** → Résistance élevée à la déchirure  
- **3** → Bonne résistance à la perforation  
- **F** → Niveau maximal de protection ISO contre la coupure  
- *(pas de ""P"")* → Aucune protection contre les chocs déclarée  

💡 **Conseil :**  
Si les deux tests de coupure sont effectués, le résultat ISO (A–F) est considéré comme **plus précis** pour les fibres modernes à haute performance.

.

### Applications typiques des gants
",".

### Was die Norm abdeckt

**EN 388:2016+A1:2018** ist die wichtigste europäische Norm für den **mechanischen Schutz** von Handschuhen.  
Sie legt fest, wie Handschuhe auf Beständigkeit gegen **Abrieb, Schnitte durch Klingen, Weiterreißen, Durchstich** und – sofern relevant – **Schlagschutz** geprüft und klassifiziert werden.

Kurz gesagt:  
> **EN 388 hilft dabei zu verstehen, wie gut ein Handschuh physischen Schäden bei der Arbeit standhält.**

Sie gilt für Handschuhe, die zum Schutz der Hände vor mechanischen Gefahren wie dem Umgang mit scharfen oder rauen Materialien, Werkzeugen oder Maschinen entwickelt wurden.

.

### Warum das bei der Auswahl von PSA wichtig ist

Wenn Sie **EN 388** auf einem Handschuh sehen, bedeutet das:

✅ Der Handschuh wurde **im Labor getestet** auf spezifische mechanische Gefahren  
✅ Die **Zahlen und Buchstaben**, die auf die Norm folgen, geben an, *wie wirksam* dieser Schutz ist  
✅ Sie bietet ein **klares und vergleichbares System** zur Auswahl des richtigen Handschuhs für jede Tätigkeit

EN 388 ist daher unverzichtbar für Anwendungen wie Bauwesen, Metallverarbeitung, Lagerhaltung, Automobilmontage und allgemeine Handhabung.

.

### Wichtige Testbereiche und Leistungsstufen

Jeder EN 388-Handschuh wird auf bis zu **sechs mechanische Eigenschaften** geprüft, die als eine Reihe von **Zahlen und Buchstaben** nach der Bezugsnorm angegeben werden:

| Position | Test | Skala | Bedeutung |
|-----------|------|--------|-------------|
| **1.** | **Abriebfestigkeit** | 1–4 | Anzahl der Zyklen, die nötig sind, um das Handschuhmaterial zu verschleißen. Höher = langlebiger. |
| **2.** | **Schnittfestigkeit (Coup-Test)** | 1–5 | Misst Schnitte mit einer rotierenden Klinge. Mit ""X"" gekennzeichnet, wenn stattdessen der ISO-Test verwendet wurde. |
| **3.** | **Weiterreißfestigkeit** | 1–4 | Erforderliche Kraft, um den Handschuh weiterzureißen. Höher = widerstandsfähiger. |
| **4.** | **Durchstichfestigkeit** | 1–4 | Erforderliche Kraft, um den Handschuh mit einer Spitze zu durchstechen. |
| **5.** | **Schnittfestigkeit (ISO 13997)** | A–F | Gemessen mit einer geraden Klinge unter Spannung. Wird für hochschnittfeste Materialien verwendet. Höher = besser. |
| **6.** | **Schlagschutz (optional)** | P oder keine Angabe | ""P"", wenn der Test nach EN 13594 bestanden wurde; leer, wenn nicht zutreffend. |

.

### Beispiel für eine Kennzeichnung

**So lesen Sie dieses Kennzeichnungsbeispiel:** EN 388:2016: **4X43F**

- **4** → Hohe Abriebfestigkeit  
- **X** → Coup-Test nicht anwendbar (da stattdessen der ISO-Test verwendet wurde)  
- **4** → Hohe Weiterreißfestigkeit  
- **3** → Gute Durchstichfestigkeit  
- **F** → Höchste ISO-Schnittschutzstufe  
- *(kein ""P"")* → Kein Schlagschutz angegeben  

💡 **Tipp:**  
Wenn beide Schnitttests durchgeführt werden, gilt das ISO-Ergebnis (A–F) für moderne Hochleistungsfasern als **genauer**.

.

### Typische Anwendungen für Handschuhe
",".

### Qué Cubre la Norma

La **EN 388:2016+A1:2018** es la principal norma europea para la **protección mecánica** en guantes.  
Define cómo se prueban y clasifican los guantes según su resistencia a la **abrasión, el corte por cuchilla, el desgarro, la perforación** y —cuando corresponde— la **protección frente a impactos**.

En resumen:  
> **La EN 388 ayuda a entender cuánto resiste un guante a los daños físicos durante el trabajo.**

Se aplica a los guantes diseñados para proteger las manos frente a riesgos mecánicos, como la manipulación de materiales cortantes o ásperos, herramientas o maquinaria.

.

### Por Qué Es Importante en la Elección de los EPI

Cuando ves **EN 388** en un guante, significa:

✅ El guante ha sido **probado en laboratorio** frente a riesgos mecánicos específicos  
✅ Los **números y letras** que siguen a la norma indican *cuán eficaz* es esa protección  
✅ Ofrece un **sistema claro y comparable** para seleccionar el guante adecuado para cada actividad

Por ello, la EN 388 es esencial para aplicaciones como la construcción, la metalmecánica, el almacenamiento, el montaje automotriz y la manipulación general.

.

### Áreas Clave de Prueba y Niveles de Rendimiento

Cada guante EN 388 se prueba en hasta **seis propiedades mecánicas**, mostradas como una serie de **números y letras** después de la norma de referencia:

| Posición | Prueba | Escala | Significado |
|-----------|------|--------|-------------|
| **1ª** | **Resistencia a la Abrasión** | 1–4 | Número de ciclos necesarios para desgastar el material del guante. Cuanto mayor, más duradero. |
| **2ª** | **Resistencia al Corte (Coup Test)** | 1–5 | Mide los cortes con cuchilla rotativa. Se indica con ""X"" si en su lugar se utilizó el test ISO. |
| **3ª** | **Resistencia al Desgarro** | 1–4 | Fuerza necesaria para desgarrar el guante. Cuanto mayor, más resistente. |
| **4ª** | **Resistencia a la Perforación** | 1–4 | Fuerza necesaria para perforar el guante con una punta. |
| **5ª** | **Resistencia al Corte (ISO 13997)** | A–F | Medida con una cuchilla recta bajo tensión. Se utiliza para materiales de alta resistencia al corte. Cuanto mayor, mejor. |
| **6ª** | **Protección frente a Impactos (opcional)** | P o ausente | ""P"" si se supera el test EN 13594; vacío si no aplica. |

.

### Ejemplo de Marcado

**Cómo leer este ejemplo de marcado:** EN 388:2016: **4X43F**

- **4** → Alta resistencia a la abrasión  
- **X** → Coup Test no aplicable (porque se utilizó el test ISO)  
- **4** → Alta resistencia al desgarro  
- **3** → Buena resistencia a la perforación  
- **F** → Nivel máximo de protección ISO frente al corte  
- *(sin ""P"")* → No se declara protección frente a impactos  

💡 **Consejo:**  
Si se realizan ambos test de corte, el resultado ISO (A–F) se considera **más preciso** para las fibras modernas de alto rendimiento.

.

### Aplicaciones Típicas de los Guantes
"
ppe_sections,8350a37d-3f13-4d70-a357-325e73aa55cc,new-2,bullets_locales,"[""Metal fabrication and sheet handling  "",""Construction and building trades  "",""Automotive assembly and maintenance  "",""Glass, ceramics, and plastic processing  "",""Warehousing, logistics, and general handling ""]","[""Lavori in costruzione e cantieri  "",""Metalmeccanica e carpenteria  "",""Magazzinaggio e movimentazione materiali  "",""Assemblaggio automotive"",""Manipolazione generale di materiali taglienti o abrasivi""]","[""Travaux de construction et chantiers"", ""Métallurgie mécanique et charpenterie"", ""Stockage et manutention de matériaux"", ""Assemblage automobile"", ""Manipulation générale de matériaux tranchants ou abrasifs""]","[""Bauarbeiten und Baustellen"", ""Metallverarbeitung und Schlosserei"", ""Lagerung und Materialhandhabung"", ""Automobilmontage"", ""Allgemeine Handhabung von scharfen oder abrasiven Materialien""]","[""Trabajos de construcción y obras"", ""Metalmecánica y carpintería metálica"", ""Almacenamiento y manipulación de materiales"", ""Ensamblaje automotriz"", ""Manipulación general de materiales cortantes o abrasivos""]"