"translation_key","english","italian_reference","french","german","spanish"
"about.certifications.badge","Quality Standards","Garanzia di Qualità","","",""
"about.certifications.description","Hand Line meets and exceeds the highest safety and quality standards in the industry, ensuring reliable protection for all users.","Hand Line soddisfa e supera i più elevati standard di sicurezza e qualità del settore, garantendo una protezione affidabile per tutti gli utenti.","","",""
"about.certifications.environmental.description","Our commitment to help our planet through sustainable practices and responsible manufacturing.","Il nostro impegno per aiutare il nostro pianeta attraverso pratiche sostenibili e produzione responsabile.","","",""
"about.certifications.environmental.learnMore","Learn about our ESG initiatives","Scopri le nostre iniziative ESG","","",""
"about.certifications.environmental.title","Environmental Commitment","Impegno Ambientale","","",""
"about.certifications.heading","Our Commitments","I nostri impegni","","",""
"about.certifications.mainStatement","Our production follows the highest quality standards with ISO certification across production and value chain.","La nostra produzione segue i più alti standard di qualità con certificazioni ISO in tutta la catena di produzione e di valore.","","",""
"about.certifications.note","Our certification documentation is available upon request.","Documentazione disponibile su richiesta.","","",""
"about.certifications.types.compliance.description","All our products are certified to guarantee protection and compliance.","Tutti i nostri prodotti sono certificati per garantire protezione e conformità.","","",""
"about.certifications.types.compliance.title","Compliance","Conformità","","",""
"about.certifications.types.eyeFace.badge","Eye & Face Protection","","","",""
"about.certifications.types.eyeFace.description","Protective eyewear and visors for industrial environments","","","",""
"about.certifications.types.eyeFace.detailedDescription","Our eye & face protection range covers safety glasses, sealed goggles and arc‑rated visors designed to EN 166 and related standards. Built for clarity, comfort and reliability with anti‑fog and scratch‑resistant coatings, UV filtering and infrared protection options. Ideal for manufacturing, construction and electrical maintenance.","","","",""
"about.certifications.types.eyeFace.title","Eye & Face Protection","","","",""
"about.certifications.types.quality.description","Our production follows the highest quality standards with ISO certification.","La nostra produzione segue i più alti standard di qualità con certificazione ISO.","","",""
"about.certifications.types.quality.title","Quality","Qualità","","",""
"about.description","For over four decades, Hand Line has been at the forefront of industrial safety, designing and manufacturing premium protective gloves that combine innovation, comfort, and uncompromising protection.","Da oltre quarant'anni Hand Line è all'avanguardia nella sicurezza industriale, progettando e producendo guanti protettivi di alta qualità che uniscono innovazione, comfort e protezione senza compromessi.","","",""
"about.different.badge","Our Advantages","I Nostri Vantaggi","","",""
"about.different.customisation.description","Tailored products according to user's needs. No one knows products better than our customer.","Prodotti su misura in base alle esigenze dell'utente. Nessuno conosce i prodotti meglio dei nostri clienti.","","",""
"about.different.customisation.title","Unmatched","Impareggiabile","","",""
"about.different.customisation.titleAccent","Customisation","Personalizzazione","","",""
"about.different.description","At Hand Line, we pride ourselves on several key differentiators that set us apart in the safety equipment industry.","Hand Line si distingue nel settore dei DPI con fucs strategici chiari.","","",""
"about.different.flexibility.description","No order limits or restrictions, guaranteeing full flexibility to manage unpredictable needs.","Offriamo soluzioni di ordini flessibili e assicuriamo coperura di magazzino per gestire ogni esigenza.","","",""
"about.different.flexibility.title","Product","Flessibilità","","",""
"about.different.flexibility.titleAccent","Flexibility","del Prodotto","","",""
"about.different.heading","What Makes Us Different","Cosa ci rende Diversi","","",""
"about.different.innovation.description","At the forefront of product development, continuously looking for new ways to improve.","All'avanguardia nello sviluppo dei prodotti, alla continua ricerca di nuovi modi per migliorare.","","",""
"about.different.innovation.title","Continuous","Innovazione","","",""
"about.different.innovation.titleAccent","Innovation","Continua","","",""
"about.different.pricing.description","Guaranteed market competitiveness and effective cost structure management.","Garantita competitività sul mercato e gestione efficace della struttura dei costi.","","",""
"about.different.pricing.title","Competitive","Prezzi","","",""
"about.different.pricing.titleAccent","Pricing","Competitivi","","",""
"about.different.productQuality.description","40+ years of technical expertise in safety glove manufacturing with rigorous quality control throughout production.","Oltre 40 anni di esperienza con rigoroso controllo qualità sui materiali e durante tutta la produzione.","","",""
"about.different.productQuality.title","Excellence in","Eccellenza nella","","",""
"about.different.productQuality.titleAccent","Product Quality","Qualità del Prodotto","","",""
"about.different.service.description","Stock management to cover fast changing customer's need, ensuring excellent delivery timing.","Offriamo consulenza nell'identificazione e creazione di prodotti su misura e offriamo le prime consegne entro poche settimane.","","",""
"about.different.service.title","Best in class","Servizio","","",""
"about.different.service.titleAccent","Service","d'eccellenza","","",""
"about.esg.certification.badge","Certified Management Systems","Sistemi di Gestione Certificati","","",""
"about.esg.certification.description","Hand Line is fully certified to ISO 9001, ISO 14001 and ISO 45001, reflecting our commitment to quality management, environmental responsibility and occupational health and safety.","Hand Line è pienamente certificata secondo ISO 9001, ISO 14001 e ISO 45001, a conferma del nostro impegno per la gestione della qualità, la responsabilità ambientale e la salute e sicurezza sul lavoro.","","",""
"about.esg.certification.title","Certified for Quality, Environment and Safety","Certificati per Qualità, Ambiente e Sicurezza","","",""
"about.esg.cta.badge","Join Our Mission","Unisciti alla Nostra Missione","","",""
"about.esg.cta.buttons.contact","Contact Us","Contattaci","","",""
"about.esg.cta.buttons.learnMore","Explore Our Products","Esplora i Nostri Prodotti","","",""
"about.esg.cta.description","We invite our partners, customers, and community to join us in creating a more sustainable and ethical future in PPE. If you have questions about our ESG practices or want to collaborate, contact us here.","Invitiamo i nostri partner, clienti e comunità a unirsi a noi nella creazione di un futuro più sostenibile ed etico nei DPI. Se hai domande sulle nostre pratiche ESG o vuoi collaborare, contattaci qui.","","",""
"about.esg.cta.title","Let's Build a Safer, More Sustainable","Costruiamo un Futuro più Sicuro e","","",""
"about.esg.cta.titleAccent","Future","Sostenibile","","",""
"about.esg.environmental.badge","Environmental","Environment","","",""
"about.esg.environmental.closing","While our ESG journey has just begun, sustainability is no longer optional—it's essential.","Sebbene il nostro percorso ESG sia nelle fasi iniziali, la sostenibilità è un parametro essenziale.","","",""
"about.esg.environmental.description","We are taking meaningful steps to reduce our environmental footprint:","Stiamo adottando misure significative per ridurre la nostra impronta ambientale:","","",""
"about.esg.environmental.points.0","Transitioning to sustainable materials and eco-friendly packaging.","Transizione verso materiali sostenibili e packaging eco-compatibile.","","",""
"about.esg.environmental.points.1","Reducing waste through lean manufacturing and recycling programmes.","Riduzione degli sprechi attraverso la produzione snella e programmi di riciclaggio.","","",""
"about.esg.environmental.points.2","Minimising carbon emissions across our supply chain and logistics.","Minimizzazione delle emissioni di carbonio nella nostra catena di fornitura e logistica.","","",""
"about.esg.environmental.points.3","Minimising shipping volumes and waste.","Minimizzazione dei volumi di spedizione e degli sprechi.","","",""
"about.esg.environmental.title","Environmental Stewardship","Responsabilità Ambientale","","",""
"about.esg.governance.badge","Governance","Governance","","",""
"about.esg.governance.description","Integrity guides our actions:","L'integrità guida le nostre azioni:","","",""
"about.esg.governance.points.0","We're implementing clear, accountable policies that ensure ethical business practices.","Stiamo implementando politiche chiare e responsabili che garantiscono pratiche commerciali etiche.","","",""
"about.esg.governance.points.1","Our leadership is focused on long-term impact, not just short-term profit.","La nostra leadership è focalizzata sull'impatto a lungo termine, non solo sul profitto a breve termine.","","",""
"about.esg.governance.points.2","We are increasing transparency by tracking and reporting ESG metrics across our operations.","Stiamo aumentando la trasparenza tracciando e riportando le metriche ESG in tutte le nostre operazioni.","","",""
"about.esg.governance.title","Transparent Governance","Governance Trasparente","","",""
"about.esg.hero.badge","ESG Commitment","Impegno ESG","","",""
"about.esg.hero.description","Our mission goes beyond providing world-class Personal Protective Equipment. We believe true protection includes a responsibility to the environment, to society, and to ethical governance. That's why we are actively aligning our operations with ESG (Environmental, Social, and Governance) principles.","La nostra missione va oltre la fornitura di Dispositivi di Protezione Individuale di eccellenza. Crediamo che la vera protezione includa una responsabilità verso l'ambiente, la società ed una governance etica. Ecco perché stiamo allineando attivamente le nostre operazioni con i principi ESG (Environmental, Social, and Governance).","","",""
"about.esg.hero.title","We protect the Hands that build our World.","Proteggiamo le Mani che costruiscono il nostro Mondo.","","",""
"about.esg.hero.titleAccent","And our Planet.","E il nostro Pianeta.","","",""
"about.esg.social.badge","Social","Social","","",""
"about.esg.social.description","Our commitment to people drives everything we do:","Il nostro impegno verso le persone guida tutto ciò che facciamo:","","",""
"about.esg.social.points.0","We prioritise worker safety and fair labour practices across our global supply chain.","Prioritizziamo la sicurezza dei lavoratori e pratiche lavorative eque in tutta la nostra catena di fornitura globale.","","",""
"about.esg.social.points.1","We are building strong relationships with our local communities through education, donations, and volunteer programmes.","Verifichiamo che gli stessi standard vengano estesi alla catena del valore, assicurandoci che i nostri fornitori di materiali, prodotti e servizi condividano la nostra visione.","","",""
"about.esg.social.points.2","Internally, we foster a culture of diversity, equity, and inclusion, ensuring a safe and respectful workplace.","Internamente, promuoviamo una cultura di diversità, equità e inclusione, garantendo un ambiente di lavoro sicuro e rispettoso.","","",""
"about.esg.social.title","Social Responsibility","Responsabilità Sociale","","",""
"about.est","Est. 1981","Fond. 1981","","",""
"about.getInTouch","Get in Touch","Contattaci","","",""
"about.heading","About","Chi Siamo","","",""
"about.hero.badge","Our mission since 1977","La nostra missione dal 1977","","",""
"about.hero.buttons.getInTouch","Get in Touch","Contattaci","","",""
"about.hero.buttons.ourStory","Our Story","La Nostra Storia","","",""
"about.hero.descriptionDesktop"," We strive to be the catalyst for a safer and more comfortable workplace, where businesses prioritise individual well-being and productivity through personalised protection solutions, ultimately setting new standards for safety and comfort in the industrial sector."," Ci impegniamo ad essere il catalizzatore per un ambiente di lavoro più sicuro e confortevole, dove le aziende danno priorità al benessere individuale e alla produttività attraverso soluzioni di protezione personalizzate, stabilendo infine nuovi standard per sicurezza e comfort nel settore industriale.","","",""
"about.hero.descriptionMobile","We envision a world where every organisation equips its workforce with custom-engineered equipment, meticulously designed to address the unique requirements of their employees.","Immaginiamo un mondo dove ogni organizzazione equipaggia la propria forza lavoro con attrezzature progettate su misura, meticolosamente create per soddisfare i requisiti unici dei loro dipendenti.","","",""
"about.hero.subtitle","We believe ""Zero Accident"" is more than a vision, it's a need.","Crediamo che ""Zero Infortuni"" non sia solo una visione ma un bisogno.","","",""
"about.hero.title","We protect the","Noi proteggiamo le","","",""
"about.hero.titleHighlight1","Hands","Mani","","",""
"about.hero.titleHighlight2","World","Mondo","","",""
"about.hero.titleMiddle","that build our","che costruiscono il nostro","","",""
"about.history.1977.description","Our history starts as Italian manufacturer of leather and work gloves with a distinctively artisanal footprint based on craftsmanship and high quality products","La nostra storia inizia come produttore italiano di guanti in pelle e da lavoro con un'impronta distintamente artigianale basata sulla maestria e prodotti di alta qualità","","",""
"about.history.1977.title","Foundation","Fondazione","","",""
"about.history.1980.description","We develop the first wool mitten for high-temperature mould handling in the hot end of the glass manufacturing process","Sviluppiamo il primo guanto di lana per la manipolazione di stampi ad alta temperatura nella parte calda del processo di produzione del vetro","","",""
"about.history.1980.title","First Innovation","Prima Innovazione","","",""
"about.history.1996.description","We led the way in adapting to newly introduced EN388 and EN407 standards bringing certified products to all our customers. Our products are widely adopted across major glass manufacturing and automotive plants in Italy","Abbiamo aperto la strada nell'adattamento ai nuovi standard EN388 ed EN407 introdotti, portando prodotti certificati a tutti i nostri clienti. I nostri prodotti diventano ampiamente adottati nei principali impianti di produzione del vetro e automobilistici in Italia","","",""
"about.history.1996.title","Standards Certification","Certificazione e norme EN","","",""
"about.history.2002.description","We enlarge our product portfolio dedicated to the glass and metallurgy industries with many gloves certified over 1000°C. Our geographical expansion starts across 6 markets in Europe and Middle East, driven by our existing Italian customers.","Ampliamo il nostro portfolio di prodotti dedicato alle industrie del vetro e della metallurgia con molti guanti certificati oltre i 1000°C. La nostra espansione geografica inizia in 6 mercati in Europa e Medio Oriente, guidata dai nostri clienti italiani esistenti.","","",""
"about.history.2002.title","Portfolio Expansion","Espansione del Catalogo","","",""
"about.history.2003.description","Hand Line Company is incorporated, marking the shift from artisanal firm into business enterprise that has flourished, has won credibility, and inspired confidence to a wider number of clients. We supply gloves and other PPE across 10 markets in Europe and the East","Hand Line Company viene costituita, segnando il passaggio da azienda artigianale a impresa commerciale che ha prosperato, ha guadagnato credibilità e ispirato fiducia a un numero sempre maggiore di clienti. Forniamo guanti e altri DPI in 10 mercati in Europa e Oriente","","",""
"about.history.2003.title","Company Incorporation","Costituzione Societaria","","",""
"about.history.2005.description","We develop and certify a unique glove able to withstand over 1,000°C contact heat for extreme conditions: HL 1000","Sviluppiamo e certifichiamo un guanto unico in grado di resistere al calore da contatto di oltre 1.000°C per condizioni estreme: HL 1000","","",""
"about.history.2005.title","Extreme Heat Innovation","Innovazione Calore Estremo","","",""
"about.history.2015.description","Hand Line embarks in its digitalisation of processes and marks the change with a brand re-design","Hand Line intraprende la digitalizzazione dei processi e segna il cambiamento con un restyling del brand","","",""
"about.history.2015.title","Digital Transformation","Trasformazione Digitale","","",""
"about.history.2023.description","We invest in a significant expansion of our HQ and Warehouse in northern Italy, driven by increased portfolio of customers and international footprint","Investiamo in un'espansione significativa della nostra sede centrale e magazzino nel nord Italia, guidata dall'aumento del portfolio clienti e dell'impronta internazionale","","",""
"about.history.2023.title","Infrastructure Expansion","Espansione Infrastrutture","","",""
"about.history.2025.description","Hand Line announces its expansion in the UK market with the launch of a subsidiary in London to further support the growing market in England, Wales and Ireland","Hand Line annuncia la sua espansione nel mercato del Regno Unito con il lancio di una filiale a Londra per supportare ulteriormente il crescente mercato internazionale","","",""
"about.history.2025.title","UK Market Entry","Ingresso Mercato UK","","",""
"about.history.badge","Our Journey","Il Nostro Percorso","","",""
"about.history.description","From our beginnings in Milan to becoming a leading safety equipment manufacturer, discover key moments that shaped our company.","Dalle origini in Lombardia (Italia) fino a diventare un produttore e fornitore internazionale di dispositivi di protezione, scopri i momenti chiave che hanno plasmato la nostra azienda e la nostra cultura.","","",""
"about.history.heading","Our History","La Nostra Storia","","",""
"about.mission.badge","Our Mission","La Nostra Missione","","",""
"about.mission.cta","Discover Our Products","Scopri i Nostri Prodotti","","",""
"about.mission.description","Since 1981, Hand Line has been dedicated to developing innovative protective solutions that combine uncompromising safety with Italian design excellence.","Dal 1981, Hand Line si dedica allo sviluppo di soluzioni protettive innovative che combinano sicurezza senza compromessi con l'eccellenza del design italiano.","","",""
"about.mission.heading","Protecting Hands That Build Our World","Proteggere le Mani Che Costruiscono il Nostro Mondo","","",""
"about.mission.points.0","Specialised manufacturing expertise in high-performance safety gloves","Competenza specializzata nella produzione di guanti di sicurezza ad alte prestazioni","","",""
"about.mission.points.1","Rigorous testing to exceed industry safety standards","Test rigorosi per superare gli standard di sicurezza del settore","","",""
"about.mission.points.2","Balance of protection, comfort and performance","Equilibrio tra protezione, comfort e prestazioni","","",""
"about.mission.points.3","Commitment to innovation and continuous improvement","Impegno per l'innovazione e il miglioramento continuo","","",""
"about.mission.since","Since","Dal","","",""
"about.mission.year","1981","1981","","",""
"about.ourStory","Our Story","La Nostra Storia","","",""
"about.stats.countries","Countries","Paesi","","",""
"about.stats.products","Products","Prodotti","","",""
"about.stats.team","Team Members","Membri del Team","","",""
"about.stats.years","Years' Experience","Anni di Esperienza","","",""
"about.team.badge","Our People","Le Nostre Persone","","",""
"about.team.description","Our dedicated professionals combine decades of experience with a passion for safety innovation.","I nostri professionisti uniscono decenni di esperienza a una passione per l'innovazione nella sicurezza.","","",""
"about.team.heading","Meet the Hand Line Team","Il Team Hand Line","","",""
"about.values.badge","Our Values","I Nostri Valori","","",""
"about.values.compliance.description","Our products meet or exceed all relevant safety standards and certifications across global markets.","I nostri prodotti rispettano o superano tutti gli standard e le certificazioni di sicurezza rilevanti a livello globale.","","",""
"about.values.compliance.title","Compliance","Conformità","","",""
"about.values.customer.description","We listen to our clients' needs and develop solutions that address their specific safety challenges.","Ascoltiamo le esigenze dei nostri clienti e sviluppiamo soluzioni per le loro specifiche sfide di sicurezza.","","",""
"about.values.customer.title","Customer Focus","Focus sul Cliente","","",""
"about.values.description","These core principles guide everything we do at Hand Line, from product design to customer service.","Questi principi fondamentali guidano ogni aspetto di Hand Line, dalla progettazione dei prodotti al servizio clienti.","","",""
"about.values.design.description","We believe in clear, purposeful design that enhances function while providing intuitive user experience.","Crediamo in un design chiaro e funzionale che migliori l'usabilità e l'esperienza dell'utente.","","",""
"about.values.design.title","Design Clarity","Chiarezza del Design","","",""
"about.values.heading","Principles That Guide Us","Principi Guida","","",""
"about.values.innovation.description","We continuously push the boundaries of what is possible in hand protection through research and innovation.","Superiamo costantemente i limiti della protezione delle mani attraverso ricerca e innovazione.","","",""
"about.values.innovation.title","Innovation","Innovazione","","",""
"about.values.quality.description","Our rigorous quality control ensures that every product meets the highest standards of durability and performance.","Il nostro rigoroso controllo qualità garantisce che ogni prodotto rispetti i più alti standard di durata e prestazione.","","",""
"about.values.quality.title","Quality Excellence","Eccellenza Qualitativa","","",""
"about.values.safety.description","We believe that safety should never be compromised. Every product we design prioritises protection above all else.","Crediamo che la sicurezza non debba mai essere compromessa. Ogni prodotto che progettiamo mette la protezione al primo posto.","","",""
"about.values.safety.title","Safety First","Sicurezza Prima di Tutto","","",""
"admin.brands.addNewBrand","Add New Brand","Aggiungi Nuovo Marchio","","",""
"admin.brands.brandCreated","Brand created successfully","Marchio creato con successo","","",""
"admin.brands.brandLogo","Brand Logo","Logo Marchio","","",""
"admin.brands.brandName","Brand Name","Nome Marchio","","",""
"admin.brands.brandNameExists","Brand name already exists","Il nome del marchio esiste già","","",""
"admin.brands.brandNameRequired","Brand name is required","Il nome del marchio è obbligatorio","","",""
"admin.brands.createBrand","Create Brand","Crea Marchio","","",""
"admin.brands.errorCreatingBrand","Error creating brand","Errore nella creazione del marchio","","",""
"admin.brands.errorLoadingBrands","Failed to load available brands","Impossibile caricare i marchi disponibili","","",""
"admin.brands.invalidLogoFile","Logo must be a valid image file (JPEG, PNG, GIF, or WebP)","Il logo deve essere un file immagine valido (JPEG, PNG, GIF o WebP)","","",""
"admin.brands.logoTooLarge","Logo file must be less than 5MB","Il file del logo deve essere inferiore a 5MB","","",""
"admin.brands.noBrandsSelected","No brands selected","Nessun marchio selezionato","","",""
"admin.brands.selectBrands","Select Brands","Seleziona Marchi","","",""
"admin.brands.title","Brands","Marchi","","",""
"auth.accountCreated","Account created!","Account creato!","","",""
"auth.agreeTo","By signing in, you agree to our","Accedendo accetti i nostri","","",""
"auth.alreadyHaveAccount","Already have an account?","Hai già un account?","","",""
"auth.confirmPassword","Confirm Password","Conferma password","","",""
"auth.continueWithGoogle","Continue with Google","Continua con Google","","",""
"auth.createAccount","Create Your Account","Crea il tuo account","","",""
"auth.customerPortal","Customer Portal","Portale Clienti","","",""
"auth.customerPortalDesc","Access your account dashboard and services","Accedi al tuo pannello e ai servizi","","",""
"auth.email","Email Address","Indirizzo email","","",""
"auth.emailPlaceholder","name@example.com","nome@azienda.com","","",""
"auth.errorSignIn","Error Signing In","Errore di accesso","","",""
"auth.errorSignUp","Error signing up","Errore di registrazione","","",""
"auth.forgotPassword","Forgot password?","Password dimenticata?","","",""
"auth.forgotPasswordDesc","Enter your email to reset your password","Inserisci la tua email per reimpostare la password","","",""
"auth.forgotPasswordHelp","We will send you a link to reset your password","Ti invieremo un link per reimpostare la password","","",""
"auth.forgotPasswordTitle","Forgot password?","Password dimenticata?","","",""
"auth.hidePassword","Hide password","Nascondi password","","",""
"auth.notAMember","Not a member?","Non sei registrato?","","",""
"auth.orContinueWith","or continue with","o continua con","","",""
"auth.password","Password","Password","","",""
"auth.passwordPlaceholder","••••••••","••••••••","","",""
"auth.passwordRequirement.hasNumber","At least one number","Almeno un numero","","",""
"auth.passwordRequirement.hasSpecial","At least one special character","Almeno un carattere speciale","","",""
"auth.passwordRequirement.match","Passwords match","Le password corrispondono","","",""
"auth.passwordRequirement.minLength","At least 8 characters","Almeno 8 caratteri","","",""
"auth.passwordRequirement.noMatch","Passwords do not match","Le password non corrispondono","","",""
"auth.privacy","Privacy Policy","Informativa Privacy","","",""
"auth.profileSetupIssue","Your sign-in was successful but profile setup failed. Some features may be limited.","Accesso riuscito ma la configurazione del profilo non è andata a buon fine. Alcune funzionalità potrebbero essere limitate.","","",""
"auth.showPassword","Show password","Mostra password","","",""
"auth.signIn","Sign In","Accedi","","",""
"auth.signInDesc","Enter your credentials to access your account and dashboard.","Inserisci le tue credenziali per accedere al tuo account e al pannello.","","",""
"auth.signInInstead","Sign in","Accedi","","",""
"auth.signUp","Sign Up","Registrati","","",""
"auth.signUpDesc","Create an account to access our full suite of services and features.","Crea un account per accedere a tutte le funzionalità e ai servizi.","","",""
"auth.signUpInstead","Sign up instead","Registrati invece","","",""
"auth.submit","Submit","Invia","","",""
"auth.successSignIn","You have been signed in.","Accesso effettuato.","","",""
"auth.successSignUp","You have been signed up and logged in.","Registrazione completata e accesso effettuato.","","",""
"auth.terms","Terms of Service","Termini di Servizio","","",""
"auth.userExists","User already exists","Utente già esistente","","",""
"auth.welcomeBack","Welcome Back","Bentornato","","",""
"blog.backToBlogs","Back to Blogs","Torna al blog","","",""
"blog.categoriesBuckets.buckets.industrySustainability.description","Stay informed on market trends and sustainable practices in safety.","Rimani aggiornato su trend di mercato e pratiche sostenibili nella sicurezza.","","",""
"blog.categoriesBuckets.buckets.industrySustainability.title","Industry & Sustainability","Industria & Sostenibilità","","",""
"blog.categoriesBuckets.buckets.other.description","General articles and updates on safety and protection.","Articoli generali e aggiornamenti su sicurezza e protezione.","","",""
"blog.categoriesBuckets.buckets.other.title","Other Insights","Altri Approfondimenti","","",""
"blog.categoriesBuckets.buckets.productsInnovation.description","Discover our latest PPE solutions and cutting-edge safety technologies.","Scopri le nostre ultime soluzioni DPI e tecnologie di sicurezza all'avanguardia.","","",""
"blog.categoriesBuckets.buckets.productsInnovation.title","Products & Innovation","Prodotti & Innovazione","","",""
"blog.categoriesBuckets.buckets.safetyCompliance.description","Get practical guidance on standards, regulations, and workplace protection.","Guida pratica a norme, regolamenti e protezione sul lavoro.","","",""
"blog.categoriesBuckets.buckets.safetyCompliance.title","Safety & Compliance","Sicurezza & Conformità","","",""
"blog.categoriesBuckets.title","Explore by Topic","Esplora per Argomento","","",""
"blog.featuredArticle","Featured Article","Articolo in Evidenza","","",""
"blog.featuredDescription","Discover the latest insights and innovations in workplace safety and hand protection technology.","Scopri le ultime novità e innovazioni nella sicurezza sul lavoro e nella tecnologia di protezione delle mani.","","",""
"blog.featuredTitle","Expert Insights","Approfondimenti","","",""
"blog.grid.articles","articles","articoli","","",""
"blog.grid.badge","Safety Knowledge","Conoscenza della Sicurezza","","",""
"blog.grid.clearAllFilters","Clear all filters","Cancella tutti i filtri","","",""
"blog.grid.clearFilters","Clear","Cancella","","",""
"blog.grid.description","Discover expert insights about industrial safety gloves, protective equipment, and best practices for workplace hand protection.","Scopri approfondimenti esperti sui guanti di sicurezza industriali, dispositivi di protezione e migliori pratiche per la protezione delle mani sul posto di lavoro.","","",""
"blog.grid.filterByTags","Categories","Categorie","","",""
"blog.grid.noArticles","No articles found","Nessun articolo trovato","","",""
"blog.grid.noArticlesDescription","Try adjusting your search or filter criteria","Prova a modificare i criteri di ricerca o filtro","","",""
"blog.grid.searchFor","for","per","","",""
"blog.grid.searchPlaceholder","Search Insights...","Cerca Insights...","","",""
"blog.grid.showing","Showing","Mostrando","","",""
"blog.grid.title","Hand Line Safety Resources","Risorse sulla Sicurezza Hand Line","","",""
"blog.hero.badge","Blog","Blog","","",""
"blog.hero.description","Industry-leading knowledge, insights, and ideas to advance safety in every workplace.","Conoscenza leader, approfondimenti e idee per far progredire la sicurezza in ogni luogo di lavoro.","","",""
"blog.hero.exploreArticles","Explore Articles","Esplora Articoli","","",""
"blog.hero.learnAboutUs","Learn About Us","Scopri Chi Siamo","","",""
"blog.hero.title","Hand Line","Hand Line","","",""
"blog.hero.titleAccent","Insights","Insights","","",""
"blog.minRead","min read","min di lettura","","",""
"blog.readArticle","Read Article","Leggi l'articolo","","",""
"blog.stats.articles","Articles","Articoli","","",""
"blog.stats.categories","Categories","Categorie","","",""
"blog.stats.freeAccess","Free Access","Accesso Gratuito","","",""
"blog.stats.yearsExperience","Years Experience","Anni di Esperienza","","",""
"careers.application.additionalInfo","Additional Information","Informazioni aggiuntive","","",""
"careers.application.availableFrom","Available From","Disponibile da","","",""
"careers.application.coverLetter","Cover Letter","Lettera di presentazione","","",""
"careers.application.cv","CV/Resume","CV","","",""
"careers.application.documents","Documents","Documenti","","",""
"careers.application.email","Email Address","Email","","",""
"careers.application.fileSelected","File selected","File selezionato","","",""
"careers.application.firstName","First Name","Nome","","",""
"careers.application.lastName","Last Name","Cognome","","",""
"careers.application.message","Message","Messaggio","","",""
"careers.application.messagePlaceholder","Tell us why you're interested in this position and what makes you a great fit...","Aggiungi qualsiasi cosa ritieni importante…","","",""
"careers.application.personalInfo","Personal Information","Informazioni personali","","",""
"careers.application.phone","Phone Number","Telefono","","",""
"careers.application.submit","Submit Application","Invia candidatura","","",""
"careers.application.title","Apply for Position","Candidati per la Posizione","","",""
"careers.backToCareers","Back to Careers","Torna a Carriere","","",""
"careers.cta.badge","Open Applications","Candidature Aperte","","",""
"careers.cta.buttons.keepInformed","Keep me informed","Tienimi aggiornato","","",""
"careers.cta.buttons.openApplication","Submit Open Application","Invia candidatura spontanea","","",""
"careers.cta.cvUrl","Link to CV / portfolio (optional)","Link al CV / portfolio (opzionale)","","",""
"careers.cta.cvUrlPlaceholder","https://your-portfolio-or-cv-link","https://il-tuo-link-al-cv-o-portfolio","","",""
"careers.cta.description","If you haven't seen anything that feels like a perfect fit but you think your skills would be valuable and you see yourself growing professionally in Hand Line or have some exciting ideas you want to discuss with us, we would love to hear you out. Send us an open application, we are open to ideas.","Se non hai visto nulla che sembra perfetto per te ma pensi che le tue competenze possano essere preziose e ti vedi crescere professionalmente in Hand Line o se hai idee interessanti di cui vorresti parlarci, ci farebbe piacere sentirti. Inviaci una candidatura spontanea, siamo sempre aperti a suggerimenti e nuove idee.","","",""
"careers.cta.ideaLabel","Tell us what you have in mind and where you see yourself adding value","Raccontaci cosa hai in mente e dove pensi di poter portare valore","","",""
"careers.cta.interestSuccess","You're on the list for future opportunities.","Sei nella lista per le future opportunità.","","",""
"careers.cta.keepDescription","We will keep you informed of new jobs for the next 12 months. Come back any time to renew your interest.","Ti terremo informato sulle nuove posizioni per i prossimi 12 mesi. Torna in qualsiasi momento per rinnovare l'interesse.","","",""
"careers.cta.keepTitle","Keep me informed","Tienimi aggiornato","","",""
"careers.cta.openSuccess","Your open application has been sent.","La tua candidatura spontanea è stata inviata.","","",""
"careers.cta.openTitle","Submit an Open Application","Invia una candidatura spontanea","","",""
"careers.cta.submitKeep","Subscribe","Iscriviti","","",""
"careers.cta.submitOpen","Send Application","Invia","","",""
"careers.cta.success","Thank you!","Grazie!","","",""
"careers.cta.title","Nothing tailored to you but you still interested?","Sei interessato ma non trovi una posizione su misura?","","",""
"careers.equalityStatement","At Hand Line, we are committed to creating an inclusive workplace where everyone feels valued, respected, and supported. We welcome applications from all qualified individuals, regardless of age, gender, disability, sexual orientation, race, religion, or belief. If you need any adjustments or support during the application process, please let us know.","In Hand Line ci impegniamo a creare un ambiente di lavoro inclusivo, dove tutti si sentano valorizzati, rispettati e supportati. Accogliamo candidature da tutte le persone qualificate, indipendentemente da età, genere, disabilità, orientamento sessuale, razza, religione o credo. Se hai bisogno di adattamenti o supporto durante il processo di candidatura, faccelo sapere.","","",""
"careers.grid.badge","Open Positions","Posizioni Aperte","","",""
"careers.grid.clearFilters","Clear Filters","Cancella filtri","","",""
"careers.grid.departments","Departments","Dipartimenti","","",""
"careers.grid.description","Explore our current openings and find the perfect role to match your skills and passion for safety innovation.","Esplora le posizioni aperte e trova il ruolo perfetto per le tue competenze.","","",""
"careers.grid.filteredFrom","Filtered from {total} total positions","Filtrate da {total} posizioni totali","","",""
"careers.grid.locations","Locations","Luogo","","",""
"careers.grid.noPositions","No positions found","Nessuna posizione trovata","","",""
"careers.grid.noPositionsDescription","We don't have any open positions matching your criteria at the moment. Please check back later or adjust your search.","Al momento non abbiamo posizioni aperte che corrispondono ai tuoi criteri. Riprova più tardi o modifica la ricerca.","","",""
"careers.grid.positions","positions","posizioni","","",""
"careers.grid.positionsAvailablePlural","{count} Positions Available","{count} posizioni disponibili","","",""
"careers.grid.positionsAvailableSingular","1 Position Available","1 posizione disponibile","","",""
"careers.grid.searchPlaceholder","Search positions...","Cerca posizioni...","","",""
"careers.grid.showing","Showing","Mostrando","","",""
"careers.grid.title","Current Opportunities","Opportunità Disponibili","","",""
"careers.hero.aboutCompany","About Our Company","La nostra azienda","","",""
"careers.hero.badge","Join Hand Line","Lavora con Hand Line","","",""
"careers.hero.browseOpenings","Browse Openings","Sfoglia le posizioni","","",""
"careers.hero.contactUs","Contact Us","Contattaci","","",""
"careers.hero.description","Join our team of passionate professionals dedicated to creating innovative safety solutions. Discover exciting career opportunities that allow you to make a difference in workplace safety.","Unisciti al nostro team di professionisti appassionati, dedicati a creare soluzioni di sicurezza innovative. Scopri opportunità che ti permettono di fare la differenza nella sicurezza sul lavoro.","","",""
"careers.hero.description1","At Hand Line, we believe we can make a difference. Every day, we design and deliver products and solutions that protect people and enable organisations worldwide to perform safely and effectively.","In Hand Line crediamo di poter fare la differenza. Ogni giorno progettiamo e consegniamo prodotti e soluzioni che proteggono le persone e permettono alle aziende di tutto il mondo di lavorare in sicurezza ed efficacia.","","",""
"careers.hero.description2","We are looking for curious minds, bold thinkers, and unstoppable doers who want to grow with us. Whether you're just starting your career or bringing years of experience, you'll find opportunities to learn, contribute, and thrive in an international, collaborative environment.","Cerchiamo menti curiose, pensatori audaci e persone instancabili che vogliano crescere con noi. Che tu stia iniziando la tua carriera o porti anni di esperienza, troverai opportunità per imparare, contribuire e prosperare in un ambiente internazionale e collaborativo.","","",""
"careers.hero.joinOurTeam","Join Our Team","Unisciti al team","","",""
"careers.hero.learnAboutValues","Learn About Our Values","Scopri i nostri valori","","",""
"careers.hero.stats.countries","12","12","","",""
"careers.hero.stats.countriesLabel","Countries","Paesi","","",""
"careers.hero.stats.employees","Team Members","Membri del team","","",""
"careers.hero.stats.founded","1981","1981","","",""
"careers.hero.stats.foundedLabel","Founded","Fondazione","","",""
"careers.hero.stats.locations","5","5","","",""
"careers.hero.stats.locationsLabel","Locations","Sedi","","",""
"careers.hero.stats.teamMembers","120+","120+","","",""
"careers.hero.stats.teamMembersLabel","Team Members","Membri del team","","",""
"careers.hero.stats.years","Years Experience","Anni di esperienza","","",""
"careers.hero.title","Careers at Hand Line","Carriere in Hand Line","","",""
"careers.hero.titleAccent","Together.","Insieme.","","",""
"careers.hero.titleStart","Let's build something big.","Costruiamo qualcosa di grande.","","",""
"careers.hero.viewOpenings","View Current Openings","Vedi posizioni aperte","","",""
"careers.new","New","Nuovo","","",""
"careers.post.aboutRole","About the Role","Il Ruolo","","",""
"careers.post.applyNow","Apply Now","Candidati ora","","",""
"careers.post.backToCareers","Back to Careers","Torna a Carriere","","",""
"careers.post.benefits","Benefits","Benefici","","",""
"careers.post.excitedToLearn","We're excited to learn more about you and discuss how you can contribute to our mission.","Siamo entusiasti di conoscerti e di scoprire come puoi contribuire alla nostra missione.","","",""
"careers.post.jobType","Job Type","Tipo di contratto","","",""
"careers.post.joinTeamIndicator","Trusted by professionals worldwide • Competitive benefits • European workplace standards","Affidati da professionisti in tutto il mondo • Benefit competitivi • Standard europei sul lavoro","","",""
"careers.post.location","Location","Sede","","",""
"careers.post.posted","Posted","Pubblicato","","",""
"careers.post.quickActions","Quick Actions","Azioni rapide","","",""
"careers.post.readyToJoin","Ready to join?","Pensi che questo ruolo sia fatto per te?","","",""
"careers.post.readyToJoinBadge","Join Our Team","Entra nel team","","",""
"careers.post.requirements","Requirements","Requisiti","","",""
"careers.post.responsibilities","Responsibilities","Responsabilità","","",""
"careers.post.salary","Salary","Retribuzione","","",""
"careers.post.sharePosition","Share this position","Condividi questa posizione","","",""
"careers.post.workSite","Work Site","Modalità di lavoro","","",""
"careers.viewDetails","View Details","Vedi dettagli","","",""
"careers.viewPosition","View Position","Vedi posizione","","",""
"careers.whyJoin.badge","Why join","Perché entrare nel team","","",""
"careers.whyJoin.description","We want to surround ourselves with great people that are committed to achieve great things, continuously grow and never stop learning.","Vogliamo circondarci di persone straordinarie, impegnate a raggiungere grandi obiettivi, a crescere continuamente e a non smettere mai di imparare.","","",""
"careers.whyJoin.items.greatPlace.description","We want our people to be successful, rewarded and happy and we strive to create a great work environment.","Vogliamo che le nostre persone abbiano successo, siano valorizzate e felici, e ci impegniamo a creare un ambiente di lavoro che lo permetta.","","",""
"careers.whyJoin.items.greatPlace.title","Just a great place","Un posto di lavoro","","",""
"careers.whyJoin.items.greatPlace.titleAccent","to be","davvero piacevole","","",""
"careers.whyJoin.items.international.description","We trade globally and we think globally.","Operiamo a livello globale e pensiamo in ottica globale.","","",""
"careers.whyJoin.items.international.title","International, dynamic","Ambiente internazionale","","",""
"careers.whyJoin.items.international.titleAccent","environment","e dinamico","","",""
"careers.whyJoin.items.opportunity.description","We have big plans for new products, innovative services and growth and we want our people to grow with us.","Abbiamo grandi piani per nuovi prodotti, servizi innovativi e crescita e vogliamo che le nostre persone crescano con noi.","","",""
"careers.whyJoin.items.opportunity.title","Phenomenal","Opportunità","","",""
"careers.whyJoin.items.opportunity.titleAccent","opportunity","fenomenale","","",""
"careers.whyJoin.title","Your next career step could be here","Il tuo prossimo lavoro potrebbe essere qui","","",""
"caseStudies.backToCaseStudies","Back to Case Studies","Torna ai Casi Studio","","",""
"caseStudies.buttons.read","Read Case Study","Leggi il Caso Studio","","",""
"caseStudies.buttons.readFull","Read Full Case Study","Leggi il Caso Studio Completo","","",""
"caseStudies.challenge","The Challenge","La Sfida","","",""
"caseStudies.clientDetails","Client Details","Dettagli Cliente","","",""
"caseStudies.featured.badge","Featured Case Study","Caso Studio in Evidenza","","",""
"caseStudies.featured.description","Discover how we've helped businesses transform their operations and achieve remarkable results.","Scopri come abbiamo aiutato le aziende a trasformare le operazioni e ottenere risultati straordinari.","","",""
"caseStudies.featured.title","Success in Action","Successo in Azione","","",""
"caseStudies.grid.badge","Success Stories","Storie di Successo","","",""
"caseStudies.grid.caseStudies","case studies","casi studio","","",""
"caseStudies.grid.clearAllFilters","Clear all filters","Cancella tutti i filtri","","",""
"caseStudies.grid.clearFilters","Clear","Cancella","","",""
"caseStudies.grid.description","Discover how Hand Line safety solutions have helped businesses across various industries improve their safety protocols and protect their workforce.","Scopri come le soluzioni di sicurezza Hand Line hanno aiutato aziende di vari settori a migliorare i loro protocolli di sicurezza e proteggere la loro forza lavoro.","","",""
"caseStudies.grid.filterByIndustry","Industries","Settori","","",""
"caseStudies.grid.filterByTags","Tags","Tag","","",""
"caseStudies.grid.noCaseStudies","No case studies found","Nessun caso studio trovato","","",""
"caseStudies.grid.noCaseStudiesDescription","Try adjusting your search or filter criteria","Prova a modificare i criteri di ricerca o filtro","","",""
"caseStudies.grid.searchPlaceholder","Search case studies...","Cerca casi studio...","","",""
"caseStudies.grid.showing","Showing","Mostrando","","",""
"caseStudies.grid.title","Hand Line Success Stories","Casi di Successo Hand Line","","",""
"caseStudies.hero.badge","Client Success Stories","Storie di Successo","","",""
"caseStudies.hero.description","Real-world examples of how our safety solutions have transformed workplace protection across industries.","Esempi reali di come le nostre soluzioni di sicurezza hanno trasformato la protezione sul lavoro in diversi settori.","","",""
"caseStudies.hero.exploreCaseStudies","Explore Case Studies","Esplora Casi Studio","","",""
"caseStudies.hero.learnAboutUs","Learn About Us","Scopri Chi Siamo","","",""
"caseStudies.hero.title","Hand Line","Hand Line","","",""
"caseStudies.hero.titleAccent","Case Studies","Casi Studio","","",""
"caseStudies.industryDetails","Industry Details","Dettagli Settore","","",""
"caseStudies.labels.challenge","Challenge","Sfida","","",""
"caseStudies.relatedCaseStudies","Related Case Studies","Casi Studio Correlati","","",""
"caseStudies.results","The Results","I Risultati","","",""
"caseStudies.solution","Our Solution","La Nostra Soluzione","","",""
"caseStudies.stats.caseStudies","Case Studies","Casi Studio","","",""
"caseStudies.stats.industries","Industries","Settori","","",""
"caseStudies.stats.successStories","Success Stories","Storie di Successo","","",""
"caseStudies.stats.yearsExperience","Years Experience","Anni di Esperienza","","",""
"caseStudies.testimonial","Client Testimonial","Testimonianza Cliente","","",""
"caseStudies.viewCaseStudy","View Case Study","Vedi Caso Studio","","",""
"common.and","and","e","","",""
"contact.faq.badge","Safety First","FAQ","","",""
"contact.faq.description","Find quick answers to common questions about our safety gloves and services","Trova risposte rapide alle domande comuni sui nostri prodotti e servizi","","",""
"contact.faq.questions","[{""question"":""How do I choose the right PPE?"",""answer"":""Selecting the right PPE is crucial to ensure the safety and wellbeing of your employees. Firstly, we recommend gathering detailed information of the working conditions and risk exposure in the most extreme conditions encountered. That will give an indication of the protection levels and practical requirements for the PPE. Our website includes a wide range of products that you can filter by requirements, environment conditions, risk category, or protection level. We always recommend contacting our team to discuss and recommend the most suitable PPE based on your work environment and required protection. We are just one click away.""},{""question"":""Are you able to customise and design bespoke PPE?"",""answer"":""Yes, we can create tailored hand protection solutions based on your specific requirements. We have the capability of creating samples within weeks. Many of the products we offer today were initially created for our customers' specifications.""},{""question"":""Can I request product samples for testing?"",""answer"":""Yes, we offer samples for industrial customers and distributors. Please contact us with your company details and application requirements to arrange a sample pack.""},{""question"":""Do you ship internationally?"",""answer"":""Yes, we currently supply PPE in over 15 market across EMEA and have the capability to deliver globally.""},{""question"":""What industries do you serve?"",""answer"":""Our products are designed for a wide range of industries including glass manufacturing, metal production, construction, automotive, food processing, logistics, and metalworking. We have developed deep industry expertise in glass and metal manufacturing and heavy industry with over 40 years of experience serving large international customers. We are both a reliable supplier and a trusted advisor to our customers.""},{""question"":""Do you offer OEM or private label options?"",""answer"":""Yes, we can support OEM and private label manufacturing for partners looking to customise gloves, garments, etc with their own branding, packaging, or specifications. Contact us to discuss your requirements.""},{""question"":""What standards do your product comply with?"",""answer"":""All our products are certified according to European PPE Regulation (EU) 2016/425 and comply with relevant EN standards.""},{""question"":""How do I become a distributor or reseller of your products?"",""answer"":""Please fill out our distributor application form or contact our team directly at distribution@handlineco.com. We support resellers with marketing materials, technical training, and flexible ordering options.""}]","[{""question"":""Come posso scegliere il DPI giusto?"",""answer"":""La scelta corretta del DPI è fondamentale per garantire la sicurezza e il benessere dei lavoratori. Per prima cosa, raccomandiamo di raccogliere informazioni dettagliate sulle condizioni di lavoro e sull'esposizione ai rischi nelle situazioni più estreme. Questo aiuterà a determinare i livelli di protezione e i requisiti pratici necessari per il DPI. Il nostro sito include un'ampia gamma di prodotti filtrabili per requisiti, condizioni ambientali, categoria di rischio o livello di protezione. Consigliamo sempre di contattare il nostro team per ricevere una consulenza e individuare il DPI più adatto alle vostre esigenze. Siamo a un clic di distanza.""},{""question"":""Potete personalizzare o progettare DPI su misura?"",""answer"":""Sì, possiamo creare soluzioni di protezione per le mani personalizzate in base alle vostre esigenze specifiche e produrre campioni in poche settimane. Molti dei nostri prodotti attuali sono nati da richieste specifiche dei nostri clienti.""},{""question"":""Posso richiedere campioni per test?"",""answer"":""Sì, offriamo campioni per clienti industriali e distributori. Contattateci con i dettagli della vostra azienda e delle vostre applicazioni per richiedere un kit di campioni.""},{""question"":""Effettuate spedizioni internazionali?"",""answer"":""Sì, forniamo DPI a decine di clienti in oltre 15 mercati nell'area EMEA e siamo in grado di effettuare consegne a livello globale.""},{""question"":""Per quali settori industriali fornite DPI?"",""answer"":""I nostri prodotti sono progettati per un'ampia varietà di settori, tra cui vetrerie, metallurgia, edilizia, automotive, industria alimentare, logistica e lavorazione dei metalli. Abbiamo maturato una profonda esperienza nei settori della produzione del vetro e dei metalli e nell'industria pesante, con oltre 40 anni di attività al servizio di grandi clienti internazionali. La nostra ambizione e' di essere un fornitore affidabile e al tempo stesso un consulente di fiducia.""},{""question"":""Offrite servizi OEM o private label?"",""answer"":""Sì, supportiamo la produzione in OEM e private label per partner interessati a personalizzare guanti, indumenti, ecc., con il proprio marchio, packaging o specifiche tecniche. Contattateci per discutere le vostre esigenze.""},{""question"":""A quali norme sono conformi i vostri prodotti?"",""answer"":""Tutti i nostri prodotti sono certificati secondo il Regolamento Europeo DPI (UE) 2016/425 e rispettano le norme EN applicabili.""},{""question"":""Come posso diventare un distributore o rivenditore dei vostri prodotti?"",""answer"":""Potete compilare il modulo di richiesta per distributori o contattate direttamente il nostro team all'indirizzo distribution@handlineco.com. Supportiamo i rivenditori con materiale marketing, formazione tecnica e modalità di ordinazione flessibili.""}]","","",""
"contact.faq.title","Frequently Asked Questions","Domande Frequenti","","",""
"contact.form.company","Company","Azienda","","",""
"contact.form.companyPlaceholder","Enter your company name (optional)","Inserisci il nome della tua azienda (opzionale)","","",""
"contact.form.description","Fill out the form below and we'll get back to you as soon as possible.","Compila il modulo sottostante e ti risponderemo il prima possibile.","","",""
"contact.form.email","Email Address","Indirizzo Email","","",""
"contact.form.emailPlaceholder","Enter your email address","Inserisci il tuo indirizzo email","","",""
"contact.form.error.description","Failed to send message. Please try again or contact us directly.","Invio del messaggio fallito. Riprova o contattaci direttamente.","","",""
"contact.form.error.title","Error","Errore","","",""
"contact.form.fields.company","Company","Azienda","","",""
"contact.form.fields.companyPlaceholder","Enter your company name (optional)","Inserisci il nome della tua azienda (opzionale)","","",""
"contact.form.fields.email","Email Address","Indirizzo Email","","",""
"contact.form.fields.emailPlaceholder","Enter your email address","Inserisci il tuo indirizzo email","","",""
"contact.form.fields.message","Message","Messaggio","","",""
"contact.form.fields.messagePlaceholder","Tell us how we can help you...","Dicci come possiamo aiutarti...","","",""
"contact.form.fields.name","Full Name","Nome Completo","","",""
"contact.form.fields.namePlaceholder","Enter your full name","Inserisci il tuo nome completo","","",""
"contact.form.fields.subject","Subject","Oggetto","","",""
"contact.form.fields.subjectPlaceholder","What is this regarding?","Di cosa si tratta?","","",""
"contact.form.message","Message","Messaggio","","",""
"contact.form.messagePlaceholder","Tell us how we can help you...","Dicci come possiamo aiutarti...","","",""
"contact.form.name","Full Name","Nome Completo","","",""
"contact.form.namePlaceholder","Enter your full name","Inserisci il tuo nome completo","","",""
"contact.form.subject","Subject","Oggetto","","",""
"contact.form.subjectPlaceholder","What is this regarding?","Di cosa si tratta?","","",""
"contact.form.submit","Send Message","Invia Messaggio","","",""
"contact.form.submitting","Sending...","Invio in corso...","","",""
"contact.form.success.description","Thank you for contacting us. We'll get back to you within 24 hours.","Grazie per averci contattato. Ti risponderemo entro 24 ore.","","",""
"contact.form.success.title","Message Sent!","Messaggio Inviato!","","",""
"contact.form.title","Get in Touch","Contattaci","","",""
"contact.hero.badge","We're Here To Help","Siamo Qui Per Aiutarti","","",""
"contact.hero.buttons.ourInfo","Our Information","Le Nostre Informazioni","","",""
"contact.hero.buttons.sendMessage","Send a Message","Invia un Messaggio","","",""
"contact.hero.description","We're here to help with any questions you may have about our safety products and solutions. Reach out to our team and we'll get back to you as soon as possible.","Il nostro team é a disposizione per qualsiasi richiesta sui nostri prodotti e soluzioni di sicurezza. Contattaci e ti risponderemo il prima possibile.","","",""
"contact.hero.stats.experience","40+ Years Experience","Oltre 40 anni di esperienza","","",""
"contact.hero.stats.response","1hr Avg. Response Time","Tempo di risposta medio: 1 ora","","",""
"contact.hero.stats.satisfaction","98% Customer Satisfaction","Soddisfazione clienti 98%","","",""
"contact.hero.stats.support","24/7 Support Available","Supporto 24/7","","",""
"contact.hero.title","Contact","Contatta","","",""
"contact.hero.titleAccent","Hand Line","Hand Line","","",""
"contact.info.address.content","Viale Varese 83, 22100 Como (CO), Italy","Viale Varese 83, 22100 Como (CO), Italia","","",""
"contact.info.address.contentUK","52 Grosvenor Gardens, London SW1W 0AU, United Kingdom","52 Grosvenor Gardens, London SW1W 0AU, United Kingdom","","",""
"contact.info.address.operationalContent","via Antonio Brusa 34, 22035, Canzo (CO), Italy","via Antonio Brusa 34, 22035, Canzo (CO), Italia","","",""
"contact.info.address.operationalContentUK","27 Hill Street, London W1J 5LP, United Kingdom","27 Hill Street, London W1J 5LP, United Kingdom","","",""
"contact.info.address.operationalTitle","HQ Office & Warehouse","HQ - Uffici & Magazzino","","",""
"contact.info.address.operationalTitleUK","UK Office","Ufficio Regno Unito","","",""
"contact.info.address.title","Registered Office","Sede Amministrativa","","",""
"contact.info.address.titleUK","Registered Office","Sede Legale","","",""
"contact.info.contactInfoTitle","Contact Information","Informazioni di Contatto","","",""
"contact.info.description","Reach us at our headquarters or using the details below.","Puoi raggiungerci presso la nostra sede utilizzando i dettagli qui sotto.","","",""
"contact.info.directionsButton","Get directions","Ottieni indicazioni","","",""
"contact.info.directionsDescription","Get directions to our main facility in Como","Ottieni indicazioni per la nostra sede principale a Como","","",""
"contact.info.directionsDescriptionUK","Get directions to our UK office in London","Ottieni indicazioni per il nostro ufficio nel Regno Unito a Londra","","",""
"contact.info.directionsTitle","Travel to Hand Line Company","Viaggia verso Hand Line Company","","",""
"contact.info.email.content","info@handlineco.com","info@handlineco.com","","",""
"contact.info.email.title","Email","Email","","",""
"contact.info.findUsTitle","Find Us","Trovarci","","",""
"contact.info.offices.italy","Italy","Italia","","",""
"contact.info.offices.switchLabel","Office Location","Sede","","",""
"contact.info.offices.uk","UK","Regno Unito","","",""
"contact.info.phone.content","T: (+39) 031 6121961 | (+39) 031 526733","+39 031 6121961 | +39 031 526733","","",""
"contact.info.phone.contentUK","T: (+44) 020 7866 3849","T: (+44) 020 7866 3849","","",""
"contact.info.phone.title","Telephone","Telefono","","",""
"contact.info.title","Contact Information","Informazioni di Contatto","","",""
"contact.section.badge","Get In Touch","Contattaci","","",""
"contact.section.description","Our team is ready to assist with your industrial safety glove requirements.","Il nostro team è a tua disposizione per ogni esigenza di guanti di sicurezza industriale.","","",""
"contact.section.title","Contact Hand Line","Contatta Hand Line","","",""
"cookies.accept","Accept","Accetta","","",""
"cookies.decline","Decline","Rifiuta","","",""
"cookies.message","We use essential cookies to make this website work. With your consent, we will use analytics cookies to understand how you use our site and to improve our services. You can change your choice at any time in our","Utilizziamo cookie essenziali per il corretto funzionamento del sito. Con il tuo consenso useremo cookie di analisi per capire come utilizzi il sito e migliorare i nostri servizi. Puoi modificare la tua scelta in qualsiasi momento nella nostra","","",""
"cta.buttons.browseProducts","Explore Products","Esplora Prodotti","","",""
"cta.buttons.contactUs","Contact Us Today","Contattaci","","",""
"cta.description","Our comprehensive range of industry-proven safety solutions is just the starting point. We work hand in hand with our customers to identify the most effective solutions to ensure best-in-class protection and optimal commercial performance.","La nostra gamma completa di soluzioni di sicurezza comprovate dal settore è solo il punto di partenza. Lavoriamo fianco a fianco con i nostri clienti per identificare le soluzioni più efficaci per garantire una protezione di prima classe e prestazioni commerciali ottimali.","","",""
"cta.title","Ready to Enhance Workplace","Pronto a Migliorare la","","",""
"cta.titleAccent","Safety","Sicurezza","","",""
"cta.trustIndicator","Trusted by leading companies worldwide","Fornitore di aziende leader in tutto il mondo","","",""
"declarations.grid.allLanguages","All","Tutte","","",""
"declarations.grid.categories","Categories","Categorie","","",""
"declarations.grid.clearAllFilters","Clear all filters","Cancella tutti i filtri","","",""
"declarations.grid.clearFilters","Clear","Cancella","","",""
"declarations.grid.declarations","declarations","dichiarazioni","","",""
"declarations.grid.filterByCategory","Categories","Categorie","","",""
"declarations.grid.noDeclarations","No declarations found","Nessuna dichiarazione trovata","","",""
"declarations.grid.noDeclarationsAvailable","There are currently no product declarations available.","Al momento non sono disponibili dichiarazioni di conformità.","","",""
"declarations.grid.noDeclarationsDescription","No product declarations match your search criteria. Try adjusting your filters.","Nessuna dichiarazione corrisponde ai criteri selezionati. Prova a modificare i filtri.","","",""
"declarations.grid.searchFor","for","per","","",""
"declarations.grid.searchPlaceholder","Search declarations...","Cerca dichiarazioni...","","",""
"declarations.hero.badge","Regulatory","Documentazione normativa","","",""
"declarations.hero.contactLine.after","","","","",""
"declarations.hero.contactLine.before","If the product you are looking for is not here,","Se il prodotto che stai cercando non è presente,","","",""
"declarations.hero.contactLine.linkText","contact us","contattaci","","",""
"declarations.hero.description","Welcome to our repository of declarations of conformity for products where you can find and download the documents needed, in accordance with Regulation (EU) 2016/425. Please search for the required product and select the language to download the DoC as PDF. This library is updated regularly; in some cases a single declaration covers multiple variants within a product family.","Benvenuto nel nostro archivio delle dichiarazioni di conformità dei prodotti, dove puoi trovare e scaricare i documenti necessari in conformità al Regolamento (UE) 2016/425. Cerca il prodotto richiesto e seleziona la lingua per scaricare la DoC in PDF. Questa libreria è aggiornata regolarmente; in alcuni casi una singola dichiarazione copre più varianti all'interno di una famiglia di prodotti.","","",""
"declarations.hero.stats.certified","EU","UE","","",""
"declarations.hero.stats.certifiedLabel","Certified","Certificato","","",""
"declarations.hero.stats.compliance","100%","100%","","",""
"declarations.hero.stats.declarations","20+","20+","","",""
"declarations.hero.stats.declarationsLabel","Declarations","Dichiarazioni","","",""
"declarations.hero.stats.products","200+","200+","","",""
"declarations.hero.stats.productsLabel","Products","Prodotti","","",""
"declarations.hero.title","Declarations","Dichiarazioni","","",""
"declarations.hero.titleAccent","of Conformity","di Conformità","","",""
"declarations.hero.viewDeclarations","View Declarations","Vedi Dichiarazioni","","",""
"expertise.description","With over four decades of experience, Hand Line Company has established itself as a leader in innovative hand protection solutions for industrial environments.","Con oltre quattro decenni di esperienza, Hand Line Company si è affermata come leader nelle soluzioni innovative di protezione delle mani per ambienti industriali.","","",""
"expertise.features.customisation.cta","Learn About Our Process","Scopri il Nostro Processo","","",""
"expertise.features.customisation.description","We design and tailor products with our customers, starting from the operator's needs. We combine our deep expertise with your input to build the perfect solution.","Progettiamo e personalizziamo prodotti con i nostri clienti, partendo dalle esigenze dell'operatore e combinando la nostra profonda esperienza con il vostro input per costruire la soluzione perfetta.","","",""
"expertise.features.customisation.title","Product Customisation","Personalizzazione Prodotti","","",""
"expertise.features.cutResistance.cta","View Cut-Resistant Solutions","Scopri le soluzioni Antitaglio","","",""
"expertise.features.cutResistance.description","Advanced materials provide superior cut protection while maintaining dexterity and comfort for precision tasks.","Materiali avanzati offrono una protezione superiore contro i tagli mantenendo destrezza e comfort per lavori di precisione.","","",""
"expertise.features.cutResistance.title","Cut Resistant Gloves","Guanti Antitaglio","","",""
"expertise.features.headToToe.cta","Explore Products","Esplora tutti i prodotti","","",""
"expertise.features.headToToe.description","We provide full-range safety solutions, both with first party products and partnering with industry leading brands. We offer complete protection at the best prices.","Forniamo soluzioni di sicurezza complete, sia con prodotti propri che collaborando con marchi leader del settore. Offriamo protezione completa ai migliori prezzi.","","",""
"expertise.features.headToToe.title","Head-to-toe Protection","Protezione Completa dalla testa ai piedi","","",""
"expertise.features.heatProtection.cta","Explore Heat-Resistant Range","Esplora le soluzioni Anticalore","","",""
"expertise.features.heatProtection.description","Our bread and butter. We design and manufacture gloves to cater for all environments and temperatures, exceeding 1000C","Il nostro ambito di specializzazione. Progettiamo e produciamo guanti per tutti gli ambienti e temperature, superando i 1,000°C","","",""
"expertise.features.heatProtection.title","Heat Protection Gloves","Guanti Anticalore","","",""
"expertise.quote.author","Franco Castronuovo, CEO and Founder","Franco Castronuovo, CEO e Fondatore","","",""
"expertise.quote.text","My journey began 40 years ago when I observed workers handling hot moulds. By combining their perspectives with my craftsmanship, we created innovative safety solutions that now protect workers across countless industries.","Il mio viaggio è iniziato 40 anni fa quando ho osservato i lavoratori maneggiare stampi caldi. Combinando le loro prospettive con la mia esperienza artigianale, abbiamo creato soluzioni di sicurezza innovative che ora proteggono i lavoratori in innumerevoli settori.","","",""
"expertise.title","Our Expertise","La Nostra Esperienza","","",""
"featuredProducts.description","Discover our most popular safety products, designed to provide superior protection and comfort across different industrial applications.","Scopri i nostri dispositivi di sicurezza più popolari, progettati per fornire una protezione e un comfort superiori in diverse applicazioni industriali.","","",""
"featuredProducts.details","Details","Dettagli","","",""
"featuredProducts.industries","","Settori","","",""
"featuredProducts.keyFeatures","","Caratteristiche principali:","","",""
"featuredProducts.moreFeatures","","+{{count}} altre","","",""
"featuredProducts.noProducts","No featured products available at the moment.","Nessun prodotto in evidenza disponibile al momento.","","",""
"featuredProducts.preview","Preview","Anteprima","","",""
"featuredProducts.previewShort","View","Vedi","","",""
"featuredProducts.specs.cutLevel","Cut Level","Livello Taglio","","",""
"featuredProducts.specs.temperature","Temperature","Temperatura","","",""
"featuredProducts.title","Featured Products","Prodotti in Evidenza","","",""
"featuredProducts.viewAll","View all products","Scopri tutti i prodotti","","",""
"footer.address","via Antonio Brusa 34, 22035, Canzo (CO), Italy","via Antonio Brusa 34, 22035, Canzo (CO), Italia","","",""
"footer.addressUK","52 Grosvenor Gardens, London SW1W 0AU, United Kingdom","52 Grosvenor Gardens, London SW1W 0AU, United Kingdom","","",""
"footer.companyDescription","Italian manufacturer specialising in high-performance safety gloves for industrial environments. Protecting hands with innovative solutions since 1982.","Produttore italiano specializzato in guanti di sicurezza ad alte prestazioni per ambienti industriali. Proteggiamo le mani con soluzioni innovative dal 1982.","","",""
"footer.email","info@handlineco.com","info@handlineco.com","","",""
"footer.legal.copyright","All rights reserved.","Tutti i diritti riservati.","","",""
"footer.legal.links.cookies","Cookie Policy","Cookie","","",""
"footer.legal.links.privacy","Privacy Policy","Privacy","","",""
"footer.legal.links.standards","EN-Standards","Standard EN","","",""
"footer.legal.links.terms","Terms of Service","Termini di Utilizzo","","",""
"footer.phone","T: (+39) 031 6121961 | (+39) 031 526733","T: (+39) 031 6121961 | T: (+39) 031 526733","","",""
"footer.sections.company.links.about","About Us","Chi Siamo","","",""
"footer.sections.company.links.contactUs","Contact Us","Contattaci","","",""
"footer.sections.company.links.esg","ESG Commitment","Impegno ESG","","",""
"footer.sections.company.title","Company","Azienda","","",""
"footer.sections.industries.links.glassManufacturing","Glass Manufacturing","Produzione del Vetro","","",""
"footer.sections.industries.loading","Loading industries…","Caricamento settori…","","",""
"footer.sections.industries.title","Industries","Settori","","",""
"footer.sections.products.eyeFace.badge","","Protezione occhi e viso","","",""
"footer.sections.products.eyeFace.description","","Occhiali e visiere protettive per ambienti industriali","","",""
"footer.sections.products.eyeFace.detailedDescription","","Offriamo una gamma di dispositivi per la protezione di occhi e viso che include occhiali di sicurezza, occhiali a mascherina e visiere con protezione da arco elettrico, progettati per superare gli standard ed offrire massima chiarezza e comfort nei diversi ambienti di lavoro.","","",""
"footer.sections.products.eyeFace.title","","Protezione occhi e viso","","",""
"footer.sections.products.links.cutResistant","Cut-Resistant","Guanti Antitaglio","","",""
"footer.sections.products.links.generalPurpose","General Purpose","Guanti per uso generale","","",""
"footer.sections.products.links.heatResistant","Heat-Resistant","Anticalore","","",""
"footer.sections.products.links.mechanical","Mechanical","Guanti per rischi meccanici","","",""
"footer.sections.products.links.safetyGloves","Safety Gloves","Guanti di Sicurezza","","",""
"footer.sections.products.links.welding","Welding","Guanti per saldatori","","",""
"footer.sections.products.title","Products","Prodotti","","",""
"forms.and","and","e","","",""
"forms.company","Company Name","","","",""
"forms.companySize","Company Size","","","",""
"forms.contactDetails","Contact Details","","","",""
"forms.emailPlaceholder","your.email@company.com","","","",""
"forms.industry","Industry","","","",""
"forms.privacyConsent","I consent to Hand Line storing and processing my data in accordance with the ","Accetto ","","",""
"forms.privacyConsentError","","Devi accettare l'informativa sulla privacy e i termini di servizio","","",""
"forms.privacyPolicy","Privacy Policy","l'Informativa sulla Privacy","","",""
"forms.selectCompanySize","Select company size","","","",""
"forms.sizeNeeded","Size Needed","","","",""
"forms.submit","Submit Request","Invia Richiesta","","",""
"forms.terms","Terms of Service","i Termini di Servizio","","",""
"glovesHero.badge","Hand Protection","Protezione Mani","","",""
"glovesHero.browseProducts","Browse Gloves","Esplora Guanti","","",""
"glovesHero.description","Discover our comprehensive range of high-performance safety gloves, designed to provide superior protection against heat, cuts, and mechanical hazards in industrial environments.","Scopri la nostra gamma completa di guanti di sicurezza ad alte prestazioni, progettati per fornire una protezione superiore contro calore, tagli e rischi meccanici in ambienti industriali.","","",""
"glovesHero.getInTouch","Get in Touch","Contattaci","","",""
"glovesHero.heading","Safety","Guanti","","",""
"glovesHero.headingAccent","Gloves","Sicurezza","","",""
"glovesHero.stats.certified","Certified","Certificato","","",""
"glovesHero.stats.cut","Cut Resistance","Resistenza al Taglio","","",""
"glovesHero.stats.cutValue","Level 5","Livello 5","","",""
"glovesHero.stats.heat","Heat Resistance","Resistenza al Calore","","",""
"glovesHero.stats.years","Years Experience","Anni di Esperienza","","",""
"hero.description","With over 40 years' experience in designing, manufacturing and distributing safety gloves, we developed tailored solutions for hand protection for heavy duty industries, with particular focus on heat and cut hazards.","Con oltre 40 anni di esperienza nella progettazione, produzione e distribuzione di guanti di sicurezza, abbiamo sviluppato soluzioni su misura per la protezione delle mani per industrie pesanti, con particolare attenzione ai rischi di calore e taglio.","","",""
"hero.expertise","40+ Years of Expertise","40+ Anni di Esperienza","","",""
"hero.exploreProducts","Explore Products","Esplora Prodotti","","",""
"hero.getInTouch","Get in Touch","Contattaci","","",""
"hero.mainTitle.handline","HAND LINE","HAND LINE","","",""
"hero.mainTitle.safety","SAFETY","SICUREZZA","","",""
"hero.mainTitle.weSpeak","WE SPEAK","ESPERTI DI","","",""
"hero.title","Your Hands Protected","Le Tue Mani Protette","","",""
"industrialSwabsHero.badge","Precision Cleaning","Pulizia di precisione","","",""
"industrialSwabsHero.browseProducts","Browse Swabs","Esplora Scovoli","","",""
"industrialSwabsHero.description","Explore our specialised range of industrial swabs and cleaning solutions, designed for precision cleaning tasks in demanding industrial environments.","Esplora la nostra gamma specializzata di scovoli industriali e soluzioni di pulizia, progettati per attività di pulizia e lubrificazione di precisione in ambienti industriali impegnativi.","","",""
"industrialSwabsHero.getInTouch","Get in Touch","Contattaci","","",""
"industrialSwabsHero.heading","Industrial","Scovoli","","",""
"industrialSwabsHero.headingAccent","Swabs","Industriali","","",""
"industrialSwabsHero.stats.applications","Applications","Applicazioni","","",""
"industrialSwabsHero.stats.applicationsValue","500+","500+","","",""
"industrialSwabsHero.stats.certified","Certified","Certificato","","",""
"industrialSwabsHero.stats.precision","Precision Cleaning","Pulizia di precisione","","",""
"industrialSwabsHero.stats.years","Years Experience","Anni di Esperienza","","",""
"industries.contactForDetails","Contact us for details","Contattaci per dettagli","","",""
"industries.features.count","{count}+ specialised safety features","{count}+ caratteristiche di sicurezza specializzate","","",""
"industries.features.description","Discover the advanced safety features that make our {industry} solutions exceptional.","Scopri le caratteristiche avanzate di sicurezza che rendono eccezionali le nostre soluzioni per {industry}.","","",""
"industries.features.title","Specialised Safety Features","Caratteristiche di Sicurezza Specializzate","","",""
"industries.industrySummary","Industry Summary","Riassunto del Settore","","",""
"industries.keyFeatures","Key Features","Caratteristiche principali","","",""
"industries.keyHazards","Key Hazards","Rischi Principali","","",""
"industries.manufacturing","Manufacturing","Manifattura","","",""
"industries.noSectionsAvailable","Detailed industry information is being updated. Please check back soon.","Le informazioni dettagliate del settore sono in aggiornamento. Si prega di riprovare presto.","","",""
"industries.ppeSolutions","PPE Solutions","Soluzioni DPI","","",""
"industries.sectorsDescription","At Hand Line, we develop specialised safety solutions for a diverse range of industries, each with unique challenges and requirements.","In Hand Line sviluppiamo soluzioni di sicurezza specializzate per una vasta gamma di settori, ciascuno con sfide e requisiti unici.","","",""
"industries.sectorsWeServe","Sectors We Serve","Settori Serviti","","",""
"industries.spotlight.badge","Featured Industry","In primo piano","","",""
"industries.spotlight.cta","Explore Solutions","Eplora le soluzioni","","",""
"industries.spotlight.description","Discover how Hand Line's innovative safety solutions are tailored to meet the unique challenges of this industry.","Scopri come le soluzioni innovative di Hand Line sono progettate per affrontare le sfide uniche di questo settore.","","",""
"industries.spotlight.subtitle","Specialised Safety Solutions","Soluzioni per l'industria","","",""
"industries.spotlight.title","Industry Spotlight","Settore in evidenza","","",""
"industries.summary","Industry Overview","Panoramica del Settore","","",""
"industries.viewSolutions","View Solutions","Vedi Soluzioni","","",""
"industriesHero.badge","Sector Solutions","Soluzioni per Settori","","",""
"industriesHero.description","Discover how Hand Line's innovative safety solutions are tailored to meet the unique challenges of various industries, providing protection and performance when it matters most.","Grazie ad anni di esperienza ed un focus strategico su alcuni settori industriali, abbiamo sviluppato soluzioni innovative ed efficaci per rispondere alle sfide uniche dei nostri clienti. La nostra esperienza ci permette di aggiungere valore non solo nella fornitura dei DPI ma anche durante la fase di identificazione e creazione delle soluzioni di protezione.","","",""
"industriesHero.exploreIndustries","Explore Industries","Esplora Settori","","",""
"industriesHero.heading","Industry","Esperti di","","",""
"industriesHero.headingAccent","Solutions","Settore","","",""
"industriesHero.stats.customers","Happy Customers","Clienti Soddisfatti","","",""
"industriesHero.stats.industries","Industries Served","Settori Serviti","","",""
"industriesHero.stats.products","Products","Prodotti","","",""
"industriesHero.stats.years","Years Experience","Anni di Esperienza","","",""
"industriesHero.viewProducts","View Products","Prodotti","","",""
"industryCta.badge","Specialised Safety Solutions","Specialisti nel settore","","",""
"industryCta.buttons.browseProducts","Browse Our Products","Esplora i Nostri Prodotti","","",""
"industryCta.buttons.contactUs","Contact Us Today","Contattaci","","",""
"industryCta.description","Discover our comprehensive range of safety solutions specifically designed for the {industry} industry.","Scopri la nostra gamma completa di soluzioni di sicurezza specificamente progettate per il settore {industry}.","","",""
"industryCta.title","Ready to Enhance Safety in","Pronto a Migliorare la Sicurezza nel Settore","","",""
"industryCta.trustIndicator","Trusted by leading companies in {industry}","Fornitore di aziende leader nel settore {industry}","","",""
"industrySolutions.badge","Sector Solutions","Soluzioni per Settori","","",""
"industrySolutions.description","We design specialised hand protection for a wide range of industries, ensuring safety, comfort, and precision for every application.","Progettiamo protezioni specializzate per le mani per un'ampia gamma di settori industriali, garantendo sicurezza, comfort e precisione per ogni applicazione.","","",""
"industrySolutions.detailedDescription","We start from the person and design solutions around their needs. With almost half a century serving large organisations, we've developed deep industry expertise to help our customers improve protection and optimise productivity.","Partiamo dalla persona e progettiamo soluzioni attorno alle loro esigenze. Con quasi mezzo secolo di servizio a grandi organizzazioni, abbiamo sviluppato una profonda competenza del settore per aiutare i nostri clienti a migliorare la protezione e ottimizzare la produttività.","","",""
"industrySolutions.learnMore","Learn more","Scopri di più","","",""
"industrySolutions.noIndustries","No industry solutions available at the moment.","Nessuna soluzione per settori disponibile al momento.","","",""
"industrySolutions.title","Industry Solutions","Soluzioni per Settori","","",""
"industrySolutions.viewAll","View all industries","Vedi tutti i settori","","",""
"legal.content.cookies.lastUpdated","Last updated: 4th August 2025","Ultimo aggiornamento: 4 agosto 2025","","",""
"legal.content.cookies.title","Cookie Policy","Informativa sui Cookie","","",""
"legal.content.privacy.lastUpdated","Last updated: 4th August 2025","Ultimo aggiornamento: 4 agosto 2025","","",""
"legal.content.privacy.title","Privacy Policy","Informativa sulla Privacy","","",""
"legal.content.terms.lastUpdated","Last updated: 4th August 2025","Ultimo aggiornamento: 4 agosto 2025","","",""
"legal.content.terms.title","Terms of Service","Termini di Utilizzo","","",""
"legal.hero.badge","Important Documents","Documenti Importanti","","",""
"legal.hero.description","Our commitment to transparency, protection, and compliance with all relevant laws and regulations.","Il nostro impegno per la trasparenza, la protezione e la conformità con tutte le leggi e i regolamenti pertinenti.","","",""
"legal.hero.stats.compliance","100%","100%","","",""
"legal.hero.stats.complianceLabel","EU Compliant","Conforme UE","","",""
"legal.hero.stats.documents","3","3","","",""
"legal.hero.stats.documentsLabel","Legal Documents","Documenti Legali","","",""
"legal.hero.stats.updated","2025","2025","","",""
"legal.hero.stats.updatedLabel","Last Updated","Ultimo Aggiornamento","","",""
"legal.hero.title","Legal","Informazioni","","",""
"legal.hero.titleAccent","Information","Legali","","",""
"legal.tabs.cookies","Cookie Policy","Informativa Cookie","","",""
"legal.tabs.privacy","Privacy Policy","Informativa Privacy","","",""
"legal.tabs.terms","Terms of Service","Termini di Utilizzo","","",""
"navbar.about","About Us","Chi Siamo","","",""
"navbar.aboutDropdown.careers","Careers","Lavora con Noi","","",""
"navbar.aboutDropdown.esg","ESG Commitment","Impegno ESG","","",""
"navbar.aboutDropdown.ourCompany","Our Company","La Nostra Azienda","","",""
"navbar.allGloves","All Gloves","Tutti i Guanti","","",""
"navbar.allProducts","All Products","Tutti i Prodotti","","",""
"navbar.announcement","PROTECTING HANDS WITH INNOVATIVE SOLUTIONS","PROTEGGIAMO LE MANI CON SOLUZIONI INNOVATIVE","","",""
"navbar.armProtection","Arm Protection","Protezione delle braccia","","",""
"navbar.blog","Blog","Blog","","",""
"navbar.contact","Contact","Contatti","","",""
"navbar.cutResistant","Cut-Resistant","Guanti Antitaglio","","",""
"navbar.dashboard","Dashboard","Pannello di controllo","","",""
"navbar.eyeFaceProtection","Eye & Face Protection","Protezione occhi e viso","","",""
"navbar.generalPurpose","General Purpose","Uso Generale","","",""
"navbar.headProtection","Head Protection","Protezione della testa","","",""
"navbar.hearingProtection","Hearing Protection","Protezione uditiva","","",""
"navbar.heatResistant","Heat-Resistant","Guanti Anticalore","","",""
"navbar.home","Home","Home","","",""
"navbar.industrialSwabs","Industrial Swabs","Scovoli Industriali","","",""
"navbar.industries","Industries","Settori","","",""
"navbar.language.en","English","English","","",""
"navbar.language.it","Italiano","Italiano","","",""
"navbar.language.toggleButton","Switch to {lang}","Passa a {lang}","","",""
"navbar.language.toggleLabel","Language / Lingua","Lingua / Language","","",""
"navbar.mechanicalHazards","Mechanical Hazards","Rischi Meccanici","","",""
"navbar.menu","Menu","Menu","","",""
"navbar.partners","Partners","Partner","","",""
"navbar.partnersDropdown.distribution","Distribution","Distribuzione","","",""
"navbar.partnersDropdown.partnerships","Partnerships","Partnership","","",""
"navbar.products","Products","Prodotti","","",""
"navbar.protectiveClothing","Protective Clothing","Abbigliamento protettivo e da lavoro","","",""
"navbar.resources","Resources","Risorse","","",""
"navbar.resourcesDropdown.blog","Blog","Blog","","",""
"navbar.resourcesDropdown.caseStudies","Case Studies","Casi Studio","","",""
"navbar.resourcesDropdown.declarations","Declarations","Dichiarazioni di conformitá","","",""
"navbar.resourcesDropdown.enResourceCentre","PPE Standards Hub","Libreria Standard DPI","","",""
"navbar.resourcesDropdown.productDisclaimer","Product Disclaimer","Dichiarazione sui Prodotti","","",""
"navbar.respiratoryProtection","Respiratory Protection","Protezione vie respiratorie","","",""
"navbar.safetyFootwear","Safety Footwear","Calzature di sicurezza","","",""
"navbar.safetyGloves","Hand Protection","Protezione delle mani","","",""
"navbar.searchPlaceholder","Search products, industries, or articles...","Cerca prodotti, settori o articoli...","","",""
"navbar.welding","Welding","Saldatura","","",""
"partners.description","Join our global network of partners and distributors to bring Hand Line's innovative safety solutions to more workers around the world.","Unisciti alla nostra rete globale di partner e distributori per portare le soluzioni di sicurezza innovative di Hand Line a più lavoratori in tutto il mondo.","","",""
"partners.distribution.cta","Become a Distributor","Diventa Distributore","","",""
"partners.distribution.description","Join our growing network of distributors to bring Hand Line's safety products to your region. We provide comprehensive support and competitive margins.","Unisciti alla nostra crescente rete di distributori per portare i prodotti di sicurezza Hand Line nella tua regione. Forniamo supporto completo e margini competitivi.","","",""
"partners.distribution.title","Distribution Network","Distribuzione prodotti Hand Line","","",""
"partners.distributionPage.form.company","Company","Azienda","","",""
"partners.distributionPage.form.companyPlaceholder","Your company name","Il nome della tua azienda","","",""
"partners.distributionPage.form.country","Country","Paese","","",""
"partners.distributionPage.form.countryPlaceholder","Your country or region of operation","Il tuo paese o regione di operatività","","",""
"partners.distributionPage.form.description","Fill out the form below to discuss distribution opportunities in your region.","Compila il modulo sottostante per discutere opportunità di distribuzione nella tua regione.","","",""
"partners.distributionPage.form.details","Distribution Details","Messaggio","","",""
"partners.distributionPage.form.detailsPlaceholder","Please tell us about your distribution capabilities, market reach, and why you're interested in Hand Line products...","Parlaci delle tue capacità di distribuzione, della tua portata di mercato e del motivo per cui sei interessato ai prodotti Hand Line...","","",""
"partners.distributionPage.form.email","Email Address","Indirizzo Email","","",""
"partners.distributionPage.form.emailAddress","distribution@handlineco.com","distribution@handlineco.com","","",""
"partners.distributionPage.form.emailAlternative","Alternatively, email us directly at","In alternativa, inviaci un'email direttamente a","","",""
"partners.distributionPage.form.emailPlaceholder","your.email@company.com","tua.email@azienda.com","","",""
"partners.distributionPage.form.errorMessage","Please try again later or contact us directly at distribution@handlineco.com","Riprova più tardi o contattaci direttamente a distribution@handlineco.com","","",""
"partners.distributionPage.form.errorTitle","Something went wrong","Qualcosa è andato storto","","",""
"partners.distributionPage.form.fullName","Full Name","Nome","","",""
"partners.distributionPage.form.fullNamePlaceholder","Your full name","Il tuo nome completo","","",""
"partners.distributionPage.form.phone","Phone (Optional)","Telefono (Opzionale)","","",""
"partners.distributionPage.form.phonePlaceholder","Your phone number","Il tuo numero di telefono","","",""
"partners.distributionPage.form.submit","Submit Distribution Enquiry","Invia Richiesta","","",""
"partners.distributionPage.form.submitting","Submitting...","Invio in corso...","","",""
"partners.distributionPage.form.successMessage","Thank you for your interest. We'll be in touch shortly at ","Grazie per il tuo interesse. Ti contatteremo presto all'indirizzo ","","",""
"partners.distributionPage.form.successTitle","Distribution enquiry sent","Richiesta distribuzione inviata","","",""
"partners.distributionPage.form.title","Become a Distributor","Diventa Distributore","","",""
"partners.distributionPage.hero.badge","Global Network","Rete Globale","","",""
"partners.distributionPage.hero.becomeDistributor","Become a Distributor","Diventa Distributore","","",""
"partners.distributionPage.hero.description","Join our global distribution network to bring industry-leading safety solutions to your market. Our distributors benefit from exclusive products, competitive margins and comprehensive support.","Unisciti alla nostra rete di distribuzione globale per portare soluzioni di sicurezza all'avanguardia nel tuo mercato. I nostri distributori beneficiano di prodotti esclusivi, margini competitivi e supporto completo.","","",""
"partners.distributionPage.hero.seeProducts","See our products","Vedi i nostri prodotti","","",""
"partners.distributionPage.hero.title","Distribute","Distribuisci i Prodotti","","",""
"partners.distributionPage.hero.titleAccent","Hand Line","Hand Line","","",""
"partners.distributionPage.hero.titleSuffix","Products","","","",""
"partners.hero.badge","Global Partnerships","Piú forti insieme","","",""
"partners.hero.description","Join our global network of partners to bring Hand Line's innovative safety solutions to more workers around the world. Discover opportunities for strategic partnerships and distribution.","Scopri le opportunità di partnership strategiche e distribuzione dei prodotti Hand Line e unisciti alla nostra rete di partner.","","",""
"partners.hero.distribution","Distribution Network","Rete di Distribuzione","","",""
"partners.hero.partnerships","Strategic Partnerships","Partnership Strategiche","","",""
"partners.hero.stats.countries","Countries","Paesi","","",""
"partners.hero.stats.partners","Global Partners","Partner Globali","","",""
"partners.hero.stats.products","Products","Prodotti","","",""
"partners.hero.stats.years","Years Experience","Anni di Esperienza","","",""
"partners.hero.title","Partner with","Collabora con","","",""
"partners.partnerships.form.company","Company","Azienda","","",""
"partners.partnerships.form.companyPlaceholder","Your company name","Il nome della tua azienda","","",""
"partners.partnerships.form.description","Fill out the form below to discuss partnership opportunities with our team.","Compila il modulo sottostante per discutere opportunità di partnership con il nostro team.","","",""
"partners.partnerships.form.details","Partnership Details","Messaggio","","",""
"partners.partnerships.form.detailsPlaceholder","Please tell us about your partnership interests and how we might work together...","Parlaci dei tuoi interessi di partnership e di come potremmo collaborare...","","",""
"partners.partnerships.form.email","Email Address","Indirizzo Email","","",""
"partners.partnerships.form.emailAddress","partnerships@handlineco.com","partnerships@handlineco.com","","",""
"partners.partnerships.form.emailAlternative","Alternatively, email us directly at","In alternativa, inviaci un'email direttamente a","","",""
"partners.partnerships.form.emailPlaceholder","your.email@company.com","tua.email@azienda.com","","",""
"partners.partnerships.form.errorMessage","Please try again later or contact us directly at partnerships@handlineco.com","Riprova più tardi o contattaci direttamente a partnerships@handlineco.com","","",""
"partners.partnerships.form.errorTitle","Something went wrong","Qualcosa è andato storto","","",""
"partners.partnerships.form.fullName","Full Name","Nome","","",""
"partners.partnerships.form.fullNamePlaceholder","Your full name","Il tuo nome completo","","",""
"partners.partnerships.form.phone","Phone (Optional)","Telefono (Opzionale)","","",""
"partners.partnerships.form.phonePlaceholder","Your phone number","Il tuo numero di telefono","","",""
"partners.partnerships.form.submit","Submit Partnership Enquiry","Invia Richiesta","","",""
"partners.partnerships.form.submitting","Submitting...","Invio in corso...","","",""
"partners.partnerships.form.successMessage","Thank you for your interest. We'll be in touch shortly at ","Grazie per il tuo interesse. Ti contatteremo presto all'indirizzo ","","",""
"partners.partnerships.form.successTitle","Partnership enquiry sent","Richiesta partnership inviata","","",""
"partners.partnerships.form.title","Become a Partner","Diventa Partner","","",""
"partners.partnerships.hero.badge","Strategic Alliances","Alleanze Strategiche","","",""
"partners.partnerships.hero.becomePartner","Become a Partner","Diventa Partner","","",""
"partners.partnerships.hero.description","We build lasting partnerships to enhance worker safety and innovation. Join us to create protective solutions that make a difference in workplaces worldwide.","Costruiamo partnership durature per migliorare la sicurezza e l'innovazione sul lavoro. Unisciti a noi per creare soluzioni protettive che fanno la differenza nei luoghi di lavoro di tutto il mondo.","","",""
"partners.partnerships.hero.seeProducts","See our products","Vedi i nostri prodotti","","",""
"partners.partnerships.hero.title","Partner with","Collabora con","","",""
"partners.partnerships.hero.titleAccent","Hand Line","Hand Line","","",""
"partners.strategic.cta","Explore Partnerships","Esplora Partnership","","",""
"partners.strategic.description","We're looking for industry leaders to collaborate on innovative safety solutions. Build a strategic alliance with Hand Line.","Vuoi promuovere e vendere i tuoi DPI attraverso Hand Line? Cerchiamo leader del settore per ampliare la nostra offerta con soluzioni di sicurezza innovative.","","",""
"partners.strategic.title","Strategic Partnerships","Partnership Strategiche","","",""
"partners.title","Partner with Hand Line","Collabora con Hand Line","","",""
"productCategories.cutResistantGloves","Cut resistant gloves","Guanti resistenti al taglio","","",""
"productCategories.generalPurposeGloves","General purpose gloves","Guanti per uso generale","","",""
"productCategories.handProtection","Hand protection","Protezione delle mani","","",""
"productCategories.heatResistantGloves","Heat resistant gloves","Guanti resistenti al calore","","",""
"productCategories.industrialSwabs","Industrial swabs","Tamponi industriali","","",""
"productCategories.mechanicalHazardsGloves","Mechanical hazards gloves","Guanti per rischi meccanici","","",""
"productCategories.respiratoryProtection","Respiratory protection","Protezione vie respiratorie","","",""
"productCategories.weldingGloves","Welding gloves","Guanti per saldatura","","",""
"productPage.abrasion","Abrasion","Abrasione","","",""
"productPage.additionalMarking","Additional marking","Marcatura aggiuntiva","","",""
"productPage.additionalRequirements","Additional requirements","Requisiti supplementari","","",""
"productPage.additionalStandards","Additional Standards","Conformità standard aggiuntivi","","",""
"productPage.applications","Applications","Applicazioni","","",""
"productPage.arm","Arm","Asta","","",""
"productPage.armProtectionAttributes","Arm Protection Attributes","Attributi protezione braccia","","",""
"productPage.attributes","Attributes","Attributi","","",""
"productPage.backToProducts","Back to products","Torna ai prodotti","","",""
"productPage.biologicalHazards","Biological Hazards","Rischi Biologici","","",""
"productPage.bluetooth","Bluetooth","Bluetooth","","",""
"productPage.brimLong","Long brim","Visiera lunga","","",""
"productPage.brimShort","Short brim","Visiera corta","","",""
"productPage.category","Category","Categoria","","",""
"productPage.ceCategory","CE Category","Categoria CE","","",""
"productPage.chemicalExposure","Chemical Exposure","Esposizione Chimica","","",""
"productPage.closedShell","Closed shell","Calotta chiusa","","",""
"productPage.closureTypes.elastic","Elastic","Elastico","","",""
"productPage.closureTypes.none","None","Nessuno","","",""
"productPage.closureTypes.velcro","Velcro","Velcro","","",""
"productPage.clothingStandards.breathability","Breathability","Traspirabilità","","",""
"productPage.clothingStandards.class","Class","Classe","","",""
"productPage.clothingStandards.contactHeat","Contact heat","Calore di contatto","","",""
"productPage.clothingStandards.convectiveHeat","Convective heat","Calore convettivo","","",""
"productPage.clothingStandards.enStandards","EN Standards","Livelli di protezione","","",""
"productPage.clothingStandards.flameSpread","Flame spread","Propagazione della fiamma","","",""
"productPage.clothingStandards.moltenAluminium","Molten Aluminium","Alluminio fuso","","",""
"productPage.clothingStandards.moltenIron","Molten Iron","Ferro fuso","","",""
"productPage.clothingStandards.protection","Protection","Protezione","","",""
"productPage.clothingStandards.radiantHeat","Radiant heat","Calore radiante","","",""
"productPage.clothingStandards.waterPenetration","Water penetration","Penetrazione dell'acqua","","",""
"productPage.clothingStandards.welding","Welding","Saldatura","","",""
"productPage.coating","Coating","Trattamento","","",""
"productPage.coatingTypes.anti_fog","Anti Fog","Antiappannante","","",""
"productPage.coatingTypes.chemical_resistant","Chemical Resistant","Resistente agli agenti chimici","","",""
"productPage.coatingTypes.scratch_resistant","Scratch Resistant","Antigraffio","","",""
"productPage.coldProtection","Cold Protection","Protezione dal freddo","","",""
"productPage.colours","Colours","Colori","","",""
"productPage.combined","Combined","Combinato","","",""
"productPage.comfortFeatures","Comfort & fit features","Comfort e vestibilità","","",""
"productPage.compatibleWith","Compatible with","Compatibile con","","",""
"productPage.contactCold","Contact Cold","Freddo da contatto","","",""
"productPage.contactHeat","Contact Heat","Calore da Contatto","","",""
"productPage.contactUs","Contact Us","Contattaci","","",""
"productPage.convectiveCold","Convective Cold","Freddo convettivo","","",""
"productPage.convectiveHeat","Convective Heat","Calore Convettivo","","",""
"productPage.cut","Cut","Taglio","","",""
"productPage.cutResistanceLevel","Cut Resistance Level","Livello di Resistenza al Taglio","","",""
"productPage.declarationOfConformity","Declaration of Conformity","Dichiarazione di Conformità","","",""
"productPage.declarationsOfConformity","Declarations of Conformity","Dichiarazioni di Conformità","","",""
"productPage.dimensions","Dimensions","Dimensioni","","",""
"productPage.documentation","Documents","Documenti","","",""
"productPage.download","Download","Scarica","","",""
"productPage.dryConditions","Dry Conditions","Ambiente asciutto","","",""
"productPage.dust","Dust","Polvere","","",""
"productPage.dustyConditions","Dusty Conditions","Presenza di polveri","","",""
"productPage.electrical","Electrical risk","Rischio elettrico","","",""
"productPage.electricalInsulation","Electrical insulation","Isolamento elettrico","","",""
"productPage.electricalRisks","Electrical risks","Rischi elettrici","","",""
"productPage.en352Parts","EN 352 parts","Parti EN 352","","",""
"productPage.enIso20345","EN ISO 20345","EN ISO 20345","","",""
"productPage.enIso20345_2011","EN ISO 20345:2011","EN ISO 20345:2011","","",""
"productPage.enIso20345_2022","EN ISO 20345:2022","EN ISO 20345:2022","","",""
"productPage.enIso21420","EN ISO 21420","EN ISO 21420","","",""
"productPage.englishDocument","English","English","","",""
"productPage.equipment","Equipment","Attrezzatura","","",""
"productPage.features","Features","Caratteristiche","","",""
"productPage.filtersFitted","filters fitted","filtri installati","","",""
"productPage.fit","Fit","Vestibilità","","",""
"productPage.flammability","Flammability","Infiammabilità","","",""
"productPage.footwearAttributes.chemicalExposure","Chemical exposure","Esposizione chimica","","",""
"productPage.footwearAttributes.esd","ESD","ESD","","",""
"productPage.footwearAttributes.metalFree","Metal-free","Senza metallo","","",""
"productPage.footwearAttributes.metatarsalProtection","Metatarsal protection","Protezione metatarsale","","",""
"productPage.footwearAttributes.slipResistance","Slip resistance","Resistenza allo scivolamento","","",""
"productPage.footwearAttributes.waterResistance","Water resistance","Resistenza all'acqua","","",""
"productPage.frame","Frame","Montatura","","",""
"productPage.frameMark","Frame mark","Montatura","","",""
"productPage.gasesVapours","Gases & Vapours","Gas e Vapori","","",""
"productPage.gender","Gender","Genere","","",""
"productPage.glare","Glare","Abbaglio","","",""
"productPage.headband","Headband","Fascia","","",""
"productPage.hearingAttributes.adjustments","Adjustments","Regolazioni","","",""
"productPage.hearingAttributes.biohazard","Biohazard","Rischio biologico","","",""
"productPage.hearingAttributes.compatibility","Compatibility","Compatibilità","","",""
"productPage.hearingAttributes.decontamination","Decontamination","Decontaminazione","","",""
"productPage.hearingAttributes.electricalInsulation","Electrical insulation","Isolamento elettrico","","",""
"productPage.hearingAttributes.extremeTemperature","Extreme temperature","Temperatura estrema","","",""
"productPage.hearingAttributes.flame","Flame","Fiamma","","",""
"productPage.hearingAttributes.lowTemperature","Low-temperature","Prestazioni a bassa temperatura","","",""
"productPage.hearingAttributes.mechanicalStress","Mechanical stress","Stress meccanico","","",""
"productPage.hearingAttributes.mhNoise","M/H Noise","Rumore M/H","","",""
"productPage.hearingAttributes.radioFrequency","Radio frequency","Radiofrequenza","","",""
"productPage.hearingAttributes.specialElectrical","Special electrical","Elettrico speciale","","",""
"productPage.hearingAttributes.temperatureWater","Temperature + Water","Temperatura + Acqua","","",""
"productPage.hearingAttributes.waterResistance","Water resistance","Resistenza all'acqua","","",""
"productPage.highTemperature","High temperature","Alta temperatura","","",""
"productPage.impact","Impact","Impatto","","",""
"productPage.industries","Industries","Settori","","",""
"productPage.ir","IR","IR","","",""
"productPage.italianDocument","Italiano","Italiano","","",""
"productPage.keyIndustries","Key Industries","Indicato per i settori","","",""
"productPage.largeSplashes","Large Splashes","Grandi Schizzi","","",""
"productPage.lateralDeformation","Lateral deformation","Deformazione laterale","","",""
"productPage.lens","Lens","Lenti","","",""
"productPage.lensMark","Lens mark","Lente","","",""
"productPage.lensTintTypes.amber","Amber","Ambra","","",""
"productPage.lensTintTypes.blue","Blue","Blu","","",""
"productPage.lensTintTypes.brown","Brown","Marrone","","",""
"productPage.lensTintTypes.clear","Clear","Trasparente","","",""
"productPage.lensTintTypes.green","Green","Verde","","",""
"productPage.lensTintTypes.grey","Grey","Grigio","","",""
"productPage.lensTintTypes.mirror","Mirror","Specchiata","","",""
"productPage.lensTintTypes.smoke","Smoke","Fumé","","",""
"productPage.lensTintTypes.transparent","Transparent","Trasparente","","",""
"productPage.lensTintTypes.yellow","Yellow","Giallo","","",""
"productPage.lowTemperature","Low temperature","Prestazioni a bassa temperatura","","",""
"productPage.lowVisibility","Low visibility","Bassa visibilità","","",""
"productPage.manufacturersInstruction","Manufacturers Instruction","Istruzioni del Produttore","","",""
"productPage.materialLabels.insole","Insole","Soletta","","",""
"productPage.materialLabels.lining","Lining","Fodera","","",""
"productPage.materialLabels.sole","Sole","Suola","","",""
"productPage.materialLabels.toeCap","Toe Cap","Puntale","","",""
"productPage.materialLabels.upper","Upper","Tomaia","","",""
"productPage.materials","Materials","Materiali","","",""
"productPage.mechanical","Mechanical","Meccanico","","",""
"productPage.mechanicalRisks","Mechanical Risks","Rischi Meccanici","","",""
"productPage.metalFree","Metal-free","Senza metallo","","",""
"productPage.no","No","No","","",""
"productPage.noDocuments","No documents available","Nessun documento disponibile","","",""
"productPage.npf","NPF","NPF","","",""
"productPage.oilyGreasy","Oily / Greasy","Oleoso / Grasso","","",""
"productPage.opticalClass","Optical class","Classe ottica","","",""
"productPage.otherDetails","Other details","Altri dettagli","","",""
"productPage.padSize","Pad Size","Dimensione scovolo","","",""
"productPage.productDeclarations","Declaration of Conformity","Dichiarazione di Conformità","","",""
"productPage.productDetails","Product Details","Dettagli Prodotto","","",""
"productPage.productInfo.brand","Brand","Marca","","",""
"productPage.productInfo.length","Length","Lunghezza","","",""
"productPage.productInfo.rodLength","Rod length","Lunghezza asta","","",""
"productPage.productInfo.size","Size","Taglia","","",""
"productPage.protection","Protection","Protezione","","",""
"productPage.protectionCodes","Protection codes","Codici di protezione","","",""
"productPage.protectiveFilter","Protective filter","Filtro protettivo","","",""
"productPage.protectiveFilters","Protective filters","Filtri protettivi","","",""
"productPage.puncture","Puncture","Perforazione","","",""
"productPage.radiantHeat","Radiant Heat","Calore Radiante","","",""
"productPage.radiation","Radiation","Radiazione","","",""
"productPage.requestSample","Request Sample","Richiedi Campione","","",""
"productPage.respiratoryStandards.class","Class","Classe","","",""
"productPage.respiratoryStandards.gasFilters","Gas Filters","Filtri Gas","","",""
"productPage.respiratoryStandards.gases.a","Organic gases","Gas organici","","",""
"productPage.respiratoryStandards.gases.ax","Organic gas < 65°C","Gas organico < 65°C","","",""
"productPage.respiratoryStandards.gases.b","Inorganic gases","Gas inorganici","","",""
"productPage.respiratoryStandards.gases.co","Carbon monoxide","Monossido di carbonio","","",""
"productPage.respiratoryStandards.gases.e","Acid gases","Gas acidi","","",""
"productPage.respiratoryStandards.gases.hg","Mercury","Mercurio","","",""
"productPage.respiratoryStandards.gases.k","Ammonia","Ammoniaca","","",""
"productPage.respiratoryStandards.gases.no","Nitrous gas","Gas nitrosi","","",""
"productPage.respiratoryStandards.gases.p","Dust","Polvere","","",""
"productPage.respiratoryStandards.gases.sx","Specific gas","Gas specifico","","",""
"productPage.respiratoryStandards.highDust","High dust","Alta polvere","","",""
"productPage.respiratoryStandards.nonReusable","Non-reusable","Non riutilizzabile","","",""
"productPage.respiratoryStandards.reusable","Reusable","Riutilizzabile","","",""
"productPage.safety","EN Standards","Livelli di protezione","","",""
"productPage.safetyFeatures","Safety features","Caratteristiche di sicurezza","","",""
"productPage.safetyStandards","Protection Levels","Livelli di Protezione","","",""
"productPage.size","Size","Taglie","","",""
"productPage.sleeveFeatures","Sleeve features","Caratteristiche manicotto","","",""
"productPage.slipResistance","Slip resistance","Resistenza allo scivolamento","","",""
"productPage.smallSplashes","Small Splashes","Piccoli Schizzi","","",""
"productPage.snr","SNR","SNR","","",""
"productPage.specifications","Specifications","Specifiche","","",""
"productPage.standards","Standards","Standard","","",""
"productPage.stdLabel.din31813","Respiratory protective devices - Gas filters","Dispositivi di protezione delle vie respiratorie - Filtri per gas","","",""
"productPage.stdLabel.en12492","Mountaineering helmets","Caschi da alpinismo","","",""
"productPage.stdLabel.en140","Respiratory protective devices - Half masks and quarter masks","Dispositivi di protezione delle vie respiratorie - Semimaschere e quarti di maschera","","",""
"productPage.stdLabel.en143","Respiratory protective devices - Particle filters","Dispositivi di protezione delle vie respiratorie - Filtri per particelle","","",""
"productPage.stdLabel.en169","Welding filters","Filtri per saldatura","","",""
"productPage.stdLabel.en170","UV filters","Filtri UV","","",""
"productPage.stdLabel.en172","Sunglare filters for industrial use","Filtri antiabbagliamento per uso industriale","","",""
"productPage.stdLabel.en175","Equipment for welding and allied processes","Apparecchi per saldatura e processi affini","","",""
"productPage.stdLabel.en397","Industrial safety helmets","Caschi di sicurezza industriali","","",""
"productPage.stdLabel.en421","Ionising radiation and radioactive contamination","Radiazioni ionizzanti e contaminazione radioattiva","","",""
"productPage.stdLabel.en50365","Electrical insulation","Isolamento elettrico","","",""
"productPage.stdLabel.en659","Firefighters' protective footwear","Calzature di sicurezza per vigili del fuoco","","",""
"productPage.stdLabel.en812","Bump caps","Berretti antiurto","","",""
"productPage.stdLabel.en_iso_21420","General requirements","Requisiti generali","","",""
"productPage.stdLabel.foodGrade","Food contact safe","Idoneo al contatto alimentare","","",""
"productPage.stdLabel.gset29","Electric arc protection (face shields)","Protezione da arco elettrico (visiere)","","",""
"productPage.stdLabel.ionisingRadiation","Protection against ionising radiation","Protezione contro radiazioni ionizzanti","","",""
"productPage.stdLabel.radioactiveContamination","Protection against radioactive contamination","Protezione contro contaminazione radioattiva","","",""
"productPage.submitEnquiry","Submit Enquiry","Invia richiesta","","",""
"productPage.suitableFor","Suitable for","Adatto per","","",""
"productPage.sun","Sun","Sole","","",""
"productPage.tear","Tear","Strappo","","",""
"productPage.technicalSheets","Technical Sheet","Scheda Tecnica","","",""
"productPage.technicalSpecifications","Technical Specifications","Specifiche Tecniche","","",""
"productPage.temperatureRating","Temperature Rating","Resistenza al Calore","","",""
"productPage.thermalRisks","Thermal Risks","Rischi Termici","","",""
"productPage.uv","UV","UV","","",""
"productPage.uvProtection","UV protection","Protezione UV","","",""
"productPage.waterPermeability","Water Permeability","Permeabilità all'acqua","","",""
"productPage.weight","Weight","Peso","","",""
"productPage.welding","Welding","Saldatura","","",""
"productPage.wetConditions","Wet Conditions","Ambiente umido","","",""
"productPage.workEnvironment.biological","Biological Hazards","Rischi Biologici","","",""
"productPage.workEnvironment.chemical","Chemical Exposure","Esposizione Chimica","","",""
"productPage.workEnvironment.electrical","Electrical risk","Rischio elettrico","","",""
"productPage.workEnvironmentSuitability","Work Environment Suitability","Idoneità ambiente di lavoro","","",""
"productPage.workEnvironments","work environments","ambienti di lavoro","","",""
"productPage.yes","Yes","Sì","","",""
"products.applications","Applications","Applicazioni","","",""
"products.badge","Our Products","I Nostri Prodotti","","",""
"products.browseTitle","Browse Our Products","Sfoglia i Nostri Prodotti","","",""
"products.categories.main.armProtection.badge","Arm Protection","Protezione braccia","","",""
"products.categories.main.armProtection.description","Cut-resistant sleeves and arm protection for industrial applications","Manicotti antitaglio e protezione avambraccio per applicazioni industriali","","",""
"products.categories.main.armProtection.detailedDescription","The arm protection range provides reliable forearm coverage for demanding industrial environments. Focusing on cut and heat resistance, our sleeves ensure safety, comfort, and a secure fit, helping operators work safely when handling sharp edges, glass, and metal parts.","La gamma per la protezione delle braccia offre affidabile copertura dell'avambraccio per ambienti industriali impegnativi. Con un focus sulla protezione da taglio e calore, i nostri manicotti garantiscono sicurezza, comfort e vestibilità aiutando gli operatori a lavorare in sicurezza nella movimentazione di spigoli taglienti, vetro e parti metalliche.","","",""
"products.categories.main.armProtection.title","Arm protection","Protezione braccia","","",""
"products.categories.main.badge","Product Categories","Catalogo","","",""
"products.categories.main.clothing.badge","Protective Clothing","Abbigliamento protettivo","","",""
"products.categories.main.clothing.categoriesDescription","Choose from our specialised clothing ranges designed for visibility, multi‑risk protection and welding applications.","Scegli tra le nostre linee di abbigliamento dedicate a visibilità, protezione multirischio e saldatura.","","",""
"products.categories.main.clothing.description","High‑visibility garments, safety clothing and workwear","Capi alta visibilità e abbigliamento di sicurezza e da lavoro","","",""
"products.categories.main.clothing.detailedDescription","The clothing range includes high-visibility garments as well as protective and workwear certified according to EN standards, ensuring visibility, protection, and comfort","La gamma di abbigliamento include abbigliamento ad alta visibilità e abbigliamento protettivo e da lavoro certificato secondo le norme EN, garantendo visibilità, protezione e comfort.","","",""
"products.categories.main.clothing.subcategories.highVisibility.description","EN ISO 20471 garments for high-visibility and safety","Capi EN ISO 20471 per alta visibilità e sicurezza","","",""
"products.categories.main.clothing.subcategories.highVisibility.detailedDescription","","Abbigliamento ad alta visibilità certificato EN ISO 20471 progettato per garantire visibilità affidabile in condizioni di scarsa illuminazione e in aree ad alto rischio in diverse classi adatte fino a rischi più elevati. Tessuti traspiranti e durevoli e tagli ergonomici assicurano comfort per tutta la giornata in manutenzione stradale, edilizia, logistica e servizi pubblici, con opzioni invernali e impermeabili.","","",""
"products.categories.main.clothing.subcategories.highVisibility.title","High‑visibility clothing","Abbigliamento alta visibilità","","",""
"products.categories.main.clothing.subcategories.safetyWorkwear.description","Industrial workwear and safety clothing","Abbigliamento da lavoro e di sicurezza per uso industriale","","",""
"products.categories.main.clothing.subcategories.safetyWorkwear.detailedDescription","","Abbigliamento da lavoro e di sicurezza che offre protezione multirischio per operazioni in ambienti industriali dove durata e conformità non sono negoziabili. Vestibilità moderne ed ergonomiche supportano libertà di movimento e lunga durata, aiutando gli operatori a mantenere la produttività in manutenzione, produzione e attività sul campo.","","",""
"products.categories.main.clothing.subcategories.safetyWorkwear.title","Safety clothing and Workwear","Abbigliamento di sicurezza e da lavoro","","",""
"products.categories.main.clothing.subcategories.welding.description","Heat and spatter resistant clothing for welding operations","Abbigliamento resistente a calore e spruzzi per la saldatura","","",""
"products.categories.main.clothing.subcategories.welding.detailedDescription","","Abbigliamento per saldatura pensato per ambienti di fabbricazione impegnativi e protezione da scintille, spruzzi e calore convettivo. Giacche, grembiuli e manicotti utilizzano tessuti ignifughi e cuciture rinforzate, con design in linea con i requisiti prestazionali EN ISO 11611 ed EN ISO 11612. Il bilanciamento tra traspirabilità e copertura consente agli operatori di lavorare in sicurezza mantenendo comfort per tutta la durata del turno.","","",""
"products.categories.main.clothing.subcategories.welding.title","Welding clothing","Abbigliamento per saldatori","","",""
"products.categories.main.clothing.title","Protective Clothing","Abbigliamento protettivo e da lavoro","","",""
"products.categories.main.contactCard.cta","Contact Us","Contattaci","","",""
"products.categories.main.contactCard.description","Get in touch with our team and we'll help you find the right safety solution for your needs.","Contatta il nostro team e ti aiuteremo a trovare la soluzione di sicurezza adatta alle tue esigenze.","","",""
"products.categories.main.contactCard.title","Can't see what you're looking for?","Non trovi quello che cerchi?","","",""
"products.categories.main.description","Explore our comprehensive range of industrial safety products designed to protect workers across various industries.","Esplora la nostra gamma completa di prodotti di sicurezza industriale progettati per proteggere i lavoratori da capo a piedi.","","",""
"products.categories.main.eyeFace.badge","Eye & Face Protection","Protezione occhi e viso","","",""
"products.categories.main.eyeFace.description","Protective eyewear and visors for industrial environments","Occhiali e visiere protettive per ambienti industriali","","",""
"products.categories.main.eyeFace.detailedDescription","The eye and face protection range includes safety glasses, goggles, and visors with arc flash protection, designed according to EN standards. They offer maximum clarity and comfort with anti-fog and anti-scratch coatings, UV filters, and options for IR protection.","La gamma per la protezione di occhi e viso include occhiali di sicurezza, occhiali a mascherina e visiere con protezione da arco elettrico, progettati secondo le norme EN. Massima chiarezza e comfort con trattamenti antiappannanti e antigraffio, filtri UV e opzioni per protezione IR.","","",""
"products.categories.main.eyeFace.title","Eye & Face Protection","Protezione occhi e viso","","",""
"products.categories.main.footwear.badge","Safety Footwear","Calzature di sicurezza","","",""
"products.categories.main.footwear.description","Feet protection from safety hazards and slip","Protezione dei piedi da rischi industriali","","",""
"products.categories.main.footwear.detailedDescription","The safety footwear range includes shoes, sneakers, and boots designed for various risks in accordance with EN ISO 20345, offering both comfort and protection in demanding environments.","La gamma di calzature di sicurezza include scarpe, sneakers e stivali progettati per diversi rischi secondo la norma EN ISO 20345 e pensati per offrire comfort e protezione in ambienti impegnativi.","","",""
"products.categories.main.footwear.title","Safety Footwear","Calzature di sicurezza","","",""
"products.categories.main.gloves.badge","Safety Gloves","Guanti di Sicurezza","","",""
"products.categories.main.gloves.categoriesDescription","Choose from our specialised range of safety gloves designed for specific industrial applications.","Scegli dalla nostra gamma specializzata di guanti di sicurezza progettati per specifiche applicazioni industriali.","","",""
"products.categories.main.gloves.description","High-performance protective gloves for all industrial applications","Guanti protettivi ad alte prestazioni per tutte le applicazioni industriali","","",""
"products.categories.main.gloves.detailedDescription","Our comprehensive range of safety gloves provides superior protection across all industrial applications. From extreme heat resistance to advanced cut protection, our gloves are designed with precision engineering and tested to exceed industry standards. Each category is specifically tailored to meet the unique challenges of different work environments while maintaining comfort and dexterity.","La nostra gamma completa di guanti di sicurezza offre una protezione superiore in tutte le applicazioni industriali. Dalla resistenza al calore estremo alla protezione avanzata contro i tagli e i rischi meccanici, i nostri guanti sono progettati con ingegneria di precisione e testati per superare gli standard del settore. Ogni categoria è specificamente adattata per affrontare le sfide uniche di diversi ambienti di lavoro mantenendo comfort e destrezza.","","",""
"products.categories.main.gloves.subcategories.cut.description","Protection against cuts and lacerations and handling of sharp objects","Protezione in ambienti ad elevato rischio di tagli e lacerazioni e per operazioni con materiali taglienti","","",""
"products.categories.main.gloves.subcategories.cut.title","Cut-Resistant Gloves","Guanti Antitaglio","","",""
"products.categories.main.gloves.subcategories.general.description","Versatile protection for everyday industrial tasks and construction work","Protezione versatile per attività industriali quotidiane, imballaggio ed edilizia","","",""
"products.categories.main.gloves.subcategories.general.title","General Use Gloves","Guanti per Uso Generale","","",""
"products.categories.main.gloves.subcategories.heat.description","Protection for high-temperature environments and applications","Protezione termica avanzata per ambienti ad alta temperatura fino a 1000°C","","",""
"products.categories.main.gloves.subcategories.heat.title","Heat-Resistant Gloves","Guanti Anticalore","","",""
"products.categories.main.gloves.subcategories.mechanical.description","Superior protection against mechanical risks and general workplace hazards","Protezione superiore contro rischi meccanici e pericoli industriali","","",""
"products.categories.main.gloves.subcategories.mechanical.title","Mechanical Hazards Gloves","Guanti per Rischi Meccanici","","",""
"products.categories.main.gloves.subcategories.welding.description","Specialised protection for welding and high-heat metalworking tasks","Protezione specializzata per saldatura e lavorazioni metalliche intense","","",""
"products.categories.main.gloves.subcategories.welding.title","Welding Gloves","Guanti per Saldatori","","",""
"products.categories.main.gloves.title","Safety Gloves","Guanti di Sicurezza","","",""
"products.categories.main.head.badge","Head Protection","Protezione della testa","","",""
"products.categories.main.head.description","Safety helmets and bump caps for industrial environments","Caschi di sicurezza e berretti antiurto per ambienti industriali","","",""
"products.categories.main.head.detailedDescription","The head protection range includes safety helmets and bump caps designed according to EN standards and compatible with complete safety systems for eye and hearing protection.","La gamma per la protezione della testa include caschi di sicurezza e berretti antiurto progettati secondo le norme EN e compatibili con sistemi di sicurezza completi per la protezione di occhi e udito.","","",""
"products.categories.main.head.title","Head Protection","Protezione della testa","","",""
"products.categories.main.hearing.badge","Hearing Protection","Protezione uditiva","","",""
"products.categories.main.hearing.description","Hearing protection devices for noisy industrial environments","Dispositivi per la protezione dell'udito da ambienti rumorosi","","",""
"products.categories.main.hearing.detailedDescription","The hearing protection range includes disposable earplugs and earmuffs, either helmet-mounted or standalone. These solutions are designed to reduce exposure to harmful noise levels while maintaining comfort even during prolonged use. Ideal for manufacturing, construction, aviation, and heavy industry.","La gamma per la protezione uditiva include tappi auricolari monouso e cuffie antirumore montate su elmetto o indipendenti. Soluzioni studiate per ridurre l'esposizione a livelli sonori dannosi mantenendo comfort anche per utilizzi prolungati. Ideali per manifattura, edilizia, aviazione e industria pesante.","","",""
"products.categories.main.hearing.title","Hearing Protection","Protezione uditiva","","",""
"products.categories.main.industrialSwabs.badge","Industrial Swabs","Scovoli Industriali","","",""
"products.categories.main.industrialSwabs.description","Specialised solutions for industrial mold lubrication and maintenance ","Soluzioni specializzate per la lubrificazione e manutenzione di stampi industriali","","",""
"products.categories.main.industrialSwabs.detailedDescription","Our industrial swabs provide lubrication and maintenance solutions for demanding industrial environments. Designed for precision tasks involving hot molds, our brushes can be custom-made for specific and high-accuracy operations.","I nostri scovoli industriali forniscono soluzioni lubrificazione e manutenzione per ambienti industriali impegnativi. Progettati per attività di precisione in presenza di stampi caldi, i nostri scovoli possono essere prodotti su misura per operazioni di precisione.","","",""
"products.categories.main.industrialSwabs.title","Industrial Swabs","Scovoli Industriali","","",""
"products.categories.main.respiratory.badge","Respiratory Protection","Protezione vie respiratorie","","",""
"products.categories.main.respiratory.description","Respiratory protection equipment against multiple contaminants","Dispositivi di protezione delle vie respiratorie da diversi agenti contaminanti","","",""
"products.categories.main.respiratory.detailedDescription","Respiratory protection equipment provide advanced defense against airborne contaminants in industrial environments. From dust masks to full-face respirators, we offer products designed to meet the highest safety standards while ensuring comfort during prolonged use.","I dispositivi per la protezione delle vie respiratorie forniscono una protezione avanzata contro i contaminanti aerodispersi in ambienti industriali. Dalle maschere antipolvere ai respiratori facciali completi, offriamo prodotti progettati per soddisfare i più alti standard di sicurezza garantendo comfort durante l'uso prolungato.","","",""
"products.categories.main.respiratory.title","Respiratory Protection","Protezione vie respiratorie","","",""
"products.categories.main.title","Product Categories","Categorie Prodotti","","",""
"products.categories.pages.clothing.highVisibility.detailedDescription","High-visibility clothing certified to EN ISO 20471, designed to provide reliable visibility in low-light conditions and high-risk areas across different classes, suitable for even the highest-risk situations. Breathable, durable fabrics and ergonomic cuts ensure all-day comfort in road maintenance, construction, logistics, and public services, with winter and waterproof options available.","Il nostro abbigliamento ad alta visibilità è certificato EN ISO 20471 e progettato per garantire visibilità affidabile in condizioni di scarsa illuminazione e in aree ad alto rischio. I capi sono disponibili nelle Classi 1–3 e combinano tessuti ad alto contrasto con nastri retroriflettenti di qualità che massimizzano la visibilità a distanza e in movimento. Tessuti traspiranti e durevoli e tagli ergonomici assicurano comfort per tutta la giornata in manutenzione stradale, utilities, logistica ed edilizia, con opzioni invernali e gusci impermeabili per le diverse stagioni.","","",""
"products.categories.pages.clothing.safetyWorkwear.detailedDescription","Work and safety clothing that provides multi-risk protection for operations in industrial environments where durability and compliance are non-negotiable. Modern, ergonomic fits support freedom of movement and long-lasting performance, helping operators maintain productivity in maintenance, production, and field activities","La nostra linea di abbigliamento da lavoro di sicurezza offre protezione multirischio per operazioni industriali dove durata e conformità non sono negoziabili. Alcuni modelli garantiscono prestazioni contro calore e fiamma secondo EN ISO 11612, proprietà antistatiche secondo EN 1149‑5 e protezione opzionale contro l’arco elettrico secondo IEC 61482‑2, abbinate a tessuti robusti, cuciture rinforzate e sistemi di tasche funzionali. Vestibilità moderne ed ergonomiche supportano libertà di movimento e lunga durata, aiutando i team a mantenere la produttività in manutenzione, produzione e attività sul campo.","","",""
"products.categories.pages.clothing.welding.detailedDescription","Welding clothing designed for demanding manufacturing environments, providing protection against sparks, spatter, and convective heat. Jackets, aprons, and sleeves use flame-resistant fabrics and reinforced stitching, with designs compliant with EN ISO 11611 and EN ISO 11612 performance requirements. The balance between breathability and coverage allows operators to work safely while maintaining comfort throughout the entire shift.","Il nostro abbigliamento per saldatura è pensato per ambienti di fabbricazione impegnativi e protegge il corpo da scintille, spruzzi e calore convettivo. Giacche, grembiuli e manicotti utilizzano tessuti ignifughi e cuciture rinforzate, con design in linea con i requisiti prestazionali EN ISO 11611 ed EN ISO 11612. Il bilanciamento tra traspirabilità e copertura consente agli operatori di lavorare in sicurezza ed efficienza durante attività di saldatura gravose e molatura, mantenendo comfort per tutta la durata del turno.","","",""
"products.categories.pages.cut.badge","Cut Protection","Protezione dal Taglio","","",""
"products.categories.pages.cut.description","Browse our complete range of cut-resistant gloves designed for maximum protection against sharp objects.","Sfoglia la nostra gamma completa di guanti antitaglio progettati per la massima protezione contro i rischi da taglio.","","",""
"products.categories.pages.cut.detailedDescription","Our cut-resistant gloves provide superior protection against cuts and lacerations whilst maintaining exceptional dexterity and comfort. Engineered with advanced materials and tested to achieve very high cut resistance, these gloves are essential for workers handling sharp materials, glass, metal fabrication, and precision assembly operations.","I nostri guanti antitaglio forniscono una protezione superiore contro tagli e lacerazioni mantenendo una destrezza e un comfort eccezionali. Progettati con materiali avanzati e testati per raggiungere elevatissima resistenza al taglio, questi guanti sono essenziali per i lavoratori che maneggiano materiali taglienti, vetro, metalli e per operazioni di assemblaggio di precisione.","","",""
"products.categories.pages.cut.title","Cut-Resistant Products","Prodotti Antitaglio","","",""
"products.categories.pages.general.badge","General Purpose","Uso Generale","","",""
"products.categories.pages.general.description","Browse our complete range of general purpose gloves designed for everyday industrial tasks.","Sfoglia la nostra gamma completa di guanti uso generale progettati per attività industriali quotidiane.","","",""
"products.categories.pages.general.detailedDescription","Our general purpose gloves provide reliable protection for everyday industrial tasks and construction work. Designed for versatility and comfort, these gloves offer excellent grip, durability, and protection for a wide range of applications including assembly work, material handling, maintenance tasks, and general construction activities.","I nostri guanti per uso generale forniscono affidabile protezione per attività industriali quotidiane e lavori di costruzione. Progettati per versatilità e comfort, questi guanti offrono eccellente presa, durata e protezione per un'ampia gamma di applicazioni inclusi lavori di assemblaggio, movimentazione materiali, attività di manutenzione e attività generali di costruzione.","","",""
"products.categories.pages.general.title","General Purpose Products","Prodotti per Uso Generale","","",""
"products.categories.pages.heat.badge","Heat Protection","Protezione da rischi termici","","",""
"products.categories.pages.heat.description","Browse our complete range of heat-resistant gloves designed for extreme temperature protection.","Sfoglia la nostra gamma completa di guanti anticalore progettati per la protezione da temperature estreme.","","",""
"products.categories.pages.heat.detailedDescription","Our heat-resistant gloves provide exceptional thermal protection for workers in high-temperature environments. Engineered with advanced materials and tested to withstand temperatures up to 1000°C, these gloves offer superior protection without compromising dexterity. Perfect for glass manufacturing, metalworking, welding, and other high-heat industrial applications.","I nostri guanti anticalore forniscono una protezione termica eccezionale per i lavoratori in ambienti ad alta temperatura. Progettati con materiali avanzati e testati per resistere a temperature fino a oltre 1,000°C, i nostri guanti offrono una protezione superiore senza compromettere la destrezza. Perfetti per la produzione del vetro, la lavorazione dei metalli, la saldatura e altre applicazioni industriali ad alto calore.","","",""
"products.categories.pages.heat.title","Heat-Resistant Products","Prodotti Anticalore","","",""
"products.categories.pages.industrialSwabs.badge","Precision Operations","Operazioni di Precisione","","",""
"products.categories.pages.industrialSwabs.description","Browse our complete range of industrial swabs designed for precision cleaning tasks.","Sfoglia la nostra gamma completa di scovoli industriali progettati per attività di pulizia di precisione.","","",""
"products.categories.pages.industrialSwabs.detailedDescription","Explore our range of specialised cleaning solutions designed for industrial applications.","Esplora la nostra gamma di soluzioni di pulizia specializzate progettate per applicazioni industriali.","","",""
"products.categories.pages.industrialSwabs.title","Industrial Swab Products","Prodotti Scovoli Industriali","","",""
"products.categories.pages.mechanical.badge","Mechanical Protection","Protezione dai rischi meccanici","","",""
"products.categories.pages.mechanical.description","Browse our complete range of mechanical hazards gloves designed for superior workplace protection.","Sfoglia la nostra gamma completa di guanti per rischi meccanici progettati per una protezione superiore sul lavoro.","","",""
"products.categories.pages.mechanical.detailedDescription","Our mechanical hazards gloves provide superior protection against mechanical risks and general workplace hazards whilst maintaining exceptional dexterity and comfort. Engineered with advanced materials and tested to meet EN388 standards, these gloves are essential for workers in manufacturing, assembly, construction, and general industrial environments.","I nostri guanti per rischi meccanici forniscono una protezione superiore contro i rischi meccanici e i pericoli generali del posto di lavoro mantenendo una destrezza e un comfort eccezionali. Progettati con materiali avanzati e testati per soddisfare gli standard EN388, questi guanti sono essenziali per i lavoratori nella produzione, assemblaggio, costruzione e ambienti industriali generici.","","",""
"products.categories.pages.mechanical.title","Mechanical Hazards Products","Prodotti per rischi Meccanici","","",""
"products.categories.pages.respiratory.badge","Respiratory Safety","Sicurezza Respiratoria","","",""
"products.categories.pages.respiratory.description","Browse our complete range of respiratory protection equipment for hazardous environments.","Sfoglia la nostra gamma completa di dispositivi di protezione respiratoria per ambienti pericolosi.","","",""
"products.categories.pages.respiratory.title","Respiratory Protection Products","Prodotti Protezione Respiratoria","","",""
"products.categories.pages.welding.badge","Welding Protection","Linea per saldatori","","",""
"products.categories.pages.welding.description","Browse our complete range of welding gloves designed for high-heat metalworking tasks.","Sfoglia la nostra gamma completa di guanti per saldatura progettati per attività di lavorazione metalli ad alto calore.","","",""
"products.categories.pages.welding.detailedDescription","Our welding gloves provide specialised protection for welding and high-heat metalworking tasks with superior durability and comfort. Engineered with heat-resistant materials and designed for demanding welding environments, these gloves offer excellent protection against sparks, spatter, and high temperatures whilst maintaining the dexterity needed for precision work.","I nostri guanti per saldatori forniscono una protezione specializzata per le attività di saldatura e di lavorazione dei metalli, sia ad elevato rischio meccanico e termico che in ambienti di saldatura di precisione. Progettati con materiali resistenti al calore e agli stress meccanici, questi guanti offrono un'eccellente protezione contro scintille, spruzzi e alte temperature mantenendo la destrezza necessaria per il lavoro di precisione.","","",""
"products.categories.pages.welding.title","Welding Products","Prodotti per saldatori","","",""
"products.categoryOverview","Category Overview","Panoramica Categoria","","",""
"products.comingSoon","Coming Soon","In arrivo","","",""
"products.details","Details","Dettagli","","",""
"products.enStandards","EN Standards","Livelli di protezione","","",""
"products.enStandardsMobile","EN","EN","","",""
"products.featured","Featured","In Evidenza","","",""
"products.filters.activeFilters","Active filters:","Filtri attivi:","","",""
"products.filters.allCategories","All Categories","Tutte le Categorie","","",""
"products.filters.antistatic","Antistatic (EN 1149-5)","Antistatico (EN 1149-5)","","",""
"products.filters.any","Any","Tutti","","",""
"products.filters.apply","Apply","Applica","","",""
"products.filters.arcClass","Arc protection class","Classe protezione arco","","",""
"products.filters.bluetooth","Bluetooth","Bluetooth","","",""
"products.filters.brimLength","Brim length","Lunghezza visiera","","",""
"products.filters.category","Category","Categoria","","",""
"products.filters.ceCategory","CE Category","Categoria CE","","",""
"products.filters.clearAll","Clear All Filters","Cancella Tutto","","",""
"products.filters.clearFilter","","Cancella {filter}","","",""
"products.filters.closureType","Closure type","Tipo di chiusura","","",""
"products.filters.clothingCategory.title","Clothing Category","Categoria abbigliamento","","",""
"products.filters.clothingType","Clothing Type","Tipologia abbigliamento","","",""
"products.filters.clothingTypeOptions.high-visibility","High-visibility clothing","Abbigliamento ad alta visibilità","","",""
"products.filters.clothingTypeOptions.safety-workwear","Safety clothing and workwear","Abbigliamento di sicurezza e da lavoro","","",""
"products.filters.clothingTypeOptions.welding","Welding clothing","Abbigliamento per saldatura","","",""
"products.filters.coating","Coating","Trattamento","","",""
"products.filters.connection","Connection","Attacco","","",""
"products.filters.contentType","","Tipo di Contenuto","","",""
"products.filters.cutLevel","Cut Resistance Level","Livello Resistenza Taglio","","",""
"products.filters.cutResistantGloves","Cut-Resistant Gloves","Guanti Resistenti al Taglio","","",""
"products.filters.diameter","Diameter (mm)","Diametro (mm)","","",""
"products.filters.electricalInsulation","Electrical insulation (EN 50365)","Isolamento elettrico (EN 50365)","","",""
"products.filters.en352Part","EN 352 part","Parte EN 352","","",""
"products.filters.enStandard","EN Standard","Norma EN","","",""
"products.filters.esd","ESD","ESD","","",""
"products.filters.filterType","Filter type (Filters)","Tipo di filtro (Filtri)","","",""
"products.filters.filteredParticles","Filtered particles (Filters)","Particelle filtrate (Filtri)","","",""
"products.filters.flameStandard","Flame/heat standard (EN ISO 11612)","Norma calore/fiamma (EN ISO 11612)","","",""
"products.filters.footwearClass","Footwear class","Classe calzatura","","",""
"products.filters.garmentType","Garment Type","Tipo di indumento","","",""
"products.filters.garmentTypes.Accessories","Accessories","Accessori","","",""
"products.filters.garmentTypes.Aprons","Aprons","Grembiuli","","",""
"products.filters.garmentTypes.Body warmers","Body warmers","Scaldacorpo","","",""
"products.filters.garmentTypes.Coveralls","Coveralls","Tute","","",""
"products.filters.garmentTypes.Fleece & Sweatshirts","Fleece & Sweatshirts","Pile e felpe","","",""
"products.filters.garmentTypes.Jackets","Jackets","Giacche","","",""
"products.filters.garmentTypes.Other workwear","Other workwear","Altri indumenti da lavoro","","",""
"products.filters.garmentTypes.Polo & T-shirts","Polo & T-shirts","Polo e magliette","","",""
"products.filters.garmentTypes.Trousers","Trousers","Pantaloni","","",""
"products.filters.garmentTypes.Waistcoats","Waistcoats","Gilet","","",""
"products.filters.generalPurposeGloves","General Purpose Gloves","Guanti Uso Generale","","",""
"products.filters.hazardProtection","Hazard Protection","Protezione dai Rischi","","",""
"products.filters.hazardProtectionItems.abrasionProtection","Abrasion protection","Protezione dall'abrasione","","",""
"products.filters.hazardProtectionItems.generalMechanical","General mechanical risks","Rischi meccanici generali","","",""
"products.filters.hazardProtectionItems.heavyDutyWelding","Heavy-duty welding","Saldatura pesante","","",""
"products.filters.hazardProtectionItems.highContactTemperature","High contact temperature","Temperatura di contatto elevata","","",""
"products.filters.hazardProtectionItems.highCutAndHeat","High Cut and Heat","Taglio e Calore Elevati","","",""
"products.filters.hazardProtectionItems.highCutRisks","High cut risks","Rischi di taglio elevati","","",""
"products.filters.hazardProtectionItems.highHeatTemperature","High heat/temperature","Calore/temperatura elevata","","",""
"products.filters.hazardProtectionItems.hotSplashes","Hot splashes","Schizzi caldi","","",""
"products.filters.hazardProtectionItems.precisionWelding","Precision welding","Saldatura di precisione","","",""
"products.filters.heatLevel","Heat Resistance Level","Livello Resistenza Calore","","",""
"products.filters.heatResistantGloves","Heat-Resistant Gloves","Guanti Resistenti al Calore","","",""
"products.filters.hiVisClass","Hi-Vis class","Classe alta visibilità","","",""
"products.filters.industrialSwabs","Industrial Swabs","Scovoli Industriali","","",""
"products.filters.industries","Industries","Industrie","","",""
"products.filters.length","Length","Lunghezza","","",""
"products.filters.lensTint","Lens tint","Colore lente","","",""
"products.filters.loading","","Caricamento filtri...","","",""
"products.filters.lowTemperature","Low-temperature performance","Prestazioni a bassa temperatura","","",""
"products.filters.material","Material","Materiale","","",""
"products.filters.max","Max","Max","","",""
"products.filters.mechanicalHazardsGloves","Mechanical Hazards Gloves","Guanti per Rischi Meccanici","","",""
"products.filters.min","Min","Min","","",""
"products.filters.moltenMetalSplash","Molten metal splash (MM)","Schizzi di metallo fuso (MM)","","",""
"products.filters.mountType","Mount type","Tipo di montaggio","","",""
"products.filters.padLength","Pad length (mm)","Lunghezza tampone (mm)","","",""
"products.filters.padSize","Pad size","Dimensione scovolo","","",""
"products.filters.protectionClass","Protection class (Masks)","Classe di protezione (Maschere)","","",""
"products.filters.protectionType","Protection type","Tipo di protezione","","",""
"products.filters.protectiveClothing","Protective Clothing","","","",""
"products.filters.respiratoryProtection","Respiratory Protection","Protezione vie respiratorie","","",""
"products.filters.resultsCount","","{count} risultati","","",""
"products.filters.reusable","Reusable","Riutilizzabile","","",""
"products.filters.size","Size","Taglie","","",""
"products.filters.sizeRange","Size range","Intervallo taglie","","",""
"products.filters.sleeveLength","Sleeve length","Lunghezza manicotto","","",""
"products.filters.snr","SNR","SNR","","",""
"products.filters.soleMaterial","Sole material","Materiale suola","","",""
"products.filters.standardCodes","Standard codes","Codici standard","","",""
"products.filters.subCategory","Sub-Category","Sottocategoria","","",""
"products.filters.temperature","Temperature Rating","Resistenza alla Temperatura","","",""
"products.filters.temperatureRating","","Resistenza alla Temperatura","","",""
"products.filters.thumbLoop","Thumb loop","Passante per pollice","","",""
"products.filters.title","Filters","Filtri","","",""
"products.filters.toeCap","Toe cap","Puntale","","",""
"products.filters.uncategorised","Uncategorised","Non Categorizzato","","",""
"products.filters.uvCode","UV protection","Protezione UV","","",""
"products.filters.ventilation","Ventilation","Ventilazione","","",""
"products.filters.weldingGlove","Welding Gloves","Guanti da Saldatura","","",""
"products.filters.widthFit","Width fit","Larghezza pianta","","",""
"products.filters.workEnvironment","Work Environment","Ambiente di Lavoro","","",""
"products.industries","Industries","Settori","","",""
"products.keyFeatures","Key Features:","Caratteristiche principali:","","",""
"products.mainPageDescription","Explore our complete range of industrial safety products and protective equipment designed for professional environments.","Esplora la nostra gamma completa di prodotti per la sicurezza industriale e dispositivi di protezione progettati per ambienti professionali.","","",""
"products.mainPageTitle","Browse All of Our Products","Sfoglia Tutti i Nostri Prodotti","","",""
"products.moreFeatures","+{{count}} more","+{{count}} altre","","",""
"products.new","New","Nuovo","","",""
"products.outOfStock","Out of Stock","Esaurito","","",""
"products.preview","Preview","Anteprima","","",""
"products.product","Product","Prodotto","","",""
"products.results.clearFilters","Clear Filters","Cancella Filtri","","",""
"products.results.noResults","No products found","Nessun prodotto trovato","","",""
"products.results.noResultsDescription","We couldn't find any products matching your search criteria.","Non abbiamo trovato prodotti corrispondenti ai tuoi criteri di ricerca.","","",""
"products.results.seeMore","See More Products","Vedi Altri Prodotti","","",""
"products.results.showLess","Show Less","Mostra Meno","","",""
"products.results.showing","Showing {current} of {total} products","{current} di {total} prodotti visualizzati","","",""
"products.searchPlaceholder","Search products...","Cerca prodotti...","","",""
"products.sortOptions.featured","Featured","In Evidenza","","",""
"products.sortOptions.name-asc","Name: A to Z","Nome: A-Z","","",""
"products.sortOptions.name-desc","Name: Z to A","Nome: Z-A","","",""
"products.sortOptions.newest","Newest","Più Recenti","","",""
"products.temperature","Temperature","Temperatura","","",""
"products.temperatureMobile","Temp","Temp","","",""
"products.viewFullDetails","View Full Details","Vedi tutti i dettagli","","",""
"productsDesignPrinciples.affordability.description","Meticulous production planning and strong international partnerships allow us to offer our quality products at competitive price.","Una pianificazione meticolosa della produzione e forti partnership internazionali ci permettono di offrire i nostri prodotti di qualità a prezzi competitivi.","","",""
"productsDesignPrinciples.affordability.title","Affordability","Convenienza","","",""
"productsDesignPrinciples.comfort.description","From material selection to task-specific customisation, we make our product fit the operators' needs, not the opposite.","Dalla selezione dei materiali alla modifica in base alle attività, facciamo in modo che il nostro prodotto si adatti alle esigenze degli operatori, non il contrario.","","",""
"productsDesignPrinciples.comfort.title","Comfort","Comfort","","",""
"productsDesignPrinciples.protection.description","Safety is our core objective and every product we design starts with protecting people","La sicurezza è il nostro obiettivo principale e ogni prodotto che progettiamo inizia con la protezione delle persone","","",""
"productsDesignPrinciples.protection.title","Protection","Protezione","","",""
"productsDesignPrinciples.quality.description","Consistent quality is ensured by stringent checks and certified production chain to ensure compliance.","La qualità consistente è garantita da controlli rigorosi e catene di produzione certificate per garantire la conformità.","","",""
"productsDesignPrinciples.quality.title","Quality","Qualità","","",""
"productsDesignPrinciples.title","Our product design principles","I nostri principi di progettazione","","",""
"productsHero.badge","Industrial Safety","Sicurezza Industriale","","",""
"productsHero.browseProducts","Browse Products","Esplora Prodotti","","",""
"productsHero.description","The right PPE is a critical line of defence that protects workers from hazards, prevents injuries, and saves lives. Research shows that effective PPE usage can reduce workplace injury rates by up to 60%, underscoring how crucial the right equipment is to a safer, more productive work environment. Poorly fitted or inadequate PPE, on the other hand, is demonstrated to be a concurring factor to the majority of registered injuries.","I DPI adeguati sono la linea di difesa critica che protegge i lavoratori dai pericoli, previene gli infortuni e salva vite. La ricerca dimostra che l'uso efficace dei DPI può ridurre i tassi di infortuni sul lavoro fino al 60%, sottolineando quanto sia cruciale l'attrezzatura giusta per un ambiente di lavoro più sicuro e produttivo. I DPI mal adattati o inadeguati, d'altra parte, sono un fattore concorrente per la maggioranza degli infortuni registrati.","","",""
"productsHero.getInTouch","Get in Touch","Contattaci","","",""
"productsHero.heading.line1End","that","che","","",""
"productsHero.heading.line1Highlight","protect the people","proteggiamo le persone","","",""
"productsHero.heading.line1Start","We","Noi","","",""
"productsHero.heading.line2","build our world","costruiscono il nostro mondo","","",""
"productsHero.headingAccent","","","","",""
"productsHero.secondDescription","With over 40 years of industry expertise, we specialise in designing and distributing top-quality products that meet rigorous industry standards, ensuring the perfect fit and protection tailored to your unique challenges. We offer comprehensive head-to-toe safety solutions with particular expertise in hand protection.","Con oltre 40 anni di competenza nel settore, ci specializziamo nella progettazione e distribuzione di prodotti di alta qualità che soddisfano rigorosi standard industriali, garantendo la perfetta vestibilità e protezione su misura per le vostre esigenze. Offriamo soluzioni di sicurezza complete dalla testa ai piedi con particolare competenza nella protezione delle mani.","","",""
"productsHero.stats.certified","Certified","Certificato","","",""
"productsHero.stats.cut","Cut Resistance","Resistenza al Taglio","","",""
"productsHero.stats.cutValue","Level 5","Livello 5","","",""
"productsHero.stats.heat","Heat Resistance","Resistenza al Calore","","",""
"productsHero.stats.years","Years Experience","Anni di Esperienza","","",""
"relatedProducts.title","Related Products","Prodotti correlati","","",""
"respiratoryHero.badge","Respiratory Safety","Protezione vie respiratorie","","",""
"respiratoryHero.browseProducts","Browse Protection","Esplora Protezione","","",""
"respiratoryHero.description","Discover our advanced respiratory protection equipment, designed to provide superior protection against airborne hazards in industrial environments.","Scopri la nostra attrezzatura avanzata per la protezione respiratoria, progettata per fornire una protezione superiore contro i rischi aerodispersi in ambienti industriali.","","",""
"respiratoryHero.getInTouch","Get in Touch","Contattaci","","",""
"respiratoryHero.heading","Respiratory","Protezione","","",""
"respiratoryHero.headingAccent","Protection","Respiratoria","","",""
"respiratoryHero.stats.certified","Certified","Certificato","","",""
"respiratoryHero.stats.protection","Protection Levels","Livelli Protezione","","",""
"respiratoryHero.stats.standards","Standards","Standard","","",""
"respiratoryHero.stats.standardsValue","EN 149","EN 149","","",""
"respiratoryHero.stats.years","Years Experience","Anni di Esperienza","","",""
"search.categories.blog","Blog Articles","Articoli del Blog","","",""
"search.categories.career","Career Opportunities","Opportunità di Carriera","","",""
"search.categories.caseStudy","Case Studies","Casi Studio","","",""
"search.categories.cutResistant","Cut-Resistant Gloves","Guanti Resistenti al Taglio","","",""
"search.categories.enResource","EN Standards","Standard EN","","",""
"search.categories.generalPurpose","General Purpose Gloves","Guanti per Uso Generale","","",""
"search.categories.heatResistant","Heat-Resistant Gloves","Guanti Resistenti al Calore","","",""
"search.categories.industrialSwabs","Industrial Swabs","Scovoli Industriali","","",""
"search.categories.industry","Industry Solutions","Soluzioni Settoriali","","",""
"search.categories.respiratory","Respiratory Protection","Protezione Vie Respiratorie","","",""
"search.clearSearch","Clear search","Cancella ricerca","","",""
"search.contentTypes.blog","Article","Articolo","","",""
"search.contentTypes.career","Career","Carriera","","",""
"search.contentTypes.case_study","Case Study","Caso Studio","","",""
"search.contentTypes.category","Category","Categoria","","",""
"search.contentTypes.en_resource","EN Standard","Standard EN","","",""
"search.contentTypes.industry_solution","Industry Solution","Soluzione per Settore","","",""
"search.contentTypes.product","Product","Prodotto","","",""
"search.dropdown.clearRecent","Clear recent searches","Cancella ricerche recenti","","",""
"search.dropdown.noResults","No results found","Nessun risultato trovato","","",""
"search.dropdown.noResultsDescription","Try a different search term","Prova un termine di ricerca diverso","","",""
"search.dropdown.popularSearches","Popular Searches","Ricerche Popolari","","",""
"search.dropdown.recentSearches","Recent Searches","Ricerche Recenti","","",""
"search.dropdown.suggestions","Suggestions","Suggerimenti","","",""
"search.dropdown.viewAll","View all results","Visualizza tutti i risultati","","",""
"search.dropdown.viewAllFor","View all results for ""{query}""","Visualizza tutti i risultati per ""{query}""","","",""
"search.errors.general","Something went wrong. Please try again.","Qualcosa è andato storto. Riprova.","","",""
"search.errors.network","Network error. Please check your connection.","Errore di rete. Controlla la connessione.","","",""
"search.errors.timeout","Search timed out. Please try again.","Ricerca scaduta. Riprova.","","",""
"search.errors.tooManyRequests","Too many search requests. Please wait a moment.","Troppe richieste di ricerca. Attendi un momento.","","",""
"search.filters.activeFilters","Active Filters","Filtri attivi:","","",""
"search.filters.allCategories","All Categories","Tutte le Categorie","","",""
"search.filters.applied","Applied Filters","","","",""
"search.filters.apply","Apply Filters","Applica","","",""
"search.filters.brimLength","","Lunghezza visiera","","",""
"search.filters.categories.all","All Categories","","","",""
"search.filters.categories.title","Categories","","","",""
"search.filters.category","Category","Categoria","","",""
"search.filters.clearAll","Clear All","Cancella Tutti i Filtri","","",""
"search.filters.clearFilter","Clear {filter}","","","",""
"search.filters.closureType","","Tipo di chiusura","","",""
"search.filters.coating","","Trattamento","","",""
"search.filters.contentType","Content Type","","","",""
"search.filters.contentTypes.all","All Content","","","",""
"search.filters.contentTypes.articles","Articles","","","",""
"search.filters.contentTypes.careers","Careers","","","",""
"search.filters.contentTypes.caseStudies","Case Studies","","","",""
"search.filters.contentTypes.enStandards","EN Standards","","","",""
"search.filters.contentTypes.industries","Industries","","","",""
"search.filters.contentTypes.products","Products","","","",""
"search.filters.contentTypes.title","Content Type","","","",""
"search.filters.cutLevel","","Livello Resistenza Taglio","","",""
"search.filters.cutResistantGloves","","Guanti Resistenti al Taglio","","",""
"search.filters.electricalInsulation","","Isolamento elettrico (EN 50365)","","",""
"search.filters.esd","","ESD","","",""
"search.filters.footwearClass","","Classe calzatura","","",""
"search.filters.generalPurposeGloves","","Guanti Uso Generale","","",""
"search.filters.hazardProtection","","Protezione dai Rischi","","",""
"search.filters.hazardProtectionItems.abrasionProtection","","Protezione dall'abrasione","","",""
"search.filters.hazardProtectionItems.generalMechanical","","Rischi meccanici generali","","",""
"search.filters.hazardProtectionItems.heavyDutyWelding","","Saldatura pesante","","",""
"search.filters.hazardProtectionItems.highContactTemperature","","Temperatura di contatto elevata","","",""
"search.filters.hazardProtectionItems.highCutAndHeat","","Taglio e Calore Elevati","","",""
"search.filters.hazardProtectionItems.highCutRisks","","Rischi di taglio elevati","","",""
"search.filters.hazardProtectionItems.highHeatTemperature","","Calore/temperatura elevata","","",""
"search.filters.hazardProtectionItems.hotSplashes","","Schizzi caldi","","",""
"search.filters.hazardProtectionItems.precisionWelding","","Saldatura di precisione","","",""
"search.filters.heatLevel","","Livello Resistenza Calore","","",""
"search.filters.heatResistantGloves","","Guanti Resistenti al Calore","","",""
"search.filters.industrialSwabs","","Scovoli Industriali","","",""
"search.filters.industries","","Industrie","","",""
"search.filters.lensTint","","Colore lente","","",""
"search.filters.loading","Loading filters...","","","",""
"search.filters.lowTemperature","","Prestazioni a bassa temperatura","","",""
"search.filters.mechanicalHazardsGloves","","Guanti per Rischi Meccanici","","",""
"search.filters.moltenMetalSplash","","Schizzi di metallo fuso (MM)","","",""
"search.filters.protectionType","","Tipo di protezione","","",""
"search.filters.respiratoryProtection","","Protezione vie respiratorie","","",""
"search.filters.resultsCount","{count} results","","","",""
"search.filters.sizeRange","","Taglia","","",""
"search.filters.sleeveLength","","Lunghezza manicotto","","",""
"search.filters.soleMaterial","","Materiale suola","","",""
"search.filters.sortBy.alphabetical","Alphabetical","","","",""
"search.filters.sortBy.newest","Newest First","","","",""
"search.filters.sortBy.relevance","Relevance","","","",""
"search.filters.sortBy.title","Sort By","","","",""
"search.filters.standardCodes","","Marcatura standard EN","","",""
"search.filters.subCategory","","Sottocategoria","","",""
"search.filters.temperature","","Resistenza alla Temperatura","","",""
"search.filters.thumbLoop","","Passante per pollice","","",""
"search.filters.title","Filters","Filtri","","",""
"search.filters.toeCap","","Puntale","","",""
"search.filters.uncategorised","","Non Categorizzato","","",""
"search.filters.uvCode","","Protezione UV","","",""
"search.filters.ventilation","","Ventilazione","","",""
"search.filters.weldingGlove","","Guanti da Saldatura","","",""
"search.filters.widthFit","","Larghezza pianta","","",""
"search.filters.workEnvironment","","Ambiente di Lavoro","","",""
"search.hero.badge","Global Search","Ricerca Globale","","",""
"search.hero.description","Find the safety solutions, industry insights, and resources you need across our complete product range and knowledge base.","Trova le soluzioni di sicurezza, approfondimenti settoriali e risorse di cui hai bisogno nella nostra gamma completa di prodotti e contenuti.","","",""
"search.hero.descriptionNoResults","No results found for '{query}'. Try different keywords or browse our categories below.","Nessun risultato trovato per '{query}'. Prova parole chiave diverse o naviga nelle categorie qui sotto.","","",""
"search.hero.descriptionWithResults","Found {count} results for '{query}' across our products, industries, and resources.","Trovati {count} risultati per '{query}' tra i nostri prodotti e risorse.","","",""
"search.hero.heading","Search","Ricerca","","",""
"search.hero.headingAccent","Results","Risultati","","",""
"search.hero.headingWithQuery","Results for","Risultati per","","",""
"search.hero.searching","Searching...","Ricerca in corso...","","",""
"search.hero.stats.availability","Available","Disponibile","","",""
"search.hero.stats.categories","Categories","Categorie","","",""
"search.hero.stats.languages","Languages","Lingue","","",""
"search.hero.stats.results","Results","Risultati","","",""
"search.hero.tips.browseCategories","Browse categories below for inspiration","Sfoglia le categorie qui sotto per ispirazione","","",""
"search.hero.tips.checkSpelling","Check your spelling and try again","Controlla l'ortografia e riprova","","",""
"search.hero.tips.title","Search Tips","Suggerimenti per la Ricerca","","",""
"search.hero.tips.tryKeywords","Try different or more general keywords","Prova parole chiave diverse o più generali","","",""
"search.hero.tips.useSynonyms","Use synonyms or alternative terms","Usa sinonimi o termini alternativi","","",""
"search.hero.title","Search","Ricerca","","",""
"search.hero.titleAccent","Results","Risultati","","",""
"search.noQuery","Enter a search term to begin","Inserisci un termine di ricerca per iniziare","","",""
"search.results.error","Search Error","Errore di Ricerca","","",""
"search.results.loadMore","Load more results","Carica altri risultati","","",""
"search.results.loading","Loading more results...","Caricamento di altri risultati...","","",""
"search.results.loadingMore","Loading more results...","Caricamento altri risultati...","","",""
"search.results.next","Next","Successivo","","",""
"search.results.noQuery","Start Your Search","Inizia la Tua Ricerca","","",""
"search.results.noQueryDescription","Enter search terms above to find products, industries, articles, and more.","Inserisci i termini di ricerca sopra per trovare prodotti, settori, articoli e altro.","","",""
"search.results.noResults","No results found","Nessun risultato trovato","","",""
"search.results.noResultsDescription","Try adjusting your search terms or filters","Non siamo riusciti a trovare nulla che corrisponda a {query}. Prova a cercare con parole diverse o sfoglia le nostre categorie.","","",""
"search.results.noResultsFor","No results found for ""{query}""","Nessun risultato trovato per ""{query}""","","",""
"search.results.pageInfo","Page {current} of {total}","Pagina {current} di {total}","","",""
"search.results.previous","Previous","Precedente","","",""
"search.results.searching","Searching...","Ricerca in corso...","","",""
"search.results.searchingDescription","Please wait while we search through our products, industries, and resources.","Stiamo cercando tra i nostri prodotti e contenuto.","","",""
"search.results.showing","Showing {count} of {total} results","Visualizzazione di {count} su {total} risultati","","",""
"search.results.showingFor","Showing {count} of {total} results for ""{query}""","Visualizzazione di {count} su {total} risultati per ""{query}""","","",""
"search.results.suggestions.checkSpelling","Check your spelling","Controlla l'ortografia","","",""
"search.results.suggestions.clearFilters","Clear active filters","Cancella i filtri attivi","","",""
"search.results.suggestions.title","Suggestions:","Suggerimenti:","","",""
"search.results.suggestions.tryDifferent","Try different keywords","Prova parole chiave diverse","","",""
"search.results.suggestions.useGeneral","Use more general terms","Usa termini più generali","","",""
"search.results.title","Search Results","Risultati di Ricerca","","",""
"search.results.tryAgain","Try Again","Riprova","","",""
"search.searchButton","Search","Cerca","","",""
"search.searchPlaceholder","Search products or content","Cerca prodotti o contenuti","","",""
"search.searching","Searching...","Ricerca in corso...","","",""
"search.sidebarSearchPlaceholder","Search products...","Cerca prodotti...","","",""
"search.sorting.alphabetical","A-Z","A-Z","","",""
"search.sorting.newest","Newest First","Più Recenti","","",""
"search.sorting.relevance","Most Relevant","Più Rilevanti","","",""
"sidebar.categories","Product Categories","Categorie Prodotti","","",""
"sidebar.industries","Industries","Settori","","",""
"sidebar.products.categories.corporateCustomisation","Corporate Solutions","Soluzioni Aziendali","","",""
"sidebar.products.categories.cutResistantGloves","Cut-Resistant Gloves","Guanti Antitaglio","","",""
"sidebar.products.categories.cutResistantSleeves","Cut-Resistant Sleeves","Manicotti Antitaglio","","",""
"sidebar.products.categories.heatResistantGloves","Heat-Resistant Gloves","Guanti Anticalore","","",""
"sidebar.products.categories.heatResistantSleeves","Heat-Resistant Sleeves","Manicotti Anticalore","","",""
"sidebar.products.categories.industrialCustomisation","Industrial Solutions","Soluzioni Industriali","","",""
"sidebar.resources","Resources","Risorse","","",""
"standards.backToStandards","Back to Standards","Torna agli Standard","","",""
"standards.buckets.categories.subtitle","Understand PPE classes of risk and protected hazards","Comprendi le classi di rischio dei DPI e i pericoli protetti","","",""
"standards.buckets.categories.title","PPE Categories","Categorie DPI","","",""
"standards.buckets.regulation.subtitle","Know what regulations & safety requirements are in place","Scopri quali regolamenti e requisiti di sicurezza sono in vigore","","",""
"standards.buckets.regulation.title","PPE Regulation","Normative DPI","","",""
"standards.buckets.standards.subtitle","Get clarity on standards across EU and UK","Chiarezza sugli standard in vigore in UE e Regno Unito","","",""
"standards.buckets.standards.title","EN, UKCA & ANSI Standards","Standard EN, UKCA e ANSI","","",""
"standards.cards.learnMore","Learn more","Scopri di più","","",""
"standards.categories.navTitle","Categories","Categorie","","",""
"standards.categoriesIntro.badge","Category Overview","Standard EN","","",""
"standards.categoriesIntro.description","Explore the main PPE categories and learn which standards, tests and requirements apply to each area. Choose a category below to dive into practical guidance, key standards and selection advice.","Esplora le principali categorie di DPI e scopri quali standard, prove e requisiti si applicano a ciascuna area. Seleziona una categoria qui sotto per entrare nelle guide pratiche, standard chiave e consigli di scelta.","","",""
"standards.categoriesIntro.title","Standards by Category","Standard per Categoria","","",""
"standards.download","Download","Scarica","","",""
"standards.downloads","Downloads","Download","","",""
"standards.footerCta.badge","Keep up to date","Aggiornamenti","","",""
"standards.footerCta.buttons.blog","Hand Line Insights","Hand Line Insights","","",""
"standards.footerCta.buttons.contact","Contact Us","Contattaci","","",""
"standards.footerCta.text","PPE Regulation is constantly in motion and can be difficult to navigate. We have started a section in our Hand Line Insights Blog dedicated to compliance and regulation updates. You have more questions or want to discuss further, we are one click away.","Le normative sui DPI sono in continua evoluzione e possono essere difficili da navigare. Abbiamo creato una sezione dedicata del nostro blog Hand Line Insights con aggiornamenti su conformità e regolamentazione. Hai altre domande o vuoi approfondire temi specifici? Siamo a un clic di distanza.","","",""
"standards.footerCta.title","Stay in touch for the latest updates","Resta in contatto per gli ultimi aggiornamenti","","",""
"standards.grid.badge","Safety Standards","Standard di Sicurezza","","",""
"standards.grid.clearFilters","Clear Filters","Cancella Filtri","","",""
"standards.grid.description","Browse our comprehensive collection of European safety standards, guides, and resources for personal protective equipment.","Sfoglia la nostra raccolta di standard europei, guide e risorse per i dispositivi di protezione individuale.","","",""
"standards.grid.filterByCategory","Filter by Category","Filtra per Categoria","","",""
"standards.grid.noStandards","No standards found","Nessuno standard trovato","","",""
"standards.grid.noStandardsDescription","Try adjusting your search or filter criteria","Prova a modificare i criteri di ricerca o filtro","","",""
"standards.grid.searchPlaceholder","Search standards by code or keyword...","Cerca standard per codice o parola chiave...","","",""
"standards.grid.showing","Showing","Mostrando","","",""
"standards.grid.standards","standards","standard","","",""
"standards.grid.title","European Standards Library","Libreria Standard Europei","","",""
"standards.hero.badge","Standards and Regulations","Standard e Regolamenti","","",""
"standards.hero.buttons.contact","Contact us","Contattaci","","",""
"standards.hero.buttons.viewProducts","View products","Prodotti","","",""
"standards.hero.contactLine.after","and our team of PPE experts will assist you.",": il nostro team di esperti in DPI sarà a vostra disposizione.","","",""
"standards.hero.contactLine.before","For further guidance or specific enquiries, please","Per ulteriori indicazioni o richieste specifiche,","","",""
"standards.hero.contactLine.linkText","contact us","contattateci","","",""
"standards.hero.description","Access comprehensive information on European safety standards that ensure our products meet the highest quality and safety requirements.","Accedi a informazioni complete sugli standard europei che garantiscono che i nostri prodotti soddisfino i massimi requisiti di qualità e sicurezza.","","",""
"standards.hero.exploreStandards","Explore Standards","Esplora Standard","","",""
"standards.hero.important","The information provided in this hub is for guidance purposes only and it should never replace professional advice and independent evaluation.","Importante: le informazioni fornite in questo hub hanno solo scopo informativo e non sostituiscono in alcun caso consulenze professionali o valutazioni indipendenti.","","",""
"standards.hero.intro","Welcome to our PPE Standards Hub, where you can find clear guidance on safety standards and regulations relevant to personal protective equipment (PPE). Explore our detailed pages to understand which standards apply to each type of PPE, what they mean in practice, and how products are tested to ensure safety.","Benvenuti nel nostro Hub sugli Standard dei DPI, dove potrete trovare indicazioni chiare sugli standard di sicurezza e le normative relative ai dispositivi di protezione individuale (DPI). Esplorate le nostre pagine dettagliate per capire quali standard si applicano a ciascun tipo di DPI, cosa significano nella pratica e come i prodotti vengono testati per garantire la sicurezza.","","",""
"standards.hero.learnAboutUs","Learn About Us","Scopri Chi Siamo","","",""
"standards.hero.stats.categories","15+","15+","","",""
"standards.hero.stats.categoriesLabel","Categories","Categorie","","",""
"standards.hero.stats.guides","40+","40+","","",""
"standards.hero.stats.guidesLabel","Years Expertise","Anni di esperienza","","",""
"standards.hero.stats.resources","100%","100%","","",""
"standards.hero.stats.resourcesLabel","Compliance","Conformità","","",""
"standards.hero.stats.standards","50+","50+","","",""
"standards.hero.title","PPE Standards","Libreria Standard","","",""
"standards.hero.titleAccent","Hub","DPI","","",""
"standards.overview.badge","Overarching Regulation","Normativa di Riferimento","","",""
"standards.overview.subtitle","Explore our comprehensive guide to PPE regulations, including UKCA, CE, and international standards, product categories, and conformity requirements. Understand which protective equipment meets legal safety standards and how to select the right PPE for your workplace.","Scopri la nostra guida completa alle normative sui DPI, inclusi gli standard UKCA, CE e internazionali, le categorie di prodotti e i requisiti di conformità. Comprendi quali dispositivi di protezione rispettano le norme di sicurezza e come scegliere i DPI più adatti per il tuo ambiente di lavoro","","",""
"standards.overview.title","PPE Regulations Overview","Guida alle Normative sui DPI","","",""
"standards.productDisclaimer.hero.badge","Important Information","Informazioni Importanti","","",""
"standards.productDisclaimer.hero.description","Hand Line Company Srl strives to support customers with the right product and best-in-class expertise and knowledge. Our services and products must be met with employer/user rigour in selecting and utilising the PPE supplied.","Hand Line Company Srl si impegna a supportare i clienti con il prodotto giusto e con competenze e conoscenze di livello superiore. I nostri servizi e prodotti devono essere utilizzati con il necessario rigore da parte del datore di lavoro/operatore nella selezione e nell’impiego dei DPI forniti.","","",""
"standards.productDisclaimer.hero.title","Product","Dichiarazione","","",""
"standards.productDisclaimer.hero.titleAccent","Disclaimer","Prodotto","","",""
"standards.productDisclaimer.sections.cutResistance.content","While our personal protective equipment (PPE) is designed and certified in accordance with European regulations and standards, including Regulation (EU) 2016/425, no equipment can offer absolute or unlimited protection. Different types of PPE reduce specific hazards but do not eliminate the risk they are designed to mitigate. As non-exhaustive examples: cut, puncture, abrasion, tear, etc. resistance/protection reduce the risk of mechanical hazards but do not completely prevent or eliminate such risks, flame-resistant PPE lowers the risk of burns but does not prevent injury in all fire situations and are not 'fire-proof', cold-protective clothing mitigates frostbite but does not eliminate cold-related injury, chemical-resistant PPE reduce exposure risk but do not guarantee total protection against all substances, insulating gloves and mats reduce the risk of electrocution but cannot fully eliminate electrical hazards, radiation protective equipment mitigates certain radiation exposure risks but does not fully remove them. PPE should always be used as part of a comprehensive workplace safety system, which includes hazard control measures, training, supervision, and safe work procedures.","Sebbene i nostri DPI siano progettati e certificati in conformità alle normative e agli standard europei, incluso il Regolamento (UE) 2016/425, nessuna attrezzatura può offrire una protezione assoluta o illimitata. I diversi tipi di DPI riducono specifici rischi ma non eliminano completamente i pericoli che sono destinati a mitigare. A titolo di esempio non esaustivo: la resistenza/protezione al taglio, alla perforazione, all’abrasione, allo strappo, ecc. riduce il rischio di lesioni meccaniche ma non le previene o elimina completamente; i DPI resistenti alla fiamma riducono il rischio di ustioni ma non impediscono infortuni in tutte le situazioni di incendio e non sono “ignifughi”; l’abbigliamento protettivo contro il freddo riduce il rischio di congelamento ma non elimina le lesioni da freddo; i DPI resistenti agli agenti chimici riducono il rischio di esposizione ma non garantiscono una protezione totale contro tutte le sostanze; i guanti e i tappeti isolanti riducono il rischio di elettrocuzione ma non eliminano completamente i pericoli elettrici; i dispositivi di protezione dalle radiazioni mitigano alcuni rischi di esposizione ma non li eliminano completamente. I DPI devono essere sempre utilizzati come parte di un sistema completo di sicurezza sul lavoro, che includa misure di controllo dei rischi, formazione, supervisione e procedure di lavoro sicure.","","",""
"standards.productDisclaimer.sections.cutResistance.title","Protection levels","Livelli di Protezione","","",""
"standards.productDisclaimer.sections.generalGuidelines.content","Any alteration, repair, or modification of PPE invalidates the product's certification and immediately voids any warranty. Modified equipment cannot be guaranteed to meet the original performance standards and must not be used. Only genuine products, purchased through authorized channels, are covered by certification and warranty. Counterfeit or imitation products may not provide the required level of protection and must not be used. Hand Line Company Srl disclaims all warranties and declines any liability other than where expressly provided or arising from misuse of the PPE.","Qualsiasi alterazione, riparazione o modifica dei DPI invalida la certificazione del prodotto e annulla immediatamente ogni garanzia. I dispositivi modificati non possono essere garantiti come conformi ai livelli di prestazione originali e non devono essere utilizzati. Solo i prodotti originali, acquistati tramite canali autorizzati, sono coperti da certificazione e garanzia. I prodotti contraffatti o imitazioni possono non fornire il livello di protezione richiesto e non devono essere utilizzati. Hand Line Company Srl declina ogni garanzia e responsabilità salvo nei casi espressamente previsti o derivante da un uso improprio dei DPI.","","",""
"standards.productDisclaimer.sections.generalGuidelines.title","PPE Modification & Counterfeit Products","Modifica dei DPI & Prodotti Contraffatti","","",""
"standards.productDisclaimer.sections.heatResistance.content","All PPE must be used strictly in line with the manufacturer's instructions and safety guidelines. Improper use, modification, or use outside the intended scope may reduce the level of protection and increase the risk of injury. Employers and users are responsible for ensuring correct fit and training in proper use, maintaining and storing PPE as instructed, and replacing equipment when damaged, worn, or beyond its service life. PPE should be thoroughly inspected before any use to ensure they present no visible defect or damage. PPE use should never and cannot replace caution and care in handling hazardous materials and/or operating in hazardous environments.","Tutti i DPI devono essere utilizzati esclusivamente in conformità alle istruzioni del produttore e alle linee guida sulla sicurezza. Un uso improprio, una modifica o un impiego al di fuori dell’ambito previsto possono ridurre il livello di protezione ed aumentare il rischio di infortuni. I datori di lavoro e gli utenti sono responsabili di garantire il corretto utilizzo, la formazione all’uso appropriato, la manutenzione e conservazione dei DPI come indicato, nonché la loro sostituzione quando danneggiati, usurati o giunti al termine della loro vita utile. I DPI devono essere accuratamente ispezionati prima di ogni utilizzo per assicurarsi che non presentino difetti o danni visibili. L’uso dei DPI non deve mai e non può sostituire la cautela e l’attenzione nella manipolazione di materiali pericolosi e/o nelle attività svolte in ambienti rischiosi.","","",""
"standards.productDisclaimer.sections.heatResistance.title","PPE Use","Utilizzo dei DPI","","",""
"standards.productDisclaimer.sections.usage.content","All provided information is based upon our current knowledge and understanding of the subject matter. This information is offered solely as suggestion for use in making your own decisions or product choices. We reserve the right to revise this information as new knowledge, experience, or regulatory guidance becomes available. The correct choice of PPE depends on the hazards present in the workplace. It is the responsibility of the employer and/or user to, among other things, carry out a proper risk assessment, select the appropriate PPE for the specific task, and ensure compatibility with other protective equipment where relevant.","Tutte le informazioni fornite si basano sulle nostre attuali conoscenze e comprensione della materia. Queste informazioni sono offerte esclusivamente come suggerimenti a supporto delle vostre decisioni o scelte di prodotto. Ci riserviamo il diritto di aggiornare tali informazioni qualora diventino disponibili nuove conoscenze, esperienze o indicazioni normative. La scelta corretta dei DPI dipende dai rischi presenti sul luogo di lavoro. È responsabilità esclusiva del datore di lavoro e/o dell’utente, tra le altre cose, effettuare una corretta valutazione dei rischi, selezionare i DPI appropriati per lo specifico compito e garantire la compatibilità con altri dispositivi di protezione ove rilevante.","","",""
"standards.productDisclaimer.sections.usage.title","PPE Selection","Selezione dei DPI","","",""
"standards.relatedStandards","Related Standards","Standard correlati","","",""
"standards.viewStandard","View Standard","Vedi Standard","","",""
